#{"t_start": 1789400160.2596521, "env_id": "None"}
r,l,t,episode_base_return,episode_risk_return,episode_training_return
-223.39967,233,0.945598,-223.3996699361967,0.0,-223.3996699361967
-247.577343,368,1.208481,-247.577343393638,0.0,-247.577343393638
44.556288,298,1.433403,44.55628764897388,0.0,44.55628764897388
-223.024009,130,1.528342,-223.02400858609508,0.0,-223.02400858609508
-160.920892,235,1.69778,-160.9208924868196,0.0,-160.9208924868196
-120.156219,221,1.85473,-120.15621859477673,0.0,-120.15621859477673
-275.584043,331,2.090395,-275.58404250550734,0.0,-275.58404250550734
90.632576,77,2.161685,90.63257569758689,0.0,90.63257569758689
408.96688,600,3.14074,408.96688036797707,0.0,408.96688036797707
240.383888,141,3.241492,240.38388845986694,0.0,240.38388845986694
76.912667,103,3.318676,76.91266692426638,0.0,76.91266692426638
78.242233,74,3.369306,78.24223313316628,0.0,78.24223313316628
377.972368,188,3.50096,377.9723676605168,0.0,377.9723676605168
160.222006,226,3.657765,160.22200636460926,0.0,160.22200636460926
346.73119,549,4.044862,346.73119028947167,0.0,346.73119028947167
111.925839,76,4.098888,111.92583869071058,0.0,111.92583869071058
951.650954,330,4.967882,951.6509542236802,0.0,951.6509542236802
95.990411,89,5.031664,95.99041108417323,0.0,95.99041108417323
139.641773,118,5.1178,139.64177298495915,0.0,139.64177298495915
595.264311,285,5.324172,595.2643112237753,0.0,595.2643112237753
343.898214,499,5.683853,343.89821358226095,0.0,343.89821358226095
640.991196,600,6.119872,640.9911958369398,0.0,640.9911958369398
278.896938,234,6.289363,278.89693821561406,0.0,278.89693821561406
122.29903,74,6.343922,122.29902999964648,0.0,122.29902999964648
102.160611,104,6.976992,102.16061067347326,0.0,102.16061067347326
285.25325,145,7.082892,285.2532500870762,0.0,285.2532500870762
627.962639,600,7.519255,627.9626388803883,0.0,627.9626388803883
103.485382,71,7.570821,103.48538154089178,0.0,103.48538154089178
978.789654,321,7.802599,978.7896539646766,0.0,978.7896539646766
65.547417,76,7.858797,65.54741745041505,0.0,65.54741745041505
398.089653,153,7.968785,398.0896533832629,0.0,398.0896533832629
653.702211,600,8.39676,653.7022108956726,0.0,653.7022108956726
404.110678,171,9.076486,404.11067764577604,0.0,404.11067764577604
340.617982,185,9.211393,340.61798199480154,0.0,340.61798199480154
934.380767,442,9.520191,934.3807669453224,0.0,934.3807669453224
956.625621,306,9.737286,956.6256214272502,0.0,956.6256214272502
401.594684,172,9.860721,401.59468396643723,0.0,401.59468396643723
923.607036,587,14.010561,923.6070360423794,0.0,923.6070360423794
943.929603,273,14.764887,943.9296027350657,0.0,943.9296027350657
979.079566,315,14.993371,979.079566177277,0.0,979.079566177277
403.975111,187,15.126964,403.97511060817044,0.0,403.97511060817044
508.833045,367,15.391521,508.8330452141711,0.0,508.8330452141711
160.170688,91,15.458935,160.17068810467129,0.0,160.17068810467129
995.070318,230,15.622748,995.0703177200967,0.0,995.0703177200967
982.985147,267,15.814943,982.9851469027857,0.0,982.9851469027857
142.16037,90,15.880242,142.16037018236133,0.0,142.16037018236133
460.0118,225,16.040794,460.011800344593,0.0,460.011800344593
78.131306,66,16.087402,78.13130570990131,0.0,78.13130570990131
64.210754,53,16.126822,64.21075350688861,0.0,64.21075350688861
377.049604,152,16.79233,377.04960437784484,0.0,377.04960437784484
261.843444,122,16.881788,261.8434443341845,0.0,261.8434443341845
437.321096,228,17.045729,437.3210956529665,0.0,437.3210956529665
944.13235,271,17.243891,944.1323498814841,0.0,944.1323498814841
940.769133,470,17.582245,940.7691325540311,0.0,940.7691325540311
328.828103,129,17.684884,328.8281027489481,0.0,328.8281027489481
931.181225,242,17.858847,931.1812251466596,0.0,931.1812251466596
968.074624,442,18.176468,968.0746235602348,0.0,968.0746235602348
605.384076,306,18.953632,605.3840759500958,0.0,605.3840759500958
363.190347,159,19.069557,363.190346724667,0.0,363.190346724667
68.05048,61,19.113553,68.05048005304371,0.0,68.05048005304371
969.259679,265,19.30521,969.25967904746,0.0,969.25967904746
998.663637,275,19.498797,998.663637200429,0.0,998.663637200429
408.556493,336,19.73652,408.5564928370896,0.0,408.5564928370896
249.887558,104,19.807645,249.8875579079491,0.0,249.8875579079491
109.40306,58,19.849802,109.40305985052164,0.0,109.40305985052164
282.835489,167,19.968664,282.8354887387516,0.0,282.8354887387516
96.215257,69,20.018605,96.21525670140059,0.0,96.21525670140059
311.674033,135,20.113981,311.6740331574582,0.0,311.6740331574582
84.37824,73,20.166536,84.37823975064498,0.0,84.37823975064498
76.888069,72,20.218891,76.88806900441011,0.0,76.88806900441011
315.020797,143,20.874539,315.02079679041793,0.0,315.02079679041793
145.764512,76,20.92773,145.76451245604858,0.0,145.76451245604858
971.711564,241,21.097187,971.7115641131575,0.0,971.7115641131575
1000.432016,226,21.258835,1000.4320163885887,0.0,1000.4320163885887
231.527885,104,21.335189,231.52788492719725,0.0,231.52788492719725
74.641992,60,21.37933,74.64199245726428,0.0,74.64199245726428
982.366844,209,21.527214,982.366844369255,0.0,982.366844369255
47.476466,59,21.5718,47.47646592392803,0.0,47.47646592392803
972.316157,241,21.742989,972.3161565586214,0.0,972.3161565586214
63.105355,46,21.777766,63.10535527752421,0.0,63.10535527752421
58.970713,68,21.829195,58.970712684846006,0.0,58.970712684846006
88.364285,72,21.880982,88.3642847716102,0.0,88.3642847716102
934.19555,170,22.00275,934.1955499177268,0.0,934.1955499177268
944.660106,204,22.146254,944.6601063266208,0.0,944.6601063266208
294.165742,102,22.219608,294.1657419499854,0.0,294.1657419499854
374.418425,138,22.919105,374.4184251791587,0.0,374.4184251791587
98.886746,63,22.964456,98.88674638756893,0.0,98.88674638756893
395.168662,164,23.081901,395.1686621017558,0.0,395.1686621017558
928.196636,388,23.356268,928.1966364287426,0.0,928.1966364287426
165.670635,92,23.420922,165.67063473011743,0.0,165.67063473011743
404.002589,154,23.529984,404.0025888742198,0.0,404.0025888742198
978.504213,228,23.693575,978.5042129901574,0.0,978.5042129901574
950.012284,203,23.838557,950.012284189466,0.0,950.012284189466
344.622063,130,23.932986,344.62206286994365,0.0,344.62206286994365
386.178015,145,27.78457,386.17801497188316,0.0,386.17801497188316
105.884782,53,27.823211,105.88478184002842,0.0,105.88478184002842
927.771816,243,27.997625,927.7718163526858,0.0,927.7718163526858
410.452432,137,28.096189,410.45243166317516,0.0,410.45243166317516
455.655403,152,28.769242,455.6554034230492,0.0,455.6554034230492
959.853108,208,28.91975,959.8531076293347,0.0,959.8531076293347
966.198066,191,29.05794,966.198066115918,0.0,966.198066115918
398.873537,121,29.146011,398.87353740484383,0.0,398.87353740484383
938.978844,259,29.332031,938.9788443946054,0.0,938.9788443946054
127.554444,64,29.379011,127.55444414590491,0.0,127.55444414590491
351.454487,145,29.481774,351.45448693364824,0.0,351.45448693364824
347.851931,178,29.608518,347.8519307122482,0.0,347.8519307122482
89.999231,64,29.654982,89.99923079328732,0.0,89.99923079328732
355.858013,140,29.758033,355.8580131968299,0.0,355.8580131968299
959.661328,215,29.911649,959.6613276597038,0.0,959.6613276597038
942.726616,213,30.067118,942.7266156726347,0.0,942.7266156726347
379.557007,122,30.722486,379.5570065706857,0.0,379.5570065706857
948.931015,192,30.864689,948.9310153007692,0.0,948.9310153007692
950.052279,231,31.03086,950.0522785457903,0.0,950.0522785457903
95.588266,58,31.07408,95.58826559812945,0.0,95.58826559812945
-39.258005,38,31.102448,-39.258005459777834,0.0,-39.258005459777834
947.166671,207,31.258826,947.1666714595455,0.0,947.1666714595455
118.731185,72,31.310905,118.73118450538774,0.0,118.73118450538774
351.344223,107,31.3849,351.34422306517797,0.0,351.34422306517797
409.916486,124,31.474782,409.916486233751,0.0,409.916486233751
-33.029828,25,31.495697,-33.029828262761015,0.0,-33.029828262761015
119.182367,50,31.532756,119.18236705647973,0.0,119.18236705647973
77.988106,51,31.570246,77.98810596242873,0.0,77.98810596242873
375.460676,140,31.673511,375.4606755967382,0.0,375.4606755967382
104.559135,56,31.714257,104.55913494000528,0.0,104.55913494000528
923.653516,300,31.925547,923.6535162744775,0.0,923.6535162744775
956.815271,183,32.053516,956.8152712927232,0.0,956.8152712927232
437.22819,145,32.155796,437.22818971296226,0.0,437.22818971296226
102.836214,61,32.763198,102.83621399352617,0.0,102.83621399352617
79.43229,57,32.805329,79.43229009643336,0.0,79.43229009643336
954.168916,190,32.939991,954.1689164470756,0.0,954.1689164470756
971.134239,185,33.072194,971.1342392330097,0.0,971.1342392330097
976.789483,224,33.23486,976.7894833547588,0.0,976.7894833547588
98.599801,53,33.272386,98.59980060507749,0.0,98.59980060507749
956.143677,203,33.421659,956.1436772722625,0.0,956.1436772722625
45.5648,46,33.455135,45.56480035571985,0.0,45.56480035571985
328.204214,126,33.547064,328.20421362375697,0.0,328.20421362375697
948.93601,187,33.67805,948.9360102496048,0.0,948.9360102496048
451.54089,138,33.778638,451.5408899623741,0.0,451.5408899623741
934.108812,193,33.916436,934.108811889287,0.0,934.108811889287
905.500867,193,34.065537,905.5008671376809,0.0,905.5008671376809
997.43255,287,34.862159,997.432549793021,0.0,997.432549793021
127.600984,61,34.906969,127.60098412202262,0.0,127.60098412202262
948.470945,281,35.106544,948.470945053111,0.0,948.470945053111
977.488078,228,35.271947,977.4880779120274,0.0,977.4880779120274
-38.749677,24,35.289461,-38.74967679144466,0.0,-38.74967679144466
958.082118,227,35.451713,958.0821182932978,0.0,958.0821182932978
918.834056,160,35.567251,918.8340562314625,0.0,918.8340562314625
-39.194623,26,35.589904,-39.194623158829714,0.0,-39.194623158829714
163.143599,67,35.637377,163.14359930985256,0.0,163.14359930985256
984.810056,236,35.808701,984.8100562723276,0.0,984.8100562723276
328.304141,108,35.886648,328.3041414192386,0.0,328.3041414192386
-36.380644,25,35.907491,-36.380643683749966,0.0,-36.380643683749966
962.375545,187,36.038756,962.3755449816897,0.0,962.3755449816897
945.229047,191,36.174397,945.229046970027,0.0,945.229046970027
256.516466,111,36.253892,256.5164663575561,0.0,256.5164663575561
363.597475,111,36.889937,363.5974746456786,0.0,363.5974746456786
981.760961,174,37.015304,981.7609605668679,0.0,981.7609605668679
965.806012,175,37.139626,965.8060122932968,0.0,965.8060122932968
951.145628,215,37.292554,951.1456284266178,0.0,951.1456284266178
92.83514,53,37.332024,92.83513991551855,0.0,92.83513991551855
198.943557,86,37.391339,198.94355731867998,0.0,198.94355731867998
950.312534,161,37.50454,950.312534135838,0.0,950.312534135838
-40.044237,24,37.524774,-40.04423747947665,0.0,-40.04423747947665
347.445208,105,37.602225,347.44520805951134,0.0,347.44520805951134
128.164559,61,37.647087,128.16455879278115,0.0,128.16455879278115
-3.744711,27,37.668376,-3.744711116716843,0.0,-3.744711116716843
914.344619,180,37.825093,914.3446190837819,0.0,914.3446190837819
973.625375,187,40.960257,973.6253753601497,0.0,973.6253753601497
135.521019,76,41.014926,135.5210185434614,0.0,135.5210185434614
972.854939,217,41.170239,972.854938792517,0.0,972.854938792517
42.345652,58,41.212525,42.3456515063958,0.0,42.3456515063958
121.375338,65,41.258745,121.37533778141463,0.0,121.37533778141463
956.888966,179,41.942456,956.8889662872057,0.0,956.8889662872057
-4.286014,27,41.964466,-4.2860144939006375,0.0,-4.2860144939006375
396.399526,114,42.047687,396.3995264414336,0.0,396.3995264414336
950.40506,156,42.163488,950.4050601447937,0.0,950.4050601447937
-29.67485,22,42.18172,-29.67484951137888,0.0,-29.67484951137888
-22.371204,25,42.202203,-22.37120368580692,0.0,-22.37120368580692
400.496509,106,42.279344,400.49650910229417,0.0,400.49650910229417
12.391738,29,42.301602,12.391737653226372,0.0,12.391737653226372
220.58988,96,42.372462,220.589879917261,0.0,220.589879917261
383.141042,110,42.452968,383.141041588657,0.0,383.141041588657
117.074977,65,42.501093,117.0749769522908,0.0,117.0749769522908
972.022819,164,42.619517,972.0228190156201,0.0,972.0228190156201
59.298045,42,42.651392,59.29804512016685,0.0,59.29804512016685
372.333151,108,42.730337,372.33315113857054,0.0,372.33315113857054
385.006414,116,42.81655,385.0064138367842,0.0,385.0064138367842
386.5505,117,42.903166,386.55050041924227,0.0,386.55050041924227
963.964051,220,43.059456,963.964050925736,0.0,963.964050925736
960.135041,165,43.180921,960.135040610521,0.0,960.135040610521
1009.998901,171,43.30302,1009.9989010953293,0.0,1009.9989010953293
936.306182,163,43.421495,936.3061816842774,0.0,936.3061816842774
53.321778,51,44.023719,53.3217782904639,0.0,53.3217782904639
975.718429,173,44.149045,975.7184294960498,0.0,975.7184294960498
973.335881,177,44.276694,973.3358814414499,0.0,973.3358814414499
386.779653,116,44.361998,386.77965312119943,0.0,386.77965312119943
957.433234,190,44.500833,957.4332344772948,0.0,957.4332344772948
406.622767,113,44.583912,406.62276737140473,0.0,406.62276737140473
101.420183,52,44.621877,101.42018286047119,0.0,101.42018286047119
932.290249,153,44.733645,932.2902494664836,0.0,932.2902494664836
952.430259,163,44.85045,952.4302588567564,0.0,952.4302588567564
930.950452,165,44.971367,930.9504518512159,0.0,930.9504518512159
404.096767,111,45.051775,404.0967672922561,0.0,404.0967672922561
437.882098,116,45.13709,437.88209836738906,0.0,437.88209836738906
982.48396,186,45.270305,982.4839597442008,0.0,982.4839597442008
164.155434,69,45.320364,164.15543383266584,0.0,164.15543383266584
-41.459614,22,45.337101,-41.45961415554888,0.0,-41.45961415554888
983.708076,166,45.458827,983.7080762333061,0.0,983.7080762333061
905.32213,164,46.132504,905.3221295499386,0.0,905.3221295499386
959.188311,172,46.256027,959.1883113307238,0.0,959.1883113307238
181.947429,87,46.320691,181.94742922994683,0.0,181.94742922994683
257.633201,90,46.385679,257.63320122521236,0.0,257.63320122521236
964.418087,161,46.505685,964.4180874877884,0.0,964.4180874877884
974.585916,162,46.621896,974.5859155781628,0.0,974.5859155781628
944.751757,219,46.780806,944.751757052149,0.0,944.751757052149
426.923963,116,46.864942,426.9239632161355,0.0,426.9239632161355
351.313928,107,46.941064,351.31392811307205,0.0,351.31392811307205
974.672959,179,47.070332,974.6729588232366,0.0,974.6729588232366
935.865493,151,47.177499,935.8654933212015,0.0,935.8654933212015
106.610918,57,47.220365,106.61091819064954,0.0,106.61091819064954
931.08752,182,47.350915,931.0875201473625,0.0,931.0875201473625
992.005276,181,47.47769,992.0052756940438,0.0,992.0052756940438
943.979496,167,48.158627,943.9794959473357,0.0,943.9794959473357
96.073213,62,48.203491,96.07321344648166,0.0,96.07321344648166
205.53821,82,48.264364,205.5382103840795,0.0,205.5382103840795
99.570158,51,48.303328,99.57015760291658,0.0,99.57015760291658
924.51916,154,48.413603,924.5191595102609,0.0,924.5191595102609
932.581116,186,48.546756,932.5811161944079,0.0,932.5811161944079
354.673029,122,48.634971,354.67302948581226,0.0,354.67302948581226
1005.916071,177,48.763297,1005.9160713425157,0.0,1005.9160713425157
923.787081,150,48.870427,923.7870811632636,0.0,923.7870811632636
951.135622,167,48.989596,951.1356221035156,0.0,951.1356221035156
84.814543,45,49.024442,84.81454334322066,0.0,84.81454334322066
137.7743,64,49.071376,137.7742998255726,0.0,137.7742998255726
163.058751,77,49.127077,163.05875135475486,0.0,163.05875135475486
279.001695,91,49.191833,279.0016954952493,0.0,279.0016954952493
-28.158394,22,49.210979,-28.15839373752442,0.0,-28.15839373752442
186.12715,80,49.269584,186.12715027376382,0.0,186.12715027376382
1009.96617,190,49.405897,1009.9661699670744,0.0,1009.9661699670744
958.605684,171,49.527438,958.6056841226098,0.0,958.6056841226098
325.939944,101,50.182522,325.939944290013,0.0,325.939944290013
989.481115,184,50.314238,989.4811154306955,0.0,989.4811154306955
973.498274,173,50.438818,973.498273941842,0.0,973.498273941842
31.491503,38,50.467563,31.491503237118195,0.0,31.491503237118195
991.133592,187,50.603505,991.1335921001671,0.0,991.1335921001671
360.773007,121,50.692427,360.7730073080702,0.0,360.7730073080702
941.690741,172,50.816363,941.6907413321562,0.0,941.6907413321562
378.712458,103,50.890769,378.7124578105872,0.0,378.7124578105872
937.138035,158,54.1167,937.1380345348921,0.0,937.1380345348921
90.687179,43,54.150123,90.68717856948541,0.0,90.68717856948541
-19.322955,27,54.171328,-19.322954572975377,0.0,-19.322954572975377
46.306858,34,54.197081,46.30685803933561,0.0,46.30685803933561
924.744759,155,54.309996,924.7447591356158,0.0,924.7447591356158
1007.70224,165,54.429063,1007.7022404721826,0.0,1007.7022404721826
958.010348,170,54.550946,958.0103478774407,0.0,958.0103478774407
990.986854,220,54.710322,990.9868542520992,0.0,990.9868542520992
353.786599,101,55.407052,353.7865987942067,0.0,353.7865987942067
228.128079,86,55.469124,228.12807915203567,0.0,228.12807915203567
975.645218,223,55.632136,975.6452181970592,0.0,975.6452181970592
952.462093,165,55.751735,952.4620929397411,0.0,952.4620929397411
329.005131,110,55.840153,329.00513072306757,0.0,329.00513072306757
98.660144,48,55.874628,98.66014431546567,0.0,98.66014431546567
399.08283,112,55.956221,399.0828302953638,0.0,399.0828302953638
943.618675,172,56.075688,943.6186748500754,0.0,943.6186748500754
992.327996,191,56.21295,992.327995539449,0.0,992.327995539449
956.404587,157,56.322935,956.4045873898938,0.0,956.4045873898938
1004.350754,176,56.448059,1004.3507544363725,0.0,1004.3507544363725
983.788051,179,56.573588,983.7880509555333,0.0,983.7880509555333
963.343889,157,56.682176,963.3438893965294,0.0,963.3438893965294
439.916609,123,56.771103,439.91660924206246,0.0,439.91660924206246
371.346974,104,57.41488,371.3469743277058,0.0,371.3469743277058
200.604776,89,57.47539,200.6047762116014,0.0,200.6047762116014
958.4583,174,57.601262,958.4583001488464,0.0,958.4583001488464
957.217263,159,57.710913,957.2172628374042,0.0,957.2172628374042
406.907726,110,57.789944,406.90772567461767,0.0,406.90772567461767
388.969675,107,57.866697,388.9696747043767,0.0,388.9696747043767
991.553578,176,57.991933,991.5535779456509,0.0,991.5535779456509
980.916485,161,58.108531,980.916485458568,0.0,980.916485458568
402.363723,105,58.183488,402.3637228632391,0.0,402.3637228632391
956.574687,161,58.297308,956.5746871892711,0.0,956.5746871892711
375.402771,110,58.376286,375.4027705577867,0.0,375.4027705577867
465.097374,119,58.461432,465.09737448285586,0.0,465.09737448285586
78.913024,49,58.498088,78.91302355749772,0.0,78.91302355749772
72.833968,45,58.530663,72.83396763936778,0.0,72.83396763936778
955.480548,170,58.652633,955.4805478586825,0.0,955.4805478586825
409.935999,107,58.727473,409.93599907607563,0.0,409.93599907607563
-48.241131,22,58.745396,-48.24113112931185,0.0,-48.24113112931185
148.501967,69,58.795472,148.50196662372687,0.0,148.50196662372687
384.396796,102,59.466082,384.39679556712696,0.0,384.39679556712696
962.213503,158,59.577316,962.2135032079904,0.0,962.2135032079904
1002.837045,166,59.697945,1002.837045088664,0.0,1002.837045088664
-25.592236,29,59.719099,-25.592235894111866,0.0,-25.592235894111866
982.068072,173,59.842107,982.0680718700402,0.0,982.0680718700402
936.054467,147,59.959072,936.0544673821677,0.0,936.0544673821677
916.236237,158,60.069824,916.2362372627483,0.0,916.2362372627483
971.013805,158,60.18229,971.0138048491514,0.0,971.0138048491514
992.102958,183,60.315031,992.1029582589213,0.0,992.1029582589213
242.863113,89,60.380158,242.86311331770816,0.0,242.86311331770816
1018.533811,173,60.50349,1018.5338109905499,0.0,1018.5338109905499
70.413051,55,60.542771,70.41305076095983,0.0,70.41305076095983
418.065116,112,60.62543,418.06511564811836,0.0,418.06511564811836
978.435006,161,60.741907,978.4350055578506,0.0,978.4350055578506
920.988606,164,60.859422,920.988606434245,0.0,920.988606434245
402.164769,111,60.939006,402.1647689519481,0.0,402.1647689519481
1015.692901,190,61.641819,1015.6929012434035,0.0,1015.6929012434035
-51.822331,19,61.657105,-51.82233073027203,0.0,-51.82233073027203
-23.270406,23,61.674849,-23.270405836907017,0.0,-23.270405836907017
101.506724,49,61.713953,101.50672394668989,0.0,101.50672394668989
407.670823,106,61.791098,407.6708230583888,0.0,407.6708230583888
267.346235,90,61.856486,267.3462345877215,0.0,267.3462345877215
959.719461,158,61.974164,959.7194607414453,0.0,959.7194607414453
32.678535,33,62.000333,32.67853465305187,0.0,32.67853465305187
921.915781,166,62.120506,921.9157806282528,0.0,921.9157806282528
56.160022,40,62.150771,56.16002168926174,0.0,56.16002168926174
103.827247,48,62.185664,103.8272472898365,0.0,103.8272472898365
376.901149,109,62.264589,376.9011487647539,0.0,376.9011487647539
957.466922,164,62.38331,957.4669216573324,0.0,957.4669216573324
453.183953,116,62.466497,453.1839532695415,0.0,453.1839532695415
952.479658,153,62.581511,952.479657864652,0.0,952.479657864652
935.97526,154,62.69212,935.9752601557617,0.0,935.9752601557617
986.460832,165,62.817608,986.4608317711172,0.0,986.4608317711172
118.675343,49,62.853656,118.6753426420231,0.0,118.6753426420231
950.107449,153,62.968735,950.1074493803559,0.0,950.1074493803559
124.616594,54,63.008042,124.61659405960118,0.0,124.61659405960118
409.16755,112,63.646489,409.16754965953226,0.0,409.16754965953226
214.94674,76,63.703835,214.94673967911237,0.0,214.94673967911237
991.471692,177,63.831629,991.4716923288319,0.0,991.4716923288319
970.141874,165,63.951711,970.1418741108439,0.0,970.1418741108439
-34.526798,20,63.967929,-34.52679777044487,0.0,-34.52679777044487
965.134159,167,64.090497,965.1341587595907,0.0,965.1341587595907
-6.145358,28,64.11024,-6.145358016110677,0.0,-6.145358016110677
39.188862,33,64.135585,39.18886198708742,0.0,39.18886198708742
9.668966,29,64.158234,9.668966269153643,0.0,9.668966269153643
167.97208,68,67.32179,167.97207995079873,0.0,167.97207995079873
261.869819,87,67.382301,261.8698190975214,0.0,261.8698190975214
391.883659,109,67.459715,391.8836594003926,0.0,391.8836594003926
10.858541,29,67.48097,10.858540554274327,0.0,10.858540554274327
218.539841,83,67.541687,218.53984149399128,0.0,218.53984149399128
931.495948,168,67.660048,931.4959479402808,0.0,931.4959479402808
984.627604,155,67.770553,984.6276041161951,0.0,984.6276041161951
942.785781,153,67.881133,942.7857812868294,0.0,942.7857812868294
940.964603,152,67.990127,940.9646031995399,0.0,940.9646031995399
174.672388,68,68.039992,174.6723876021691,0.0,174.6723876021691
964.514545,170,68.160351,964.514545059619,0.0,964.514545059619
173.864786,66,68.7728,173.8647856021478,0.0,173.8647856021478
952.914819,159,68.888414,952.9148191765996,0.0,952.9148191765996
961.030346,184,69.019508,961.0303462238905,0.0,961.0303462238905
382.434934,112,69.100733,382.43493421745455,0.0,382.43493421745455
965.687329,169,69.221885,965.6873289008118,0.0,965.6873289008118
463.172997,116,69.308063,463.1729973248324,0.0,463.1729973248324
918.888278,145,69.41212,918.8882783323819,0.0,918.8882783323819
86.946235,56,69.454197,86.94623495655487,0.0,86.94623495655487
987.64128,175,69.577029,987.6412801649486,0.0,987.6412801649486
983.471168,171,69.701072,983.4711681567408,0.0,983.4711681567408
374.265,113,69.784448,374.2650004098186,0.0,374.2650004098186
992.06898,165,69.903349,992.0689799234839,0.0,992.0689799234839
1010.58533,180,70.032639,1010.5853295482812,0.0,1010.5853295482812
396.885112,117,70.116692,396.88511156528176,0.0,396.88511156528176
940.869721,153,70.781641,940.8697211696979,0.0,940.8697211696979
443.013738,121,70.867401,443.0137384890294,0.0,443.0137384890294
429.83635,106,70.942679,429.83635009390593,0.0,429.83635009390593
923.775777,150,71.051156,923.7757765807496,0.0,923.7757765807496
954.159962,163,71.169512,954.159961867742,0.0,954.159961867742
371.685693,102,71.241571,371.68569301880063,0.0,371.68569301880063
960.560632,148,71.349677,960.560632367285,0.0,960.560632367285
406.764711,105,71.427419,406.7647110536306,0.0,406.7647110536306
997.068948,166,71.548007,997.0689476629559,0.0,997.0689476629559
-25.724958,22,71.566547,-25.724957527742276,0.0,-25.724957527742276
954.472654,156,71.677676,954.4726537214818,0.0,954.4726537214818
965.91027,149,71.787067,965.9102697491267,0.0,965.9102697491267
137.671199,57,71.830583,137.6711991026864,0.0,137.6711991026864
-16.812272,23,71.848795,-16.812271995238106,0.0,-16.812271995238106
-47.858212,18,71.863994,-47.85821187095007,0.0,-47.85821187095007
1013.27207,170,72.012798,1013.2720704960648,0.0,1013.2720704960648
347.332363,97,72.092998,347.3323629168046,0.0,347.3323629168046
989.385809,154,72.200089,989.3858089405282,0.0,989.3858089405282
973.445053,169,72.88275,973.4450532720441,0.0,973.4450532720441
139.20922,53,72.922131,139.20921971489486,0.0,139.20921971489486
115.842302,49,72.95935,115.84230240265695,0.0,115.84230240265695
909.693202,140,73.063894,909.6932022942403,0.0,909.6932022942403
384.187253,101,73.137109,384.1872529992081,0.0,384.1872529992081
993.554537,168,73.257343,993.5545371342446,0.0,993.5545371342446
993.901138,166,73.375138,993.9011380256491,0.0,993.9011380256491
317.895575,91,73.442416,317.8955749037076,0.0,317.8955749037076
966.482402,162,73.570877,966.4824023040352,0.0,966.4824023040352
114.709016,50,73.608299,114.70901585282958,0.0,114.70901585282958
960.540894,153,73.716901,960.5408942239096,0.0,960.5408942239096
958.081315,150,73.825174,958.0813149213568,0.0,958.0813149213568
1005.728197,175,73.950229,1005.7281967068503,0.0,1005.7281967068503
332.610066,98,74.021414,332.6100662941958,0.0,332.6100662941958
973.284625,170,74.142284,973.2846251032934,0.0,973.2846251032934
204.640312,73,74.193554,204.64031193836203,0.0,204.64031193836203
-35.006449,20,74.210265,-35.00644919498906,0.0,-35.00644919498906
150.739433,64,74.257755,150.73943322991897,0.0,150.73943322991897
451.432109,119,74.90914,451.43210940566667,0.0,451.43210940566667
363.458529,101,74.983486,363.4585289736397,0.0,363.4585289736397
56.638938,40,75.013809,56.63893814928677,0.0,56.63893814928677
1014.077324,169,75.134815,1014.0773242250433,0.0,1014.0773242250433
357.927993,101,75.206604,357.92799258925305,0.0,357.92799258925305
412.697183,109,75.286817,412.69718288767126,0.0,412.69718288767126
1007.062215,168,75.407354,1007.0622154471985,0.0,1007.0622154471985
953.734284,157,75.525141,953.734284140372,0.0,953.734284140372
984.99068,156,75.636878,984.9906804870105,0.0,984.9906804870105
384.748113,106,75.714381,384.7481127227686,0.0,384.7481127227686
352.080459,113,75.796453,352.08045868258307,0.0,352.08045868258307
955.241106,148,75.903288,955.2411056049436,0.0,955.2411056049436
995.826196,157,76.014026,995.826195698404,0.0,995.826195698404
999.79325,181,76.142747,999.7932502889306,0.0,999.7932502889306
944.256387,166,76.262572,944.2563865197466,0.0,944.2563865197466
952.586223,161,76.379453,952.5862227978948,0.0,952.5862227978948
938.408621,150,77.044101,938.4086208635314,0.0,938.4086208635314
343.304508,97,77.113355,343.3045084553196,0.0,343.3045084553196
967.69886,190,77.251169,967.6988601982849,0.0,967.6988601982849
918.551277,141,77.354149,918.5512772282077,0.0,918.5512772282077
953.403063,156,80.797602,953.4030633868826,0.0,953.4030633868826
971.368178,154,80.908875,971.3681780844526,0.0,971.3681780844526
987.215002,156,81.021348,987.2150024811974,0.0,987.2150024811974
982.966964,187,81.154724,982.9669637021931,0.0,982.9669637021931
918.066747,167,81.273025,918.0667470085466,0.0,918.0667470085466
977.905223,158,81.389221,977.9052233688651,0.0,977.9052233688651
967.896874,168,81.510906,967.8968737180803,0.0,967.8968737180803
180.902804,83,81.571757,180.90280433761586,0.0,180.90280433761586
973.251578,155,81.685567,973.2515777862402,0.0,973.2515777862402
945.320274,147,82.349729,945.3202740595589,0.0,945.3202740595589
145.282505,70,82.40162,145.2825053603985,0.0,145.2825053603985
338.754543,95,82.470486,338.75454286727336,0.0,338.75454286727336
378.817365,111,82.552493,378.81736507593445,0.0,378.81736507593445
988.751002,158,82.665456,988.751002270767,0.0,988.751002270767
364.486673,108,82.743961,364.4866731416849,0.0,364.4866731416849
992.301016,162,82.860073,992.3010161219302,0.0,992.3010161219302
187.421824,75,82.916719,187.42182381957645,0.0,187.42182381957645
964.190788,156,83.044689,964.1907878379544,0.0,964.1907878379544
21.194532,37,83.07289,21.194532255383137,0.0,21.194532255383137
372.545411,95,83.142622,372.5454109886581,0.0,372.5454109886581
969.311802,160,83.256771,969.31180166847,0.0,969.31180166847
954.75292,153,83.365979,954.7529202250673,0.0,954.7529202250673
996.390025,159,83.480917,996.3900251926639,0.0,996.3900251926639
1024.661034,172,83.603852,1024.661034375031,0.0,1024.661034375031
958.47207,161,83.719333,958.4720695152862,0.0,958.4720695152862
987.883533,163,84.416563,987.8835328218372,0.0,987.8835328218372
990.910135,160,84.533603,990.9101349324009,0.0,990.9101349324009
974.428424,151,84.641384,974.4284240886486,0.0,974.4284240886486
1015.391167,213,84.793202,1015.3911667658693,0.0,1015.3911667658693
946.911439,149,84.904061,946.9114390424073,0.0,946.9114390424073
933.59888,228,85.067762,933.5988795793155,0.0,933.5988795793155
135.006478,56,85.108931,135.00647786245491,0.0,135.00647786245491
79.573347,58,85.1515,79.57334744289,0.0,79.57334744289
939.550717,151,85.260468,939.5507173179503,0.0,939.5507173179503
369.215918,105,85.337057,369.21591763105243,0.0,369.21591763105243
924.139775,165,85.458117,924.1397749113278,0.0,924.1397749113278
971.326439,155,85.571118,971.3264388511568,0.0,971.3264388511568
82.189141,60,85.616634,82.18914066944407,0.0,82.18914066944407
193.717566,80,85.67686,193.7175661025369,0.0,193.7175661025369
-39.088196,20,85.693543,-39.08819614053459,0.0,-39.08819614053459
996.356016,154,85.805249,996.356015872168,0.0,996.356015872168
949.783645,143,86.474435,949.7836453712158,0.0,949.7836453712158
64.287833,45,86.507831,64.28783336965597,0.0,64.28783336965597
972.127243,158,86.62352,972.1272433645217,0.0,972.1272433645217
104.771553,54,86.663994,104.7715533634831,0.0,104.7715533634831
973.086169,152,86.773741,973.0861691650495,0.0,973.0861691650495
128.993377,62,86.817778,128.9933772947666,0.0,128.9933772947666
408.141341,114,86.901101,408.141340715238,0.0,408.141340715238
1000.502838,163,87.017737,1000.5028378873425,0.0,1000.5028378873425
115.85578,55,87.057674,115.85578042466355,0.0,115.85578042466355
968.415085,158,87.172127,968.4150846570778,0.0,968.4150846570778
946.331993,148,87.280777,946.3319932843247,0.0,946.3319932843247
972.262459,172,87.406657,972.2624592194712,0.0,972.2624592194712
67.095957,48,87.443392,67.09595686976874,0.0,67.09595686976874
108.863146,48,87.479649,108.86314607664407,0.0,108.86314607664407
417.135247,104,87.55643,417.13524726759255,0.0,417.13524726759255
378.70488,102,87.631856,378.7048800671614,0.0,378.7048800671614
980.720732,153,87.743473,980.7207315787801,0.0,980.7207315787801
65.836726,40,87.773787,65.83672561473111,0.0,65.83672561473111
923.658749,147,87.879961,923.6587487741212,0.0,923.6587487741212
393.798032,104,88.519183,393.7980316934645,0.0,393.7980316934645
-28.440284,21,88.534396,-28.440283755658484,0.0,-28.440283755658484
950.350143,200,88.67579,950.3501427582057,0.0,950.3501427582057
978.135528,150,88.784653,978.13552786583,0.0,978.13552786583
963.214943,158,88.900296,963.2149434435789,0.0,963.2149434435789
200.538766,73,88.954748,200.5387658635565,0.0,200.5387658635565
421.401886,111,89.036237,421.4018864077522,0.0,421.4018864077522
948.121621,149,89.142662,948.1216208857556,0.0,948.1216208857556
988.032313,165,89.285681,988.0323130646132,0.0,988.0323130646132
959.895461,147,89.390741,959.8954608610075,0.0,959.8954608610075
370.620848,93,89.459277,370.62084835797236,0.0,370.62084835797236
-36.463516,20,89.474397,-36.46351646355768,0.0,-36.46351646355768
953.68044,148,89.581235,953.6804397451326,0.0,953.6804397451326
962.516638,153,89.691628,962.5166378719799,0.0,962.5166378719799
964.112906,157,89.806473,964.112905859521,0.0,964.112905859521
984.502086,158,89.921047,984.5020860667049,0.0,984.5020860667049
411.581572,110,90.002031,411.58157228235325,0.0,411.58157228235325
982.959638,147,90.655618,982.9596375313197,0.0,982.9596375313197
140.443851,59,90.698123,140.44385079260306,0.0,140.44385079260306
1002.128904,158,90.813344,1002.1289036679677,0.0,1002.1289036679677
254.613823,81,93.992372,254.61382281768974,0.0,254.61382281768974
987.106008,158,94.107134,987.1060083225248,0.0,987.1060083225248
955.390257,162,94.224899,955.3902569672158,0.0,955.3902569672158
201.884596,74,94.277556,201.88459565910205,0.0,201.88459565910205
980.230482,156,94.391552,980.2304821011212,0.0,980.2304821011212
-29.994007,24,94.41056,-29.994007225918722,0.0,-29.994007225918722
976.03273,148,94.514477,976.0327297967057,0.0,976.0327297967057
2.625812,29,94.536181,2.6258124688888813,0.0,2.6258124688888813
123.780232,56,94.577217,123.78023210583851,0.0,123.78023210583851
987.342674,163,94.694839,987.3426740598185,0.0,987.3426740598185
941.474267,146,94.800855,941.4742668735333,0.0,941.4742668735333
949.32509,151,94.911554,949.3250898872944,0.0,949.3250898872944
957.218796,153,95.021335,957.2187957967362,0.0,957.2187957967362
263.424902,98,95.091849,263.4249023901898,0.0,263.4249023901898
82.336994,49,95.128475,82.33699387225042,0.0,82.33699387225042
407.779825,112,95.770172,407.7798246027366,0.0,407.7798246027366
192.770452,74,95.823496,192.77045174565995,0.0,192.77045174565995
-21.075278,27,95.844297,-21.07527836322393,0.0,-21.07527836322393
-0.005664,27,95.864131,-0.005663655811972035,0.0,-0.005663655811972035
895.594604,141,95.965528,895.5946036638098,0.0,895.5946036638098
85.736074,54,96.002999,85.73607404172776,0.0,85.73607404172776
957.390535,145,96.108878,957.3905354231125,0.0,957.3905354231125
366.75476,94,96.176584,366.7547596509262,0.0,366.7547596509262
1020.520513,162,96.292452,1020.5205127426021,0.0,1020.5205127426021
119.238739,49,96.328922,119.2387390171311,0.0,119.2387390171311
950.578726,162,96.443051,950.5787263458548,0.0,950.5787263458548
445.592061,112,96.523592,445.59206125358725,0.0,445.59206125358725
392.444433,104,96.596276,392.44443346930154,0.0,392.44443346930154
1013.112205,155,96.707545,1013.1122053299976,0.0,1013.1122053299976
108.389964,48,96.743619,108.38996398779712,0.0,108.38996398779712
376.302119,101,96.818058,376.3021187448205,0.0,376.3021187448205
987.498272,155,96.92978,987.498272341547,0.0,987.498272341547
962.981762,148,97.03539,962.9817623688367,0.0,962.9817623688367
125.337785,56,97.07732,125.33778523321627,0.0,125.33778523321627
989.45493,153,97.184894,989.4549298903164,0.0,989.4549298903164
964.352335,150,97.84908,964.3523352456758,0.0,964.3523352456758
938.82052,158,97.960889,938.8205198260702,0.0,938.8205198260702
963.221604,155,98.071316,963.2216036830346,0.0,963.2216036830346
972.730435,150,98.177823,972.730435446961,0.0,972.730435446961
998.752248,152,98.286596,998.7522479314339,0.0,998.7522479314339
971.829965,146,98.390999,971.8299646825632,0.0,971.8299646825632
1002.741337,155,98.5001,1002.7413371517257,0.0,1002.7413371517257
973.742333,154,98.610608,973.7423326189519,0.0,973.7423326189519
190.236996,73,98.662607,190.23699632138272,0.0,190.23699632138272
81.100467,41,98.693669,81.10046743388743,0.0,81.10046743388743
452.25371,113,98.775614,452.2537104596099,0.0,452.2537104596099
21.102657,31,98.798352,21.1026568377237,0.0,21.1026568377237
-4.154418,27,98.818332,-4.15441812657825,0.0,-4.15441812657825
128.020611,51,98.855186,128.02061122372092,0.0,128.02061122372092
947.363541,143,98.95947,947.3635410854055,0.0,947.3635410854055
257.979342,83,99.019845,257.9793417776679,0.0,257.9793417776679
956.018876,153,99.126566,956.0188761981584,0.0,956.0188761981584
981.502141,148,99.789423,981.5021410582789,0.0,981.5021410582789
134.543993,63,99.834864,134.54399265030872,0.0,134.54399265030872
359.118513,96,99.902313,359.1185126560744,0.0,359.1185126560744
-8.597995,24,99.921562,-8.597995455555136,0.0,-8.597995455555136
78.414786,42,99.953334,78.41478629249454,0.0,78.41478629249454
8.490586,30,99.974526,8.490585787344358,0.0,8.490585787344358
992.746996,157,100.083784,992.7469958504943,0.0,992.7469958504943
981.666891,152,100.189903,981.6668913457547,0.0,981.6668913457547
943.415035,143,100.291901,943.4150349480149,0.0,943.4150349480149
977.175454,156,100.403501,977.1754540185226,0.0,977.1754540185226
339.745434,90,100.467896,339.74543380703693,0.0,339.74543380703693
958.523933,151,100.573465,958.5239331032802,0.0,958.5239331032802
115.044455,54,100.612539,115.04445516602433,0.0,115.04445516602433
925.32468,142,100.715505,925.3246795730001,0.0,925.3246795730001
-18.691601,23,100.745116,-18.69160103621236,0.0,-18.69160103621236
1001.932654,154,100.854267,1001.93265390395,0.0,1001.93265390395
105.219141,53,100.892406,105.21914071950891,0.0,105.21914071950891
996.105453,161,101.007627,996.1054528661127,0.0,996.1054528661127
979.289562,147,101.110766,979.2895618422549,0.0,979.2895618422549
968.592279,157,101.22314,968.5922790589752,0.0,968.5922790589752
962.369763,147,101.878163,962.3697634957598,0.0,962.3697634957598
386.310565,97,101.946954,386.3105649251678,0.0,386.3105649251678
109.074143,47,101.981281,109.07414294521506,0.0,109.07414294521506
987.507128,159,102.093428,987.5071282679993,0.0,987.5071282679993
1031.723068,167,102.219781,1031.723068471318,0.0,1031.723068471318
937.265638,144,102.322086,937.2656380818166,0.0,937.2656380818166
445.412527,111,102.400597,445.41252668834704,0.0,445.41252668834704
158.234046,63,102.44517,158.23404632295077,0.0,158.23404632295077
2.950377,27,102.466406,2.9503770278022046,0.0,2.9503770278022046
414.213416,107,102.54168,414.21341604099763,0.0,414.21341604099763
224.176658,76,102.597302,224.17665801035557,0.0,224.17665801035557
963.963082,147,102.702851,963.9630824412569,0.0,963.9630824412569
965.134688,146,102.807648,965.1346880152562,0.0,965.1346880152562
958.493016,150,102.91469,958.4930164009008,0.0,958.4930164009008
-14.105083,23,102.934457,-14.105083085308522,0.0,-14.105083085308522
969.178694,155,103.047354,969.1786943182163,0.0,969.1786943182163
962.282987,145,103.152245,962.2829865035379,0.0,962.2829865035379
995.48627,155,103.262711,995.4862697635352,0.0,995.4862697635352
969.610291,154,107.218548,969.6102908067287,0.0,969.6102908067287
966.51524,146,107.321967,966.5152398916695,0.0,966.5152398916695
975.005975,149,107.428638,975.0059753347155,0.0,975.0059753347155
176.8289,69,107.478566,176.82890021913025,0.0,176.82890021913025
118.019387,50,107.515005,118.01938722739135,0.0,118.01938722739135
989.038207,151,107.626923,989.0382072321403,0.0,989.0382072321403
210.406451,79,107.683454,210.4064511857555,0.0,210.4064511857555
1008.985255,151,107.792858,1008.9852552254077,0.0,1008.9852552254077
927.699587,144,107.894874,927.699586823142,0.0,927.699586823142
-43.613149,18,107.910125,-43.61314892359724,0.0,-43.61314892359724
951.797467,149,108.017816,951.7974672696928,0.0,951.7974672696928
184.506817,68,108.06619,184.50681691346205,0.0,184.50681691346205
950.588871,154,108.177975,950.5888707845247,0.0,950.5888707845247
993.385341,165,108.293134,993.3853409353301,0.0,993.3853409353301
44.723605,42,108.323411,44.72360471774141,0.0,44.72360471774141
75.503617,41,108.355216,75.50361681114177,0.0,75.50361681114177
-42.549712,20,108.370395,-42.549712096775295,0.0,-42.549712096775295
58.784334,36,108.396308,58.78433436645683,0.0,58.78433436645683
441.329035,106,108.472472,441.3290352879402,0.0,441.3290352879402
988.517084,149,108.576905,988.5170844468828,0.0,988.5170844468828
443.536726,105,109.205062,443.5367260173638,0.0,443.5367260173638
963.944947,147,109.309424,963.9449467023778,0.0,963.9449467023778
911.264967,145,109.412275,911.2649671018349,0.0,911.2649671018349
431.55599,110,109.490147,431.5559903414146,0.0,431.5559903414146
956.88515,150,109.597914,956.8851497383768,0.0,956.8851497383768
82.52633,41,109.629151,82.5263302153692,0.0,82.5263302153692
1018.193067,163,109.744228,1018.1930673053857,0.0,1018.1930673053857
1001.033876,147,109.850425,1001.0338762635178,0.0,1001.0338762635178
945.971252,147,109.955251,945.9712519171289,0.0,945.9712519171289
987.328063,150,110.062503,987.3280627587507,0.0,987.3280627587507
941.760527,147,110.170621,941.7605268694365,0.0,941.7605268694365
951.715671,150,110.275459,951.7156710038103,0.0,951.7156710038103
955.5629,146,110.38081,955.5628995656454,0.0,955.5628995656454
986.338394,154,110.489916,986.3383940969624,0.0,986.3383940969624
974.197352,147,110.593616,974.1973518530842,0.0,974.1973518530842
1005.174689,159,111.270536,1005.1746885178841,0.0,1005.1746885178841
79.495839,41,111.301071,79.4958390629654,0.0,79.4958390629654
938.845937,140,111.401052,938.8459365113882,0.0,938.8459365113882
361.475233,103,111.475564,361.4752334589993,0.0,361.4752334589993
987.043893,150,111.581895,987.0438931480539,0.0,987.0438931480539
974.497654,152,111.690003,974.4976538263845,0.0,974.4976538263845
179.200679,67,111.738395,179.20067909592308,0.0,179.20067909592308
971.435587,165,111.857347,971.4355873135427,0.0,971.4355873135427
967.170807,194,111.994212,967.1708070767817,0.0,967.1708070767817
371.499379,101,112.065436,371.49937932037597,0.0,371.49937932037597
997.477581,152,112.172232,997.4775806896469,0.0,997.4775806896469
408.139908,107,112.250458,408.1399083862828,0.0,408.1399083862828
972.304369,149,112.356034,972.3043689506173,0.0,972.3043689506173
961.40918,143,112.458452,961.4091802268047,0.0,961.4091802268047
975.375915,166,112.574775,975.3759149863432,0.0,975.3759149863432
978.766699,149,113.234381,978.766698565371,0.0,978.766698565371
156.741236,65,113.280047,156.74123573332105,0.0,156.74123573332105
963.891757,153,113.389246,963.8917567993207,0.0,963.8917567993207
366.949635,104,113.467267,366.9496349621242,0.0,366.9496349621242
999.743286,165,113.585166,999.7432864807254,0.0,999.7432864807254
316.686471,108,113.66431,316.68647056683517,0.0,316.68647056683517
1001.634728,169,113.78842,1001.6347281724933,0.0,1001.6347281724933
979.773831,148,113.893377,979.7738305872801,0.0,979.7738305872801
974.87533,156,114.006437,974.8753304856612,0.0,974.8753304856612
962.569363,154,114.117971,962.5693629152559,0.0,962.5693629152559
991.231371,164,114.237769,991.2313707360593,0.0,991.2313707360593
947.30448,149,114.34566,947.3044795691559,0.0,947.3044795691559
945.465739,144,114.451952,945.4657391089129,0.0,945.4657391089129
376.999218,107,114.531208,376.9992181279592,0.0,376.9992181279592
383.77348,103,114.60529,383.7734802172786,0.0,383.7734802172786
993.168412,154,115.278848,993.1684119018978,0.0,993.1684119018978
930.044927,150,115.385522,930.0449268848374,0.0,930.0449268848374
79.994001,48,115.420145,79.99400074259641,0.0,79.99400074259641
992.200642,155,115.534393,992.2006424934385,0.0,992.2006424934385
974.041431,146,115.640124,974.041430764414,0.0,974.041430764414
378.511958,105,115.717833,378.5119584194265,0.0,378.5119584194265
-35.917798,20,115.743853,-35.917798172258614,0.0,-35.917798172258614
101.464449,45,115.778969,101.4644490816325,0.0,101.4644490816325
376.135937,100,115.85197,376.13593748076886,0.0,376.13593748076886
1023.435594,158,115.965189,1023.4355943925136,0.0,1023.4355943925136
428.484217,111,116.046823,428.4842174550189,0.0,428.4842174550189
73.640901,56,116.088562,73.64090117793165,0.0,73.64090117793165
88.339479,57,116.132429,88.33947911073767,0.0,88.33947911073767
969.816173,149,116.24006,969.8161731408779,0.0,969.8161731408779
952.233295,147,116.346282,952.2332951927251,0.0,952.2332951927251
941.114742,145,116.452212,941.1147420880866,0.0,941.1147420880866
399.252618,104,116.527467,399.2526181185016,0.0,399.2526181185016
938.081417,158,116.641555,938.0814169663322,0.0,938.0814169663322
992.54362,157,120.836939,992.5436198382729,0.0,992.5436198382729
1007.753348,150,120.942968,1007.7533476988868,0.0,1007.7533476988868
970.467492,149,121.047415,970.4674918930624,0.0,970.4674918930624
239.373705,80,121.103211,239.3737054533372,0.0,239.3737054533372
973.761795,149,121.210568,973.7617950091201,0.0,973.7617950091201
444.507561,109,121.288842,444.5075612789616,0.0,444.5075612789616
966.983388,149,121.394299,966.9833876344748,0.0,966.9833876344748
927.075624,139,121.492682,927.0756235731063,0.0,927.0756235731063
953.249846,148,121.597531,953.2498456149276,0.0,953.2498456149276
912.055508,139,121.697071,912.0555075028891,0.0,912.0555075028891
956.327841,168,121.817142,956.3278413312121,0.0,956.3278413312121
48.438914,35,121.842984,48.438914317962684,0.0,48.438914317962684
938.470154,142,121.941333,938.4701544975168,0.0,938.4701544975168
384.987967,95,122.009278,384.98796687706226,0.0,384.98796687706226
965.041285,172,122.132097,965.0412845683934,0.0,965.0412845683934
-25.690106,23,122.149815,-25.690106339714646,0.0,-25.690106339714646
977.020883,153,122.259785,977.0208828820122,0.0,977.0208828820122
1016.252083,182,122.943425,1016.2520830787447,0.0,1016.2520830787447
34.771094,48,122.977161,34.77109351113265,0.0,34.77109351113265
947.785433,143,123.079101,947.7854325141209,0.0,947.7854325141209
239.321435,78,123.133786,239.32143515245434,0.0,239.32143515245434
952.588052,153,123.242682,952.5880517934908,0.0,952.5880517934908
-39.792657,19,123.266787,-39.7926566317994,0.0,-39.7926566317994
983.862095,155,123.396121,983.8620950976659,0.0,983.8620950976659
981.54042,150,123.501234,981.5404196830295,0.0,981.5404196830295
33.642729,38,123.5292,33.64272944430621,0.0,33.64272944430621
99.441457,51,123.565439,99.44145694363512,0.0,99.44145694363512
122.932584,47,123.599868,122.93258411535369,0.0,122.93258411535369
1014.22353,156,123.709649,1014.2235302530871,0.0,1014.2235302530871
987.669385,153,123.820156,987.6693846161211,0.0,987.6693846161211
1001.792778,154,123.930709,1001.7927780804026,0.0,1001.7927780804026
170.531381,73,123.983675,170.53138060629595,0.0,170.53138060629595
116.76587,56,124.024165,116.76586985118699,0.0,116.76586985118699
224.35328,74,124.076869,224.35328036711414,0.0,224.35328036711414
972.592535,154,124.187194,972.5925350354728,0.0,972.5925350354728
965.358697,147,124.293903,965.3586965334795,0.0,965.3586965334795
337.1124,93,124.928308,337.112399702174,0.0,337.112399702174
985.655282,149,125.035026,985.6552818364443,0.0,985.6552818364443
942.525019,141,125.138007,942.5250185889854,0.0,942.5250185889854
968.250853,156,125.25106,968.2508530910382,0.0,968.2508530910382
999.931114,162,125.36851,999.9311142464984,0.0,999.9311142464984
952.122374,142,125.473273,952.1223739177497,0.0,952.1223739177497
969.111429,150,125.583395,969.1114292978201,0.0,969.1114292978201
964.507459,145,125.683669,964.5074590473483,0.0,964.5074590473483
965.357485,144,125.787963,965.3574850750128,0.0,965.3574850750128
937.79118,146,125.893786,937.7911796235494,0.0,937.7911796235494
101.952773,45,125.927221,101.95277310827068,0.0,101.95277310827068
321.11189,97,125.998578,321.1118895909406,0.0,321.1118895909406
978.565037,157,126.111121,978.565037247367,0.0,978.565037247367
992.756818,160,126.226152,992.7568180542621,0.0,992.7568180542621
967.888044,154,126.335205,967.8880438824272,0.0,967.8880438824272
946.294359,146,127.002462,946.294358811375,0.0,946.294358811375
973.655879,145,127.105179,973.6558792625153,0.0,973.6558792625153
960.945753,152,127.213888,960.9457525953903,0.0,960.9457525953903
961.893479,140,127.316482,961.8934788605491,0.0,961.8934788605491
966.042091,142,127.414916,966.0420913612872,0.0,966.0420913612872
981.584479,151,127.523216,981.5844788211214,0.0,981.5844788211214
1006.630786,152,127.632566,1006.6307855051468,0.0,1006.6307855051468
958.000159,142,127.734345,958.0001591882007,0.0,958.0001591882007
938.573548,146,127.840374,938.5735483249241,0.0,938.5735483249241
420.186519,113,127.923062,420.18651889764374,0.0,420.18651889764374
922.96228,144,128.027013,922.9622803314027,0.0,922.9622803314027
940.256714,137,128.123043,940.2567141370379,0.0,940.2567141370379
991.896211,151,128.232729,991.8962105446464,0.0,991.8962105446464
151.002716,62,128.277971,151.00271620264843,0.0,151.00271620264843
945.249927,138,128.377018,945.2499269888947,0.0,945.2499269888947
939.125509,142,129.042748,939.1255092961248,0.0,939.1255092961248
-50.120298,19,129.057878,-50.1202980777779,0.0,-50.1202980777779
1005.518147,162,129.174584,1005.518146736082,0.0,1005.518146736082
979.030312,152,129.283695,979.030311846929,0.0,979.030311846929
-20.210863,24,129.301921,-20.210862753125795,0.0,-20.210862753125795
968.234519,147,129.407768,968.2345188864681,0.0,968.2345188864681
391.589575,100,129.475172,391.58957461890157,0.0,391.58957461890157
926.929194,140,129.57459,926.9291941762143,0.0,926.9291941762143
985.156854,152,129.685797,985.1568544370559,0.0,985.1568544370559
966.621138,146,129.792325,966.6211376834784,0.0,966.6211376834784
961.62944,146,129.898785,961.6294401467933,0.0,961.6294401467933
938.548809,146,130.004942,938.5488088098175,0.0,938.5488088098175
1012.137859,154,130.112678,1012.1378592053909,0.0,1012.1378592053909
958.210261,151,133.678536,958.210261474778,0.0,958.210261474778
993.332804,158,133.791604,993.3328037636966,0.0,993.3328037636966
915.704902,147,133.898873,915.7049015740268,0.0,915.7049015740268
390.468323,103,134.535895,390.46832325818355,0.0,390.46832325818355
997.191888,154,134.646149,997.1918880125426,0.0,997.1918880125426
950.843388,139,134.748017,950.843388348873,0.0,950.843388348873
946.826725,152,134.857972,946.8267247329437,0.0,946.8267247329437
929.612598,144,134.96136,929.6125979990592,0.0,929.6125979990592
220.875182,77,135.018377,220.87518188849,0.0,220.87518188849
950.501168,145,135.125672,950.5011684491117,0.0,950.5011684491117
370.070358,98,135.196201,370.0703583522372,0.0,370.0703583522372
989.291266,155,135.307215,989.2912663916823,0.0,989.2912663916823
953.325906,146,135.410873,953.3259061505919,0.0,953.3259061505919
957.522537,145,135.514561,957.522536647447,0.0,957.522536647447
985.174126,157,135.628064,985.1741263146554,0.0,985.1741263146554
956.169507,144,135.735632,956.1695073987015,0.0,956.1695073987015
985.357199,150,135.840892,985.3571990180805,0.0,985.3571990180805
254.824449,83,135.901649,254.82444934598806,0.0,254.82444934598806
993.970917,156,136.573904,993.9709169530067,0.0,993.9709169530067
926.171685,140,136.675295,926.1716852860785,0.0,926.1716852860785
986.545881,151,136.785339,986.5458810242411,0.0,986.5458810242411
-44.549618,19,136.803278,-44.549617758101334,0.0,-44.549617758101334
358.308682,98,136.874766,358.3086816258864,0.0,358.3086816258864
989.582238,154,136.985767,989.5822382402899,0.0,989.5822382402899
100.618221,46,137.019218,100.61822096304061,0.0,100.61822096304061
228.172192,77,137.07513,228.17219228498828,0.0,228.17219228498828
995.826328,154,137.18885,995.8263279890076,0.0,995.8263279890076
931.296159,141,137.288764,931.2961589025098,0.0,931.2961589025098
372.655142,93,137.356779,372.65514167851217,0.0,372.65514167851217
951.335669,146,137.463475,951.3356686667224,0.0,951.3356686667224
194.667314,72,137.513189,194.66731385137155,0.0,194.66731385137155
1000.007407,155,137.624537,1000.0074067726014,0.0,1000.0074067726014
993.150999,154,137.734915,993.1509987263183,0.0,993.1509987263183
968.940997,150,137.842335,968.9409969436101,0.0,968.9409969436101
-19.43866,27,137.865088,-19.438659917875214,0.0,-19.438659917875214
122.495077,50,137.901113,122.49507725891173,0.0,122.49507725891173
980.610449,148,138.623035,980.6104492227295,0.0,980.6104492227295
937.715203,149,138.731357,937.7152032839653,0.0,937.7152032839653
970.136871,146,138.838387,970.1368706770477,0.0,970.1368706770477
224.834933,78,138.896224,224.83493254176858,0.0,224.83493254176858
978.775241,150,139.01306,978.7752414512778,0.0,978.7752414512778
950.245126,151,139.123264,950.2451255218091,0.0,950.2451255218091
938.79045,149,139.234496,938.7904498049325,0.0,938.7904498049325
938.501749,138,139.333358,938.5017485906349,0.0,938.5017485906349
981.234711,158,139.446195,981.2347110314663,0.0,981.2347110314663
384.000886,100,139.517529,384.00088561109067,0.0,384.00088561109067
321.097478,93,139.584212,321.0974783161037,0.0,321.0974783161037
978.543208,149,139.690179,978.5432075951301,0.0,978.5432075951301
960.583406,145,139.790807,960.5834062134156,0.0,960.5834062134156
370.898935,99,139.862261,370.8989346026637,0.0,370.8989346026637
417.325223,105,139.935796,417.3252234432297,0.0,417.3252234432297
995.304117,159,140.049086,995.3041174923958,0.0,995.3041174923958
989.382422,149,140.706815,989.3824218399469,0.0,989.3824218399469
939.464828,147,140.814137,939.4648275108043,0.0,939.4648275108043
383.768521,100,140.884438,383.76852126457,0.0,383.76852126457
980.636302,146,140.992008,980.6363018581834,0.0,980.6363018581834
204.957044,79,141.048713,204.95704416211962,0.0,204.95704416211962
982.754415,150,141.157379,982.7544153000282,0.0,982.7544153000282
981.854954,150,141.268823,981.8549539050557,0.0,981.8549539050557
-55.706156,16,141.283291,-55.706155555397025,0.0,-55.706155555397025
923.88031,141,141.383095,923.8803096645838,0.0,923.8803096645838
382.878476,100,141.455308,382.8784763092543,0.0,382.8784763092543
977.715792,148,141.56312,977.7157923248988,0.0,977.7157923248988
994.127719,149,141.670158,994.1277187497013,0.0,994.1277187497013
-45.264561,20,141.686871,-45.264560651311115,0.0,-45.264560651311115
975.106442,152,141.799265,975.106441645567,0.0,975.106441645567
946.725886,144,141.903216,946.7258860115547,0.0,946.7258860115547
967.293891,146,142.007977,967.2938906960968,0.0,967.2938906960968
977.261642,157,142.119951,977.2616422834533,0.0,977.2616422834533
949.23559,147,142.785273,949.2355900738644,0.0,949.2355900738644
965.34211,143,142.887793,965.3421099440213,0.0,965.3421099440213
976.725148,160,143.019987,976.7251480347478,0.0,976.7251480347478
978.31436,146,143.125657,978.3143597286013,0.0,978.3143597286013
969.909773,143,143.229719,969.909772840224,0.0,969.909772840224
931.137961,144,143.333352,931.1379608284618,0.0,931.1379608284618
114.902844,56,143.374923,114.90284418540702,0.0,114.90284418540702
987.038563,150,143.485145,987.0385628417048,0.0,987.0385628417048
959.446085,142,143.587831,959.4460848677863,0.0,959.4460848677863
1016.882332,161,143.707022,1016.8823319002527,0.0,1016.8823319002527
972.960567,149,147.197968,972.9605668975429,0.0,972.9605668975429
375.731009,100,147.268751,375.7310093811942,0.0,375.7310093811942
72.168815,47,147.303691,72.16881536947163,0.0,72.16881536947163
981.53221,152,147.410216,981.532210411573,0.0,981.532210411573
986.45295,147,147.517208,986.4529495221585,0.0,986.4529495221585
383.449677,97,148.178694,383.4496772310338,0.0,383.4496772310338
991.330549,152,148.285287,991.3305488090414,0.0,991.3305488090414
961.695648,143,148.384044,961.6956478767119,0.0,961.6956478767119
949.419604,146,148.485156,949.4196038091792,0.0,949.4196038091792
965.308175,147,148.588472,965.3081750787297,0.0,965.3081750787297
994.242223,152,148.695615,994.242223031568,0.0,994.242223031568
221.254416,79,148.751636,221.25441648191904,0.0,221.25441648191904
976.6572,150,148.856122,976.6571997709103,0.0,976.6571997709103
931.715083,138,148.95412,931.7150828421927,0.0,931.7150828421927
953.033762,146,149.059173,953.0337616941721,0.0,953.0337616941721
972.727042,151,149.164759,972.7270419570995,0.0,972.7270419570995
268.728191,80,149.223829,268.7281912549742,0.0,268.7281912549742
998.648287,157,149.334468,998.6482868697422,0.0,998.6482868697422
989.230631,154,149.441103,989.2306311147183,0.0,989.2306311147183
993.847227,149,149.545986,993.8472270046102,0.0,993.8472270046102
962.301899,146,150.26809,962.3018993079606,0.0,962.3018993079606
399.8363,99,150.345557,399.83629966981414,0.0,399.83629966981414
371.921695,102,150.426357,371.9216946463565,0.0,371.9216946463565
946.178355,144,150.532947,946.1783547454169,0.0,946.1783547454169
941.91274,140,150.63256,941.912740370007,0.0,941.912740370007
-24.416882,24,150.653976,-24.416881640435477,0.0,-24.416881640435477
942.211047,143,150.758533,942.2110465557049,0.0,942.2110465557049
1005.775822,156,150.866722,1005.7758223745908,0.0,1005.7758223745908
1015.295357,152,150.97576,1015.295357476273,0.0,1015.295357476273
4.668114,28,150.999242,4.668114376263674,0.0,4.668114376263674
957.604223,144,151.100189,957.6042232673984,0.0,957.6042232673984
981.508806,147,151.205515,981.5088061781709,0.0,981.5088061781709
952.245764,141,151.31061,952.2457641608585,0.0,952.2457641608585
992.008118,150,151.420386,992.0081182270012,0.0,992.0081182270012
-52.645074,18,151.43377,-52.645074324597914,0.0,-52.645074324597914
968.408911,144,151.538903,968.4089107833349,0.0,968.4089107833349
171.399055,66,151.586989,171.39905507795874,0.0,171.39905507795874
957.579675,140,151.688903,957.5796745092059,0.0,957.5796745092059
949.581861,145,152.352407,949.5818614445827,0.0,949.5818614445827
203.532433,72,152.404814,203.53243266671643,0.0,203.53243266671643
954.211036,147,152.509904,954.2110357819199,0.0,954.2110357819199
999.288174,156,152.623768,999.2881743222724,0.0,999.2881743222724
1021.878341,159,152.739036,1021.87834136004,0.0,1021.87834136004
937.04727,146,152.846683,937.0472695116971,0.0,937.0472695116971
942.539782,135,152.945077,942.5397815448629,0.0,942.5397815448629
969.126551,192,153.083374,969.1265510127328,0.0,969.1265510127328
952.392583,138,153.184097,952.3925826645756,0.0,952.3925826645756
985.000061,151,153.292999,985.000061229386,0.0,985.000061229386
904.738094,137,153.392339,904.7380936857699,0.0,904.7380936857699
992.59482,152,153.501809,992.5948200131975,0.0,992.5948200131975
24.980124,35,153.528082,24.98012370887112,0.0,24.98012370887112
999.963233,157,153.641284,999.963233413074,0.0,999.963233413074
947.196339,151,153.749473,947.1963393716554,0.0,947.1963393716554
92.235664,55,154.350448,92.2356641757294,0.0,92.2356641757294
966.167949,144,154.462599,966.1679491646426,0.0,966.1679491646426
966.494057,148,154.570165,966.4940565803549,0.0,966.4940565803549
986.231375,151,154.679917,986.231375385028,0.0,986.231375385028
402.571063,107,154.755822,402.5710633682413,0.0,402.5710633682413
987.289973,156,154.870048,987.2899731873106,0.0,987.2899731873106
935.371792,137,154.968168,935.371791675051,0.0,935.371791675051
998.407877,150,155.07537,998.4078773774993,0.0,998.4078773774993
999.173137,153,155.18472,999.1731365886958,0.0,999.1731365886958
364.990944,93,155.252644,364.99094357969136,0.0,364.99094357969136
929.175151,148,155.35751,929.1751511404211,0.0,929.1751511404211
281.185015,93,155.424001,281.1850147873616,0.0,281.1850147873616
956.97167,145,155.526388,956.9716702452719,0.0,956.9716702452719
930.081362,142,155.6298,930.0813621612726,0.0,930.0813621612726
939.967852,144,155.730838,939.9678516473184,0.0,939.9678516473184
955.186977,142,156.443912,955.1869770641908,0.0,955.1869770641908
929.640079,137,156.541045,929.640079193181,0.0,929.640079193181
-28.021549,22,156.559327,-28.021549175627158,0.0,-28.021549175627158
928.921837,141,156.659349,928.9218367958438,0.0,928.9218367958438
931.525661,144,156.764076,931.52566098556,0.0,931.52566098556
976.802003,145,156.86702,976.8020025234242,0.0,976.8020025234242
121.998059,56,156.907898,121.99805934146298,0.0,121.99805934146298
284.56054,85,156.968484,284.5605401446957,0.0,284.5605401446957
964.849046,149,157.07424,964.849046234403,0.0,964.849046234403
952.274974,136,157.172073,952.2749743202093,0.0,952.2749743202093
910.038383,133,157.265771,910.0383827173418,0.0,910.0383827173418
78.851074,39,160.415587,78.85107410202086,0.0,78.85107410202086
934.397366,140,160.516349,934.3973655212362,0.0,934.3973655212362
113.519803,58,160.560338,113.51980329354016,0.0,113.51980329354016
951.359212,140,160.659293,951.3592121725603,0.0,951.3592121725603
261.189133,85,160.724014,261.1891332748321,0.0,261.1891332748321
988.947025,149,160.832983,988.9470253374402,0.0,988.9470253374402
947.207846,140,160.934219,947.2078461190912,0.0,947.2078461190912
991.920612,151,161.600898,991.9206122776627,0.0,991.9206122776627
949.533858,142,161.704382,949.5338578505924,0.0,949.5338578505924
433.463787,105,161.780088,433.4637870638542,0.0,433.4637870638542
980.465111,151,161.892066,980.4651106549122,0.0,980.4651106549122
979.530492,151,162.000846,979.5304920063467,0.0,979.5304920063467
2.719218,27,162.020635,2.719218156736247,0.0,2.719218156736247
967.725665,148,162.128598,967.7256652004222,0.0,967.7256652004222
969.689233,149,162.235983,969.6892334284614,0.0,969.6892334284614
1016.807836,154,162.34681,1016.8078362920713,0.0,1016.8078362920713
969.100588,142,162.448143,969.1005882626943,0.0,969.1005882626943
918.701518,137,162.546939,918.7015180688295,0.0,918.7015180688295
969.119659,142,162.650566,969.1196591615025,0.0,969.1196591615025
91.589818,48,162.687173,91.58981756400823,0.0,91.58981756400823
111.942116,62,162.732773,111.94211573468176,0.0,111.94211573468176
948.083025,143,162.837584,948.0830246871997,0.0,948.0830246871997
985.051145,146,162.944857,985.0511449688254,0.0,985.0511449688254
14.031463,29,162.96765,14.031462742269966,0.0,14.031462742269966
996.34769,145,163.63767,996.3476898287001,0.0,996.3476898287001
460.197527,111,163.719611,460.1975274198794,0.0,460.1975274198794
-6.731944,34,163.745167,-6.731944411831165,0.0,-6.731944411831165
1003.523365,149,163.853125,1003.5233653653902,0.0,1003.5233653653902
962.547349,152,163.962962,962.5473486148276,0.0,962.5473486148276
137.334337,53,164.00163,137.3343371441436,0.0,137.3343371441436
969.04591,143,164.103001,969.0459098766182,0.0,969.0459098766182
96.486187,46,164.136882,96.48618686067272,0.0,96.48618686067272
944.760726,143,164.240935,944.7607259026909,0.0,944.7607259026909
145.774481,59,164.285105,145.77448058439734,0.0,145.77448058439734
964.263284,144,164.38958,964.2632844434513,0.0,964.2632844434513
188.970723,66,164.43935,188.97072273539789,0.0,188.97072273539789
-32.327113,24,164.459162,-32.32711308894574,0.0,-32.32711308894574
323.217443,83,164.520117,323.21744327201924,0.0,323.21744327201924
191.780914,70,164.570928,191.78091356363473,0.0,191.78091356363473
948.418662,142,164.676292,948.4186617121774,0.0,948.4186617121774
942.520516,144,164.781858,942.5205159758791,0.0,942.5205159758791
975.771655,143,164.884871,975.7716547626859,0.0,975.7716547626859
974.919171,144,164.992178,974.9191705050255,0.0,974.9191705050255
1013.642707,156,165.105283,1013.6427066746309,0.0,1013.6427066746309
955.49652,153,165.776428,955.4965204678517,0.0,955.4965204678517
414.692635,102,165.851304,414.6926348998285,0.0,414.6926348998285
986.201342,154,165.959622,986.2013419575958,0.0,986.2013419575958
996.353999,149,166.065605,996.3539991933092,0.0,996.3539991933092
-29.814225,23,166.082975,-29.81422505899326,0.0,-29.81422505899326
970.449988,144,166.186886,970.4499880993221,0.0,970.4499880993221
352.568975,92,166.253989,352.56897534980845,0.0,352.56897534980845
987.944111,153,166.362399,987.9441110448915,0.0,987.9441110448915
929.730461,139,166.46051,929.7304614204373,0.0,929.7304614204373
118.681641,47,166.49678,118.68164062610519,0.0,118.68164062610519
-27.293851,22,166.518171,-27.293851225771945,0.0,-27.293851225771945
960.155919,145,166.620911,960.1559194020151,0.0,960.1559194020151
-14.974198,24,166.637561,-14.974198183687108,0.0,-14.974198183687108
971.339284,145,166.744747,971.3392843705476,0.0,971.3392843705476
966.19009,150,166.850753,966.1900900146446,0.0,966.1900900146446
-12.49536,24,166.870463,-12.495360152389651,0.0,-12.495360152389651
958.637037,142,166.972142,958.6370367560243,0.0,958.6370367560243
244.008191,79,167.028631,244.0081907539262,0.0,244.0081907539262
954.909265,142,167.131104,954.9092653715134,0.0,954.9092653715134
961.125438,150,167.803072,961.1254377744132,0.0,961.1254377744132
969.926013,145,167.907526,969.9260132927765,0.0,969.9260132927765
969.38403,145,168.011788,969.3840304326966,0.0,969.3840304326966
-26.941629,21,168.028465,-26.941629408413746,0.0,-26.941629408413746
957.722677,143,168.128702,957.7226766888615,0.0,957.7226766888615
-48.425637,18,168.144257,-48.42563726079234,0.0,-48.42563726079234
1001.058679,151,168.251526,1001.0586788110942,0.0,1001.0586788110942
951.004759,145,168.35467,951.0047590237546,0.0,951.0047590237546
24.876496,32,168.379515,24.87649577274351,0.0,24.87649577274351
940.630579,140,168.479966,940.6305793847141,0.0,940.6305793847141
420.136281,106,168.55767,420.13628118190167,0.0,420.13628118190167
972.419738,143,168.659408,972.4197378201965,0.0,972.4197378201965
969.77168,140,168.760998,969.7716796111372,0.0,969.7716796111372
978.633467,146,168.8656,978.6334667933721,0.0,978.6334667933721
-52.613451,18,168.880856,-52.61345086107791,0.0,-52.61345086107791
366.312153,94,168.948829,366.3121530033738,0.0,366.3121530033738
970.776739,147,169.054779,970.7767386431487,0.0,970.7767386431487
-48.870444,17,169.066919,-48.8704441660681,0.0,-48.8704441660681
936.459856,140,169.166156,936.4598559162039,0.0,936.4598559162039
938.174989,135,169.820135,938.1749886217613,0.0,938.1749886217613
995.781526,149,169.92542,995.7815256531095,0.0,995.7815256531095
418.268734,105,170.000996,418.268734082624,0.0,418.268734082624
58.663097,37,170.027943,58.66309673827921,0.0,58.66309673827921
945.131577,144,170.13226,945.1315773009701,0.0,945.1315773009701
950.135787,142,170.234019,950.1357872675421,0.0,950.1357872675421
389.87845,97,170.305177,389.8784502724152,0.0,389.8784502724152
188.835685,64,170.353838,188.8356854300567,0.0,188.8356854300567
925.017908,134,170.447044,925.0179077016923,0.0,925.0179077016923
973.212333,147,173.65003,973.212333180027,0.0,973.212333180027
980.466071,148,173.75544,980.46607099726,0.0,980.46607099726
420.496781,102,173.83128,420.4967809581161,0.0,420.4967809581161
-13.58677,23,173.849267,-13.586769705592232,0.0,-13.586769705592232
955.123935,147,173.952629,955.1239346631269,0.0,955.1239346631269
999.251288,153,174.063468,999.2512877942172,0.0,999.2512877942172
946.434162,139,174.161716,946.4341624726287,0.0,946.4341624726287
957.392671,144,174.264935,957.3926709405112,0.0,957.3926709405112
412.746388,100,174.908159,412.74638838305646,0.0,412.74638838305646
-20.309577,27,174.927931,-20.30957695209588,0.0,-20.30957695209588
-43.526643,20,174.944712,-43.52664336112066,0.0,-43.52664336112066
944.134393,146,175.050941,944.1343926430422,0.0,944.1343926430422
976.645393,153,175.160249,976.6453929690372,0.0,976.6453929690372
976.746937,153,175.271708,976.7469371236422,0.0,976.7469371236422
211.355395,73,175.32339,211.35539536089343,0.0,211.35539536089343
149.226319,57,175.364983,149.22631906279392,0.0,149.22631906279392
942.845634,143,175.467773,942.8456335983794,0.0,942.8456335983794
154.972634,63,175.513471,154.97263410039216,0.0,154.97263410039216
962.184666,142,175.615136,962.1846661987765,0.0,962.1846661987765
219.370807,77,175.671452,219.37080676876533,0.0,219.37080676876533
985.080931,159,175.786674,985.0809313057255,0.0,985.0809313057255
209.905845,73,175.839608,209.90584487773424,0.0,209.90584487773424
964.779481,141,175.940092,964.7794814007782,0.0,964.7794814007782
390.890898,99,176.010585,390.89089841260903,0.0,390.89089841260903
274.817606,82,176.0681,274.8176062634441,0.0,274.8176062634441
939.014456,142,176.169604,939.0144557166319,0.0,939.0144557166319
1005.719957,154,176.279076,1005.7199569429888,0.0,1005.7199569429888
1008.257864,156,176.944899,1008.2578637948972,0.0,1008.2578637948972
943.786119,139,177.045783,943.7861189536648,0.0,943.7861189536648
44.914437,41,177.076633,44.91443719544003,0.0,44.91443719544003
1028.053441,157,177.186675,1028.0534412813163,0.0,1028.0534412813163
960.108783,140,177.286035,960.1087829505288,0.0,960.1087829505288
956.742535,142,177.388464,956.7425345807612,0.0,956.7425345807612
976.972055,148,177.492414,976.9720552720562,0.0,976.9720552720562
17.402835,42,177.523754,17.40283471148041,0.0,17.40283471148041
63.040331,40,177.552598,63.04033128570023,0.0,63.04033128570023
156.483748,65,177.599797,156.483748368103,0.0,156.483748368103
960.935745,151,177.707083,960.9357454593531,0.0,960.9357454593531
990.775906,151,177.81503,990.7759064930384,0.0,990.7759064930384
1005.410819,152,177.922208,1005.410819107334,0.0,1005.410819107334
970.979784,146,178.023993,970.9797839028827,0.0,970.9797839028827
980.908917,148,178.12878,980.9089172832884,0.0,980.9089172832884
147.068472,61,178.172235,147.06847177170414,0.0,147.06847177170414
186.821209,64,178.21718,186.82120860476942,0.0,186.82120860476942
961.301285,144,178.320156,961.301285021905,0.0,961.301285021905
248.938623,84,178.382658,248.93862347541148,0.0,248.93862347541148
982.369305,146,179.039012,982.369304587042,0.0,982.369304587042
933.303284,142,179.138957,933.3032838103129,0.0,933.3032838103129
929.248538,141,179.242211,929.2485381216969,0.0,929.2485381216969
979.236107,147,179.348318,979.2361071021608,0.0,979.2361071021608
22.324495,37,179.374954,22.324494655011165,0.0,22.324494655011165
373.921588,95,179.443377,373.92158768635545,0.0,373.92158768635545
940.72766,137,179.539078,940.7276601084151,0.0,940.7276601084151
961.224893,141,179.639381,961.2248934703908,0.0,961.2248934703908
962.640404,151,179.746899,962.6404043503687,0.0,962.6404043503687
190.578014,71,179.797368,190.57801446914107,0.0,190.57801446914107
948.112823,145,179.906649,948.1128232072905,0.0,948.1128232072905
963.169405,146,180.01168,963.1694048072618,0.0,963.1694048072618
978.515413,147,180.112508,978.5154125000136,0.0,978.5154125000136
962.097462,143,180.214674,962.097461653563,0.0,962.097461653563
948.328728,144,180.317483,948.3287275545822,0.0,948.3287275545822
934.110294,140,180.971705,934.1102944683972,0.0,934.1102944683972
215.937136,78,181.027306,215.93713612231466,0.0,215.93713612231466
955.426651,148,181.13555,955.4266511532528,0.0,955.4266511532528
389.848742,97,181.207206,389.84874150728774,0.0,389.84874150728774
360.816619,93,181.274939,360.8166193477225,0.0,360.8166193477225
984.499247,143,181.378013,984.4992471504315,0.0,984.4992471504315
978.967657,144,181.480111,978.9676568532336,0.0,978.9676568532336
979.912866,145,181.586255,979.9128656685609,0.0,979.9128656685609
938.616491,141,181.686295,938.6164910081699,0.0,938.6164910081699
-9.710661,27,181.707638,-9.710661036387364,0.0,-9.710661036387364
270.158427,85,181.76954,270.15842704790737,0.0,270.15842704790737
946.136343,143,181.870966,946.1363430144447,0.0,946.1363430144447
983.779682,157,181.983243,983.7796822337405,0.0,983.7796822337405
968.812895,148,182.091392,968.8128950053771,0.0,968.8128950053771
1026.349831,156,182.203409,1026.3498306663137,0.0,1026.3498306663137
413.637526,107,182.282133,413.6375256032077,0.0,413.6375256032077
353.71671,91,182.347497,353.7167103206309,0.0,353.7167103206309
95.884226,43,182.380367,95.88422557746183,0.0,95.88422557746183
140.229868,52,182.417464,140.22986818302377,0.0,140.22986818302377
948.678154,151,183.087656,948.6781540235819,0.0,948.6781540235819
928.767279,141,183.189394,928.7672788881532,0.0,928.7672788881532
946.259264,140,183.29214,946.2592635621851,0.0,946.2592635621851
107.654587,45,183.323976,107.65458717129825,0.0,107.65458717129825
-48.392771,19,183.339126,-48.392771217345555,0.0,-48.392771217345555
352.754412,91,183.40447,352.7544121399209,0.0,352.7544121399209
973.878306,150,183.512148,973.8783059717736,0.0,973.8783059717736
932.940415,134,186.705367,932.9404149524142,0.0,932.9404149524142
-53.940593,18,186.720064,-53.94059316617675,0.0,-53.94059316617675
169.107301,69,186.768599,169.10730108502122,0.0,169.10730108502122
965.017837,150,186.878611,965.0178371958045,0.0,965.0178371958045
416.174291,107,186.955081,416.174291196232,0.0,416.174291196232
-22.836023,25,186.974828,-22.836022708614877,0.0,-22.836022708614877
387.079442,97,187.04422,387.0794420367832,0.0,387.0794420367832
-24.105296,23,187.062373,-24.105295534488363,0.0,-24.105295534488363
955.462339,150,187.16872,955.4623392259455,0.0,955.4623392259455
936.700855,140,187.268483,936.7008546438333,0.0,936.7008546438333
1016.877826,153,187.376122,1016.8778256324108,0.0,1016.8778256324108
996.402782,150,187.484817,996.4027823952263,0.0,996.4027823952263
196.813105,73,187.538386,196.81310518947723,0.0,196.81310518947723
952.992839,141,188.199633,952.9928387167126,0.0,952.9928387167126
1030.848524,153,188.308144,1030.8485235469057,0.0,1030.8485235469057
1005.067286,156,188.420338,1005.0672861646294,0.0,1005.0672861646294
991.390652,150,188.539306,991.3906519490647,0.0,991.3906519490647
956.091062,141,188.637542,956.0910616207905,0.0,956.0910616207905
983.84333,149,188.743064,983.8433304515656,0.0,983.8433304515656
976.424226,150,188.848868,976.4242263842424,0.0,976.4242263842424
922.985146,139,188.949138,922.9851461896433,0.0,922.9851461896433
16.077617,28,188.971257,16.07761683434242,0.0,16.07761683434242
992.284082,147,189.075936,992.2840824278384,0.0,992.2840824278384
402.336648,102,189.149688,402.3366478121993,0.0,402.3366478121993
85.015669,55,189.188825,85.01566944478071,0.0,85.01566944478071
183.539019,67,189.237738,183.539018967722,0.0,183.539018967722
959.001154,144,189.342357,959.0011536569715,0.0,959.0011536569715
986.255906,146,189.443559,986.255906133878,0.0,986.255906133878
929.227737,140,189.544013,929.2277366199946,0.0,929.2277366199946
961.446058,142,190.197186,961.4460579760546,0.0,961.4460579760546
971.497195,142,190.298133,971.4971945450196,0.0,971.4971945450196
953.726316,144,190.400423,953.7263156878195,0.0,953.7263156878195
19.231527,32,190.424088,19.231526797155396,0.0,19.231526797155396
925.628961,137,190.520902,925.6289606064391,0.0,925.6289606064391
974.653071,143,190.658438,974.6530711349211,0.0,974.6530711349211
387.259782,96,190.736874,387.2597818898086,0.0,387.2597818898086
-33.906121,21,190.753585,-33.90612128529335,0.0,-33.90612128529335
953.918521,142,190.853409,953.9185208628134,0.0,953.9185208628134
107.243043,52,190.891742,107.24304317271884,0.0,107.24304317271884
203.591276,70,190.943885,203.59127627386547,0.0,203.59127627386547
959.442302,141,191.046763,959.4423016792692,0.0,959.4423016792692
-55.778826,18,191.060332,-55.77882642114117,0.0,-55.77882642114117
934.285842,140,191.161819,934.2858420038094,0.0,934.2858420038094
351.44592,91,191.227432,351.44592032917694,0.0,351.44592032917694
412.180473,104,191.304026,412.1804733066216,0.0,412.1804733066216
88.7668,50,191.339794,88.76679999687855,0.0,88.76679999687855
941.546592,133,191.434829,941.5465916842796,0.0,941.5465916842796
103.302983,45,191.469309,103.3029827225143,0.0,103.3029827225143
982.76851,146,191.576362,982.7685095566512,0.0,982.7685095566512
973.683653,149,191.685667,973.6836531725439,0.0,973.6836531725439
932.447231,134,192.337205,932.4472309482724,0.0,932.4472309482724
995.623773,148,192.444442,995.6237729052986,0.0,995.6237729052986
374.559445,95,192.513367,374.5594447957915,0.0,374.5594447957915
158.579942,61,192.561874,158.57994160693087,0.0,158.57994160693087
990.23906,147,192.669151,990.2390604516047,0.0,990.2390604516047
82.291029,41,192.699041,82.29102902977078,0.0,82.29102902977078
974.298933,146,192.803371,974.2989329280415,0.0,974.2989329280415
301.742061,89,192.870098,301.742060837824,0.0,301.742060837824
256.817581,77,192.927414,256.8175808540864,0.0,256.8175808540864
1018.838602,151,193.036295,1018.8386022811262,0.0,1018.8386022811262
379.600142,93,193.105555,379.6001415497832,0.0,379.6001415497832
986.955771,143,193.209478,986.955770923932,0.0,986.955770923932
928.989177,139,193.310748,928.9891773684658,0.0,928.9891773684658
115.926179,51,193.348264,115.92617899152626,0.0,115.92617899152626
-48.812196,20,193.36465,-48.8121960969175,0.0,-48.8121960969175
-48.027737,20,193.380965,-48.027737350108225,0.0,-48.027737350108225
410.215911,102,193.454679,410.2159109273812,0.0,410.2159109273812
977.427195,144,193.558944,977.4271947347208,0.0,977.4271947347208
982.326354,142,193.660319,982.3263542369607,0.0,982.3263542369607
936.31535,138,194.31744,936.3153501654912,0.0,936.3153501654912
176.024324,64,194.36433,176.0243235746726,0.0,176.0243235746726
956.108769,141,194.466523,956.1087692235224,0.0,956.1087692235224
981.601153,141,194.569664,981.6011533219073,0.0,981.6011533219073
978.627693,157,194.684142,978.6276934394332,0.0,978.6276934394332
-46.109102,20,194.700814,-46.109102218657014,0.0,-46.109102218657014
64.0434,39,194.732345,64.04340015331724,0.0,64.04340015331724
968.23374,144,194.839022,968.233740476597,0.0,968.233740476597
243.308293,77,194.895122,243.308292838716,0.0,243.308292838716
933.640683,139,194.997108,933.6406832798899,0.0,933.6406832798899
200.388473,69,195.048119,200.38847345923907,0.0,200.38847345923907
983.898832,147,195.157759,983.8988320484973,0.0,983.8988320484973
982.574157,145,195.261556,982.5741572807473,0.0,982.5741572807473
142.612058,60,195.30843,142.61205841450206,0.0,142.61205841450206
950.17913,146,195.413955,950.1791295745813,0.0,950.1791295745813
8.211843,28,195.435431,8.211842582931425,0.0,8.211842582931425
103.53713,43,195.468579,103.53712985926026,0.0,103.53712985926026
984.497705,143,195.571043,984.4977049116491,0.0,984.4977049116491
5.172269,27,195.590807,5.172269109075046,0.0,5.172269109075046
381.440087,103,195.665218,381.4400866649471,0.0,381.4400866649471
435.928022,108,195.742276,435.92802166775346,0.0,435.92802166775346
199.71472,71,195.796808,199.71471968661348,0.0,199.71471968661348
79.727469,39,196.391987,79.72746945608117,0.0,79.72746945608117
116.934074,54,196.431024,116.93407435005236,0.0,116.93407435005236
111.364317,45,196.465487,111.36431724454631,0.0,111.36431724454631
371.387985,94,196.534359,371.3879851939657,0.0,371.3879851939657
969.596231,151,196.644267,969.5962312398472,0.0,969.5962312398472
-48.167325,19,196.659418,-48.16732516098831,0.0,-48.16732516098831
937.933256,141,199.588089,937.9332561370718,0.0,937.9332561370718
44.312535,41,199.61913,44.31253452791739,0.0,44.31253452791739
1001.530788,149,199.728197,1001.5307879623731,0.0,1001.5307879623731
-25.311309,22,199.745996,-25.311308869964805,0.0,-25.311308869964805
974.811042,149,199.847461,974.8110423278122,0.0,974.8110423278122
995.307142,148,199.952059,995.3071417586776,0.0,995.3071417586776
108.66617,48,199.986584,108.66617011283694,0.0,108.66617011283694
958.399412,148,200.091241,958.3994121233964,0.0,958.3994121233964
962.086296,153,200.199255,962.0862957296905,0.0,962.0862957296905
999.180151,149,200.306115,999.1801511486877,0.0,999.1801511486877
429.299588,105,200.379599,429.2995883241379,0.0,429.2995883241379
240.401207,75,200.433346,240.40120718115452,0.0,240.40120718115452
975.208491,151,200.543658,975.208490944223,0.0,975.208490944223
923.696615,137,200.641454,923.6966147807748,0.0,923.6966147807748
995.947388,149,201.30676,995.9473877000295,0.0,995.9473877000295
163.85996,64,201.354234,163.85996042276687,0.0,163.85996042276687
994.965912,147,201.460068,994.965912308745,0.0,994.965912308745
968.170134,145,201.560948,968.1701335783712,0.0,968.1701335783712
978.806784,149,201.670381,978.8067837261412,0.0,978.8067837261412
282.126532,85,201.732105,282.12653208410575,0.0,282.12653208410575
-29.775868,22,201.750597,-29.775867688096767,0.0,-29.775867688096767
-10.828268,27,201.77161,-10.828267767910347,0.0,-10.828267767910347
210.293054,71,201.823027,210.29305379996404,0.0,210.29305379996404
82.066535,42,201.85619,82.0665347164653,0.0,82.0665347164653
1004.996749,152,201.964637,1004.9967491488085,0.0,1004.9967491488085
51.526519,35,201.990561,51.52651905164562,0.0,51.52651905164562
962.214308,140,202.093196,962.214307794737,0.0,962.214307794737
1016.155255,153,202.206592,1016.155254786411,0.0,1016.155254786411
923.14936,139,202.307975,923.1493599222105,0.0,923.1493599222105
-20.586343,25,202.327719,-20.586342986431376,0.0,-20.586342986431376
942.369724,138,202.429129,942.3697236005211,0.0,942.3697236005211
235.006445,75,202.484205,235.00644475420023,0.0,235.00644475420023
91.747788,51,202.521701,91.74778790148187,0.0,91.74778790148187
1002.733977,151,202.630962,1002.7339771838582,0.0,1002.7339771838582
989.173765,150,203.302264,989.1737648099975,0.0,989.1737648099975
986.826952,156,203.413516,986.8269517899375,0.0,986.8269517899375
978.857772,150,203.523248,978.8577715924538,0.0,978.8577715924538
5.238239,34,203.547993,5.238238997860606,0.0,5.238238997860606
971.23159,143,203.651829,971.2315898833423,0.0,971.2315898833423
-37.053856,21,203.669151,-37.05385572926211,0.0,-37.05385572926211
-25.745832,23,203.685373,-25.745832102575548,0.0,-25.745832102575548
964.559772,142,203.786172,964.5597717495397,0.0,964.5597717495397
972.186196,143,203.890176,972.1861955310305,0.0,972.1861955310305
397.231565,98,203.960842,397.2315645014877,0.0,397.2315645014877
279.446879,89,204.024146,279.4468786612449,0.0,279.4468786612449
142.544032,60,204.068091,142.54403189758892,0.0,142.54403189758892
225.698689,75,204.122723,225.69868882439013,0.0,225.69868882439013
133.651815,52,204.161612,133.6518146519561,0.0,133.6518146519561
-19.585489,22,204.177869,-19.585489128345714,0.0,-19.585489128345714
976.273149,147,204.283033,976.2731494597235,0.0,976.2731494597235
4.833985,29,204.305841,4.833985005921576,0.0,4.833985005921576
1010.234016,149,204.415184,1010.2340161624418,0.0,1010.2340161624418
980.621815,146,204.521286,980.6218152705553,0.0,980.6218152705553
964.777195,143,204.623295,964.7771948567106,0.0,964.7771948567106
209.481574,73,204.676771,209.48157383436117,0.0,209.48157383436117
200.936513,74,204.734002,200.93651256816875,0.0,200.93651256816875
411.326284,101,205.36483,411.3262836039138,0.0,411.3262836039138
407.692341,101,205.439628,407.69234136482885,0.0,407.69234136482885
-59.710665,15,205.45243,-59.7106647249239,0.0,-59.7106647249239
967.141958,146,205.559185,967.1419583236111,0.0,967.1419583236111
955.47905,149,205.66632,955.4790504113587,0.0,955.4790504113587
-34.728438,22,205.684526,-34.72843802196334,0.0,-34.72843802196334
966.1848,147,205.78935,966.184799593306,0.0,966.184799593306
983.012701,148,205.897015,983.0127013895524,0.0,983.0127013895524
965.072662,145,206.002332,965.0726620623576,0.0,965.0726620623576
102.035587,44,206.035252,102.03558740731629,0.0,102.03558740731629
964.441923,140,206.135456,964.4419228495276,0.0,964.4419228495276
385.351497,96,206.20773,385.3514972706484,0.0,385.3514972706484
939.602198,134,206.303616,939.6021983005539,0.0,939.6021983005539
357.6657,88,206.370375,357.6657000599984,0.0,357.6657000599984
976.794709,146,206.47532,976.7947089606687,0.0,976.7947089606687
944.294035,141,206.577396,944.294034579001,0.0,944.294034579001
401.288081,100,206.653291,401.28808058722046,0.0,401.28808058722046
981.259784,148,206.762678,981.2597838934689,0.0,981.2597838934689
973.18343,150,207.444244,973.1834297021894,0.0,973.1834297021894
975.549254,146,207.549668,975.5492538483453,0.0,975.5492538483453
400.235487,99,207.620118,400.2354874969435,0.0,400.2354874969435
970.980428,152,207.727521,970.980427767026,0.0,970.980427767026
957.018741,143,207.831111,957.0187413634587,0.0,957.0187413634587
395.276101,97,207.900522,395.27610083176,0.0,395.27610083176
-45.201303,19,207.920249,-45.201303028126276,0.0,-45.201303028126276
138.57117,57,207.984307,138.57116952833033,0.0,138.57116952833033
248.487581,81,208.044999,248.48758072742967,0.0,248.48758072742967
1019.890069,150,208.150879,1019.8900692394006,0.0,1019.8900692394006
962.544004,143,208.253438,962.5440042846385,0.0,962.5440042846385
967.994866,149,208.358955,967.9948661303795,0.0,967.9948661303795
934.153113,134,208.455441,934.1531127541544,0.0,934.1531127541544
274.023991,81,208.514001,274.0239910383352,0.0,274.0239910383352
941.121937,135,208.609727,941.121937078571,0.0,941.121937078571
963.414097,141,208.714347,963.4140970954215,0.0,963.4140970954215
950.401264,145,208.817089,950.4012636095925,0.0,950.4012636095925
234.145169,74,208.872764,234.14516920728053,0.0,234.14516920728053
983.623991,148,209.53843,983.6239906765438,0.0,983.6239906765438
960.70754,150,209.647874,960.7075400220235,0.0,960.7075400220235
983.56291,155,212.973249,983.5629098697318,0.0,983.5629098697318
947.801925,136,213.068444,947.8019252460492,0.0,947.8019252460492
83.693235,44,213.101784,83.69323470818281,0.0,83.69323470818281
995.651836,149,213.207025,995.6518358771549,0.0,995.6518358771549
991.086498,146,213.312212,991.0864978810057,0.0,991.0864978810057
972.392111,154,213.424343,972.3921109012374,0.0,972.3921109012374
1006.420489,156,213.537095,1006.4204889408148,0.0,1006.4204889408148
976.391746,143,213.638933,976.3917455943379,0.0,976.3917455943379
944.836339,178,213.7656,944.836339398207,0.0,944.836339398207
2.130798,26,213.786815,2.1307982724713668,0.0,2.1307982724713668
432.516199,106,213.864453,432.51619928532944,0.0,432.51619928532944
959.167096,144,213.968058,959.167095934749,0.0,959.167095934749
951.810196,140,214.069072,951.8101962745321,0.0,951.8101962745321
411.561412,99,214.140857,411.56141178467783,0.0,411.56141178467783
94.462114,44,214.726817,94.46211374358484,0.0,94.46211374358484
981.344614,146,214.831197,981.344614208544,0.0,981.344614208544
930.163973,143,214.934155,930.1639734707237,0.0,930.1639734707237
952.420838,144,215.0388,952.420838098838,0.0,952.420838098838
68.800051,47,215.074236,68.80005061800074,0.0,68.80005061800074
958.420943,144,215.178201,958.4209433421572,0.0,958.4209433421572
998.992922,183,215.309129,998.992922370745,0.0,998.992922370745
385.162164,96,215.375331,385.16216397133394,0.0,385.16216397133394
994.785048,155,215.485582,994.7850482637095,0.0,994.7850482637095
973.352797,146,215.588429,973.35279730349,0.0,973.35279730349
969.121285,143,215.689927,969.1212848635378,0.0,969.1212848635378
931.328509,133,215.786323,931.3285091699765,0.0,931.3285091699765
-23.739323,22,215.803089,-23.739322615485122,0.0,-23.739322615485122
924.036033,136,215.899925,924.0360333468857,0.0,924.0360333468857
999.487047,149,216.002831,999.487046527352,0.0,999.487046527352
952.49527,142,216.102898,952.4952698702878,0.0,952.4952698702878
963.592548,141,216.774073,963.5925476960306,0.0,963.5925476960306
53.499582,42,216.806028,53.49958231693108,0.0,53.49958231693108
983.069161,145,216.907847,983.0691608811713,0.0,983.0691608811713
168.536857,62,216.951802,168.53685739569823,0.0,168.53685739569823
424.350867,104,217.027523,424.35086734291906,0.0,424.35086734291906
916.186059,132,217.122681,916.1860585195053,0.0,916.1860585195053
995.847734,155,217.233899,995.8477339264878,0.0,995.8477339264878
926.867781,180,217.361326,926.8677813600713,0.0,926.8677813600713
398.252302,97,217.430405,398.2523023072694,0.0,398.2523023072694
936.649949,146,217.533637,936.6499488899244,0.0,936.6499488899244
926.122452,139,217.635926,926.1224518250092,0.0,926.1224518250092
1001.450818,153,217.747205,1001.4508178750392,0.0,1001.4508178750392
400.714579,99,217.820231,400.71457914442675,0.0,400.71457914442675
969.034168,152,217.927801,969.0341682412734,0.0,969.0341682412734
84.537464,42,217.960856,84.53746394609972,0.0,84.53746394609972
-23.165785,22,217.9775,-23.165785168490345,0.0,-23.165785168490345
922.697627,138,218.076003,922.6976272127357,0.0,922.6976272127357
293.025211,93,218.144068,293.0252110167784,0.0,293.0252110167784
962.173385,144,218.821244,962.1733846719195,0.0,962.1733846719195
952.095901,139,218.921897,952.0959007085789,0.0,952.0959007085789
67.613878,46,218.957328,67.6138783121968,0.0,67.6138783121968
1000.227634,152,219.06839,1000.2276340824155,0.0,1000.2276340824155
939.24254,134,219.165699,939.2425399787336,0.0,939.2425399787336
957.806666,142,219.267678,957.8066657559634,0.0,957.8066657559634
931.172668,136,219.367263,931.1726684497063,0.0,931.1726684497063
4.975559,26,219.386948,4.975558597003811,0.0,4.975558597003811
-25.20548,21,219.402105,-25.205480046117813,0.0,-25.205480046117813
122.312637,46,219.436179,122.312637055737,0.0,122.312637055737
71.382448,39,219.463924,71.38244805161679,0.0,71.38244805161679
971.876022,140,219.563989,971.8760217674385,0.0,971.8760217674385
101.982722,44,219.596899,101.98272155420673,0.0,101.98272155420673
927.367044,139,219.695876,927.3670443099918,0.0,927.3670443099918
-53.039312,19,219.71216,-53.039311537658584,0.0,-53.039311537658584
68.791299,38,219.741629,68.79129900705628,0.0,68.79129900705628
968.126443,143,219.842877,968.126443241852,0.0,968.126443241852
403.411199,99,219.912449,403.41119907379135,0.0,403.41119907379135
995.96429,151,220.02257,995.9642895131673,0.0,995.9642895131673
965.57729,140,220.124275,965.5772898741906,0.0,965.5772898741906
961.850692,149,220.231869,961.8506921882854,0.0,961.8506921882854
79.642198,40,220.259765,79.64219800759882,0.0,79.64219800759882
59.362529,36,220.848953,59.36252918502622,0.0,59.36252918502622
460.792358,112,220.927859,460.7923577447086,0.0,460.7923577447086
337.305623,91,220.993808,337.3056228410252,0.0,337.3056228410252
96.929379,42,221.023923,96.92937920723814,0.0,96.92937920723814
220.545342,72,221.078416,220.54534185674981,0.0,220.54534185674981
-44.000413,19,221.09357,-44.00041315291601,0.0,-44.00041315291601
84.865002,41,221.12395,84.86500227499403,0.0,84.86500227499403
958.560251,140,221.224863,958.5602511855783,0.0,958.5602511855783
113.038232,56,221.26691,113.03823211918396,0.0,113.03823211918396
968.251153,142,221.37223,968.2511533042639,0.0,968.2511533042639
63.031049,43,221.405384,63.03104909481107,0.0,63.03104909481107
192.026048,68,221.455365,192.0260483108168,0.0,192.0260483108168
942.536882,139,221.558059,942.5368822072403,0.0,942.5368822072403
145.763944,52,221.597251,145.76394360663377,0.0,145.76394360663377
189.700939,66,221.645615,189.70093916393046,0.0,189.70093916393046
1018.760959,160,221.760782,1018.760958635306,0.0,1018.760958635306
65.107842,46,221.794208,65.10784215087634,0.0,65.10784215087634
951.982584,142,221.89699,951.9825841868362,0.0,951.9825841868362
48.073363,43,221.928967,48.073362762018775,0.0,48.073362762018775
944.552077,136,222.028821,944.5520774434257,0.0,944.5520774434257
964.837042,140,222.130635,964.837042335349,0.0,964.837042335349
964.854646,144,222.234285,964.8546463049038,0.0,964.8546463049038
956.514267,140,222.900778,956.5142673493901,0.0,956.5142673493901
955.00194,142,226.141973,955.0019403107206,0.0,955.0019403107206
127.681996,54,226.180093,127.68199637418422,0.0,127.68199637418422
966.342449,152,226.288979,966.3424490316496,0.0,966.3424490316496
993.25223,151,226.399242,993.2522301029662,0.0,993.2522301029662
949.182281,146,226.500776,949.1822809024995,0.0,949.1822809024995
961.160429,152,226.609602,961.1604291308241,0.0,961.1604291308241
959.739626,142,226.711879,959.739625990585,0.0,959.739625990585
908.988562,139,226.811046,908.9885620176087,0.0,908.9885620176087
966.830926,146,226.918854,966.8309262778957,0.0,966.8309262778957
12.461653,28,226.9416,12.461653143289851,0.0,12.461653143289851
79.745142,47,226.975186,79.74514170989758,0.0,79.74514170989758
247.144107,80,227.03365,247.14410698526805,0.0,247.14410698526805
925.2056,140,227.134332,925.2056003171976,0.0,925.2056003171976
407.081647,103,227.206953,407.08164723449374,0.0,407.08164723449374
161.360311,67,227.255826,161.36031110307923,0.0,161.36031110307923
961.873095,158,227.370029,961.8730951530888,0.0,961.8730951530888
915.191947,140,227.468565,915.1919467654692,0.0,915.1919467654692
1014.345315,154,228.148898,1014.3453152078835,0.0,1014.3453152078835
994.976344,149,228.255155,994.9763436325165,0.0,994.9763436325165
1008.60258,151,228.364416,1008.6025804241161,0.0,1008.6025804241161
959.116084,141,228.464132,959.1160844104439,0.0,959.1160844104439
955.255083,143,228.565991,955.2550826707982,0.0,955.2550826707982
146.147238,68,228.616162,146.14723778805418,0.0,146.14723778805418
975.797052,148,228.719657,975.7970520678459,0.0,975.7970520678459
1004.34524,154,228.833823,1004.345239790523,0.0,1004.345239790523
1030.798,153,228.944278,1030.7980001350327,0.0,1030.7980001350327
-39.058451,21,228.961535,-39.058451425469045,0.0,-39.058451425469045
952.725429,138,229.061836,952.7254291331193,0.0,952.7254291331193
970.921334,145,229.169474,970.9213344986587,0.0,970.9213344986587
374.608925,96,229.237943,374.6089245562231,0.0,374.6089245562231
983.909097,149,229.346793,983.9090970619822,0.0,983.9090970619822
971.511344,145,229.454,971.5113440726376,0.0,971.5113440726376
400.256516,106,229.531777,400.25651648609755,0.0,400.25651648609755
375.169718,97,230.164837,375.1697181990836,0.0,375.1697181990836
953.790054,143,230.269277,953.7900541427784,0.0,953.7900541427784
950.096327,143,230.375124,950.0963266578126,0.0,950.0963266578126
962.512458,143,230.480105,962.5124579753556,0.0,962.5124579753556
960.082646,139,230.583117,960.082645968469,0.0,960.082645968469
981.339089,143,230.687017,981.3390886673292,0.0,981.3390886673292
987.924715,151,230.798147,987.9247151961471,0.0,987.9247151961471
959.225674,144,230.902366,959.2256742774579,0.0,959.2256742774579
70.076058,40,230.931297,70.07605771584493,0.0,70.07605771584493
965.024348,147,231.038853,965.0243477764678,0.0,965.0243477764678
974.282372,144,231.14061,974.2823715982671,0.0,974.2823715982671
1008.272682,150,231.250857,1008.2726815166222,0.0,1008.2726815166222
942.691161,143,231.355473,942.6911606190253,0.0,942.6911606190253
403.59656,100,231.428319,403.5965602360854,0.0,403.5965602360854
961.053602,142,231.530528,961.0536017532105,0.0,961.0536017532105
-47.285132,20,231.548709,-47.28513226517887,0.0,-47.28513226517887
998.438442,149,232.249423,998.4384423197519,0.0,998.4384423197519
943.453509,146,232.357354,943.4535086612581,0.0,943.4535086612581
956.299046,142,232.462183,956.2990462333074,0.0,956.2990462333074
44.724083,35,232.488444,44.72408331287596,0.0,44.72408331287596
989.629744,154,232.600021,989.6297444119434,0.0,989.6297444119434
-59.603596,15,232.613657,-59.60359571627901,0.0,-59.60359571627901
366.336577,91,232.682851,366.3365771613925,0.0,366.3365771613925
82.114157,49,232.718936,82.11415676369835,0.0,82.11415676369835
985.204468,144,232.823082,985.2044683470956,0.0,985.2044683470956
104.076769,45,232.855909,104.07676873019841,0.0,104.07676873019841
315.258824,95,232.925131,315.2588239303708,0.0,315.2588239303708
994.308009,165,233.047237,994.3080087844638,0.0,994.3080087844638
990.390751,150,233.154114,990.3907514550014,0.0,990.3907514550014
959.079846,147,233.25685,959.0798455951708,0.0,959.0798455951708
1010.549676,162,233.371444,1010.549676275648,0.0,1010.549676275648
300.49906,86,233.432652,300.49906014657876,0.0,300.49906014657876
73.120908,38,233.459862,73.1209081554085,0.0,73.1209081554085
953.819979,141,233.562266,953.8199790825649,0.0,953.8199790825649
371.760378,99,233.632616,371.76037841801417,0.0,371.76037841801417
127.591897,57,233.676455,127.59189659697867,0.0,127.59189659697867
965.391597,147,234.339401,965.391596917294,0.0,965.391596917294
938.859345,138,234.440027,938.8593446229888,0.0,938.8593446229888
394.503463,100,234.511271,394.50346341017604,0.0,394.50346341017604
954.816518,143,234.613318,954.8165176343723,0.0,954.8165176343723
410.809641,102,234.685976,410.8096408287563,0.0,410.8096408287563
98.933656,50,234.723879,98.93365631084134,0.0,98.93365631084134
934.991415,145,234.826386,934.9914146684904,0.0,934.9914146684904
452.937004,108,234.904714,452.93700374716,0.0,452.93700374716
-52.459174,17,234.919848,-52.4591743536456,0.0,-52.4591743536456
-36.449796,21,234.934982,-36.44979639013128,0.0,-36.44979639013128
96.602266,43,234.966761,96.60226637357904,0.0,96.60226637357904
118.176379,53,235.007777,118.17637934597569,0.0,118.17637934597569
955.601636,140,235.106244,955.6016364714357,0.0,955.6016364714357
927.966105,140,235.206759,927.9661054207822,0.0,927.9661054207822
923.678925,138,235.306966,923.6789247633188,0.0,923.6789247633188
237.772508,81,235.369744,237.77250800973937,0.0,237.77250800973937
933.483212,136,235.468012,933.483211754997,0.0,933.483211754997
961.624662,143,235.570819,961.624661549394,0.0,961.624661549394
70.99065,40,238.712144,70.99064996264133,0.0,70.99064996264133
996.542791,149,238.818724,996.542791431621,0.0,996.542791431621
134.835838,54,238.858242,134.8358375912108,0.0,134.8358375912108
938.286787,140,239.527018,938.2867868573744,0.0,938.2867868573744
926.25759,147,239.632399,926.2575901884368,0.0,926.2575901884368
990.970381,143,239.735932,990.9703810121066,0.0,990.9703810121066
998.811064,143,239.839347,998.8110641493846,0.0,998.8110641493846
99.904008,45,239.872422,99.90400791007816,0.0,99.90400791007816
989.832857,151,239.981335,989.8328569461592,0.0,989.8328569461592
983.59409,147,240.088004,983.5940898630411,0.0,983.5940898630411
359.871678,91,240.153918,359.8716781557739,0.0,359.8716781557739
927.431083,135,240.25048,927.4310830055601,0.0,927.4310830055601
981.574439,150,240.3901,981.5744392884269,0.0,981.5744392884269
362.441964,98,240.472989,362.44196436189986,0.0,362.44196436189986
964.490439,147,240.579056,964.4904387475533,0.0,964.4904387475533
-2.531578,28,240.600298,-2.531578294099731,0.0,-2.531578294099731
1004.873786,150,240.707494,1004.8737857317433,0.0,1004.8737857317433
961.678651,143,240.808046,961.6786510033849,0.0,961.6786510033849
205.108933,76,240.864417,205.10893335753832,0.0,205.10893335753832
995.753721,150,241.537815,995.7537207397313,0.0,995.7537207397313
98.203597,54,241.577571,98.20359700906877,0.0,98.20359700906877
926.615108,136,241.675037,926.6151082006145,0.0,926.6151082006145
354.001269,93,241.742218,354.0012694097795,0.0,354.0012694097795
981.872017,147,241.848903,981.8720166606789,0.0,981.8720166606789
98.098449,54,241.889424,98.09844889497165,0.0,98.09844889497165
91.867221,43,241.922933,91.86722056041668,0.0,91.86722056041668
1022.719847,157,242.035547,1022.7198469353805,0.0,1022.7198469353805
173.282136,69,242.087169,173.28213610288213,0.0,173.28213610288213
-18.993002,23,242.105397,-18.993002255421956,0.0,-18.993002255421956
959.639781,145,242.208934,959.6397808308823,0.0,959.6397808308823
967.137344,148,242.318241,967.1373435196465,0.0,967.1373435196465
953.309545,141,242.419727,953.3095449470235,0.0,953.3095449470235
938.551501,142,242.52436,938.551500587349,0.0,938.551500587349
110.322477,46,242.557743,110.32247728085486,0.0,110.32247728085486
358.144745,90,242.623237,358.1447450242491,0.0,358.1447450242491
946.665122,139,242.726192,946.6651219633284,0.0,946.6651219633284
967.384462,144,242.828891,967.3844621058856,0.0,967.3844621058856
985.781479,147,242.935454,985.781479362322,0.0,985.781479362322
1015.392132,160,243.61657,1015.3921316674472,0.0,1015.3921316674472
402.349517,99,243.689347,402.3495167788524,0.0,402.3495167788524
196.242404,74,243.742508,196.2424041685246,0.0,196.2424041685246
942.40352,147,243.847019,942.403519826089,0.0,942.403519826089
998.809079,149,243.951461,998.8090789437631,0.0,998.8090789437631
935.450528,134,244.044123,935.4505280248316,0.0,935.4505280248316
90.94576,49,244.081653,90.94575952426044,0.0,90.94575952426044
-41.292665,19,244.095578,-41.292664765172646,0.0,-41.292664765172646
961.146589,144,244.197978,961.1465894053847,0.0,961.1465894053847
253.821078,82,244.256248,253.82107763321974,0.0,253.82107763321974
109.568118,44,244.291035,109.56811841952461,0.0,109.56811841952461
423.7809,107,244.364053,423.7808999348804,0.0,423.7808999348804
417.587845,98,244.432817,417.5878452640811,0.0,417.5878452640811
957.108068,143,244.532712,957.1080677615271,0.0,957.1080677615271
950.044946,145,244.634877,950.0449464304725,0.0,950.0449464304725
951.586937,140,244.732142,951.586937185786,0.0,951.586937185786
995.862094,147,244.834727,995.862093649462,0.0,995.862093649462
113.012541,46,244.869664,113.01254096074784,0.0,113.01254096074784
104.889012,44,244.902883,104.88901170279877,0.0,104.88901170279877
950.291144,145,245.0037,950.2911441393837,0.0,950.2911441393837
972.209243,147,245.671459,972.2092433997565,0.0,972.2092433997565
983.925139,152,245.778732,983.9251392662517,0.0,983.9251392662517
971.961239,148,245.884781,971.961238544183,0.0,971.961238544183
15.491529,31,245.909102,15.491528995576232,0.0,15.491528995576232
989.801755,148,246.016413,989.8017546549015,0.0,989.8017546549015
919.880273,148,246.125369,919.8802730519085,0.0,919.8802730519085
21.973489,32,246.150319,21.973488837686872,0.0,21.973488837686872
982.044787,149,246.256984,982.0447870744873,0.0,982.0447870744873
1007.126778,154,246.366965,1007.1267781380726,0.0,1007.1267781380726
972.011876,143,246.468197,972.0118761799,0.0,972.0118761799
997.559151,161,246.584194,997.5591506267384,0.0,997.5591506267384
465.468338,109,246.665647,465.4683378945685,0.0,465.4683378945685
417.750393,107,246.742381,417.75039308752457,0.0,417.75039308752457
966.994105,151,246.851816,966.9941050844966,0.0,966.9941050844966
967.851304,149,246.957399,967.8513041116342,0.0,967.8513041116342
75.743471,41,246.988217,75.7434714741964,0.0,75.7434714741964
997.41391,162,247.677598,997.4139099563708,0.0,997.4139099563708
938.135422,146,247.784229,938.1354220111187,0.0,938.1354220111187
448.244602,110,247.865601,448.2446024047987,0.0,448.2446024047987
929.896445,144,247.972691,929.8964450896376,0.0,929.8964450896376
965.150087,144,248.074327,965.1500869910809,0.0,965.1500869910809
990.323547,148,248.182234,990.3235474749592,0.0,990.3235474749592
945.554098,139,248.283781,945.5540976485244,0.0,945.5540976485244
70.668793,46,248.317103,70.66879327440117,0.0,70.66879327440117
918.933184,138,248.419503,918.9331842820575,0.0,918.9331842820575
12.940253,28,248.439249,12.94025322910224,0.0,12.94025322910224
417.972064,103,248.514622,417.97206405612314,0.0,417.97206405612314
1003.158801,147,248.619259,1003.1588010282082,0.0,1003.1588010282082
986.855383,148,248.729256,986.8553830559331,0.0,986.8553830559331
2.369276,30,248.752058,2.3692756874145005,0.0,2.3692756874145005
999.049719,151,252.254645,999.0497191185018,0.0,999.0497191185018
999.842711,153,252.365653,999.8427112545453,0.0,999.8427112545453
1019.369707,156,252.477121,1019.3697070589848,0.0,1019.3697070589848
-12.820322,25,252.496761,-12.820321538861137,0.0,-12.820321538861137
382.088699,108,253.137065,382.08869906028906,0.0,382.08869906028906
967.187254,146,253.240299,967.1872540794475,0.0,967.1872540794475
1002.638146,149,253.345636,1002.6381458358156,0.0,1002.6381458358156
108.525101,47,253.379885,108.52510145952489,0.0,108.52510145952489
947.510395,144,253.484178,947.5103951659198,0.0,947.5103951659198
948.474616,141,253.583025,948.4746161114003,0.0,948.4746161114003
929.656613,144,253.686293,929.6566128780764,0.0,929.6566128780764
-42.670588,18,253.700993,-42.670588143947654,0.0,-42.670588143947654
918.750301,136,253.798719,918.7503010882438,0.0,918.7503010882438
1009.964479,156,253.908597,1009.964478678668,0.0,1009.964478678668
968.297509,141,254.008281,968.2975090405675,0.0,968.2975090405675
926.07849,137,254.109709,926.0784899339507,0.0,926.0784899339507
995.951395,154,254.222518,995.9513954014656,0.0,995.9513954014656
87.678351,41,254.254096,87.67835117855046,0.0,87.67835117855046
-58.934951,17,254.266234,-58.934950825038186,0.0,-58.934950825038186
421.33759,111,254.346679,421.33758961937815,0.0,421.33758961937815
1015.216355,153,254.457215,1015.2163549634226,0.0,1015.2163549634226
963.266627,150,255.138874,963.2666272641624,0.0,963.2666272641624
404.342961,100,255.211581,404.34296137158026,0.0,404.34296137158026
983.844284,152,255.323401,983.8442844618148,0.0,983.8442844618148
950.931207,146,255.427136,950.9312066907013,0.0,950.9312066907013
939.423189,145,255.528669,939.4231891123388,0.0,939.4231891123388
954.841519,147,255.639107,954.8415186594513,0.0,954.8415186594513
967.31239,145,255.747227,967.3123901610653,0.0,967.3123901610653
933.016246,148,255.8564,933.0162462767078,0.0,933.0162462767078
973.11314,156,255.972517,973.1131399748564,0.0,973.1131399748564
997.542914,153,256.081378,997.5429140838085,0.0,997.5429140838085
402.83668,100,256.165563,402.8366798858332,0.0,402.8366798858332
958.935693,145,256.27091,958.9356933947079,0.0,958.9356933947079
961.962222,147,256.376835,961.9622224718322,0.0,961.9622224718322
941.856468,150,256.484746,941.8564679495789,0.0,941.8564679495789
965.242242,144,256.588783,965.2422417932248,0.0,965.2422417932248
66.939525,40,256.61836,66.93952527424807,0.0,66.93952527424807
977.029427,149,257.291119,977.0294270057557,0.0,977.0294270057557
990.628476,154,257.401487,990.6284756876096,0.0,990.6284756876096
424.416154,113,257.482574,424.4161542995263,0.0,424.4161542995263
964.785671,154,257.59554,964.7856709071476,0.0,964.7856709071476
166.40793,61,257.641013,166.40792975705313,0.0,166.40792975705313
-32.260671,20,257.655731,-32.26067112428605,0.0,-32.26067112428605
933.688926,148,257.812547,933.6889258639785,0.0,933.6889258639785
981.670091,151,257.921292,981.6700910217085,0.0,981.6700910217085
-39.698338,21,257.937989,-39.69833787728071,0.0,-39.69833787728071
408.816056,103,258.012283,408.81605628011073,0.0,408.81605628011073
1011.360106,151,258.123397,1011.360106431456,0.0,1011.360106431456
1004.647303,158,258.236828,1004.6473030283616,0.0,1004.6473030283616
927.639761,141,258.339402,927.6397608579482,0.0,927.6397608579482
406.88483,103,258.413945,406.8848299277925,0.0,406.8848299277925
1007.001663,151,258.525886,1007.0016628769674,0.0,1007.0016628769674
989.025287,147,258.630611,989.0252873816773,0.0,989.0252873816773
984.907621,142,258.735984,984.9076207674434,0.0,984.9076207674434
970.519845,148,259.412594,970.5198445429603,0.0,970.5198445429603
376.190762,103,259.486941,376.1907623672902,0.0,376.1907623672902
976.032371,149,259.591418,976.0323707362268,0.0,976.0323707362268
999.029779,151,259.703283,999.0297786479657,0.0,999.0297786479657
913.981628,145,259.804938,913.9816284867028,0.0,913.9816284867028
0.670581,29,259.827704,0.6705805501041624,0.0,0.6705805501041624
397.383686,101,259.902592,397.38368642200686,0.0,397.38368642200686
950.010653,143,260.003102,950.0106525157407,0.0,950.0106525157407
-6.975277,27,260.024298,-6.975276518575598,0.0,-6.975276518575598
988.571202,152,260.132117,988.5712020596823,0.0,988.5712020596823
424.967236,109,260.210042,424.9672360165677,0.0,424.9672360165677
974.621948,152,260.31691,974.6219479172369,0.0,974.6219479172369
945.152489,141,260.416653,945.1524891411106,0.0,945.1524891411106
935.228646,141,260.516631,935.2286455544212,0.0,935.2286455544212
1001.539706,156,260.62737,1001.5397056462184,0.0,1001.5397056462184
982.201513,156,260.741762,982.201513399814,0.0,982.201513399814
343.23277,92,261.372601,343.23276974280424,0.0,343.23276974280424
231.424742,83,261.434523,231.42474232745994,0.0,231.42474232745994
944.582277,152,261.545037,944.5822768867313,0.0,944.5822768867313
939.089749,142,261.647167,939.0897485398036,0.0,939.0897485398036
961.679454,167,261.765828,961.6794537805617,0.0,961.6794537805617
387.476645,99,261.838124,387.47664503148815,0.0,387.47664503148815
985.87817,164,261.955652,985.8781696968787,0.0,985.8781696968787
359.037455,97,262.026138,359.0374549680391,0.0,359.0374549680391
924.168323,139,262.126929,924.1683228758701,0.0,924.1683228758701
959.95899,146,262.228909,959.9589903740804,0.0,959.9589903740804
950.774827,146,265.752356,950.7748266196306,0.0,950.7748266196306
962.970253,151,265.860094,962.9702532649981,0.0,962.9702532649981
957.293837,149,265.96867,957.2938368708774,0.0,957.2938368708774
357.641138,96,266.037842,357.6411381032033,0.0,357.6411381032033
960.409385,143,266.141634,960.4093853154112,0.0,960.4093853154112
420.1491,111,266.223765,420.149100244591,0.0,420.149100244591
