#{"t_start": 1788917255.720116, "env_id": "None"}
r,l,t,episode_base_return,episode_risk_return,episode_training_return
-223.39967,233,0.930366,-223.3996699361967,0.0,-223.3996699361967
-247.577343,368,1.127542,-247.577343393638,0.0,-247.577343393638
44.556288,298,1.286653,44.55628764897388,0.0,44.55628764897388
-223.024009,130,1.355478,-223.02400858609508,0.0,-223.02400858609508
-160.920892,235,1.481939,-160.9208924868196,0.0,-160.9208924868196
-120.156219,221,1.59785,-120.15621859477673,0.0,-120.15621859477673
-275.584043,331,1.77574,-275.58404250550734,0.0,-275.58404250550734
85.084721,77,1.831909,90.63257569758689,-5.5478544154330525,85.08472128215384
408.810742,600,2.788895,408.8107419799481,0.0,408.8107419799481
237.199107,141,2.878304,240.40871172983572,-3.2096045174871195,237.19910721234857
72.057478,103,2.938806,77.29233037995246,-5.234852064636534,72.05747831531596
71.766418,74,2.976531,78.24127410222009,-6.4748563251068125,71.76641777711323
373.321605,188,3.075589,379.21687035074495,-5.895264952878983,373.32160539786605
155.050809,226,3.197203,160.73296350485123,-5.682154200951019,155.05080930390017
295.206826,548,3.486894,348.2751411783322,-53.06831473235768,295.20682644597406
107.702735,77,3.530205,111.86870073307398,-4.165965494136695,107.7027352389373
423.590743,600,4.47535,442.3274088499264,-18.73666546926632,423.59074338066034
313.368223,148,4.57541,318.5009902538413,-5.132767116539666,313.3682231373016
120.789882,125,4.659934,125.84223588539041,-5.052353651949748,120.7898822334407
300.149088,288,4.810212,310.1920101647804,-10.042922450958343,300.14908771382215
-58.808314,23,4.824065,-54.6292121690744,-4.179101771781185,-58.80831394085558
323.551205,304,4.987306,330.11237541947895,-6.561170828220125,323.55120459125885
115.531609,89,5.03528,120.98698198855072,-5.45537347084867,115.53160851770204
152.637794,137,5.109279,174.37892800401852,-21.741133652669916,152.63779435134876
497.399939,577,5.417428,520.0559001939811,-22.655961542878096,497.3999386511032
329.474835,163,6.100164,338.3331123012985,-8.858276933073086,329.4748353682255
453.88406,600,6.47352,453.9369548159917,-0.05289523565623,453.88405958033553
94.540255,81,6.515748,101.97135054320152,-7.431096018169011,94.54025452503252
968.58811,335,6.69337,973.9718692163383,-5.383759644209619,968.5881095721286
58.034952,79,6.737163,65.6080824367795,-7.573130210870421,58.03495222590912
385.216078,150,6.817996,390.82833243185246,-5.612254663426782,385.21607776842563
252.04232,408,7.035506,269.0849624816686,-17.042642178447682,252.04232030322083
965.631802,353,7.807845,972.4343897950075,-6.802587355289244,965.6318024397183
354.03584,197,7.937142,366.0008154581957,-11.964975700093902,354.0358397581018
147.536451,108,8.009541,163.07673346606504,-15.540282514706966,147.53645095135806
944.942504,591,8.34967,944.9425036133067,0.0,944.9425036133067
965.342171,467,8.603462,965.3421710968621,0.0,965.3421710968621
86.18987,66,8.640965,90.35787556997442,-4.168005840425968,86.18986972954846
566.27631,276,12.712839,577.2509413534679,-10.974631131999699,566.2763102214682
981.195715,235,13.460025,981.1957146839903,0.0,981.1957146839903
109.930159,121,13.523446,113.51651806461928,-3.586359425915952,109.93015863870335
156.733555,109,13.58035,163.4074471948597,-6.6738924240048485,156.73355477085508
972.218344,286,13.735337,973.1006487680586,-0.8823051096500958,972.2183436584085
988.288615,327,13.908345,988.2886146782303,0.0,988.2886146782303
-44.057581,37,13.929089,-32.48363499281815,-11.573945693726547,-44.057580686544696
410.108836,460,14.17993,425.0510236148375,-14.942188072171799,410.1088355426658
407.477843,154,14.276135,410.5873569228198,-3.1095139515204346,407.4778429712993
68.683318,70,14.32476,72.49866979083109,-3.8153518732688756,68.68331791756219
58.310098,57,14.361787,63.01549622385271,-4.705398652677202,58.31009757117552
1000.001788,292,14.554169,1000.0017884388557,0.0,1000.0017884388557
956.753131,238,15.304431,956.7531311406079,0.0,956.7531311406079
94.793236,91,15.352891,102.8496694778559,-8.056433561875586,94.79323591598036
311.574615,216,15.465688,328.6675093422882,-17.092893996227954,311.57461534606034
282.911052,175,15.580329,289.34814377366354,-6.437092114411273,282.9110516592523
301.324775,153,15.679825,320.83894912754505,-19.51417367763252,301.32477544991247
930.059004,236,15.836878,931.8759079297477,-1.8169040599837212,930.0590038697641
189.112633,104,15.904583,193.5146612048016,-4.402028445454748,189.11263275934687
7.205792,43,15.93592,15.155675879064646,-7.949883818346082,7.205792060718551
884.333974,221,16.087442,907.1767155823751,-22.84274119851233,884.3339743838629
197.540669,114,16.15975,211.73133438687012,-14.190665251762876,197.5406691351073
50.838594,56,16.198642,57.68149294267195,-6.842898982789054,50.83859395988284
473.711111,220,16.334034,481.53318694372877,-7.822075469848085,473.7111114738808
309.235485,159,16.434178,324.74658854039785,-15.511103071025486,309.2354854693724
69.108418,56,16.473071,79.53703750480796,-10.428619268659181,69.10841823614876
923.645933,408,17.310934,923.6459328834213,0.0,923.6459328834213
236.209345,113,17.376748,241.85840994349996,-5.649064454597221,236.20934548890278
43.810814,59,17.413061,48.36696652779219,-4.556152690326889,43.810813837465304
934.520606,524,17.746014,934.5206061594008,0.0,934.5206061594008
52.649762,54,17.780846,59.10718391649024,-6.457421871019565,52.64976204547068
885.302478,204,17.918688,934.1289574031833,-48.82647894924212,885.3024784539411
943.955575,198,18.049171,943.9572618744004,-0.001687003127252673,943.9555748712731
95.466814,62,18.089599,100.96456879459512,-5.497754423248734,95.4668143713464
51.220547,55,18.127468,56.48654431679424,-5.265997338368844,51.22054697842535
976.090441,256,18.308033,996.9258123915403,-20.8353716065792,976.0904407849607
929.107572,269,19.080208,959.0820215352908,-29.974449360391475,929.1075721748996
58.491172,63,19.114608,60.72958431084152,-2.2384120454093885,58.49117226543214
951.239748,246,19.245131,966.4130762192565,-15.173328148885025,951.2397480703718
14.091872,41,19.271329,20.874035649911633,-6.782163299578526,14.091872350333148
295.925748,128,19.356563,305.1813627168076,-9.255614309902766,295.92574840690486
313.17111,150,19.457521,319.30393058618586,-6.1328204676092986,313.1711101185765
911.813811,264,19.681579,911.8138105578636,0.0,911.8138105578636
447.819312,316,19.869295,455.1495998769181,-7.330287786652776,447.8193120902653
413.890407,190,19.980762,417.82796821306107,-3.9375611626184748,413.89040705044243
908.518589,239,20.129711,923.0259766042464,-14.507387219697991,908.5185893845485
928.087204,224,20.244908,929.9342563763436,-1.8470527490476822,928.087203627296
963.718729,230,20.980732,963.7187287522328,0.0,963.7187287522328
19.405368,39,21.003412,27.136976208633428,-7.73160805134473,19.405368157288734
938.088015,269,21.151487,973.2446422110195,-35.15662736245594,938.0880148485634
936.546481,212,21.281691,936.5464814861818,0.0,936.5464814861818
178.180981,85,21.339967,182.0463085128192,-3.865327699744519,178.18098081307468
94.861434,66,21.384496,102.47810243343221,-7.616668844232309,94.86143358919998
53.669611,52,21.421712,57.26981876128826,-3.6002081522318186,53.669610609056434
304.638164,163,21.522957,323.4421931563729,-18.80402924530562,304.6381639110674
-31.49412,23,21.540821,-25.950099164333764,-5.544020365532205,-31.49411952986597
356.224951,129,21.627159,375.97373575466344,-19.748784687012087,356.2249510676515
97.513062,65,21.669361,102.52529978599297,-5.01223800720602,97.51306177878693
930.071739,216,21.806832,930.071739406787,0.0,930.071739406787
212.722706,118,21.872633,227.45419732732864,-14.73149128042763,212.72270604690107
977.726055,242,25.875761,977.7260552102896,0.0,977.7260552102896
45.821192,50,25.902937,50.17674465367466,-4.355552450851721,45.82119220282294
967.317762,210,26.013925,967.3177622391621,0.0,967.3177622391621
380.37437,139,26.711128,384.9666001291137,-4.5922302821346666,380.3743698469791
62.025385,50,26.741485,64.71924760235292,-2.6938629332173942,62.02538466913553
121.072403,69,26.788317,127.28007433337174,-6.207671180171048,121.0724031532007
343.792903,139,26.880188,347.4488122069631,-3.6559093273348138,343.7929028796283
349.635297,113,26.958116,354.3731271142777,-4.737830098479768,349.635297015798
66.193253,61,27.003655,76.19677996743798,-10.003526688176702,66.19325327926128
958.989307,213,27.148707,958.9893066975088,0.0,958.9893066975088
415.160941,152,27.247838,417.6501392280958,-2.489197868334207,415.16094135976164
946.757473,203,27.359333,952.1375631006333,-5.38009035000258,946.7574727506308
68.147361,63,27.395382,73.48423758779913,-5.336876666830007,68.14736092096916
921.874106,224,27.511323,951.9596673586746,-30.085561101565165,921.8741062571098
918.29099,257,27.646093,945.2646318291004,-26.973641931813685,918.2909898972866
395.445498,152,27.727058,399.40968890586146,-3.9641906786925656,395.4454982271688
948.633669,203,27.836884,978.1042104904941,-29.4705412140593,948.6336692764346
947.950169,187,28.57145,947.9501694830034,0.0,947.9501694830034
976.476104,207,28.710744,976.4761044034016,0.0,976.4761044034016
921.517755,221,28.858747,941.4730357809534,-19.955281146379498,921.5177546345739
385.097917,137,28.953431,388.4881573784154,-3.3902399249630992,385.0979174534523
-48.638676,23,28.973076,-43.98614158099009,-4.652533939383413,-48.638675520373496
107.942025,60,29.01456,112.04371431965743,-4.1016896835683365,107.94202463608912
94.969762,58,29.057986,104.27108472358226,-9.301322635708019,94.96976208787426
376.817317,125,29.127622,383.44280632319624,-6.625489400920745,376.8173169222755
95.377396,51,29.154926,98.71821287801696,-3.340817319205706,95.37739555881127
358.870085,128,29.222875,364.70028566237335,-5.830201031484398,358.87008463088887
56.868006,43,29.246103,61.260826929160416,-4.392820440235809,56.86800648892459
975.489769,220,29.362679,985.9913650026463,-10.501596211229609,975.489768791417
981.017278,196,29.468116,983.5966837891499,-2.5794055814323515,981.0172782077176
374.430555,416,30.28356,401.89474455504626,-27.464189829908833,374.4305547251373
953.089167,195,30.421779,953.0891668465651,0.0,953.0891668465651
91.892444,59,30.465747,98.28113258196193,-6.388689044290074,91.89244353767184
975.190427,173,30.581671,975.1904269366847,0.0,975.1904269366847
115.450279,60,30.6263,127.42339355987961,-11.9731146527709,115.4502789071088
351.17756,119,30.71768,356.4503376660163,-5.272778094766515,351.1775595712498
33.470364,48,30.75126,39.7894810852483,-6.319116958650056,33.47036412659821
38.578076,44,30.782858,45.09091279894369,-6.512836693189809,38.578076105753865
951.577417,196,30.913152,951.5774171882217,0.0,951.5774171882217
470.972553,149,30.993203,477.7275765575797,-6.755023786613224,470.97255277096644
933.16561,215,31.10784,933.1656098754191,0.0,933.1656098754191
904.223823,171,31.197371,907.4312466911451,-3.2074233344697243,904.2238233566754
997.308959,282,31.348948,1001.3777161396931,-4.068757460377084,997.3089586793161
105.133377,48,31.374596,109.24567769403158,-4.11230092172272,105.13337677230886
917.27988,220,31.489067,941.9943156095594,-24.714435137980708,917.2798804715787
980.667862,196,32.251606,982.0740277773707,-1.4061656674697947,980.6678621099009
968.424543,185,32.372809,968.4245431478931,0.0,968.4245431478931
959.92884,168,32.486445,959.9288397378014,0.0,959.9288397378014
954.413013,201,32.61984,954.4130126499757,0.0,954.4130126499757
368.707103,139,32.713567,372.04325347691986,-3.336149984145125,368.70710349277476
983.775709,169,32.802938,997.3239266098018,-13.548217660054311,983.7757089497476
986.223021,193,32.908791,986.2230212430499,0.0,986.2230212430499
964.007444,197,33.015344,964.0074443319702,0.0,964.0074443319702
-50.735483,19,33.025959,-47.234145343280375,-3.501337756459156,-50.73548309973954
51.662769,40,33.048536,55.21519812742696,-3.552429319829143,51.66276880759776
951.29925,179,33.14276,951.2992504878582,0.0,951.2992504878582
233.441545,105,33.198828,241.46186596900358,-8.020321037511902,233.44154493149173
971.65374,196,33.305985,971.6986416790096,-0.04490152747474596,971.6537401515349
167.059316,75,33.345923,170.41957111328713,-3.3602552361035265,167.05931587718362
74.329928,65,33.974404,82.60160415794411,-8.271676533107524,74.32992762483656
950.620984,225,34.116981,950.6209836344653,0.0,950.6209836344653
130.201754,65,34.156313,139.73483492484942,-9.533081147814872,130.2017537770346
987.474973,194,34.276851,987.4749732053851,0.0,987.4749732053851
947.816728,210,34.413347,947.8167280567309,0.0,947.8167280567309
-63.087329,18,34.427793,-59.62540469057901,-3.4619244843312256,-63.087329174910224
342.928389,100,34.490672,346.9460996893084,-4.0177107148207645,342.9283889744877
101.252923,58,34.523641,106.73772550464383,-5.484802343723837,101.25292316092
-13.664337,26,34.539706,-9.314330399609517,-4.350006608255678,-13.6643370078652
906.56761,166,34.627776,907.3171106647884,-0.7495009624478861,906.5676097023405
433.117876,138,34.69974,455.5633077360701,-22.445431415986025,433.1178763200843
127.657256,70,34.737519,130.15692557125553,-2.4996695764009536,127.65725599485452
-24.621164,33,34.755891,-17.187019129958458,-7.434145185108583,-24.621164315067034
986.475943,219,37.913968,986.4759431685638,0.0,986.4759431685638
117.874212,55,37.945012,123.44431504959381,-5.57010318043501,117.8742118691588
187.000927,75,37.984302,193.00365287348507,-6.002725761947473,187.00092711153758
-8.772153,28,38.000929,-3.1909487416992874,-5.581204730427973,-8.772153472127243
386.472703,115,38.078791,390.43029468693334,-3.9575917022380196,386.47270298469533
952.484721,169,38.183254,952.4847207433199,0.0,952.4847207433199
-33.685907,23,38.200666,-30.02372863436827,-3.6621782558617815,-33.68590689023006
-53.956806,23,38.218306,-48.44460141146874,-5.5122046501756214,-53.95680606164436
78.141849,52,38.846821,80.55422013311721,-2.412371381906726,78.14184875121049
3.028995,32,38.864941,6.602215626399854,-3.5732208744606506,3.0289947519391944
955.420566,190,38.96418,955.4205662841777,0.0,955.4205662841777
1005.636437,170,39.056007,1005.6364366777817,0.0,1005.6364366777817
393.883056,108,39.113547,399.3948515047857,-5.511795004810914,393.88305649997466
401.711447,136,39.183672,406.29856298535697,-4.58711553429452,401.71144745106255
65.937409,47,39.210502,70.90242004358075,-4.965010547451689,65.9374094961291
59.827936,45,39.234435,64.79960068349303,-4.971664303310891,59.82793638018214
956.479041,177,39.327541,956.4790407480278,0.0,956.4790407480278
334.709363,116,39.390591,339.4306277487496,-4.721265248147445,334.7093625006022
235.706409,88,39.437501,242.13613480645026,-6.429725381522912,235.70640942492733
43.769674,36,39.458178,47.08257389927391,-3.312900338720799,43.76967356055309
1010.679562,188,39.559105,1010.6795624354629,0.0,1010.6795624354629
222.322188,84,39.60298,227.24831213206545,-4.92612381117599,222.32218832088944
31.714111,48,39.630141,38.137830323602714,-6.4237193715923055,31.7141109520104
99.666184,58,39.662478,104.35784636873768,-4.691662710892968,99.6661836578447
972.319233,193,39.772055,972.3192325677696,0.0,972.3192325677696
114.704338,63,39.814613,117.57609764381232,-2.8717600803258243,114.70433756348649
940.280213,181,39.926861,951.9335251687646,-11.653312292271728,940.2802128764927
406.022716,116,40.593003,411.3893979878534,-5.366682457212172,406.0227155306411
71.087641,67,40.649207,79.6689862259961,-8.581345632113367,71.0876405938827
112.955071,53,40.679304,117.33174467253025,-4.376673599253332,112.95507107327688
953.47234,169,40.769139,953.4723404082611,0.0,953.4723404082611
76.531009,56,40.797371,81.60839866573622,-5.0773899615769755,76.53100870415923
349.564444,112,40.858436,352.94855024095716,-3.3841066664306716,349.5644435745264
1002.099083,205,40.978808,1002.0990827401467,0.0,1002.0990827401467
977.873184,196,41.098858,977.873184048548,0.0,977.873184048548
974.543708,177,41.215418,974.5437079087857,0.0,974.5437079087857
-46.236146,23,41.232039,-41.924307081094284,-4.311839249954351,-46.23614633104863
966.204352,202,41.359747,974.7839754059904,-8.579623880670429,966.2043515253201
109.54618,57,41.398165,112.21548584393943,-2.669306198752178,109.54617964518727
960.027193,176,41.510581,960.0271934454877,0.0,960.0271934454877
953.74698,197,41.622639,963.5537899921619,-9.806809522266178,953.7469804698956
65.924373,50,41.656931,71.54879672969638,-5.624424085822697,65.92437264387361
934.779654,161,41.760128,950.935650615951,-16.155996641208908,934.779653974742
962.917502,173,42.456977,971.0369821602263,-8.119480642085977,962.9175015181402
104.145024,58,42.486676,112.4999090798735,-8.354885273005976,104.14502380686758
931.098722,162,42.573212,931.0987223861166,0.0,931.0987223861166
322.872453,110,42.632916,330.19952006067564,-7.3270669024793476,322.87245315819627
974.34447,167,42.721181,974.3444702402185,0.0,974.3444702402185
935.766659,161,42.809188,935.7666585956846,0.0,935.7666585956846
104.471892,50,42.844476,110.31216966937295,-5.840277788094861,104.4718918812781
933.31556,174,42.95573,933.3155603235836,0.0,933.3155603235836
995.586381,184,43.071176,995.5863813649813,0.0,995.5863813649813
957.841881,186,43.191794,959.0587698780955,-1.2168887648986138,957.8418811131969
58.562546,40,43.21448,62.13761499673906,-3.5750688975309854,58.562546099208035
945.010686,174,43.331788,945.0106858964552,0.0,945.0106858964552
89.921066,55,43.370369,95.40961097822583,-5.488544991843312,89.92106598638253
920.148736,170,43.473256,920.1487362312736,0.0,920.1487362312736
60.977577,41,43.501997,64.57010723974393,-3.592530523230212,60.977576716513724
386.118465,130,43.579245,391.7258487879222,-5.607383945353535,386.1184648425687
275.73137,91,43.636935,278.50825481471435,-2.7768849405566485,275.7313698741576
922.321399,178,44.328507,922.3213992978493,0.0,922.3213992978493
951.554421,179,44.422029,951.5544210476087,0.0,951.5544210476087
76.259558,43,44.446196,79.65984733925278,-3.400288965591985,76.25955837366082
127.314433,60,44.478575,130.55527897792348,-3.240845854877308,127.31443312304623
962.813325,199,44.583771,962.813325120456,0.0,962.813325120456
271.944219,99,44.636705,275.18492884886086,-3.240709857166114,271.9442189916947
-30.432469,29,44.656023,-25.86858674151047,-4.563882135578106,-30.43246887708858
77.115322,53,44.69008,83.58945025611462,-6.474127911907157,77.1153223442075
1002.630568,171,44.805613,1009.7607961336057,-7.130228224332496,1002.6305679092734
958.949046,161,44.906064,958.9490464369339,0.0,958.9490464369339
320.403883,114,44.980629,327.14629535644224,-6.742412557680845,320.4038827987614
292.215631,104,45.050182,296.74956865436457,-4.533937795461169,292.2156308589034
387.795386,116,45.120908,392.6899983978045,-4.894612261476692,387.7953861363279
912.355029,150,45.218908,912.3550286451633,0.0,912.3550286451633
989.561088,175,45.338089,989.5610875645534,0.0,989.5610875645534
353.941367,111,45.405576,358.0198991897339,-4.078532224850567,353.9413669648834
942.877467,163,46.122668,942.8774665022366,0.0,942.8774665022366
913.800922,230,46.246539,913.8009223631359,0.0,913.8009223631359
930.923307,231,46.369578,930.923306667579,0.0,930.923306667579
72.461272,51,46.398319,79.45964088711955,-6.998368853770001,72.46127203334953
-25.740731,31,46.416243,-20.526367372908425,-5.214363312959128,-25.740730685867575
920.372464,169,46.506816,920.3724638090974,0.0,920.3724638090974
927.012779,160,46.605229,927.0127791843071,0.0,927.0127791843071
1007.55128,175,50.063745,1008.7807746310614,-1.2294950368444812,1007.5512795942168
959.614179,182,50.162304,959.614179402218,0.0,959.614179402218
59.996984,44,50.187063,65.62022307104824,-5.62323888744063,59.99698418360764
60.39239,53,50.215756,62.799885932030776,-2.4074960603561566,60.392389871674595
891.635224,193,50.320566,921.9697849664935,-30.334560864789857,891.6352241017036
408.322331,119,50.386604,414.0121302646827,-5.68979933921759,408.32233092546517
104.624863,66,50.423446,107.63429837720034,-3.0094351101563026,104.62486326704408
326.91937,107,50.480717,331.3104748492291,-4.391104952710554,326.9193698965185
967.220293,228,51.214336,988.6767350631643,-21.456442025474992,967.2202930376893
900.288835,157,51.298491,923.8792427676204,-23.59040813389592,900.2888346337244
86.613229,53,51.327212,89.26208390072497,-2.6488547796286035,86.61322912109637
995.118494,181,51.423531,995.1184935721324,0.0,995.1184935721324
955.004804,144,51.498551,955.0048041340287,0.0,955.0048041340287
1006.200186,184,51.598384,1006.2001860101038,0.0,1006.2001860101038
101.040429,55,51.627114,106.30976674355858,-5.269337653926333,101.04042908963228
959.903136,174,51.719056,959.9031363301983,0.0,959.9031363301983
409.188186,123,51.784904,413.91247235072046,-4.724285856975896,409.1881864937445
980.777122,185,51.883551,980.7771218547196,0.0,980.7771218547196
927.136249,154,51.964025,927.1362492867263,0.0,927.1362492867263
955.575399,157,52.046403,955.5753985394722,0.0,955.5753985394722
954.543206,167,52.136654,954.5432056754208,0.0,954.5432056754208
403.41999,118,52.199308,408.9482535232346,-5.5282637403398205,403.41998978289473
371.239271,113,52.259746,377.4753693211191,-6.236098477283406,371.2392708438357
75.177105,46,52.896256,80.57436490345454,-5.397259640720286,75.17710526273429
975.845221,172,52.985429,977.0822402940771,-1.2370189148917703,975.8452213791854
956.04308,159,53.071073,956.0543035366845,-0.011223928088550217,956.0430796085959
953.911222,166,53.159976,953.9112223836091,0.0,953.9112223836091
227.982985,83,53.205731,236.05630533987286,-8.073320307795312,227.98298503207766
980.869235,165,53.296105,980.8692349361202,0.0,980.8692349361202
961.877714,157,53.380779,971.824613420976,-9.946899689240468,961.8777137317355
78.145222,48,53.406449,84.09961583663107,-5.954393805515257,78.1452220311158
966.374984,156,53.489192,968.6863630514822,-2.311379528416701,966.3749835230655
154.064597,63,53.523984,155.8264115644749,-1.761814279229963,154.06459728524496
-50.562414,21,53.537582,-47.11676913486882,-3.4456446205533204,-50.56241375542214
985.308976,165,53.62988,985.5515786436549,-0.2426030604575482,985.3089755831974
124.130678,57,53.662727,127.7501594661243,-3.619481660881105,124.13067780524327
961.072952,180,53.781273,961.07295199571,0.0,961.07295199571
1001.042341,175,53.897413,1001.0423408226852,0.0,1001.0423408226852
-33.061839,26,53.91706,-29.159146519234582,-3.90269209605181,-33.06183861528639
209.163886,79,53.966011,215.39651251876379,-6.2326269997700825,209.1638855189938
360.461424,99,54.029604,364.57366539811704,-4.112241431455472,360.4614239666616
79.77346,49,54.065923,83.19202010976099,-3.418560234621209,79.77345987513976
971.406656,158,54.761486,971.4066556735334,0.0,971.4066556735334
987.928556,165,54.84969,987.9285555637517,0.0,987.9285555637517
234.823111,85,54.89601,240.531441784439,-5.708330324482916,234.8231114599561
1019.770457,177,54.990841,1019.7704568615408,0.0,1019.7704568615408
958.31182,151,55.071708,959.8900223584576,-1.5782025088427485,958.3118198496148
428.577658,117,55.137377,433.1931141171743,-4.615456564859998,428.5776575523143
370.869049,99,55.192814,374.9367557437704,-4.067706598376477,370.8690491453939
925.86484,146,55.274725,925.8648399087967,0.0,925.8648399087967
962.80114,167,55.363106,963.3622914225147,-0.5611516267761836,962.8011397957384
1014.740442,176,55.466824,1014.7404419968412,0.0,1014.7404419968412
981.268785,165,55.571127,982.5572608421046,-1.2884759155298502,981.2687849265748
-23.388526,28,55.590793,-13.929098399776635,-9.45942755111269,-23.388525950889303
94.78346,50,55.621062,99.66405584234683,-4.880595704832164,94.7834601375147
472.514311,135,55.710096,479.43181850471376,-6.917507838729247,472.5143106659847
290.882109,93,55.771484,298.38179446628067,-7.499685059998637,290.882109406282
941.373797,159,55.877997,955.3268488794884,-13.953051600831495,941.3737972786569
33.69696,44,56.53206,46.594716496833556,-12.897756360574352,33.69696013625925
921.801029,158,56.614329,921.8010288248978,0.0,921.8010288248978
67.169211,43,56.6385,71.62128267055124,-4.452072000756239,67.169210669795
962.673961,194,56.746192,962.6739613417686,0.0,962.6739613417686
227.775532,79,56.791353,232.33906245774656,-4.56352997451153,227.77553248323508
957.295772,149,56.876875,957.2957715341054,0.0,957.2957715341054
430.078275,117,56.94324,440.19234824940384,-10.114073547556359,430.07827470184736
404.096199,122,57.01112,420.9711385892953,-16.874940054612157,404.0961985346831
924.758174,183,57.108019,930.4606302559877,-5.702456599100369,924.7581736568872
390.101529,111,57.164588,393.8559562275037,-3.75442707213392,390.10152915536986
170.303757,68,57.200906,173.99291213206536,-3.689155339962528,170.30375679210275
952.427261,156,57.285375,952.4272610169065,0.0,952.4272610169065
975.249257,163,57.386486,976.1961046229178,-0.9468475223518498,975.249257100566
942.595272,156,57.483311,952.0016033315154,-9.406331230337141,942.5952721011782
227.517996,82,57.540482,231.50692418880433,-3.9889285398571266,227.51799564894716
988.416988,208,57.683117,988.4169880766331,0.0,988.4169880766331
959.613538,164,58.38681,964.1980235201397,-4.584485138099939,959.6135383820397
-40.060938,20,58.398915,-36.388287748988745,-3.672650503468801,-40.06093825245753
352.629825,106,58.454826,357.73175541030014,-5.1019305270506425,352.62982488324957
-15.102663,24,58.469927,-10.811760678351675,-4.2909022194860365,-15.102662897837718
59.934324,41,58.492094,66.02054634353186,-6.086222269489867,59.93432407404194
980.364757,171,58.583278,987.0972106265305,-6.732453326150584,980.3647573003798
938.422422,159,58.669014,938.4224218770389,0.0,938.4224218770389
976.368275,154,58.749844,976.3682745793446,0.0,976.3682745793446
55.197585,47,62.259303,58.36897039997356,-3.1713849736161457,55.19758542635742
-0.425261,32,62.277529,3.9789327301522093,-4.404193690962757,-0.4252609608105473
246.156624,87,62.324052,250.3253182887913,-4.168694211835429,246.15662407695586
940.27991,158,62.408864,940.2799098116444,0.0,940.2799098116444
983.528177,156,62.492194,983.5281766414158,0.0,983.5281766414158
943.41238,151,62.570813,943.4123800671257,0.0,943.4123800671257
921.592612,161,62.657043,939.0092732838814,-17.41666101777625,921.5926122661051
103.240053,55,62.688097,109.10071401255546,-5.860661236194753,103.24005277636066
421.348661,113,62.747064,427.47037378507855,-6.12171267355342,421.34866111152496
396.393812,106,62.804705,407.2974866207392,-10.903674764795724,396.39381185594345
951.892974,162,63.49907,951.8929742816504,0.0,951.8929742816504
386.936392,101,63.562753,389.7761875233462,-2.8397953033369765,386.9363922200093
986.955432,174,63.668698,986.955432420982,0.0,986.955432420982
969.833962,166,63.754942,969.8339617906798,0.0,969.8339617906798
439.974724,110,63.814019,443.35544687811597,-3.3807227977713366,439.97472408034463
921.828238,146,63.893307,921.8282383016762,0.0,921.8282383016762
940.365968,152,63.973474,940.3659683167609,0.0,940.3659683167609
988.781448,167,64.0643,988.7814483168997,0.0,988.7814483168997
982.269531,167,64.154901,982.5301224689257,-0.26059155187465155,982.269530917051
984.880452,157,64.23821,984.8804518487831,0.0,984.8804518487831
403.914228,120,64.303506,408.11171914299246,-4.197491215117641,403.9142279278749
182.625293,72,64.343985,188.43788133152617,-5.812588239368109,182.62529309215802
348.787288,107,64.403749,353.1156538059459,-4.328366016199088,348.78728778974676
340.422376,110,64.464063,344.9370090338941,-4.514632935287971,340.42237609860615
944.029434,163,64.548908,952.3290986400068,-8.299665037330152,944.0294336026768
424.060493,114,64.612103,428.71154395878796,-4.65105079154814,424.0604931672399
1.775453,30,65.275563,6.502968756773669,-4.727515599205496,1.7754531575681654
937.861467,159,65.37037,950.3150057907193,-12.453538982328805,937.8614668083904
345.671551,96,65.429049,349.88446761167376,-4.212916958293089,345.67155065338073
962.058374,147,65.509161,962.0583742542773,0.0,962.0583742542773
945.236412,157,65.592392,948.2597041613944,-3.0232921207837027,945.236412040611
993.347197,157,65.675254,993.3471972055781,0.0,993.3471972055781
943.030731,148,65.756995,943.0307309518955,0.0,943.0307309518955
937.989734,154,65.839315,950.8704135422433,-12.88067938468844,937.989734157555
962.09725,158,65.921688,962.0972497943998,0.0,962.0972497943998
998.865347,170,66.012667,1007.892939183661,-9.027591700281977,998.8653474833791
938.656876,151,66.090549,938.6568762757423,0.0,938.6568762757423
890.844141,157,66.173891,921.6907105534744,-30.84656910322517,890.8441414502495
434.619528,117,66.235989,438.0287550769129,-3.4092271142520634,434.6195279626609
337.125591,98,66.290525,358.0379479627403,-20.912357212626514,337.1255907501136
987.436828,157,66.373643,987.4368278392782,0.0,987.4368278392782
69.621152,42,67.023707,72.09198666656005,-2.4708344938536833,69.62115217270633
176.627179,72,67.066147,181.59707448174296,-4.969895568884026,176.62717891285902
109.028465,48,67.096055,113.05589164283386,-4.027426272020267,109.0284653708136
203.981861,71,67.139556,207.32174821439975,-3.339887515684473,203.98186069871525
382.845618,100,67.196833,386.62619063743364,-3.7805721569874624,382.8456184804462
990.22675,168,67.28563,990.2267495370248,0.0,990.2267495370248
401.476846,106,67.343156,406.82913502761926,-5.3522890831492616,401.4768459444699
193.942719,78,67.385509,198.2358692592363,-4.293150070284278,193.942719188952
360.169161,105,67.441492,365.1353363144874,-4.9661754089675565,360.1691609055198
77.549706,45,67.466249,82.49524780760626,-4.9455420899179865,77.54970571768831
243.466276,87,67.513683,247.27766845681987,-3.8113925218566242,243.46627593496322
959.917945,146,67.591964,959.9179450756186,0.0,959.9179450756186
97.951175,49,67.617682,99.7792684155431,-1.8280936436209156,97.95117477192218
351.147505,94,67.667288,355.8948247492286,-4.74731975916685,351.1475049900617
304.585877,97,67.71823,309.82124277599553,-5.235365647671731,304.5858771283239
162.444724,71,67.757663,176.6441801414063,-14.199456472686965,162.4447236687194
-43.75727,20,67.769767,-39.92315598490747,-3.8341143791431573,-43.757270364050626
218.224425,83,67.813111,228.5046060857107,-10.28018070320424,218.2244253825064
450.337921,114,67.876634,456.9075133962982,-6.5695927599854995,450.3379206363127
344.434988,102,67.929665,348.8060977565136,-4.371109628375788,344.43498812813766
63.780085,43,67.953892,70.24563060504984,-6.465545854265771,63.78008475078407
1009.967482,206,68.061404,1009.9674820603849,0.0,1009.9674820603849
998.246907,221,68.816354,999.5181664175952,-1.2712593085393067,998.2469071090558
384.741807,107,68.882213,388.04628044723756,-3.304473666208785,384.7418067810287
970.194075,165,68.976695,992.7412331378097,-22.547157748276422,970.1940753895333
369.067205,111,69.03703,373.0832595748432,-4.016055024646726,369.06720455019655
986.994004,163,69.124296,986.9940039385147,0.0,986.9940039385147
920.243096,144,69.199705,935.7433115641878,-15.500215270973161,920.2430962932148
982.226658,153,69.282041,982.2266578765511,0.0,982.2266578765511
952.341366,199,69.388673,952.3413661612117,0.0,952.3413661612117
994.30808,228,69.508906,994.3080796937477,0.0,994.3080796937477
118.487793,48,69.536144,121.85314573260023,-3.365352949808571,118.48779278279169
943.617868,164,69.620423,943.6178684022643,0.0,943.6178684022643
937.361834,174,69.71525,951.61900024477,-14.257166094638542,937.3618341501315
920.58751,150,69.793873,937.2187164560685,-16.63120681766784,920.5875096384007
945.906655,141,70.499438,945.9066547916561,0.0,945.9066547916561
194.958924,72,70.54197,201.23679536099914,-6.277871460011201,194.95892390098797
922.166297,140,70.629413,922.1662965711084,0.0,922.1662965711084
397.038024,110,70.701753,400.68157156429993,-3.6435479455000763,397.0380236187999
970.739994,155,70.788781,970.7399943486681,0.0,970.7399943486681
991.5554,152,74.453288,991.5553996513572,0.0,991.5553996513572
985.21118,172,74.543042,985.2111803226344,0.0,985.2111803226344
91.321281,55,74.574046,109.9114294166495,-18.590148185107225,91.32128123154217
178.429367,63,74.608873,182.93861929795096,-4.509251855044009,178.42936744290697
368.997508,100,74.66315,374.9097832666978,-5.91227483942193,368.99750842727576
186.296043,81,74.70625,190.64840853831384,-4.352365337183999,186.2960432011298
384.384471,101,74.759908,387.72920172578705,-3.344730926121989,384.3844707996651
924.8169,150,74.841361,938.2417150330717,-13.424814823110705,924.8169002099611
134.414814,77,74.883444,138.79361580153784,-4.378801686222671,134.41481411531515
957.539447,149,74.964632,963.2837112628072,-5.744264460887949,957.5394468019194
410.585643,102,75.017999,416.1696473001599,-5.584004154430022,410.58564314573005
7.366328,31,75.034634,10.040052261989459,-2.673724122999568,7.3663281389899
336.875329,97,75.08873,340.18559189626285,-3.310262671767032,336.8753292244959
993.631391,213,75.202072,993.6313914218035,0.0,993.6313914218035
933.710936,136,75.894895,933.7109357230653,0.0,933.7109357230653
965.714491,144,75.988936,965.7144912069101,0.0,965.7144912069101
20.259131,39,76.011665,25.227973998301053,-4.968843436604845,20.259130561696168
921.914567,148,76.105689,942.4806207044312,-20.56605365891274,921.9145670455185
959.074079,153,76.18755,964.60726462962,-5.533185376827837,959.074079252792
954.023858,186,76.28595,954.0238584373566,0.0,954.0238584373566
994.084704,156,76.37076,994.0847038956748,0.0,994.0847038956748
1023.676681,153,76.451959,1023.6766807900381,0.0,1023.6766807900381
958.80042,151,76.532459,958.8004202282376,0.0,958.8004202282376
231.494071,77,76.573301,235.14813561223082,-3.654064269801279,231.49407134242955
989.345034,196,76.676819,989.345033849201,0.0,989.345033849201
976.672306,151,76.756819,976.6723062086461,0.0,976.6723062086461
449.978467,115,76.819926,454.8097263396215,-4.8312591736670845,449.97846716595444
943.093767,147,76.895352,943.0937671603544,0.0,943.0937671603544
103.657715,58,76.928198,114.89922897282688,-11.24151407381515,103.65771489901181
144.836735,56,76.959213,151.0109905242271,-6.17425510452455,144.83673541970262
984.838872,153,77.654388,984.8388719275978,0.0,984.8388719275978
935.481249,147,77.750557,935.4812492533038,0.0,935.4812492533038
342.44638,101,77.814363,345.83771683500163,-3.391336363168815,342.44638047183275
936.604616,149,77.899874,936.604616010745,0.0,936.604616010745
954.097432,157,77.98093,969.7918939630915,-15.694462220434586,954.097431742657
949.517192,236,78.105705,954.2120192588583,-4.694827322817296,949.517191936041
191.831006,73,78.144999,197.40505825489367,-5.574052320089152,191.83100593480452
-45.5018,20,78.157112,-42.4588682383998,-3.042931687636603,-45.50179992603641
994.365881,155,78.238436,994.3658805182936,0.0,994.3658805182936
951.609919,154,78.32128,951.6099189444562,0.0,951.6099189444562
428.238466,127,78.390011,436.7623490580352,-8.523883368973404,428.2384656890617
960.414867,149,78.470334,963.0637760552073,-2.6489088254487045,960.4148672297587
990.339109,175,78.562677,990.3391090149019,0.0,990.3391090149019
972.457509,151,78.642471,972.457508936112,0.0,972.457508936112
915.516213,140,79.346634,930.8697035793653,-15.353490481117941,915.5162130982475
425.627996,109,79.418254,430.1246649995751,-4.4966690975140855,425.6279959020609
992.313444,165,79.516745,1000.3271031016585,-8.013659044600086,992.3134440570584
992.062992,156,79.613284,992.2894122097387,-0.22642018261832675,992.0629920271201
-59.916401,16,79.623892,-55.908701278041775,-4.007699290964847,-59.916400569006626
430.622261,109,79.691343,439.2450606627851,-8.622800095574432,430.6222605672104
89.371687,49,79.718557,94.42952160436334,-5.057834530077986,89.37168707428538
50.745593,48,79.744407,58.124223785380366,-7.378630390422557,50.74559339495778
997.171826,162,79.83068,997.1718263697396,0.0,997.1718263697396
1001.500847,158,79.915131,1001.5203376558192,-0.019490340472572143,1001.5008473153466
123.792994,60,79.946774,125.9599810310834,-2.1669869217889453,123.79299410929443
98.294487,45,79.972398,101.51758280061293,-3.223095462708308,98.29448733790463
67.018691,41,79.994653,72.47226165661178,-5.453570719934565,67.01869093667722
923.038869,146,80.071889,923.038869250704,0.0,923.038869250704
961.740356,151,80.153686,961.740356393019,0.0,961.740356393019
-34.273451,21,80.165774,-30.272869797216842,-4.000581654841979,-34.273451452058836
951.567137,146,80.242357,951.5671370646854,0.0,951.5671370646854
968.021135,148,80.322529,980.7776068824783,-12.756471537314436,968.0211353451635
114.925194,54,80.353004,118.32175041037269,-3.396556393181302,114.92519401719142
924.586218,142,80.428959,941.4390119219902,-16.85279434937324,924.586217572617
951.027114,168,81.145169,951.6367358238759,-0.6096217927405867,951.0271140311354
948.5399,149,81.238714,948.5399002788267,0.0,948.5399002788267
988.437307,168,81.343179,988.4373066374342,0.0,988.4373066374342
960.549147,152,81.440125,960.5491471712484,0.0,960.5491471712484
361.60718,94,81.500349,366.0645497964408,-4.457370046428834,361.607179750012
-42.686357,20,81.512499,-38.002987321424015,-4.683369617183237,-42.68635693860725
955.686793,144,81.590559,955.6867933401139,0.0,955.6867933401139
399.066369,110,81.649484,402.49895045998187,-3.432580996384134,399.06636946359765
955.573049,161,81.736734,955.5767481315818,-0.0036995469280753923,955.5730485846536
987.609757,150,81.816505,987.6097569107245,0.0,987.6097569107245
393.616928,107,81.874699,401.15236127791263,-7.535433456212664,393.61692782169985
982.756496,152,81.956531,982.756495863164,0.0,982.756495863164
993.633761,149,82.035966,993.6337609263396,0.0,993.6337609263396
1002.591833,159,82.120734,1002.5918331612502,0.0,1002.5918331612502
366.577687,105,82.17834,389.03592495772676,-22.458237770069875,366.57768718765686
146.654407,62,82.211802,151.59848789822007,-4.94408079347466,146.65440710474536
970.395198,148,82.930597,970.3951975362677,0.0,970.3951975362677
231.856046,77,82.977702,235.26815887244,-3.412112680279363,231.85604619216073
977.423899,163,83.075858,977.4238993803934,0.0,977.4238993803934
-31.029389,26,83.094106,-27.367982751863707,-3.6614067469881366,-31.02938949885187
973.907421,151,85.913148,973.9074209838741,0.0,973.9074209838741
-28.388732,23,85.931333,-23.76962085789212,-4.619111577836116,-28.388732435728258
91.37889,51,85.965816,100.08925926700869,-8.710369424453841,91.37888984255486
61.361895,46,85.996152,65.07552747994578,-3.7136323697557385,61.361895110190034
941.53685,144,86.091758,941.5368496744593,0.0,941.5368496744593
69.808977,48,86.125138,74.29538176020591,-4.486404390678457,69.8089773695275
959.218371,143,86.220792,959.2183714436177,0.0,959.2183714436177
267.145575,87,86.279949,270.59383004812116,-3.448255457832423,267.1455745902888
399.245964,103,86.342638,403.3536707787742,-4.107706344768471,399.24596443400577
88.549972,50,86.377468,92.21209192348977,-3.662119996134411,88.54997192735539
168.553476,68,86.421214,170.86040027300942,-2.306924018880122,168.5534762541293
949.45054,161,86.51254,972.1647237600075,-22.714183310085254,949.4505404499223
900.447983,141,86.586352,912.9110858285112,-12.46310234165542,900.4479834868557
-62.614306,16,86.596941,-59.452334879115966,-3.1619711979897698,-62.61430607710574
81.375732,54,86.625319,86.45509004184532,-5.079357926259773,81.37573211558555
955.361071,141,86.700486,955.3610712521303,0.0,955.3610712521303
382.520566,96,86.750361,387.55658540734703,-5.036019254313268,382.52056615303366
1017.541073,169,86.838301,1017.5410732030656,0.0,1017.5410732030656
98.52414,46,87.462835,102.470996410461,-3.946856580044691,98.52413983041626
960.883355,152,87.544074,960.8833546859014,0.0,960.8833546859014
988.14434,160,87.630386,988.1443401388702,0.0,988.1443401388702
971.711502,146,87.708367,971.7115015065583,0.0,971.7115015065583
1011.507004,161,87.794022,1011.5070039313214,0.0,1011.5070039313214
250.15809,84,87.839411,271.40015175621033,-21.242061571527735,250.1580901846827
83.542535,51,87.868174,88.34458187333453,-4.802046816544736,83.54253505678983
957.746689,149,87.947228,974.0392097560522,-16.292520668687324,957.7466890873649
964.385017,153,88.042867,964.3850170225516,0.0,964.3850170225516
990.278409,150,88.137781,990.2784092866028,0.0,990.2784092866028
987.524266,160,88.24215,987.524265838985,0.0,987.524265838985
969.988231,145,88.339801,969.9882314631006,0.0,969.9882314631006
934.055881,151,88.433463,934.0558805967895,0.0,934.0558805967895
962.418837,152,88.532648,965.0416488074836,-2.622811391155131,962.4188374163284
299.303761,89,88.58727,302.8611345850526,-3.557374066022387,299.3037605190302
73.333537,42,88.609944,76.72820173698145,-3.39466445457776,73.33353728240371
972.374149,153,89.294313,972.3741486049354,0.0,972.3741486049354
1000.784462,162,89.379206,1001.254445182843,-0.4699829149117045,1000.7844622679313
977.541989,155,89.462825,977.5419886427167,0.0,977.5419886427167
104.753612,49,89.490073,111.49564943657263,-6.742037883692467,104.75361155288017
69.130594,39,89.512312,72.1588312757733,-3.028236958286903,69.13059431748634
203.163275,70,89.548556,205.20124303256853,-2.0379678096650835,203.16327522290345
13.418932,29,89.565201,17.76127430507657,-4.34234205999641,13.418932245080157
-2.359393,28,89.580399,1.6832501206325787,-4.042643046886277,-2.3593929262536903
102.307507,48,89.607656,105.1622874466857,-2.8547803906217375,102.30750705606397
946.037845,138,89.681396,946.0378446576667,0.0,946.0378446576667
252.007117,81,89.725417,255.74355342661752,-3.736436200164742,252.00711722645283
51.603616,46,89.751167,57.84535454178422,-6.2417385231424145,51.60361601864176
121.125057,50,89.778395,129.83528945998614,-8.71023260066837,121.12505685931775
166.611436,64,89.819548,171.700300716158,-5.088864952768127,166.6114357633899
371.3094,97,89.885443,376.3805368396771,-5.07113694235329,371.3093998973238
-12.404703,26,89.901617,-7.997954624705727,-4.406747889464717,-12.404702514170438
71.278305,41,89.928906,75.03396488782916,-3.75565958959562,71.27830529823352
-10.46075,25,89.951173,-7.706052773455369,-2.7546971040961035,-10.460749877551464
986.675126,149,90.04686,989.1741775093315,-2.4990517999570123,986.6751257093745
983.464049,149,90.148252,983.4640485289,0.0,983.4640485289
917.045172,142,90.237779,931.7803046055394,-14.735132779163646,917.0451718263755
420.064019,109,90.31214,430.05871855245863,-9.994699995643114,420.06401855681537
949.331667,143,90.42495,951.4013964165401,-2.069729544599852,949.3316668719405
37.254509,42,90.44965,41.59052547277517,-4.336016594642329,37.25450887813281
123.31205,53,90.477921,126.5723972887844,-3.2603473748723255,123.31204991391209
42.40685,41,90.502147,48.20540909223229,-5.798558804712206,42.406850287520115
-24.163938,23,91.137386,-20.60999287280464,-3.5539453731416266,-24.163938245946255
997.429917,202,91.243842,997.4299171135915,0.0,997.4299171135915
84.255702,50,91.272662,87.30804716729645,-3.052345431750938,84.25570173554553
991.985601,154,91.356234,993.9875693330437,-2.0019680608114774,991.9856012722323
959.423713,151,91.436116,980.2648551717057,-20.841141815684118,959.4237133560214
54.569327,36,91.455975,58.23228516782606,-3.662958572146403,54.569326595679655
965.183635,149,91.536355,965.1836345082723,0.0,965.1836345082723
388.350837,95,91.587799,393.6068894843884,-5.2560524686234436,388.3508370157651
79.476159,42,91.615034,84.34005430666889,-4.863894902308751,79.47615940436009
986.119507,152,91.7284,986.119506667295,0.0,986.119506667295
1032.398274,157,91.839876,1032.3982738256607,0.0,1032.3982738256607
378.703629,100,91.906062,381.7007648233264,-2.99713627387973,378.70362854944653
418.532451,107,91.97963,421.74359944333014,-3.2111484940041084,418.53245094932595
985.532632,184,92.112315,985.5326315873344,0.0,985.5326315873344
-2.343874,28,92.132045,1.7193243968051206,-4.063198865241397,-2.343874468436283
972.34111,177,92.245507,972.341110139303,0.0,972.341110139303
71.469098,45,92.271562,76.70871033876507,-5.239611915872339,71.46909842289277
-33.581644,23,92.284225,-30.954801358726,-2.6268431146458076,-33.581644473371824
964.059526,154,92.363778,964.0595261562718,0.0,964.0595261562718
112.701639,49,92.991989,116.676525095208,-3.974886564140254,112.7016385310678
-22.193073,23,93.005585,-19.364807904976004,-2.8282651177878915,-22.193073022763883
169.578418,67,93.04461,178.66477044625196,-9.086352149631535,169.57841829662044
356.371898,96,93.096149,361.2472987310002,-4.875400835965893,356.37189789503435
-0.944915,27,93.113456,2.035275182581131,-2.9801897484355546,-0.9449145658544182
971.598825,161,93.197871,971.5988253388527,0.0,971.5988253388527
-53.173893,17,93.209962,-48.72347177155973,-4.450420747339373,-53.1738925188991
9.248657,30,93.228084,13.757549689872675,-4.50889316135459,9.248656528518083
122.908689,49,93.254883,129.24534132666255,-6.3366520546646115,122.9086892719979
102.676576,46,93.279028,107.11531341565656,-4.438737172052216,102.67657624360432
983.309452,157,93.36324,983.483009340811,-0.17355712426181746,983.3094522165492
997.971826,154,93.450848,997.9718256876534,0.0,997.9718256876534
1006.852323,164,93.574033,1006.8523232760293,0.0,1006.8523232760293
72.232243,39,93.60266,76.0384498417913,-3.8062066879043277,72.23224315388697
-43.690875,19,93.617801,-40.041444216607786,-3.6494309450569045,-43.69087516166471
91.253062,43,93.651696,95.98677507357695,-4.73371265396363,91.25306241961334
177.895461,65,93.702804,181.08800749738802,-3.1925466625827426,177.89546083480528
185.496278,65,93.740708,189.22795408056453,-3.731676142107884,185.49627793845667
154.737585,66,93.793748,157.1971641137631,-2.459579117460894,154.7375849963022
43.889889,49,93.826689,46.432870924444245,-2.5429816222232455,43.88988930222098
74.987185,39,93.851999,79.53462769575562,-4.547443018170204,74.98718467758538
-44.692199,19,93.86866,-40.51646822467629,-4.175730318644699,-44.69219854332097
947.916726,152,93.977405,947.9167260378329,0.0,947.9167260378329
434.761198,105,94.049919,437.665566168783,-2.9043680701741517,434.76119809860893
988.035382,147,94.128016,988.0353823740434,0.0,988.0353823740434
116.516133,54,94.15825,119.28531867139347,-2.769185685547477,116.51613298584599
965.442507,143,94.234317,965.4425068023572,0.0,965.4425068023572
71.028165,46,94.86891,73.75316244975727,-2.724997651090896,71.02816479866638
79.914004,62,94.903207,83.19716099308505,-3.2831566076706107,79.91400438541444
953.198916,154,98.411441,953.198915744473,0.0,953.198915744473
63.725701,40,98.434067,67.80599561254559,-4.0802942476113175,63.72570136493428
1018.772117,164,98.523213,1018.7721168108217,0.0,1018.7721168108217
998.081458,160,98.607305,998.0814580769038,0.0,998.0814580769038
362.848181,98,98.660614,370.62152876073174,-7.773347820379286,362.84818094035245
964.736465,153,98.741704,976.1703095752468,-11.433844678943604,964.7364648963031
-42.209544,19,98.758316,-38.77078894259773,-3.4387553784965785,-42.20954432109433
948.053718,165,98.844681,948.0537183281342,0.0,948.0537183281342
96.97681,45,98.870349,102.24234580029206,-5.26553601077614,96.97680978951591
983.691509,159,98.954443,983.6915086943457,0.0,983.6915086943457
967.022163,168,99.043423,967.0221629585938,0.0,967.0221629585938
486.780852,133,99.115295,491.80659051833015,-5.025738324294184,486.78085219403613
79.481622,40,99.137948,82.9176108777037,-3.435989297702978,79.48162158000069
936.547411,148,99.215525,936.5474107966064,0.0,936.5474107966064
73.131836,46,99.242294,79.11428209778083,-5.982446086062796,73.13183601171801
54.798855,36,99.261919,58.277723584558444,-3.4788689768961554,54.79885460766228
127.601346,53,99.291639,131.93154240803864,-4.330196401862612,127.60134600617603
122.78368,48,99.317271,127.08394857903386,-4.3002684227482835,122.78368015628556
367.24077,99,99.370094,370.2827591864927,-3.041989476964317,367.24076970952837
974.013965,155,100.063759,974.0139653850988,0.0,974.0139653850988
372.252198,102,100.117645,377.3788205499769,-5.126622605904642,372.25219794407235
993.571788,165,100.206324,995.4069397279408,-1.8351520419841938,993.5717876859566
955.610311,153,100.287936,965.0596795963208,-9.449368612446346,955.6103109838747
938.290259,218,100.403735,955.8202024272802,-17.529943431751747,938.2902589955285
956.603989,146,100.484745,959.2375516502392,-2.633562533207213,956.6039891170319
975.51591,166,100.594024,975.5159095737309,0.0,975.5159095737309
384.998699,98,100.656051,390.60448959983137,-5.60579051170654,384.9986990881248
124.661277,56,100.695045,126.79358485278323,-2.1323075071939943,124.66127734558927
965.693027,158,100.795922,965.6930272055512,0.0,965.6930272055512
228.248871,79,100.851698,232.17527499240006,-3.9264038165441715,228.24887117585584
-54.909151,17,100.866865,-51.99647575696294,-2.9126749455678373,-54.90915070253078
926.522182,152,100.962742,944.1509931444616,-17.62881067266273,926.5221824717988
1001.742135,162,101.068776,1001.7421351869127,0.0,1001.7421351869127
979.793206,148,101.147186,981.3366535535213,-1.5434479190483108,979.793205634473
984.485851,152,101.835281,989.8342688808542,-5.348418152648588,984.4858507282056
118.187643,47,101.859472,120.88075224761458,-2.6931090400348063,118.18764320757977
274.028344,86,101.906863,277.3636670939957,-3.335323295547586,274.0283437984481
144.275072,62,101.940567,146.77236023869352,-2.49728792469854,144.27507231399505
-22.926717,23,101.954147,-18.40337592204726,-4.523341147439396,-22.926717069486656
381.172224,105,102.011996,385.51212210546237,-4.339898566207638,381.1722235392547
961.811895,146,102.090496,961.8118949240685,0.0,961.8118949240685
-3.375769,28,102.105613,0.6587772638064422,-4.034545982891162,-3.375768719084718
931.492877,137,102.18035,931.49287679852,0.0,931.49287679852
924.767706,164,102.268028,948.7694884995249,-24.00178268767648,924.7677058118484
990.242296,166,102.375883,990.24229624247,0.0,990.24229624247
979.735164,168,102.485148,979.7351640828015,0.0,979.7351640828015
929.796778,146,102.582467,943.2858927901541,-13.489114470982344,929.7967783191717
-39.341604,22,102.595869,-34.07270222825666,-5.268901857470911,-39.34160408572758
963.481727,152,102.69292,963.4817268368272,0.0,963.4817268368272
982.068109,150,102.793358,982.0681086154275,0.0,982.0681086154275
95.361218,44,102.823212,100.83291192851846,-5.471693835921344,95.36121809259714
1014.859291,155,102.922035,1014.8592910224377,0.0,1014.8592910224377
96.653846,45,102.955512,99.97593161992876,-3.322085486350624,96.65384613357813
12.431716,38,102.982077,20.057455034284203,-7.6257390390760555,12.431715995208151
113.996642,55,103.018602,116.96603419422803,-2.969392108813391,113.99664208541463
55.788023,39,103.042037,61.2167839081425,-5.428760844106498,55.788023064036
931.486003,146,103.718481,931.9023269860409,-0.41632446042107674,931.4860025256198
950.030697,191,103.819222,965.331735244791,-15.301038551120843,950.0306966936703
242.858869,83,103.865233,259.0383473495774,-16.17947829124794,242.85886905832956
991.834643,166,103.953532,991.8346431479927,0.0,991.8346431479927
397.854565,115,104.014417,404.96698324477177,-7.112417844828718,397.854565399943
160.917681,73,104.05369,173.47274442772203,-12.555063755819573,160.91768067190236
968.334372,158,104.138632,968.3343716882928,0.0,968.3343716882928
-30.765242,22,104.155261,-26.803707161142697,-3.9615344615527786,-30.76524162269547
965.011625,169,104.268079,983.6664887502882,-18.654864193502387,965.0116245567859
334.55435,99,104.335603,337.67653886041853,-3.122188901873831,334.55434995854466
349.815576,92,104.390951,353.4855609687593,-3.669985243948993,349.8155757248103
142.446709,66,104.435765,160.7818982935397,-18.335189466964266,142.44670882657556
331.439307,99,104.501728,335.0845655664665,-3.645258679122228,331.4393068873443
82.988995,47,104.534438,88.00907005580005,-5.020075408016298,82.98899464778371
34.27554,33,104.557479,39.04906371698601,-4.773523786478339,34.275539930507676
940.166243,150,104.656049,940.1662428236594,0.0,940.1662428236594
972.198266,171,104.767338,972.1982656889423,0.0,972.1982656889423
559.289211,201,105.502364,559.2892107366774,0.0,559.2892107366774
-29.21341,22,105.515361,-24.951555346636724,-4.261854472136192,-29.213409818772917
989.090681,156,105.595825,989.0906811314613,0.0,989.0906811314613
1021.591258,156,105.679644,1021.5912578324411,0.0,1021.5912578324411
136.637877,58,105.709871,140.60974391897955,-3.971866470766243,136.6378774482133
949.962684,146,105.788948,949.9626844127222,0.0,949.9626844127222
204.727558,77,105.832238,209.09331348520791,-4.3657550133820715,204.7275584718258
935.292834,161,105.918383,941.0131108655867,-5.720276764521247,935.2928341010654
-43.07469,19,105.9302,-38.10263958032492,-4.972050310765882,-43.0746898910908
985.52676,156,106.014683,985.526760202705,0.0,985.526760202705
979.291008,152,106.111683,979.2910077550787,0.0,979.2910077550787
1002.930352,174,106.228044,1002.9303518238632,0.0,1002.9303518238632
368.2313,104,106.297735,373.84433686004496,-5.613036884298061,368.23129997574694
964.601774,235,106.443508,964.601774078765,0.0,964.601774078765
996.529766,155,106.545991,1001.5768667148167,-5.047100946201751,996.529765768615
100.280477,48,106.577389,106.1346899821384,-5.854213199016412,100.28047678312198
144.129032,58,106.619464,151.25064591897217,-7.121614012654956,144.12903190631727
950.0969,153,110.261838,950.0969003335686,0.0,950.0969003335686
964.996327,155,110.95896,975.723782579566,-10.727455744799943,964.996326834766
952.237896,149,111.036905,952.2378960823241,0.0,952.2378960823241
105.254081,47,111.064102,108.24507011147034,-2.9909890167870667,105.25408109468327
962.197804,153,111.150844,962.1978035554184,0.0,962.1978035554184
367.777292,98,111.205429,373.3807312519792,-5.603439114660355,367.77729213731885
960.666238,153,111.287635,982.8547793368022,-22.188541489981493,960.6662378468206
919.289925,160,111.374259,934.8808827317296,-15.59095766608731,919.2899250656421
979.790239,151,111.455349,979.7902385953503,0.0,979.7902385953503
380.640748,101,111.510879,398.70937364574604,-18.068626018436774,380.64074762730934
956.179337,149,111.590245,956.1793369793024,0.0,956.1793369793024
59.112982,39,111.611395,62.936883188551676,-3.823901416935418,59.112981771616276
965.924729,163,111.698912,965.924728954981,0.0,965.924728954981
952.13671,151,111.780571,961.3067726945083,-9.170062897202524,952.1367097973057
162.675334,70,111.820929,166.85816775670511,-4.182833797772874,162.6753339589322
102.215922,46,111.844507,106.71683771830976,-4.500915753911,102.2159219643988
235.956105,80,111.888332,242.3147639553647,-6.358659232134394,235.95610472323034
196.751963,71,111.927218,201.04126077528412,-4.2892974284712535,196.7519633468129
116.172542,53,111.955991,118.38163483244347,-2.2090931169130537,116.17254171553043
963.336136,234,112.710018,963.3361360285195,0.0,963.3361360285195
943.04604,144,112.78618,943.0460397784873,0.0,943.0460397784873
58.649775,37,112.808897,62.66826459964321,-4.0184894480563305,58.64977515158688
385.754567,103,112.864745,392.9906445108631,-7.236077631295746,385.7545668795674
-17.058346,26,112.879846,-11.16578312624732,-5.892562390935944,-17.058345517183255
965.106307,156,112.96154,965.1063069855734,0.0,965.1063069855734
134.853866,56,112.992876,137.87189103837767,-3.0180245800985714,134.85386645827907
1012.391608,160,113.079466,1012.3916082057256,0.0,1012.3916082057256
961.456364,149,113.156772,961.4563643232217,0.0,961.4563643232217
949.790409,147,113.238928,949.7904089761997,0.0,949.7904089761997
169.395597,65,113.282462,173.2731919070489,-3.877594656229629,169.39559725081932
68.58131,41,113.310786,72.01272674974392,-3.431416567934882,68.58131018180903
941.685494,142,113.398153,941.6854944813679,0.0,941.6854944813679
985.271252,150,113.496498,986.1477826153053,-0.8765305921704467,985.2712520231349
1004.443428,174,113.613724,1004.443427595758,0.0,1004.443427595758
927.827261,140,113.703671,936.9137013197433,-9.086440338607256,927.8272609811361
14.05099,38,113.730367,25.045187324969845,-10.994197779626326,14.050989545343498
-58.252406,17,113.742459,-54.06299059912648,-4.189415175715122,-58.25240577484161
1003.422802,162,114.440329,1003.4228016245172,0.0,1003.4228016245172
118.075904,48,114.466597,121.64025758915788,-3.564353840223495,118.07590374893438
-27.178683,22,114.481724,-22.803065744034342,-4.375617301503487,-27.178683045537824
970.235168,165,114.569968,970.2351681171348,0.0,970.2351681171348
381.377353,100,114.626812,387.49042311975484,-6.113070165201809,381.3773529545531
917.612952,150,114.706199,920.9701810772019,-3.3572288111832442,917.6129522660187
-14.37264,24,114.720792,-11.226457192315735,-3.1461826212085926,-14.372639813524344
73.120302,61,114.752695,77.12361768829436,-4.003315610101699,73.12030207819262
956.537003,158,114.836006,956.5370031710094,0.0,956.5370031710094
934.866111,143,114.913081,936.6616251285357,-1.7955138893166351,934.866111239219
1011.761465,154,114.994173,1011.7614645336912,0.0,1011.7614645336912
31.015068,39,115.017833,34.46711551080196,-3.452047278542703,31.015068232259267
990.257297,157,115.12335,990.2572968758199,0.0,990.2572968758199
888.310322,139,115.217226,904.0395875903274,-15.729265720820536,888.310321869507
973.217656,151,115.319397,973.2176564937586,0.0,973.2176564937586
1000.516734,159,115.419412,1000.5167337189791,0.0,1000.5167337189791
951.366672,145,115.514681,951.3666721146064,0.0,951.3666721146064
108.827008,47,115.548312,113.11505886873958,-4.288050826744175,108.82700804199543
927.447301,175,116.259018,927.447300862018,0.0,927.447300862018
63.9206,41,116.281257,69.15457321896642,-5.233973169803742,63.92060004916266
52.319185,39,116.308509,56.27523449224813,-3.956049788753573,52.31918470349456
926.874822,144,116.399377,926.8748218303542,0.0,926.8748218303542
986.869834,160,116.496585,987.8634715882181,-0.9936372772119295,986.8698343110061
951.034408,142,116.584024,951.0344082737889,0.0,951.0344082737889
956.58459,151,116.666829,956.58459045481,0.0,956.58459045481
-48.497481,19,116.678958,-43.73108532781772,-4.76639574712529,-48.49748107494301
45.153806,39,116.701666,48.34078162229932,-3.186976059526212,45.15380556277307
-58.606932,20,116.712221,-54.73990676603536,-3.8670253945183015,-58.60693216055366
118.050627,51,116.740568,124.69248056020956,-6.6418540070475425,118.05062655316198
994.586227,153,116.823425,994.7596458772297,-0.17341889424268153,994.586226982987
927.390636,146,116.906268,927.3906359749866,0.0,927.3906359749866
987.73836,156,117.010158,987.7383600267724,0.0,987.7383600267724
-49.303843,18,117.026155,-44.665295442685434,-4.638548045189303,-49.303843487874744
985.904459,158,117.126514,994.056160096008,-8.151700963841911,985.9044591321662
82.711802,40,117.154078,85.70182760176355,-2.9900257407622917,82.71180186100129
96.229089,48,117.18703,100.47049775792094,-4.241408765685142,96.22908899223576
232.613588,81,117.237531,237.09683746248453,-4.4832498774464815,232.61358758503798
132.695893,50,117.271847,137.6350137397091,-4.939121024616809,132.69589271509233
938.021592,147,117.368827,938.0215921736743,0.0,938.0215921736743
365.540122,95,117.431906,372.14120880330256,-6.60108716385816,365.54012163944446
929.21153,149,118.117368,945.7516535382794,-16.5401238363874,929.2115297018921
210.789751,84,118.17327,216.50445122100862,-5.7147003141532435,210.7897509068554
1000.897424,154,118.270113,1000.8974243435483,0.0,1000.8974243435483
980.890851,160,118.372353,989.0283928294298,-8.137542167102309,980.8908506623272
970.930518,154,118.464177,970.930518387668,0.0,970.930518387668
-37.5188,19,118.476278,-34.76420041143625,-2.7545994721418543,-37.51879988357811
111.108586,48,118.505072,116.5213955194049,-5.412809625473328,111.10858589393163
981.260071,147,118.581172,981.2600706294917,0.0,981.2600706294917
87.203039,43,118.605406,91.4095253621295,-4.206486409568503,87.203038952561
968.807982,149,118.683457,968.8079818793972,0.0,968.8079818793972
105.528313,48,118.710697,112.77188702362467,-7.243574151801188,105.52831287182347
137.09295,62,118.745785,147.53065193673714,-10.437702029735211,137.092949907002
964.388473,157,118.845094,964.3884725154733,0.0,964.3884725154733
940.26617,140,118.938826,940.266169908679,0.0,940.266169908679
936.037975,139,119.025157,936.037975257161,0.0,936.037975257161
973.415504,159,119.127066,978.1346493642486,-4.719144976438493,973.4155043878102
980.339816,157,122.722327,980.3398162451808,0.0,980.3398162451808
219.887014,78,122.764599,225.68591453052753,-5.7989000713959,219.88701445913162
360.223722,107,122.820493,365.49434751561785,-5.270625988374788,360.223721527243
961.474841,142,123.512407,961.4748414315189,0.0,961.4748414315189
392.346257,101,123.579195,397.48898597450705,-5.142729335267476,392.3462566392395
996.811257,162,123.681903,996.8112569923702,0.0,996.8112569923702
995.78846,163,123.777244,995.7884596331832,0.0,995.7884596331832
986.277389,146,123.853635,986.2773890699343,0.0,986.2773890699343
912.58041,141,123.93021,937.4911350868612,-24.910725452316132,912.5804096345449
947.030027,152,124.011268,947.0300272556332,0.0,947.0300272556332
983.807723,149,124.09025,983.8077232443022,0.0,983.8077232443022
974.493852,153,124.171308,974.4938522006419,0.0,974.4938522006419
979.282377,159,124.255981,979.2823765673056,0.0,979.2823765673056
80.312044,41,124.280133,85.14861738212763,-4.836573003798017,80.31204437832965
-59.53863,16,124.290695,-55.66325879346312,-3.8753714374702506,-59.53863023093337
918.180721,149,124.370446,924.0057978544453,-5.825076755652389,918.1807210987929
400.825269,104,124.42794,405.3213821507096,-4.49611287701204,400.8252692736975
381.407643,107,124.490187,384.5319907434956,-3.1243478131569145,381.40764293033874
969.418248,152,124.588934,990.5465094674075,-21.128261262686124,969.418248204721
-57.116518,17,124.602585,-52.796008145796264,-4.320509645921074,-57.11651779171733
977.502124,172,125.302078,977.5337284591437,-0.03160440947041643,977.5021240496734
949.514561,152,125.38376,949.514561386959,0.0,949.514561386959
414.198555,114,125.443642,419.9457491404563,-5.747194419823256,414.19855472063307
248.190279,86,125.49181,254.67638338113932,-6.4861040175058085,248.19027936363352
948.178197,144,125.570553,949.0094487813897,-0.8312522803865576,948.1781965010032
963.25706,152,125.649725,963.2570597412666,0.0,963.2570597412666
975.20377,159,125.736984,975.2037699750921,0.0,975.2037699750921
977.592944,149,125.816283,977.5929437556813,0.0,977.5929437556813
973.19035,144,125.893772,973.1903502700093,0.0,973.1903502700093
943.786459,144,125.971755,943.7864588836296,0.0,943.7864588836296
932.302172,150,126.050079,932.3021718992812,0.0,932.3021718992812
-54.291863,18,126.06215,-48.42264789756378,-5.869214756663913,-54.29186265422769
959.090338,145,126.138132,959.0903379079111,0.0,959.0903379079111
49.521015,54,126.169944,53.77187942403495,-4.250864082799388,49.52101534123557
971.150891,155,126.261871,971.150890824201,0.0,971.150890824201
388.260691,99,126.322469,392.198139188562,-3.9374481407279376,388.2606910478341
988.050021,159,127.024296,988.0500208412403,0.0,988.0500208412403
979.417024,154,127.105073,979.4170243355888,0.0,979.4170243355888
987.63068,151,127.186103,987.6306795795506,0.0,987.6306795795506
966.1648,150,127.266865,985.1072531087974,-18.94245325902584,966.1647998497717
977.110867,153,127.349104,990.3806504679126,-13.269783962188384,977.1108665057245
960.179445,142,127.423687,960.1794450855501,0.0,960.1794450855501
952.657418,151,127.503309,952.6574177261036,0.0,952.6574177261036
370.82863,100,127.558534,376.6639415663193,-5.83531173179952,370.8286298345198
980.089493,150,127.639073,984.3620697211209,-4.2725765632131445,980.0894931579077
976.645653,161,127.723692,976.6456530310204,0.0,976.6456530310204
85.152622,49,127.749312,90.73851020787043,-5.585888226973457,85.15262198089698
195.692917,79,127.791641,198.61194657722032,-2.9190298197924696,195.69291675742792
952.35347,155,127.876315,952.3534700501159,0.0,952.3534700501159
70.724772,39,127.897097,74.8504745547203,-4.125702075293646,70.72477247942665
984.615578,167,127.998966,984.6155777560987,0.0,984.6155777560987
1002.474368,157,128.69763,1002.4743677497148,0.0,1002.4743677497148
102.876533,58,128.728909,106.31466125746343,-3.438127867753022,102.8765333897104
993.810725,155,128.812529,993.8107250456083,0.0,993.8107250456083
964.245629,145,128.889089,964.2456293001072,0.0,964.2456293001072
347.937912,93,128.939947,351.5471445667742,-3.609232284696496,347.9379122820777
395.216598,108,128.997393,399.61601583036486,-4.399418135975975,395.21659769438895
948.929561,139,129.084601,949.9623960974735,-1.0328349173644904,948.9295611801091
942.856519,139,129.174083,942.8565192243,0.0,942.8565192243
-48.092167,18,129.189224,-43.31381265804157,-4.778354633704959,-48.09216729174652
943.387737,137,129.273989,943.3877367846737,0.0,943.3877367846737
171.072719,68,129.320478,176.1907644962277,-5.118045580622825,171.07271891560487
1016.357125,159,129.421996,1016.5516874673725,-0.19456211083480568,1016.3571253565377
-4.941773,27,129.441449,-1.471032329176822,-3.4707406685624154,-4.9417729977392355
955.086156,145,129.538273,955.3226124421817,-0.23645623096201884,955.0861562112196
980.440811,150,129.624638,980.4408114373035,0.0,980.4408114373035
955.372911,155,129.708574,955.3729108488925,0.0,955.3729108488925
994.006001,153,129.792727,994.0060013191849,0.0,994.0060013191849
-58.996358,18,129.802969,-54.69709173833745,-4.2992662708769185,-58.99635800921436
325.649868,101,129.869794,328.836628201119,-3.1867603030550935,325.64986789806386
930.798515,172,130.616012,942.0975965126679,-11.299081213550615,930.7985152991173
955.458795,142,130.69165,955.458795319754,0.0,955.458795319754
378.813947,109,130.753027,385.92303216879077,-7.1090852904104045,378.8139468783804
328.531939,98,130.805586,331.6639994797407,-3.1320602009848555,328.5319392787559
955.784404,146,130.885918,957.6545598645029,-1.8701563578190932,955.7844035066839
1001.412379,152,130.97573,1001.4123787980909,0.0,1001.4123787980909
-27.325644,22,130.990886,-23.307957698778722,-4.017686730510456,-27.32564442928917
101.088144,48,131.02268,105.71289803981301,-4.624753651285277,101.08814438852772
939.774051,140,131.115041,939.7740509739373,0.0,939.7740509739373
974.503489,147,131.214703,974.5034885210689,0.0,974.5034885210689
956.823409,147,131.310615,956.8234087041727,0.0,956.8234087041727
987.80285,152,131.406039,988.0451341520695,-0.24228408949331914,987.8028500625761
913.967246,142,135.374787,913.9672458858196,0.0,913.9672458858196
180.341766,82,135.420121,183.2704380252884,-2.9286718549735378,180.34176617031483
935.365668,146,135.498656,935.365668471373,0.0,935.365668471373
1001.152372,149,135.578273,1001.1523719901021,0.0,1001.1523719901021
944.778574,146,136.268637,944.7785736198796,0.0,944.7785736198796
55.932931,50,136.30197,60.2790790531936,-4.34614764573142,55.93293140746219
940.662393,151,136.395421,949.4024032713835,-8.740009850321812,940.6623934210618
377.05617,109,136.466221,380.0672547463033,-3.0110845602191985,377.05617018608416
987.681034,152,136.561005,987.6810342270123,0.0,987.6810342270123
145.55805,60,136.600329,150.7173086292807,-5.159258875786245,145.55804975349452
985.933078,155,136.702453,985.9330782896418,0.0,985.9330782896418
937.181703,136,136.78606,937.1817027380619,0.0,937.1817027380619
999.874249,150,136.863862,999.8742492368862,0.0,999.8742492368862
995.279951,154,136.946779,995.2799514498361,0.0,995.2799514498361
359.652543,95,136.998955,364.92397115449097,-5.271427876467689,359.65254327802336
908.602411,144,137.075619,928.5984453441812,-19.996034196283894,908.6024111478973
291.039433,92,137.127308,294.4838326172253,-3.4443996481851453,291.0394329690402
72.742818,56,137.159217,75.76908501704447,-3.026266791439756,72.74281822560475
-27.121318,22,137.17343,-21.692702170682153,-5.428615997201631,-27.1213181678838
937.06498,141,137.284209,937.0649802472195,0.0,937.0649802472195
942.577612,149,137.363962,944.2116792196542,-1.634067662409266,942.577611557245
129.044243,59,137.402817,133.2763698844138,-4.23212703733457,129.04424284707923
-42.09481,20,137.414929,-38.976804928423746,-3.1180048436414562,-42.094809772065204
938.807711,146,138.110776,938.8077112395042,0.0,938.8077112395042
934.529422,150,138.18838,934.5294218983806,0.0,934.5294218983806
96.44521,58,138.221011,101.11963011204573,-4.674420320952231,96.44520979109352
984.324281,160,138.304632,984.324281155775,0.0,984.324281155775
98.300321,44,138.330285,103.32559151294053,-5.025270217018175,98.30032129592233
969.215831,149,138.409382,969.2158314076459,0.0,969.2158314076459
951.079464,141,138.483128,951.0794642952617,0.0,951.0794642952617
909.054046,136,138.555218,909.0540457786981,0.0,909.0540457786981
73.367198,40,138.576403,76.72535645529138,-3.3581582876381564,73.36719816765319
933.7738,137,138.649602,933.7737995812726,0.0,933.7737995812726
931.08725,146,138.729201,937.2833168419885,-6.196066587432222,931.0872502545564
953.074552,146,138.805773,953.074552289406,0.0,953.074552289406
245.277245,82,138.851042,248.11038693860922,-2.8331422269423783,245.2772447116668
940.710328,159,138.933616,963.2201049882141,-22.509777225091543,940.7103277631226
943.284261,145,139.010039,943.2842610394841,0.0,943.2842610394841
106.176834,48,139.036732,110.78301839193361,-4.606183993918938,106.17683439801468
950.128275,142,139.122306,950.1282753433036,0.0,950.1282753433036
454.42926,121,139.199066,476.82384356437626,-22.39458318139764,454.42926038297855
354.76681,96,139.874872,359.59849690777094,-4.831686447681889,354.7668104600891
126.14737,52,139.903571,134.52772621402772,-8.380356360488115,126.1473698535396
975.409435,156,139.987239,975.4094349220611,0.0,975.4094349220611
968.37794,150,140.0668,968.3779403779394,0.0,968.3779403779394
962.71437,150,140.148163,965.8075768351982,-3.093206767228982,962.7143700679692
1018.434242,155,140.231663,1018.4342421816629,0.0,1018.4342421816629
962.940491,148,140.311869,965.9557225033429,-3.0152318745611772,962.9404906287821
918.21828,139,140.385753,918.2182800943259,0.0,918.2182800943259
964.536257,148,140.466887,964.536257029387,0.0,964.536257029387
73.551401,41,140.490686,79.86094592964389,-6.3095449584245635,73.55140097121935
947.972189,149,140.571546,947.9721892405133,0.0,947.9721892405133
950.442873,141,140.645886,950.4428729957092,0.0,950.4428729957092
932.208472,149,140.728042,962.6412996788006,-30.432828087932656,932.2084715908679
-4.245627,27,140.742836,-0.7471928916190365,-3.4984345107599912,-4.245627402379029
993.853376,155,140.826171,993.8533764834611,0.0,993.8533764834611
429.961239,109,140.896879,444.6108283047896,-14.649589423051545,429.96123888173804
-30.903587,28,140.916589,-25.263420977454928,-5.640165845192987,-30.903586822647924
1005.578164,160,141.617602,1005.5781644033956,0.0,1005.5781644033956
-3.147506,33,141.636217,2.094686164710822,-5.2421917249600956,-3.1475055602492716
989.090981,155,141.718029,992.6948480198132,-3.6038668886623952,989.0909811311508
966.02184,145,141.816224,966.0218396777633,0.0,966.0218396777633
91.369388,45,141.8476,95.70936744017686,-4.339979154207627,91.36938828596922
946.085569,145,141.942969,946.0855692141608,0.0,946.0855692141608
949.150846,151,142.03834,949.1508464537403,0.0,949.1508464537403
960.633952,153,142.136911,960.6339520946186,0.0,960.6339520946186
964.444481,157,142.239884,986.4832253780446,-22.03874474428629,964.4444806337581
-45.55371,19,142.254441,-41.79716399190326,-3.7565463527300444,-45.553710344633316
320.753309,84,142.312053,324.7906860066256,-4.0373766416811545,320.75330936494447
996.250357,159,142.406853,996.2503569850522,0.0,996.2503569850522
945.038702,155,142.495109,945.0387017583462,0.0,945.0387017583462
2.21766,27,142.50919,7.036737957345068,-4.819078155118747,2.217659802226322
76.362116,41,142.533463,80.51266005889877,-4.150544440758669,76.36211561814011
976.108657,144,142.609218,976.1086565325961,0.0,976.1086565325961
1017.355281,152,142.693422,1017.3552813007935,0.0,1017.3552813007935
956.357437,156,142.794161,956.3574369298849,0.0,956.3574369298849
425.816866,105,143.455919,430.8990045879614,-5.082138150508914,425.8168664374525
981.454811,163,143.541682,981.4548112622382,0.0,981.4548112622382
997.485533,155,143.624332,997.4855334598938,0.0,997.4855334598938
204.132511,84,143.674562,224.29862214499636,-20.166111077991353,204.13251106700497
972.281789,144,143.768408,972.2817894411847,0.0,972.2817894411847
351.366193,91,143.827786,354.2866861739361,-2.9204935059014634,351.3661926680346
982.630826,155,143.928117,982.6308261458556,0.0,982.6308261458556
930.837328,145,144.018908,930.8373284535706,0.0,930.8373284535706
957.224393,145,144.114368,972.7384716941212,-15.514079140309164,957.2243925538121
-31.195676,23,144.13402,-26.49606019908299,-4.699615875768253,-31.19567607485125
967.39813,155,148.129627,967.39813004168,0.0,967.39813004168
-21.032511,24,148.144627,-17.342811393363178,-3.6896992086276112,-21.03251060199078
969.783338,150,148.224731,969.7833376173865,0.0,969.7833376173865
970.643389,151,148.306597,970.6433891253323,0.0,970.6433891253323
-11.205675,26,148.320182,-5.699092516967852,-5.506582535223502,-11.205675052191324
960.451711,142,148.394672,960.4517107711113,0.0,960.4517107711113
231.722758,78,148.437002,234.00771619372665,-2.284958416317778,231.7227577774089
954.073817,137,148.509175,954.0738167187884,0.0,954.0738167187884
935.368657,147,149.205842,949.0317994152481,-13.66314266157724,935.368656753671
978.449231,154,149.301918,978.4492310343974,0.0,978.4492310343974
970.655557,152,149.399338,970.6555566732743,0.0,970.6555566732743
922.947885,146,149.494857,954.5271262194833,-31.57924145782521,922.9478847616581
957.340146,144,149.574747,957.340146439923,0.0,957.340146439923
926.086522,141,149.650683,936.4555191703362,-10.368997511742142,926.086521658594
37.904152,55,149.679468,47.046919243556715,-9.142766784155736,37.90415245940096
944.942678,148,149.760557,950.2253477986982,-5.282669454049305,944.9426783446489
22.064721,31,149.778707,25.928730213222735,-3.864009711648553,22.064720501574158
942.225926,143,149.85309,942.2259258539423,0.0,942.2259258539423
66.911454,51,149.881747,71.23659628159871,-4.325141846332636,66.91145443526608
972.696674,149,149.96244,974.0177145387219,-1.3210402544589446,972.6966742842629
970.759635,151,150.040938,970.7596351202997,0.0,970.7596351202997
975.129178,148,150.126525,975.8234115448045,-0.6942339886063822,975.129177556198
-57.142275,16,150.139669,-53.92037642345334,-3.2218987154634364,-57.14227513891678
97.798686,49,150.171037,102.50010893723783,-4.701422443397037,97.79868649384079
972.219507,146,150.26442,972.2195065132723,0.0,972.2195065132723
917.570764,137,150.984678,931.6382627771657,-14.0674992431986,917.5707635339672
938.010262,139,151.058498,938.0102623151126,0.0,938.0102623151126
937.972215,139,151.134206,937.9722150842957,0.0,937.9722150842957
994.857971,153,151.215514,994.8579707371146,0.0,994.8579707371146
398.205413,107,151.273312,401.7720739588694,-3.5666609931468054,398.2054129657226
125.068555,61,151.311585,128.23243684288087,-3.1638815027789065,125.06855534010202
272.429924,88,151.359811,279.33208424916825,-6.902160215412041,272.42992403375627
401.455914,101,151.412688,404.1314185565207,-2.6755044903143332,401.4559140662065
1012.652097,157,151.497343,1012.6520972903377,0.0,1012.6520972903377
420.097608,111,151.556275,423.42606734074354,-3.3284596800847384,420.0976076606588
925.161641,133,151.625777,925.1616407654913,0.0,925.1616407654913
952.421349,143,151.70108,961.3176399555632,-8.896290586935368,952.4213493686277
981.081106,149,151.780836,981.0811057096486,0.0,981.0811057096486
1006.593112,154,151.866297,1010.7745485978023,-4.181436330110318,1006.593112267692
931.25369,158,151.969862,945.4787452599933,-14.2250554852452,931.2536897747482
371.755348,99,152.035306,376.24149817295785,-4.486149734159599,371.7553484387982
1000.075865,153,152.734762,1000.075865471211,0.0,1000.075865471211
943.842315,143,152.811796,943.8423154567797,0.0,943.8423154567797
916.6693,149,152.890327,948.9304525021942,-32.261152185123066,916.6693003170712
983.431645,152,152.9728,983.4316454701531,0.0,983.4316454701531
-29.950605,22,152.984857,-26.757672778374655,-3.1929326869124397,-29.95060546528711
-52.299142,19,152.997081,-47.07366259466883,-5.225479775655478,-52.29914237032431
950.853403,141,153.071195,950.8534027358291,0.0,950.8534027358291
966.523068,150,153.148045,971.2760995570557,-4.753031639938667,966.523067917117
281.71833,88,153.194377,284.57704282779093,-2.8587124153516514,281.7183304124393
956.429174,149,153.275558,965.3583176720642,-8.929143638783597,956.4291740332806
393.928538,102,153.329657,397.10122275493256,-3.17268522312862,393.92853753180395
923.746293,179,153.424581,938.523734269055,-14.77744116876882,923.746293100286
899.085962,140,153.498233,912.7372033490324,-13.651240929615557,899.0859624194165
229.220783,79,153.540116,235.73295288210994,-6.512169485194499,229.22078339691546
189.021673,69,153.578482,193.41024907211067,-4.388576363950016,189.02167270816062
983.798129,151,153.678364,983.798129072268,0.0,983.798129072268
197.227164,73,153.728341,199.75310524145686,-2.5259411258460815,197.22716411561078
965.063403,152,153.830082,965.063402939012,0.0,965.063402939012
94.258407,59,154.479298,98.67580645500662,-4.417399479210901,94.25840697579572
1004.545745,155,154.574773,1004.5457453189541,0.0,1004.5457453189541
934.143325,143,154.667119,934.1433251065475,0.0,934.1433251065475
1006.099841,160,154.764889,1006.0998413654817,0.0,1006.0998413654817
1011.993543,157,154.863476,1011.9935434461631,0.0,1011.9935434461631
324.417825,93,154.92107,328.87055835066263,-4.45273329983234,324.41782505083034
921.942098,139,155.000759,935.006543445957,-13.06444547536486,921.9420979705923
1027.715476,162,155.08643,1027.7154757074145,0.0,1027.7154757074145
957.907805,151,155.164933,957.9078045557505,0.0,957.9078045557505
395.683539,102,155.221344,400.2470426163849,-4.563503600399077,395.68353901598584
977.270697,146,155.301334,977.2706966995252,0.0,977.2706966995252
7.685707,37,155.322708,13.061818105177025,-5.37611105037825,7.685707054798769
981.136766,153,155.404435,981.1367657190615,0.0,981.1367657190615
158.416936,63,155.442219,162.70613819365747,-4.289202229857031,158.41693596380037
64.751643,40,155.470967,70.77138859189607,-6.019745099732939,64.7516434921631
993.560266,147,155.56839,994.4483244099464,-0.8880581598317097,993.5602662501148
1001.76724,151,155.66219,1001.7672399041965,0.0,1001.7672399041965
973.185974,140,156.34732,973.1859744484694,0.0,973.1859744484694
983.245863,147,156.439662,983.2458632695785,0.0,983.2458632695785
145.611866,61,156.47901,147.84234294949096,-2.2304766795034094,145.6118662699875
910.021811,141,156.567935,916.1567495267409,-6.134938199565971,910.0218113271749
962.117261,140,156.652709,962.1172606053083,0.0,962.1172606053083
253.354287,78,156.706401,255.94545690049708,-2.5911698496678888,253.35428705082924
980.650174,147,156.796384,980.6501737462927,0.0,980.6501737462927
929.630247,137,156.87598,929.6302469805645,0.0,929.6302469805645
183.508413,69,160.507426,200.6286803500069,-17.120267573778428,183.50841277622845
977.943854,146,160.585144,977.9438538841757,0.0,977.9438538841757
901.275256,133,160.657221,907.368846399119,-6.093590057884041,901.2752563412348
126.805844,55,160.688637,131.2193760761687,-4.413532133140957,126.8058439430277
939.683533,141,160.762553,939.6835334604758,0.0,939.6835334604758
961.148334,142,160.841369,961.1483340607864,0.0,961.1483340607864
964.001145,145,160.919661,964.0011452285298,0.0,964.0011452285298
190.302332,71,160.957433,195.58239629186923,-5.28006442691282,190.30233186495636
949.855225,140,161.031701,949.8552251780169,0.0,949.8552251780169
964.222015,144,161.715842,964.2220149740904,0.0,964.2220149740904
145.413002,54,161.745641,153.22184701986924,-7.80884486824148,145.41300215162778
945.643602,150,161.839546,960.1517904129603,-14.508188229681284,945.6436021832794
947.415997,146,161.934978,949.0942110357755,-1.6782143737355284,947.4159966620401
936.542981,138,162.022641,936.542980860742,0.0,936.542980860742
216.090259,73,162.066525,218.6740777647105,-2.5838188198143452,216.09025894489616
929.180657,145,162.15301,949.6089110209325,-20.428253912677917,929.1806571082545
369.374618,98,162.206176,388.13284388083525,-18.75822595699349,369.3746179238417
360.505673,89,162.25339,363.4883376002746,-2.982665027061838,360.50567257321273
984.384707,155,162.334131,984.3847066139693,0.0,984.3847066139693
297.720066,85,162.381008,300.30955289439885,-2.58948658265519,297.7200663117436
976.995705,143,162.456682,976.995704890036,0.0,976.995704890036
931.954567,137,162.530581,931.9545666935373,0.0,931.9545666935373
-18.848076,23,162.544182,-16.41879300176744,-2.4292829780487057,-18.848075979816144
952.19946,150,162.62232,962.1656491251113,-9.96618919629795,952.1994599288133
942.611494,140,162.697062,942.611494395371,0.0,942.611494395371
138.568098,65,162.732991,143.10345785552167,-4.535359766164517,138.5680980893571
958.858114,156,163.41901,969.0436571109169,-10.185543072969907,958.8581140379471
1024.057578,153,163.510993,1024.0575782937685,0.0,1024.0575782937685
960.810257,164,163.606488,984.3646888372527,-23.55443181624205,960.8102570210103
335.827416,90,163.654799,339.4101081600028,-3.582692198120456,335.8274159618823
943.091917,145,163.729971,943.0919173210193,0.0,943.0919173210193
169.028762,57,163.762759,178.4735039819557,-9.444742198690015,169.0287617832657
950.863741,146,163.840386,953.1919148605862,-2.3281735234449448,950.8637413371413
932.877626,151,163.920319,932.8776262039378,0.0,932.8776262039378
339.9053,92,163.969884,344.33500708104964,-4.429706803213486,339.90530027783615
947.988572,144,164.045868,963.6337415475099,-15.645169655568958,947.988571891941
-50.623873,20,164.057998,-46.571133567960416,-4.052739525979912,-50.62387309394032
354.532497,89,164.106371,358.29742003300083,-3.764922579378209,354.5324974536227
975.07001,153,164.188109,975.0700096181797,0.0,975.0700096181797
932.696316,136,164.261735,932.6963157342092,0.0,932.6963157342092
936.295337,147,164.342665,953.1807112248312,-16.885373758925482,936.2953374659058
171.693333,70,164.381149,175.81826699808997,-4.124934134819338,171.69333286327068
950.986451,144,164.4568,952.4825879545789,-1.4961366183615938,950.9864513362172
428.269593,105,164.514202,432.8106153298494,-4.54102282416432,428.2695925056852
947.777029,146,165.208606,958.3505918755388,-10.57356336108439,947.7770285144544
419.051397,104,165.275003,426.5812089109392,-7.529811853533926,419.0513970574054
-30.72943,23,165.290157,-25.389650096141693,-5.339779754605573,-30.729429850747266
953.734806,140,165.371303,953.7348064167967,0.0,953.7348064167967
930.199063,140,165.44415,937.9555667804474,-7.75650402669018,930.1990627537572
1018.988521,150,165.522688,1018.9885214760783,0.0,1018.9885214760783
981.159518,150,165.604594,993.9214039825902,-12.761886360794922,981.1595176217952
200.859865,71,165.643812,206.4459669852086,-5.586102053463433,200.8598649317451
930.327845,141,165.719525,939.3818462214351,-9.054001379802264,930.3278448416328
431.310708,110,165.778039,435.6982932069191,-4.387585535969187,431.31070767094997
1003.898747,161,165.864793,1003.8987474601612,0.0,1003.8987474601612
995.879784,156,165.949088,999.6445461443398,-3.7647617361602697,995.8797844081796
416.962648,102,166.003659,423.9263325260566,-6.963684189986866,416.96264833606995
989.4203,149,166.083857,989.4202995420391,0.0,989.4202995420391
384.259703,96,166.138313,388.1509294822008,-3.8912266467538688,384.2597028354469
922.517045,140,166.214724,922.5170446643676,0.0,922.5170446643676
944.904634,146,166.898784,964.7102617612127,-19.80562815818187,944.9046336030308
990.707245,153,166.990221,990.7072451326529,0.0,990.7072451326529
981.038583,144,167.090173,984.045091506888,-3.006508323924473,981.0385831829635
958.024539,148,167.182559,958.0245392089917,0.0,958.0245392089917
174.607921,64,167.220503,179.38496693504445,-4.777046330353884,174.60792060469058
957.231076,139,167.309143,957.231076077848,0.0,957.231076077848
977.5436,151,167.403095,977.5435996118651,0.0,977.5435996118651
923.432149,150,167.498115,934.6771491730964,-11.245000020021465,923.4321491530751
957.037996,141,167.587511,957.0379957823252,0.0,957.0379957823252
962.079565,168,167.67774,963.4955822580429,-1.4160171176067973,962.079565140436
954.083886,144,167.752587,954.1824841664137,-0.09859801687791414,954.0838861495359
987.920119,156,167.838399,995.6051925796941,-7.685073156019333,987.9201194236748
40.97654,34,167.857573,45.2052204040601,-4.228680713032269,40.97653969102785
127.050326,57,167.88909,133.98341909431008,-6.9330933438287925,127.05032575048126
947.642515,146,167.966763,969.9367153944697,-22.294200253000746,947.6425151414693
-42.59443,20,167.978441,-38.389041597372724,-4.205388537694602,-42.59443013506731
951.307059,145,168.054773,951.3070594845944,0.0,951.3070594845944
944.06696,146,168.787343,944.7279104471824,-0.66095073910616,944.0669597080762
205.841136,70,168.830844,210.60033616177176,-4.759199819811158,205.8411363419606
941.458102,138,168.923404,959.4486562797148,-17.99055460698929,941.4581016727255
-55.76208,17,168.938103,-51.103100557892525,-4.658979137008157,-55.76207969490068
931.991176,141,169.027747,931.9911756901272,0.0,931.9911756901272
955.717098,140,169.116592,955.717097792782,0.0,955.717097792782
104.144319,50,169.149572,107.0042557622094,-2.8599366101551285,104.1443191520543
90.753088,49,169.181325,93.94231763616648,-3.189229143756033,90.75308849241043
943.496523,139,172.90459,943.4965234549036,0.0,943.4965234549036
993.464906,156,172.992201,993.9021621785606,-0.43725654199346753,993.4649056365672
983.138653,150,173.073865,983.1386530256616,0.0,983.1386530256616
163.143838,62,173.110099,166.62667478916305,-3.4828363064829926,163.14383848268002
934.319455,141,173.183619,934.3194546773391,0.0,934.3194546773391
991.11651,161,173.27035,991.1165097584634,0.0,991.1165097584634
376.301007,99,173.323804,380.25236077994236,-3.9513541246622035,376.3010066552802
961.897568,146,173.403532,979.185121172354,-17.287553064404907,961.8975681079492
988.349211,148,173.48216,988.3492107542835,0.0,988.3492107542835
964.819121,147,174.158643,970.2553793589617,-5.436257919171641,964.8191214397903
975.903099,140,174.243046,975.9030993997262,0.0,975.9030993997262
958.383376,163,174.347539,958.3833759902819,0.0,958.3833759902819
69.203658,51,174.379958,72.05903564204594,-2.8553779305193974,69.20365771152656
1023.001902,148,174.478499,1023.001901643366,0.0,1023.001901643366
246.664601,83,174.53454,249.98410977175936,-3.3195088476194146,246.66460092413993
983.720357,148,174.626405,983.7203571376413,0.0,983.7203571376413
925.957486,136,174.71081,925.9574855054516,0.0,925.9574855054516
141.983747,63,174.754451,149.13136170603838,-7.147614336049016,141.98374736998937
-57.085187,17,174.766549,-52.39875939877074,-4.686428075219708,-57.08518747399046
996.502797,157,174.852544,1002.9734336046215,-6.470636929836617,996.5027966747848
127.226798,59,174.885773,130.87201042094392,-3.6452120449095293,127.22679837603438
983.330976,147,174.96448,983.3309756960657,0.0,983.3309756960657
379.987971,99,175.018974,382.6887299914368,-2.7007590048865664,379.98797098655024
935.731976,148,175.098699,935.7319763525445,0.0,935.7319763525445
960.086645,151,175.179907,960.0866449718906,0.0,960.0866449718906
954.350674,139,175.255694,955.3823003004911,-1.03162584769938,954.3506744527917
980.861571,149,175.335748,980.8615712698947,0.0,980.8615712698947
981.697865,150,176.022349,983.1617725748844,-1.4639072600053993,981.697865314879
-52.969411,19,176.037467,-46.91091432203656,-6.058496514459931,-52.96941083649651
915.195925,141,176.130159,917.8041813961111,-2.6082566278762105,915.1959247682349
971.058559,158,176.231903,971.0585587458023,0.0,971.0585587458023
229.420685,79,176.283362,234.30218349413218,-4.881498225732152,229.4206852684
915.122876,137,176.367898,930.250963028232,-15.128086855450887,915.1228761727813
198.373391,66,176.411833,201.16156858352457,-2.7881775740248305,198.37339100949976
985.203137,142,176.503326,985.2031373072437,0.0,985.2031373072437
105.291001,45,176.533618,110.16680790928517,-4.875807212478707,105.29100069680648
-44.61395,19,176.545762,-38.7407700705825,-5.873180111960946,-44.61395018254345
137.390423,56,176.577845,140.77003420005593,-3.3796107504146793,137.39042344964128
11.858413,29,176.594439,17.454500627457676,-5.596087336368514,11.858413291089164
1006.889188,156,176.678184,1006.8891879299761,0.0,1006.8891879299761
987.51592,150,176.757071,987.5159195876668,0.0,987.5159195876668
944.035737,140,176.832819,948.7330636410292,-4.697326927941042,944.035736713088
53.295057,37,176.852454,56.686351480068794,-3.3912947248535206,53.295056755215256
81.093426,56,176.883235,84.51616822384179,-3.422741999722046,81.09342622411972
121.822255,56,176.913573,126.62927934565435,-4.8070239483149635,121.82225539733942
231.286046,78,176.955861,236.1833307917692,-4.897284316049497,231.28604647571967
1004.188509,149,177.035842,1008.2166519789104,-4.0281429660971275,1004.1885090128133
965.40552,147,177.115152,977.6543189680008,-12.248798799711722,965.4055201682891
385.249093,98,177.780228,389.0970487209141,-3.847956084791509,385.24909263612267
222.336878,70,177.826914,227.10345461499034,-4.766576629932662,222.33687798505767
-53.861674,17,177.840084,-50.85200426458117,-3.0096700925900306,-53.861674357171204
924.641127,151,177.930546,929.9424575870826,-5.301330152756923,924.6411274343255
62.934271,44,177.959336,71.55834491702518,-8.624074085641212,62.93427083138394
1002.491318,151,178.054937,1002.4913180063088,0.0,1002.4913180063088
-33.661778,21,178.071598,-28.883477233266845,-4.778300355096515,-33.661777588363336
976.967694,146,178.165923,976.9676944400729,0.0,976.9676944400729
997.974083,148,178.259371,997.974082844448,0.0,997.974082844448
956.821087,142,178.340074,956.8210871784721,0.0,956.8210871784721
71.832838,40,178.361909,78.4897769678496,-6.656938749241674,71.83283821860798
966.223382,149,178.44095,966.223382049026,0.0,966.223382049026
989.237516,149,178.521229,998.466833398355,-9.229317661727768,989.2375157366271
409.356295,98,178.574155,412.68686777609895,-3.330572575411911,409.35629520068704
217.837053,74,178.613373,223.39927000611107,-5.562216925480529,217.83705308063054
978.700906,145,178.692712,980.2720971778544,-1.5711911008913813,978.7009060769632
916.164732,139,178.765893,924.4020140166749,-8.237281670468644,916.1647323462064
998.85557,146,178.845621,998.8555701299142,0.0,998.8555701299142
160.769196,63,178.878876,164.5219347129981,-3.7527382326050187,160.76919648039305
993.204204,153,179.559408,993.2042035224773,0.0,993.2042035224773
101.95418,50,179.588177,106.1482141362157,-4.194034010105738,101.95418012610997
981.86342,142,179.686196,981.8634204195785,0.0,981.8634204195785
266.313635,84,179.740709,269.31143496836813,-2.997799607919937,266.3136353604482
-28.378901,21,179.756951,-24.891291972153354,-3.4876087620135117,-28.378900734166848
-19.933349,24,179.775291,-14.208720522003063,-5.72462846748885,-19.933348989491904
157.777242,62,179.821478,161.05198256399686,-3.2747404870677963,157.777242076929
79.376884,40,179.848257,82.81823849823778,-3.4413545107184085,79.37688398751939
1004.341785,147,179.948825,1004.3417845118938,0.0,1004.3417845118938
933.60457,139,180.032092,940.6043622670933,-6.999792280115686,933.6045699869776
52.032362,37,180.056328,55.39554332458975,-3.3631812590336603,52.032362065556086
-39.029133,20,180.069937,-34.328848256273005,-4.700284915402329,-39.029133171675326
920.273217,136,180.146731,920.2732165855423,0.0,920.2732165855423
980.135484,147,180.228031,986.9069266214619,-6.771442173596052,980.1354844478658
946.254466,140,180.303101,946.2544655911348,0.0,946.2544655911348
943.912116,144,180.381111,956.9973695575017,-13.085253937278706,943.9121156202228
343.142688,91,180.429078,352.17883780764004,-9.036149648702132,343.14268815893786
91.844265,51,180.457822,96.2131303423665,-4.368865679242543,91.84426466312397
987.777196,141,180.53341,987.7771961298565,0.0,987.7771961298565
1014.10112,153,180.614428,1014.1011200107519,0.0,1014.1011200107519
62.734627,37,180.635564,66.01975510519945,-3.2851282418956904,62.734626863303774
938.954081,145,180.713026,957.6106036146284,-18.656522506647807,938.9540811079806
970.834085,139,181.405812,970.834085239849,0.0,970.834085239849
-51.237156,17,181.419461,-47.676006310138305,-3.5611500605320856,-51.23715637067039
-28.172726,21,181.434613,-25.409324669664073,-2.7634012953301808,-28.172725964994285
962.742542,141,181.525004,962.7425418667733,0.0,962.7425418667733
337.565354,93,181.590653,341.3428887223977,-3.777534942490396,337.56535377990735
949.353703,142,181.691079,958.1477756541641,-8.794073052669635,949.3537026014945
938.05905,144,185.465637,954.3282011273491,-16.2691512355866,938.0590498917627
111.049516,58,185.496982,117.12455820483626,-6.075042537358325,111.04951566747798
204.266589,70,185.535541,207.88005089717603,-3.6134621639556084,204.2665887332205
982.972293,147,185.613646,982.9722927853477,0.0,982.9722927853477
902.519615,139,185.69181,918.1440394041144,-15.624424804287237,902.5196145998273
976.196309,140,185.764427,976.1963094987119,0.0,976.1963094987119
969.726366,151,185.84513,969.726365622593,0.0,969.726365622593
1012.69266,152,185.928675,1014.2085449987649,-1.5158845490087467,1012.6926604497561
980.385056,141,186.003808,980.3850564014455,0.0,980.3850564014455
961.328653,139,186.078272,961.328652502189,0.0,961.328652502189
185.020639,69,186.114585,189.9800798640227,-4.959441113235114,185.0206387507877
975.109304,147,186.193746,988.3429152195255,-13.233611357786808,975.1093038617387
997.565596,143,186.89328,997.5655960995931,0.0,997.5655960995931
904.770225,135,186.980048,907.1130130925619,-2.342788587821415,904.7702245047406
-62.313574,16,186.993711,-58.74344990832625,-3.570124383024188,-62.313574291350434
375.523847,93,187.04515,379.49484705860937,-3.9710000021404257,375.523847056469
954.301113,142,187.11782,954.3011133990155,0.0,954.3011133990155
-36.641205,20,187.129909,-32.51419449955057,-4.127010529748665,-36.64120502929923
0.449313,27,187.146641,3.428578543079823,-2.9792659529127112,0.4493125901671249
968.865912,168,187.236384,973.3695707798653,-4.5036592582608295,968.8659115216045
962.953797,139,187.311105,962.9537969854982,0.0,962.9537969854982
952.720268,141,187.387199,952.720267992936,0.0,952.720267992936
964.967242,145,187.462002,964.9672415473796,0.0,964.9672415473796
389.430559,93,187.512899,392.99894932100415,-3.568390528465258,389.43055879253893
938.994621,136,187.586069,938.9946207983688,0.0,938.9946207983688
957.320788,146,187.6644,957.3207880091933,0.0,957.3207880091933
975.502282,144,187.741533,975.5022816841065,0.0,975.5022816841065
946.50953,139,187.816934,950.7324602905227,-4.222929991481224,946.5095302990414
966.884146,145,187.893647,973.3960626170251,-6.511917007557331,966.8841456094676
987.229386,146,187.972979,987.2293857058255,0.0,987.2293857058255
975.951022,143,188.662678,975.9510217414767,0.0,975.9510217414767
93.555795,45,188.689906,98.27086031705957,-4.715064892541524,93.55579542451807
413.421005,101,188.756176,418.7974775618285,-5.376472426905978,413.42100513492255
966.371941,146,188.852293,966.3719413908203,0.0,966.3719413908203
961.168846,138,188.932033,961.168845948718,0.0,961.168845948718
981.141584,156,189.014485,986.5936246815616,-5.452040406615287,981.1415842749464
-49.899732,18,189.025084,-45.5191127730814,-4.380619165250466,-49.89973193833187
402.298111,102,189.077406,406.8764676313343,-4.578356530061403,402.298111101273
967.573811,150,189.157331,982.4441161753151,-14.870305589448904,967.5738105858661
1018.438811,150,189.238453,1018.4388107524451,0.0,1018.4388107524451
964.354633,138,189.311958,964.3546333586536,0.0,964.3546333586536
970.450679,140,189.386448,970.4506791219012,0.0,970.4506791219012
932.914062,132,189.455722,932.9140618292189,0.0,932.9140618292189
244.67281,77,189.498495,247.52134901362453,-2.848539250428158,244.67280976319634
941.450668,134,189.572038,941.4506679185525,0.0,941.4506679185525
951.82514,151,189.653562,969.1417828317592,-17.316643040089975,951.825139791669
947.785291,141,189.729652,947.8649196303793,-0.07962886243211376,947.785290767947
971.020045,146,190.435606,971.0200454112135,0.0,971.0200454112135
397.727002,103,190.501568,401.7397166761356,-4.012714449596371,397.7270022265393
959.697396,150,190.59654,959.6973961793674,0.0,959.6973961793674
983.285383,143,190.681875,983.2853830518254,0.0,983.2853830518254
950.506997,154,190.7647,950.5069971428484,0.0,950.5069971428484
981.069986,146,190.842891,982.0449651247611,-0.974978878707395,981.0699862460538
991.474374,148,190.924736,994.4751775436836,-3.000803643619279,991.4743739000645
991.662886,153,191.006925,991.6628860565061,0.0,991.6628860565061
970.671708,148,191.086197,970.6717079385567,0.0,970.6717079385567
992.057982,153,191.166995,998.0390687281664,-5.981087125847518,992.0579816023188
977.645047,149,191.245569,977.6450466587191,0.0,977.6450466587191
928.990814,139,191.318914,943.5484770281953,-14.55766341978823,928.9908136084069
945.17382,142,191.393322,945.1801628432634,-0.006342853915861646,945.1738199893475
955.489729,150,191.47635,955.4897289037742,0.0,955.4897289037742
230.995603,74,192.122083,235.96698882831166,-4.971385338122932,230.9956034901887
948.646456,138,192.2167,948.6464556459724,0.0,948.6464556459724
420.284222,101,192.28608,424.9132303221068,-4.629008158222317,420.2842221638844
76.865087,41,192.310771,82.14567301125112,-5.280586448519344,76.86508656273173
982.889962,146,192.40887,982.8899616391466,0.0,982.8899616391466
63.679948,47,192.440981,67.74631577471294,-4.066367954903369,63.6799478198096
-37.113066,21,192.456764,-33.67681684522077,-3.4362491915032214,-37.11306603672398
30.726721,39,192.482041,37.09526974031323,-6.36854863746496,30.726721102848245
952.322538,139,192.569946,952.3225379802194,0.0,952.3225379802194
93.481364,43,192.59722,97.53316813034212,-4.051804423434295,93.48136370690779
130.816712,56,192.630512,135.8413719165914,-5.02466037024449,130.81671154634694
991.457423,149,192.708702,991.4574226485776,0.0,991.4574226485776
973.851028,144,192.786072,973.8510281685421,0.0,973.8510281685421
973.120036,143,192.861793,973.1200359838222,0.0,973.1200359838222
931.413764,135,192.933629,931.4137643228503,0.0,931.4137643228503
-27.46968,22,192.947229,-23.76058594110684,-3.709094043857333,-27.469679984964188
925.194229,134,193.019105,925.1942285488813,0.0,925.1942285488813
117.165758,54,193.049623,123.66362881614569,-6.49787034429698,117.1657584718487
950.302717,140,193.124969,950.3027165158638,0.0,950.3027165158638
968.077007,153,193.207478,968.07700689122,0.0,968.07700689122
946.940881,141,193.283785,952.8234883051109,-5.882606967305412,946.9408813378055
985.988026,150,193.977628,985.9880260564042,0.0,985.9880260564042
927.165718,137,198.087627,927.1657183753152,0.0,927.1657183753152
983.353721,144,198.166665,990.6325973466276,-7.278876096138623,983.3537212504889
922.070693,142,198.243082,922.070692829443,0.0,922.070692829443
994.98249,153,198.324788,994.9824904680195,0.0,994.9824904680195
930.390418,135,198.397825,930.3904184101445,0.0,930.3904184101445
987.092041,147,198.47683,987.4692814765601,-0.37724001965189213,987.0920414569082
136.730052,63,198.510175,141.94791735578826,-5.217865607884483,136.73005174790381
927.213974,136,198.581577,927.2139744225485,0.0,927.2139744225485
983.165627,152,198.662724,1000.7518130217513,-17.58618555207552,983.1656274696755
941.805308,142,198.739557,961.875905629809,-20.07059795873998,941.8053076710687
948.286153,144,198.815019,958.7977055495851,-10.511552049990605,948.2861534995944
1008.073641,150,198.893933,1015.9947105540901,-7.921069951637444,1008.0736406024527
-30.591986,21,198.907106,-26.695760774192706,-3.8962252860478364,-30.591986060240558
915.72142,134,198.976982,924.8027269562485,-9.081306895132418,915.7214200611162
294.64391,91,199.026498,297.8562468698634,-3.2123366312812465,294.6439102385822
402.38931,101,199.697311,406.0061862185411,-3.616876418106542,402.3893098004346
964.064956,139,199.771899,964.0649560863887,0.0,964.0649560863887
969.385968,149,199.871319,969.3859677449564,0.0,969.3859677449564
1001.045345,144,199.953503,1001.0453450118534,0.0,1001.0453450118534
938.022357,136,200.025768,938.0223567630707,0.0,938.0223567630707
963.219032,139,200.102119,963.2190324430446,0.0,963.2190324430446
335.738295,86,200.148475,339.267417087596,-3.52912175703191,335.73829533056414
990.457317,150,200.230813,990.7519552518149,-0.2946385910763176,990.4573166607386
-28.116141,21,200.241951,-24.806005893279163,-3.310135513259487,-28.11614140653866
130.887086,51,200.271487,135.6863736750123,-4.799288104547715,130.88708557046454
948.149754,147,200.348659,962.9364884632068,-14.78673431647644,948.1497541467303
974.737492,146,200.428581,974.7374921938099,0.0,974.7374921938099
199.206961,70,200.466294,212.66943287766085,-13.462471471517347,199.2069614061435
926.48248,136,200.538506,926.4824801398577,0.0,926.4824801398577
-53.090715,17,200.549053,-48.80649934268074,-4.284215921120041,-53.09071526380078
951.288564,140,200.625264,951.2885635453297,0.0,951.2885635453297
965.048447,143,200.718829,967.0682101532751,-2.0197634907596855,965.0484466625154
922.347387,132,200.799586,922.3473865988055,0.0,922.3473865988055
1010.001249,150,201.494545,1010.0012490008908,0.0,1010.0012490008908
958.406592,140,201.570318,965.9867233363758,-7.580130881011517,958.4065924553645
959.41173,146,201.647805,959.411730350681,0.0,959.411730350681
81.767145,40,201.670128,85.72037505054827,-3.9532302646622934,81.76714478588598
49.416659,35,201.6915,52.49827056906007,-3.0816116834286253,49.416658885631435
1016.09517,151,201.782828,1022.4984552400008,-6.40328508920553,1016.0951701507953
339.771465,93,201.830177,343.52962648734734,-3.7581611602678144,339.7714653270795
156.275428,64,201.865165,161.57302760651302,-5.29759962497897,156.27542798153402
217.992539,72,201.907744,221.12012518267053,-3.1275864974526852,217.9925386852178
-51.614417,18,201.917147,-48.34593087746467,-3.268486136252469,-51.614417013717144
73.589432,39,201.938298,77.92704210333882,-4.337610445078739,73.58943165826007
937.837471,143,202.017374,958.2247043195096,-20.38723381152942,937.8374705079802
117.518851,54,202.047579,120.77174912216648,-3.252898234465964,117.5188508877005
967.707567,143,202.126076,967.7075670791821,0.0,967.7075670791821
985.486258,147,202.205278,986.2527885728794,-0.7665310299715173,985.4862575429077
178.067756,66,202.241463,181.50032863545957,-3.4325726276719974,178.0677560077875
953.591375,151,202.323156,964.6913726477056,-11.099997499845601,953.59137514786
933.990693,131,202.392704,933.9906927874254,0.0,933.9906927874254
156.490257,62,202.430108,159.26680366463864,-2.7765462355792287,156.4902574290594
271.043334,86,202.489885,276.775698721612,-5.732365052926971,271.0433336686849
972.004761,143,203.202896,972.0047611653241,0.0,972.0047611653241
957.838411,136,203.277356,957.8384108743387,0.0,957.8384108743387
972.452692,150,203.357263,972.4526922696505,0.0,972.4526922696505
943.372973,136,203.429162,943.3729734466069,0.0,943.3729734466069
965.821376,142,203.50407,965.8213755865588,0.0,965.8213755865588
-6.17991,26,203.521543,-0.30257093958270787,-5.877339488490094,-6.179910428072816
123.281184,53,203.549104,128.38792782080353,-5.106743774177611,123.2811840466259
959.155798,142,203.626622,959.1557977422684,0.0,959.1557977422684
949.070572,137,203.698749,949.8076361002217,-0.7370639059272817,949.0705721942945
971.758263,141,203.7739,972.3352414674108,-0.5769782480497563,971.7582632193612
245.788866,78,203.816797,248.8302149957297,-3.0413493705426164,245.7888656251871
936.422197,141,203.892011,944.1441197204086,-7.721922922160454,936.4221967982483
969.027012,144,203.971788,969.4132455999144,-0.3862337491989294,969.0270118507154
967.438836,144,204.047717,967.4388358752116,0.0,967.4388358752116
908.035014,135,204.122429,908.0350139948096,0.0,908.0350139948096
964.846517,138,204.19735,964.8465167411194,0.0,964.8465167411194
954.24352,149,204.2956,972.4497963620894,-18.206276811506793,954.2435195505827
889.587551,134,205.002238,910.0946140715425,-20.507063164600805,889.5875509069416
941.363273,143,205.091075,941.3639335686141,-0.00066022944490296,941.3632733391694
913.954178,133,205.174503,917.1527979921023,-3.198620217009604,913.9541777750926
126.994225,56,205.20628,130.62182266748204,-3.627597573125678,126.99422509435631
132.272617,64,205.24228,137.04602458722275,-4.773407788663841,132.2726167985589
367.215871,95,205.293159,374.24793324105724,-7.032062180170415,367.2158710608868
894.313216,132,205.365189,917.364058190067,-23.050842216190773,894.3132159738761
1015.741424,151,205.447822,1015.7414238981719,0.0,1015.7414238981719
992.653965,145,205.527652,992.6539651850637,0.0,992.6539651850637
1011.999317,150,205.606888,1011.9993166556069,0.0,1011.9993166556069
961.819743,142,205.684824,961.8197431520939,0.0,961.8197431520939
59.660369,36,205.70456,63.65059176310092,-3.9902228132158415,59.66036894988508
142.829253,64,205.740303,146.18250739215432,-3.353254442196844,142.82925294995744
991.831693,145,205.819592,991.8316932268795,0.0,991.8316932268795
1002.157734,153,205.902889,1002.1577335881627,0.0,1002.1577335881627
1033.092646,160,205.997382,1033.0926464638865,0.0,1033.0926464638865
-31.351024,24,206.016203,-22.758400397223326,-8.59262373302252,-31.351024130245847
951.653955,137,206.096422,951.6539552233331,0.0,951.6539552233331
967.533421,143,210.76976,967.5334213763164,0.0,967.5334213763164
990.683887,152,210.851315,990.6838868383917,0.0,990.6838868383917
980.607521,140,210.926873,980.6075209007503,0.0,980.6075209007503
974.864506,153,211.009602,974.8645056099675,0.0,974.8645056099675
968.437455,151,211.091373,982.0344177697626,-13.596962985576795,968.4374547841858
204.893821,77,211.13374,206.86626817342173,-1.972447253065008,204.89382092035672
342.967443,91,211.187891,347.3059406794616,-4.338497675229588,342.9674430042321
325.781003,89,211.235719,328.92567997138735,-3.14467652524971,325.7810034461377
947.262098,139,211.314641,963.3738174536504,-16.11171985055119,947.2620976030992
942.568126,141,211.390052,958.8966865457812,-16.328560242818497,942.5681263029629
980.451129,147,211.470162,980.4511286855059,0.0,980.4511286855059
119.886847,57,211.503281,123.89395598823944,-4.007109427512372,119.8868465607271
941.663065,145,211.578098,957.8207072876351,-16.157642235664316,941.663065051971
968.340764,149,211.658834,968.3407638347157,0.0,968.3407638347157
309.641663,100,211.711764,313.493035128998,-3.851372561786043,309.6416625672119
973.291628,139,211.785831,973.2916280719479,0.0,973.2916280719479
1010.276767,149,212.46746,1010.2767674225637,0.0,1010.2767674225637
943.28114,136,212.540472,943.2811397807795,0.0,943.2811397807795
972.036311,142,212.617017,977.5208224219308,-5.484511345885153,972.0363110760456
961.484795,146,212.701534,961.484795333807,0.0,961.484795333807
-55.129876,18,212.712101,-50.193972771425166,-4.935902906472332,-55.129875677897495
1001.927237,153,212.793975,1001.9272374564295,0.0,1001.9272374564295
940.804783,141,212.870225,940.8047825280801,0.0,940.8047825280801
955.975185,142,212.947104,955.9751852591957,0.0,955.9751852591957
951.432967,145,213.026392,951.432966841897,0.0,951.432966841897
993.427812,150,213.105716,993.4278117611307,0.0,993.4278117611307
979.632734,149,213.205255,984.6958189329384,-5.063084814101238,979.6327341188372
360.813566,92,213.269076,364.54397790833184,-3.730411699510081,360.8135662088217
81.381442,47,213.300899,87.61762709404054,-6.236185328409624,81.38144176563095
985.062142,147,213.398635,985.0621419654393,0.0,985.0621419654393
969.054533,151,213.494466,969.4359083972549,-0.3813751710715172,969.0545332261834
308.143047,96,213.55306,311.6179748503936,-3.4749278145951754,308.1430470357984
267.683745,86,213.612288,270.00334867781385,-2.3196035808830695,267.6837450969308
984.378666,148,214.289499,984.5083479665852,-0.12968174312184289,984.3786662234635
956.67109,150,214.367489,956.6710895052403,0.0,956.6710895052403
470.444902,113,214.427304,477.66771596787913,-7.2228137878719245,470.4449021800072
284.914471,85,214.473566,288.69599895672445,-3.781528375736497,284.9144705809879
71.702134,39,214.496013,75.52968987417151,-3.8275556081998383,71.70213426597164
385.413161,96,214.548134,390.98227839003357,-5.5691175575328025,385.4131608325007
354.607868,90,214.594308,365.6667678076667,-11.058899358431876,354.60786844923484
90.511904,58,214.627833,94.68433788432762,-4.172434167857341,90.51190371647027
967.238656,140,214.700388,967.3730864033107,-0.13443016247680095,967.238656240834
944.122188,138,214.775714,944.1221882008388,0.0,944.1221882008388
930.069984,144,214.85254,953.4734697833908,-23.403486193044206,930.0699835903465
954.521246,139,214.942249,954.5212461269166,0.0,954.5212461269166
399.194248,97,215.006103,402.32177553010064,-3.1275271715773725,399.1942483585232
925.84801,139,215.094754,938.1566212205288,-12.308611139983444,925.8480100805451
907.307819,137,215.181932,920.7148762061203,-13.407056765935142,907.3078194401852
436.812339,105,215.24992,444.751749171196,-7.939410195294573,436.8123389759014
-58.018022,17,215.262788,-53.87582454526906,-4.1421974851139955,-58.01802203038305
-41.47182,20,215.277939,-36.93129481810321,-4.540525412911041,-41.47182023101426
97.596181,45,215.304195,101.35566529205201,-3.759483916507178,97.5961813755448
83.924416,49,215.338284,86.5668285972563,-2.642412131059044,83.92441646619729
955.309372,143,216.046781,955.3093720085169,0.0,955.3093720085169
927.633368,143,216.123097,927.6333676604926,0.0,927.6333676604926
355.529867,88,216.172107,359.96944129870803,-4.439574428929948,355.52986686977806
230.248165,75,216.212021,233.6995386144848,-3.451373726333255,230.24816488815154
933.275185,137,216.284902,939.2566867434994,-5.981501746140734,933.2751849973588
112.300688,55,216.314779,115.82614152524637,-3.525453196801246,112.30068832844513
67.028916,37,216.336197,69.79942338477728,-2.7705073636783393,67.02891602109894
997.16949,147,216.415788,998.313152605033,-1.1436624511286322,997.1694901539042
191.128047,69,216.451944,194.12186501667833,-2.993818027561743,191.12804698911663
937.69726,134,216.52334,937.6972600139806,0.0,937.6972600139806
924.173456,136,216.601515,926.7971006529498,-2.6236445671350683,924.1734560858147
990.407639,152,216.680861,990.4076390987086,0.0,990.4076390987086
1001.620902,150,216.768608,1001.6209016955632,0.0,1001.6209016955632
110.067284,45,216.798705,114.38603491840453,-4.318751272382484,110.06728364602202
991.633747,150,216.897766,991.6337469866044,0.0,991.6337469866044
985.758721,147,216.995707,985.7587209211098,0.0,985.7587209211098
953.43992,151,217.091928,961.0903769737143,-7.650456538045794,953.4399204356683
924.599117,134,217.177562,924.5991174702326,0.0,924.5991174702326
973.61531,156,217.896013,973.6153096623815,0.0,973.6153096623815
362.265855,92,217.943386,369.1678610772017,-6.902006223786213,362.2658548534155
972.097349,146,218.024253,972.0973486200927,0.0,972.0973486200927
-31.687867,21,218.036308,-27.817615661431148,-3.870251036286014,-31.68786669771717
1006.224491,152,218.118553,1006.2244909795613,0.0,1006.2244909795613
958.840671,141,218.194623,958.8406710557282,0.0,958.8406710557282
194.742577,70,218.232868,198.37983838177672,-3.6372616570790886,194.74257672469764
996.233981,144,218.31011,996.2339808672282,0.0,996.2339808672282
101.497315,52,218.337989,104.61514842819601,-3.1178334930007994,101.4973149351952
924.896603,139,218.412616,924.8966034902026,0.0,924.8966034902026
917.391582,143,218.491629,929.2987106422847,-11.907129120661832,917.3915815216228
362.236137,92,218.547015,367.4843191685429,-5.2481823935213665,362.23613677502163
954.649742,149,218.638573,975.0352725654918,-20.385530877297143,954.6497416881949
925.649483,135,218.724406,925.6494831491251,0.0,925.6494831491251
1023.220853,154,218.825954,1023.2208525508188,0.0,1023.2208525508188
172.10363,65,218.869349,181.5384699817538,-9.434839503600234,172.1036304781536
101.102066,59,222.731345,110.94537861923189,-9.843312212898507,101.10206640633336
969.087035,149,222.826845,969.0870349348361,0.0,969.0870349348361
225.847875,75,223.482562,229.64536050984483,-3.7974859417790325,225.84787456806592
951.312716,141,223.557682,951.3127163270782,0.0,951.3127163270782
939.660424,138,223.630076,939.6604239133372,0.0,939.6604239133372
113.356609,46,223.655277,118.78600807740008,-5.429398842069444,113.35660923533061
220.874703,78,223.697652,223.6659366903642,-2.7912338537779267,220.8747028365863
947.169701,136,223.772208,947.1697012262291,0.0,947.1697012262291
956.474351,147,223.850068,968.7958199772041,-12.321469300127118,956.4743506770769
984.964777,142,223.92632,984.96477723751,0.0,984.96477723751
1013.459752,148,224.006363,1013.4597523018667,0.0,1013.4597523018667
1006.615886,150,224.088064,1006.6158859634688,0.0,1006.6158859634688
953.821072,147,224.166107,958.3579563984595,-4.536884736876676,953.8210716615827
387.05244,97,224.219497,394.8857367189785,-7.8332962913815924,387.052440427597
998.575895,150,224.299911,998.5758951561829,0.0,998.5758951561829
938.436098,138,224.37454,938.4360976665888,0.0,938.4360976665888
431.903697,104,224.429505,436.9069854873891,-5.003288309120502,431.90369717826854
-43.891403,19,224.440699,-40.63550704671523,-3.255895918760464,-43.89140296547568
949.033828,147,224.515989,962.1140414177441,-13.080213447410358,949.0338279703337
265.22868,92,224.566766,269.80699315902666,-4.578313585165718,265.228679573861
941.307094,140,225.242885,946.4148292834535,-5.107735209533798,941.3070940739198
961.126004,144,225.321255,973.2101745564539,-12.084170862944262,961.1260036935098
424.194485,103,225.376806,428.0111190297735,-3.8166343104060454,424.1944847193674
-26.296342,24,225.390429,-21.618893547939066,-4.67744884130849,-26.296342389247556
383.259022,97,225.44217,388.07821469946964,-4.819192935740357,383.25902176372927
951.989466,136,225.513826,951.9894655562847,0.0,951.9894655562847
996.801383,146,225.591422,996.8013829089653,0.0,996.8013829089653
104.231744,45,225.616789,107.82148969092525,-3.589745934662508,104.23174375626273
85.852446,40,225.638293,88.45367371023039,-2.6012274725472935,85.85244623768307
391.417864,96,225.690432,398.4615037202811,-7.043639254059259,391.41786446622183
977.530851,142,225.766358,977.5308511518525,0.0,977.5308511518525
985.619593,143,225.843978,985.6195926827271,0.0,985.6195926827271
413.039776,100,225.897832,417.0429247087634,-4.003149172380499,413.03977553638276
-4.123847,25,225.914248,-1.0678113231620188,-3.056035186849951,-4.1238465100119726
985.53709,146,225.99256,985.5370897386729,0.0,985.5370897386729
143.336647,59,226.02626,148.80632791566703,-5.469681086476483,143.33664682919047
983.028549,157,226.11416,983.0285487122902,0.0,983.0285487122902
14.408505,31,226.136809,23.69881004003514,-9.290304725264416,14.408505314770764
81.654128,47,226.169364,85.81853003383478,-4.164402177976901,81.65412785585787
976.443623,142,226.264638,976.4436231151038,0.0,976.4436231151038
995.686745,153,226.981097,995.6867449421061,0.0,995.6867449421061
121.036176,54,227.012382,127.91221639258782,-6.876039915303824,121.03617647728402
402.669233,98,227.067734,406.0019487654703,-3.3327161445213607,402.66923262094895
386.970833,97,227.120327,390.14250039417817,-3.171667685601186,386.970832708577
965.849436,142,227.194691,966.1213317265153,-0.2718957669021709,965.8494359596131
66.720133,37,227.215827,70.19292789766644,-3.472794730240003,66.72013316742644
998.593149,151,227.295828,998.5931485154073,0.0,998.5931485154073
18.483797,38,227.317053,26.719688308019187,-8.2358909745478,18.483797333471387
433.714007,103,227.371881,437.22102140589453,-3.507013936880199,433.71400746901446
906.776249,136,227.446666,915.9054335901324,-9.12918410666418,906.7762494834681
963.964139,140,227.521077,963.9641389056334,0.0,963.9641389056334
113.499388,52,227.549908,123.03311394630697,-9.533726112288559,113.49938783401845
943.647359,134,227.620314,943.6473585380406,0.0,943.6473585380406
960.863119,146,227.699162,977.9511969278211,-17.0880774487384,960.8631194790829
932.460658,140,227.774255,932.4606576075904,0.0,932.4606576075904
966.398884,146,227.852348,966.3988840488996,0.0,966.3988840488996
395.639708,98,227.917059,399.2972212336722,-3.657513622273682,395.63970761139853
1005.350628,150,228.015436,1005.3506278920379,0.0,1005.3506278920379
89.921698,48,228.047009,93.08279594905201,-3.1610982205323683,89.9216977285196
-10.699591,24,228.065198,-7.048200568021656,-3.651390807655658,-10.699591375677315
999.72377,149,228.796991,999.7237695748846,0.0,999.7237695748846
1001.606756,153,228.89137,1001.6067556780326,0.0,1001.6067556780326
-28.080965,23,228.904016,-22.263703663536347,-5.817261340859877,-28.08096500439622
-10.951328,27,228.920285,-4.388128251944508,-6.563199625163355,-10.951327877107872
926.866728,147,228.997215,943.2082395840878,-16.341511841641058,926.8667277424468
965.002202,146,229.07654,965.0022023318847,0.0,965.0022023318847
999.859093,154,229.15558,999.8590933171444,0.0,999.8590933171444
269.985899,87,229.203925,279.41696259962947,-9.43106331232244,269.98589928730695
945.834,138,229.278283,946.0736689631001,-0.2396693768258782,945.8339995862742
945.318286,133,229.348266,945.3182860793606,0.0,945.3182860793606
928.735226,136,229.421909,930.6583665036156,-1.923140126039205,928.7352263775765
-44.843785,19,229.433396,-39.815835163077566,-5.027949785222366,-44.84378494829994
916.997397,140,229.51078,916.9973972968237,0.0,916.9973972968237
86.257656,41,229.533052,90.09153940076952,-3.833883749107706,86.2576556516618
969.250051,146,229.609844,969.2500514525167,0.0,969.2500514525167
924.931277,139,229.687855,924.9312766772294,0.0,924.9312766772294
987.296828,149,229.802979,988.8835820766745,-1.586754530236787,987.2968275464377
972.93919,147,229.899946,972.9391895722727,0.0,972.9391895722727
-59.321398,16,229.912384,-55.45287020309567,-3.8685282586321765,-59.321398461727846
1000.797151,152,230.636052,1000.7971514619747,0.0,1000.7971514619747
1003.029862,157,230.725825,1013.8594250534248,-10.82956305838647,1003.0298619950386
-31.715494,22,230.739406,-26.1439435997231,-5.571549955782096,-31.715493555505205
407.501955,102,230.793383,410.78216741041285,-3.2802125661467825,407.50195484426615
982.708609,150,230.876643,982.7086094352524,0.0,982.7086094352524
949.571726,142,230.951996,949.571726243322,0.0,949.571726243322
937.448141,140,231.026224,937.4481412766518,0.0,937.4481412766518
74.983599,57,231.05851,77.96213339291765,-2.9785342512500677,74.98359914166758
964.468488,142,231.133611,964.46848786534,0.0,964.46848786534
922.705414,142,231.209162,924.243082108499,-1.5376678494382956,922.7054142590607
971.965976,148,231.290182,971.9659755171356,0.0,971.9659755171356
995.360528,154,231.373816,995.3605276640156,0.0,995.3605276640156
398.075912,99,231.426062,401.0114225981331,-2.935510988415034,398.0759116097181
952.074749,141,235.454803,958.7385888352171,-6.663840241449355,952.0747485937679
133.786783,56,235.490482,135.74579928858302,-1.9590164253534592,133.7867828632296
252.468898,78,235.541017,257.20217463878873,-4.733276295208937,252.46889834357972
968.27536,140,235.631977,968.2753604885838,0.0,968.2753604885838
50.782167,35,235.656887,55.162864535050474,-4.380697538639944,50.78216699641054
977.56062,158,236.338618,977.5606196292804,0.0,977.5606196292804
981.073298,155,236.422486,983.0598132626362,-1.9865155295419346,981.0732977330944
969.336782,149,236.503083,985.6148120456576,-16.278029947688104,969.3367820979696
969.836965,148,236.581007,969.8369650523002,0.0,969.8369650523002
126.406543,57,236.612322,130.74481924602844,-4.338276323452942,126.40654292257554
983.037434,158,236.698899,989.0988592769056,-6.061425411864811,983.0374338650408
927.477644,142,236.774958,929.6281217861696,-2.1504782044991346,927.4776435816703
983.990038,156,236.859686,983.9900375512525,0.0,983.9900375512525
-45.5917,18,236.869918,-42.28441844501681,-3.30728195028684,-45.59170039530365
107.05684,53,236.900604,113.88442038844477,-6.827579924392834,107.05684046405199
445.438047,106,236.963651,451.04274711984124,-5.604699788637111,445.4380473312042
998.431943,156,237.063036,998.4319427993819,0.0,998.4319427993819
926.772136,140,237.15537,926.7721357537062,0.0,926.7721357537062
421.564629,110,237.23048,429.8228319043842,-8.258203143680117,421.56462876070407
378.574483,92,237.29215,382.857952684181,-4.283469991769811,378.57448269241115
989.863938,143,237.381297,989.8639376030353,0.0,989.8639376030353
986.354822,145,238.075647,986.354822274512,0.0,986.354822274512
971.507623,143,238.151073,971.5076225690565,0.0,971.5076225690565
152.304147,62,238.187329,156.02361240027483,-3.7194658305829824,152.30414656969185
971.842142,153,238.267117,971.8421417480946,0.0,971.8421417480946
1004.056396,151,238.349752,1004.2257936935471,-0.16939805884369274,1004.0563956347034
924.416337,147,238.42646,924.4163369823393,0.0,924.4163369823393
927.349652,143,238.505353,927.3496518651594,0.0,927.3496518651594
966.18843,147,238.591825,966.1884300775647,0.0,966.1884300775647
382.423769,101,238.646739,386.3914763786129,-3.9677078601453326,382.42376851846757
-21.825967,22,238.66101,-18.104796452499002,-3.7211704859577486,-21.82596693845676
984.628584,149,238.74373,984.6285841989563,0.0,984.6285841989563
420.61793,103,238.809752,430.8300348492006,-10.212104993490588,420.61792985571003
85.596308,41,238.837541,90.37076381534064,-4.774456017676359,85.59630779766425
950.030188,144,238.933629,950.030187966339,0.0,950.030187966339
933.120331,139,239.018982,933.1203306693965,0.0,933.1203306693965
73.405981,46,239.050919,76.32282501786379,-2.916843529707233,73.40598148815657
982.320125,152,239.147274,982.3201247717054,0.0,982.3201247717054
115.005625,60,239.189685,118.5969345474794,-3.591309468668978,115.0056250788104
230.844954,85,239.247234,235.85284756667153,-5.00789345081012,230.84495411586147
944.973692,157,239.93071,944.9736918792943,0.0,944.9736918792943
70.483332,59,239.961596,73.01243865960976,-2.529106447673021,70.48333221193676
962.776051,140,240.036079,962.7760512975493,0.0,962.7760512975493
942.635335,146,240.11133,942.635334512522,0.0,942.635334512522
984.589448,160,240.212227,984.5894483180633,0.0,984.5894483180633
341.667879,93,240.26385,352.2036514630204,-10.535772429586398,341.667879033434
922.557981,133,240.335283,922.5579811856046,0.0,922.5579811856046
961.839797,145,240.410178,961.8397970769124,0.0,961.8397970769124
961.456187,158,240.495261,961.4561872738944,0.0,961.4561872738944
965.91365,155,240.591675,965.9136498703165,0.0,965.9136498703165
408.096313,105,240.663492,413.61057168236835,-5.514258758608978,408.09631292375934
379.268438,95,240.728993,386.01387036599203,-6.745432786697122,379.26843757929487
959.44372,137,240.810703,959.4437199495156,0.0,959.4437199495156
981.234888,150,240.904823,981.2348879146261,0.0,981.2348879146261
956.025757,144,240.992707,960.1744992743327,-4.148741947918435,956.0257573264142
361.838795,91,241.048312,366.8888128046801,-5.050018272987317,361.8387945316927
906.109884,170,241.759873,915.171598938161,-9.06171449428246,906.1098844438786
1013.991563,150,241.84775,1013.991562515873,0.0,1013.991562515873
3.795905,28,241.864408,9.343548264510119,-5.5476436115171515,3.795904652992945
931.355309,130,241.933625,931.3553088134043,0.0,931.3553088134043
945.821926,139,242.008126,945.8219257851981,0.0,945.8219257851981
69.906779,39,242.029854,75.24904101014091,-5.342262250652521,69.90677875948838
75.532034,41,242.052747,80.24700899673265,-4.714975055477371,75.53203394125528
231.4706,78,242.095013,237.3238104364353,-5.853210486277233,231.470599950158
957.654501,142,242.174063,970.9166112387403,-13.262110501822322,957.6545007369183
943.07961,146,242.252896,959.857123965195,-16.777514202804532,943.0796097623905
374.241232,102,242.308007,377.6553190085809,-3.414086838618889,374.24123216996196
957.901127,143,242.391321,957.901126685083,0.0,957.901126685083
939.613856,133,242.478091,939.6138560963072,0.0,939.6138560963072
69.065807,38,242.500064,72.10801717653518,-3.0422105826978374,69.06580659383735
-12.929694,26,242.519714,-8.793166330233518,-4.136527346611105,-12.929693676844636
104.861792,50,242.553148,109.4139176410514,-4.552125212740347,104.86179242831099
379.171178,96,242.615675,384.00066120902056,-4.8294827245241105,379.17117848449647
970.27258,139,242.704138,970.2725800752443,0.0,970.2725800752443
948.496607,148,242.794957,948.4966073933856,0.0,948.4966073933856
63.292408,39,242.820965,68.06229879551222,-4.769891095416154,63.29240770009608
-46.532978,18,242.835281,-43.280464470192086,-3.25251323703995,-46.532977707232035
960.41921,138,243.511109,960.4192095089847,0.0,960.4192095089847
969.353329,148,243.591607,969.3533285653442,0.0,969.3533285653442
48.566501,45,243.618268,57.63730511759488,-9.070803899244211,48.56650121835068
961.569638,147,243.698468,967.9562305784365,-6.386592300115082,961.5696382783213
961.831894,145,243.774889,961.8318936698174,0.0,961.8318936698174
188.051327,69,243.813945,193.12204001215594,-5.070712532244036,188.0513274799119
934.305618,132,243.881854,934.3056180053917,0.0,934.3056180053917
968.657633,147,243.960926,968.6576333728884,0.0,968.6576333728884
82.889436,50,243.993427,86.39748841261522,-3.5080520099944286,82.88943640262079
1006.74305,153,244.073781,1006.7430496691105,0.0,1006.7430496691105
950.195241,137,244.149838,950.1952410726324,0.0,950.1952410726324
989.764512,147,248.179287,989.7645115207067,0.0,989.7645115207067
967.902089,154,248.26168,967.9020887041976,0.0,967.9020887041976
990.109921,156,248.345372,990.1099207563852,0.0,990.1099207563852
998.795014,160,248.430051,998.7950137594048,0.0,998.7950137594048
972.115944,148,248.51225,972.1159435709867,0.0,972.1159435709867
