#{"t_start": 1788917784.5205517, "env_id": "None"}
r,l,t,episode_base_return,episode_risk_return,episode_training_return
18.980995,77,0.942198,56.640919703015044,-37.65992441005068,18.980995292964394
-273.08105,338,1.117231,-272.01823304067995,-1.062816995096508,-273.0810500357764
103.330817,118,1.182764,143.450577952071,-40.11976108255324,103.3308168695177
44.257682,105,1.237566,112.97487145499451,-68.71718920229672,44.25768225269789
-63.170174,49,1.264877,-29.06001849141576,-34.11015545159903,-63.170173943014824
59.79997,200,1.370772,98.23806942701943,-38.43809982093096,59.79996960608851
-271.271117,211,1.482048,-271.2711174880631,0.0,-271.2711174880631
-273.700001,370,1.677888,-251.79075680546532,-21.909244332060453,-273.7000011375258
-184.231521,100,1.730676,-184.2315211016964,0.0,-184.2315211016964
75.645434,97,1.781753,113.15073436391862,-37.505300854986174,75.64543350893246
-204.014027,84,1.839662,-204.0140272191542,0.0,-204.0140272191542
2.906599,113,1.90956,46.779324910355996,-43.87272609252501,2.9065988178310675
-237.016601,147,2.004486,-237.01660142389397,0.0,-237.01660142389397
-49.587581,54,2.651936,-11.231286696253065,-38.35629394919631,-49.58758064544939
-110.070299,204,2.758521,58.00603167937358,-168.0763304935861,-110.07029881421256
379.60098,427,2.985223,463.74527524076825,-84.14429512297669,379.60098011779166
551.676354,600,3.30575,554.8847007303793,-3.2083462690672393,551.6763544613121
80.419525,600,3.643966,172.09268652284902,-91.67316168224805,80.4195248406014
-230.088826,100,3.711844,-230.08882564899352,0.0,-230.08882564899352
80.026996,92,3.771424,110.42004521242967,-30.393049666752336,80.02699554567738
932.85932,396,4.698891,963.8686940809068,-31.009373717981223,932.8593203629257
328.10876,306,4.869794,374.7612387623095,-46.65247902543294,328.10875973687655
894.73957,308,5.035225,936.9995775710186,-42.260007930724136,894.7395696402946
43.133206,162,5.123486,70.26341409643857,-27.130208043628688,43.13320605281001
299.74538,485,5.384589,362.23552908894027,-62.49014929549671,299.74537979344376
31.846217,78,5.431692,78.46636301265363,-46.62014564784113,31.84621736481256
333.022152,217,5.580562,365.8571966270195,-32.83504490288632,333.0221517241334
953.780026,580,6.645505,955.8886790475688,-2.108652968950504,953.7800260786182
313.92048,223,6.785394,365.31539753202907,-51.3949170409465,313.92048049108257
959.43508,295,6.971562,966.845686845614,-7.410606637153084,959.4350802084609
5.312326,65,7.009193,35.219872692551746,-29.90754683569675,5.312325856855011
29.984266,87,7.057416,72.60512623862903,-42.62086058860075,29.98426565002839
296.628822,212,7.180042,353.8151119455254,-57.18629004799143,296.6288218975341
46.614954,104,7.239783,89.2583588110408,-42.64340481669627,46.61495399434459
58.497292,118,7.310509,114.21521255715952,-55.71792048660893,58.497292070550614
919.436089,543,8.261446,968.2163509722545,-48.780261507403566,919.436089464851
2.207665,56,8.295279,53.37574634715904,-51.16808183110052,2.2076645160585002
14.200861,62,8.338068,40.847425927011926,-26.64656517618655,14.20086075082537
120.272668,83,8.391311,148.4291222737943,-28.15645450082647,120.27266777296806
976.468654,248,8.550341,976.4686538527203,0.0,976.4686538527203
-56.957873,38,8.58041,-1.9594135925170804,-54.998459049407714,-56.95787264192482
-49.488528,30,8.603155,-17.022110415244782,-32.46641715281014,-49.48852756805492
59.271876,80,8.65718,92.4586812625685,-33.18680533401465,59.271875928553854
311.201984,158,8.76279,402.1377890854388,-90.93580459030768,311.20198449513106
300.411092,162,8.867715,342.9688983567145,-42.55780593458021,300.41109242213435
120.423227,98,8.920432,157.36175206853312,-36.93852483290793,120.42322723562519
241.902734,155,9.003278,311.84624143486144,-69.94350792930408,241.9027335055572
219.910727,117,9.067518,257.6442351952526,-37.73350807034895,219.91072712490373
835.959596,424,9.299,907.5603912404326,-71.60079498216672,835.9595962582654
927.412845,309,14.346161,927.4128450104054,0.0,927.4128450104054
-93.672831,24,14.364771,-55.18712656160699,-38.485704665463736,-93.67283122707073
27.257407,54,14.402229,62.55194263222188,-35.294535867717805,27.25740676450414
358.095418,197,14.525361,389.1724323201288,-31.077014608374203,358.0954177117543
408.817147,278,14.711919,441.0283601278291,-32.21121308266571,408.8171470451635
77.290788,72,14.762374,94.85552873313463,-17.564740342319784,77.29078839081495
-48.524282,34,14.787141,-12.396596722502693,-36.12768501308115,-48.524281735583855
29.058428,68,14.828296,74.00390694109927,-44.94547938270985,29.05842755838944
87.846848,104,14.893705,117.11324632577264,-29.266398184084917,87.84684814168774
-52.279787,34,14.91357,-27.685009989103477,-24.594776657206353,-52.27978664630985
983.382221,277,15.066607,983.3822207892981,0.0,983.3822207892981
-36.266616,35,15.087118,-0.8737131305361459,-35.392903201250476,-36.26661633178662
984.122002,234,15.209012,989.8305915326357,-5.708589546523538,984.1220019861122
543.97956,309,15.381282,543.9795595333923,0.0,543.9795595333923
53.358265,70,15.420167,90.38573098348242,-37.02746606962099,53.35826491386145
394.631597,499,16.331346,422.1667539160013,-27.53515704811652,394.6315968678845
430.869675,555,16.685155,470.1354756496189,-39.26580022778851,430.8696754218304
12.422732,67,16.729481,46.7744037338673,-34.35167140107727,12.422732332790076
949.699154,247,16.859989,949.6991536131379,0.0,949.6991536131379
10.17783,86,16.906809,55.229131538474206,-45.051301824292295,10.17782971418194
344.84749,196,17.01079,387.99500113962654,-43.14751073507665,344.84749040455006
925.845443,239,17.159638,928.3870513753515,-2.541608011633099,925.8454433637183
894.442015,375,17.96364,934.6657653542478,-40.223749949796606,894.4420154044509
76.38756,100,18.025692,123.59418211521967,-47.206621873879556,76.3875602413402
253.636392,161,18.125559,369.0314490710142,-115.3950572231816,253.63639184783264
371.40546,220,18.269032,410.23256245371465,-38.82710231889607,371.4054601348186
951.756648,307,18.463982,951.7566477607792,0.0,951.7566477607792
525.00404,310,18.646783,525.0040396682988,0.0,525.0040396682988
12.154787,121,18.71123,62.05600447331804,-49.9012173694036,12.154787103914572
244.939753,132,18.780833,272.6362661448836,-27.696512903284976,244.93975324159865
84.222189,100,18.835112,131.7425015734641,-47.52031258647995,84.22218898698425
952.696314,349,19.067121,954.9029063670678,-2.206592443864694,952.6963139232032
22.196188,93,19.128879,70.07745098415701,-47.881262989568576,22.196187994588612
581.460762,397,19.963607,590.1299336285388,-8.669171568691867,581.4607620598472
928.610771,362,20.197631,955.2448749579526,-26.634104293253614,928.6107706646987
991.244702,396,20.449569,991.2447020671934,0.0,991.2447020671934
98.556126,69,20.485798,130.82459728415074,-32.26847096704775,98.55612631710301
139.742344,103,20.541024,165.72345959522556,-25.981116048996096,139.7423435462295
344.740519,157,20.623751,389.4266832705026,-44.68616417043287,344.7405191000697
9.869594,46,20.652442,51.619165934368084,-41.749571516224606,9.86959441814345
541.590964,379,20.889431,595.8622841251383,-54.27131966663086,541.5909644585073
901.852211,384,21.723697,983.4657209226931,-81.61351010090655,901.8522108217866
401.399224,161,21.810728,441.68278682668114,-40.28356308084483,401.3992237458364
-76.969539,30,21.828106,-41.4588332796266,-35.510705472450255,-76.96953875207686
273.617374,139,21.904621,313.24992807567236,-39.63255385253873,273.61737422313365
292.09357,140,21.97916,366.50188872861963,-74.40831838826652,292.09357034035304
306.882925,148,22.062176,379.760471889211,-72.87754704438157,306.8829248448295
101.110932,84,22.110049,134.44883728641844,-33.33790488812146,101.11093239829712
322.417918,156,22.194396,361.6505534131909,-39.232635439623124,322.4179179735678
915.898626,532,22.479668,967.4208365737983,-51.52221019330453,915.8986263804934
26.273972,60,22.523108,74.516812776508,-48.24284102730756,26.273971749200484
-38.513466,50,26.254751,4.762762163132294,-43.276228051360164,-38.513465888227884
361.363345,153,26.351849,401.948800120221,-40.58545552379758,361.36334459642353
376.264422,132,26.442091,423.0473946853421,-46.78297226190532,376.2644224234366
917.285732,257,27.220057,949.8105039976878,-32.52477200082161,917.2857319968664
269.434671,127,27.28683,293.4702037278863,-24.035532851466613,269.4346708764198
-9.526831,72,27.325651,39.519930074785236,-49.04676062325639,-9.52683054847111
50.523985,50,27.355417,72.85957684363328,-22.335591513328588,50.5239853303047
951.973586,246,27.48497,951.9735861205717,0.0,951.9735861205717
55.044483,57,27.515373,102.76438695573916,-47.71990439044346,55.04448256529571
964.998896,222,27.631705,987.9947971116305,-22.99590091895002,964.9988961926804
385.370334,155,27.714425,428.8446874458207,-43.474353770277574,385.3703336755433
986.810836,256,27.848212,986.8108358965828,0.0,986.8108358965828
339.305334,129,27.917319,365.5303998853222,-26.22506564279847,339.3053342425239
984.149715,235,28.043544,985.1125573954457,-0.962842809936471,984.1497145855094
896.021576,273,28.200373,984.3603743580562,-88.33879790793786,896.0215764501186
358.518871,144,28.943294,396.3015913454667,-37.78272037387497,358.51887097159175
51.381768,67,28.979534,94.01353364802351,-42.63176553037223,51.38176811765136
301.019356,121,29.043934,362.46106165996,-61.441705761195394,301.0193558987646
98.817247,77,29.085284,139.81325103725493,-40.99600426856592,98.81724676868909
958.991512,197,29.191004,1015.780840361982,-56.7893280181044,958.9915123438777
309.561363,156,29.274695,358.7431559663645,-49.18179325485869,309.5613627115058
22.410555,74,29.315565,65.46753805044521,-43.056982788594084,22.4105552618512
989.44477,237,29.443412,989.4447699836049,0.0,989.4447699836049
161.999401,94,29.494512,181.95606878488843,-19.956667542197327,161.99940124269114
76.977775,75,29.533953,126.93428262901533,-49.95650803060944,76.97777459840593
151.559813,94,29.585489,193.17251462910104,-41.61270201540121,151.55981261369993
942.905087,192,29.684803,942.9050866495397,0.0,942.9050866495397
439.644374,159,29.767905,462.0967834301408,-22.452409560902822,439.64437386923805
517.703581,302,29.932237,517.7035814533538,0.0,517.7035814533538
397.490348,133,30.019239,418.9448464654997,-21.454498450559875,397.49034801493985
160.582141,99,30.692044,210.51994499848632,-49.93780369978816,160.58214129869822
121.834674,103,30.747355,169.33948499196563,-47.50481112412133,121.83467386784437
-31.173265,29,30.763975,-13.733567053040119,-17.439698111332444,-31.17326516437258
940.726425,274,30.924951,962.7579050975033,-22.03148027321608,940.7264248242873
86.213547,72,30.969704,137.7307632220182,-51.51721665693708,86.21354656508113
871.365659,221,31.110136,898.0827370730578,-26.717078465263224,871.3656586077947
-73.660104,39,31.136605,-36.47235201602079,-37.187751551513045,-73.66010356753384
149.342304,108,31.208408,209.84433780155877,-60.50203392786754,149.3423038736911
185.742372,103,31.270794,232.61972479981983,-46.87735240616988,185.74237239365004
954.334081,190,31.400051,954.334080872831,0.0,954.334080872831
928.318467,241,31.532318,928.318466890859,0.0,928.318466890859
64.10497,93,31.583265,104.41403581565555,-40.30906618103686,64.1049696346187
300.896634,156,31.664907,387.28160715960803,-86.38497342241496,300.89663373719327
994.175974,248,31.805321,994.1759739854327,0.0,994.1759739854327
935.145487,198,32.540702,945.1785948411491,-10.033107778180515,935.1454870629684
991.801678,216,32.653666,999.7741590937889,-7.972480758356541,991.8016783354325
66.742652,79,32.6976,99.77496263849284,-33.03231028591233,66.74265235258059
966.549572,184,32.814767,966.5495722844906,0.0,966.5495722844906
957.742519,182,32.934762,957.7425192344841,0.0,957.7425192344841
345.083993,133,33.025616,376.9876318636319,-31.90363841813194,345.0839934454999
-90.321845,31,33.048311,-51.175195422897616,-39.146649734605646,-90.32184515750328
105.64305,63,33.090156,139.77150160413566,-34.12845183265144,105.64304977148423
-64.358809,30,33.108378,-37.32537280625773,-27.033436619187356,-64.35880942544509
120.815608,88,33.167508,179.68326671633298,-58.86765831247915,120.8156084038539
31.306885,46,33.199005,73.86550716815908,-42.558621936911734,31.306885231247392
260.121376,141,33.291477,323.6880116618186,-63.56663606124809,260.1213756005707
70.841954,82,33.338621,168.37653187013987,-97.53457787076474,70.8419539993753
971.02474,224,33.456871,971.0247401960208,0.0,971.0247401960208
-77.767808,21,33.470507,-46.06139098092845,-31.706416856009085,-77.76780783693754
920.735752,193,33.572706,922.9935205872293,-2.257768788476823,920.7357517987525
993.92144,177,33.66563,993.921439653722,0.0,993.921439653722
924.829864,380,34.462681,931.2664089016365,-6.4365447825105555,924.829864119126
945.607138,187,34.576273,945.6071383535822,0.0,945.6071383535822
357.074793,122,34.653456,405.55973163562237,-48.48493869802343,357.07479293759883
-61.541695,37,34.680688,-26.02906409193058,-35.51263084419889,-61.541694936129474
86.22396,71,34.727153,131.28620886660167,-45.06224838895254,86.22396047764913
943.506548,206,34.861044,943.5065482518521,0.0,943.5065482518521
-75.160021,31,34.881387,-34.30245453218603,-40.85756686083566,-75.16002139302174
960.175765,325,35.087053,960.1757652144834,0.0,960.1757652144834
130.194023,83,38.66802,167.8267920848145,-37.63276892141231,130.19402316340225
21.077859,43,38.692275,64.81102411227913,-43.73316516691547,21.077858945363673
94.373746,72,38.736127,137.12684498780777,-42.75309927774457,94.37374571006319
-52.134255,28,38.756876,-17.101741693762378,-35.03251280944228,-52.13425450320467
963.097608,235,38.907361,963.097607812711,0.0,963.097607812711
31.872414,60,38.941816,72.93977178663934,-41.06735744240195,31.8724143442374
610.892249,244,39.072088,610.8922490405159,0.0,610.8922490405159
930.743018,172,39.758413,968.3299183615419,-37.586900172057994,930.7430181894838
69.59441,70,39.795004,101.45608267383864,-31.861672576559407,69.59441009727925
922.354643,199,39.901237,964.089484089692,-41.734840937422085,922.3546431522698
74.078505,66,39.937554,113.27438499641099,-39.19587984509309,74.07850515131793
201.011243,93,39.987914,260.7391226501511,-59.72787978853556,201.01124286161556
322.756214,141,40.062723,364.9653417087888,-42.209127419930255,322.7562142888586
33.703683,61,40.097438,80.22001198937926,-46.51632893711425,33.703683052265035
956.56935,185,40.203539,960.9443040440158,-4.374954377884048,956.5693496661318
906.508913,198,40.333719,934.2039296025564,-27.695017028040855,906.5089125745158
906.079883,183,40.458802,963.9209479700476,-57.84106512472688,906.0798828453206
84.719591,80,40.508208,129.54369326441784,-44.82410207385613,84.71959119056177
114.124395,82,40.562641,200.58495962857415,-86.46056479461623,114.12439483395815
43.320533,51,40.595923,75.40163247645738,-32.08109970052617,43.32053277593123
1023.215074,208,40.728023,1023.2150740632974,0.0,1023.2150740632974
39.339034,49,40.755199,86.36239997736155,-47.02336553287766,39.33903444448396
69.682972,61,40.789083,107.48746248571003,-37.80449045485699,69.6829720308531
332.61233,133,40.860194,365.5811849289084,-32.96885530186469,332.61232962704366
987.85293,184,41.553646,987.8529300405189,0.0,987.8529300405189
130.02117,66,41.590204,172.5431199131024,-42.521950126552014,130.02116978655036
987.756523,174,41.680741,987.7565225497764,0.0,987.7565225497764
155.234888,77,41.723083,175.60952029761057,-20.374632063750173,155.23488823386026
60.54616,53,41.752396,96.95380546285111,-36.40764593859513,60.546159524255984
-38.783064,29,41.772625,-1.6868110745137272,-37.09625279102889,-38.783063865542616
125.894415,70,41.810612,174.83215435040927,-48.93773917750101,125.89441517290828
340.998719,105,41.869038,377.7483855323858,-36.74966687154361,340.9987186608423
-33.828345,35,41.888387,0.7022029708499531,-34.53054801984791,-33.82834504899796
318.525155,124,41.9558,355.6749646273697,-37.14980919638369,318.52515543098605
34.728219,49,41.988189,84.82918530716464,-50.10096628236951,34.72821902479518
25.217379,42,42.017517,58.91139896631205,-33.69401953550191,25.21737943081021
236.403207,118,42.0942,271.583922136962,-35.18071475375709,236.403207383205
977.992233,208,42.230575,977.9922334491431,0.0,977.9922334491431
963.401398,182,42.34507,963.4013979457768,0.0,963.4013979457768
-84.25487,23,42.359346,-48.168168474094514,-36.086701253032935,-84.25486972712747
914.002298,191,42.48257,977.5996686305474,-63.5973708526563,914.0022977778908
140.192497,78,42.536595,168.62595743111103,-28.433460269385108,140.19249716172595
970.69927,199,42.645706,973.5486270781191,-2.849357249766296,970.699269828353
953.332616,157,43.399697,953.3326160855529,0.0,953.3326160855529
82.610428,56,43.430162,114.99907162440488,-32.38864407951904,82.61042754488588
217.76818,103,43.484917,282.63491514446366,-64.86673498156765,217.76818016289607
974.786453,207,43.596541,993.8031847571054,-19.01673165283326,974.7864531042721
961.97751,201,43.702794,961.9775099434535,0.0,961.9775099434535
976.328078,208,43.814955,1005.2100284752992,-28.88195041656388,976.3280780587355
-79.742371,21,43.827091,-46.7001995299527,-33.042171269773036,-79.74237079972573
952.633799,266,44.003986,973.5321586345709,-20.8983596362587,952.6337989983123
236.574738,102,44.07611,271.84459142842354,-35.269853862832626,236.5747375655909
55.313229,47,44.105219,99.87797381325485,-44.5647446728356,55.313229140419324
869.310401,165,44.213087,945.6686315145728,-76.3582306896744,869.3104008248987
89.094664,76,44.261706,132.2813819195252,-43.18671770623237,89.09466421329284
98.793097,54,44.301871,117.94194311974812,-19.148846110344078,98.79309700940408
917.419262,177,44.415349,947.054402045539,-29.635140042798014,917.4192620027409
-44.841229,30,44.435063,-4.632170587517791,-40.20905875524243,-44.84122934276023
872.859423,229,44.581939,911.9461420874093,-39.08671921852993,872.8594228688796
19.024271,40,45.295528,56.11285081345879,-37.08858002800946,19.02427078544939
324.05984,120,45.358843,368.8283782367539,-44.768537762857854,324.05984047389603
277.329356,107,45.414267,306.85081751602274,-29.52146167479419,277.3293558412287
945.805121,280,45.565935,945.8051207624246,0.0,945.8051207624246
58.72617,57,45.597655,81.44765213826068,-22.721481705701734,58.72617043255897
97.888969,65,45.634007,132.80094416034788,-34.91197520533465,97.88896895501324
162.794904,84,45.681073,204.63639428948454,-41.84148986162275,162.7949044278618
967.287706,195,45.783517,969.8953501842908,-2.6076445267147017,967.2877056575762
935.338859,168,45.874639,935.3388592891829,0.0,935.3388592891829
136.239863,91,45.922752,222.90588701763474,-86.66602388478395,136.23986313285084
933.600149,168,46.011228,933.6001489578957,0.0,933.6001489578957
981.477769,192,46.110798,998.7203630519662,-17.242593769984587,981.4777692819815
152.949473,86,46.159471,175.3812049735559,-22.431731634396723,152.94947333915917
940.410844,173,46.252083,940.4108440149433,0.0,940.4108440149433
997.655257,168,46.346278,997.6552572765402,0.0,997.6552572765402
976.285014,202,47.507786,976.2850144547584,0.0,976.2850144547584
959.019522,267,47.672044,959.019522431638,0.0,959.019522431638
84.975374,66,47.715796,107.52691503899555,-22.551541133152487,84.97537390584304
258.519929,114,47.780575,301.97472716110536,-43.454797772688266,258.51992938841715
209.844788,91,47.830096,250.04835340648864,-40.20356578472641,209.84478762176226
371.330584,131,47.918352,435.99540873940623,-64.66482485517135,371.33058388423484
912.346703,185,48.016348,958.5248399645366,-46.17813676209664,912.3467032024403
159.26407,83,48.059985,181.51714687797016,-22.253077235128863,159.2640696428412
951.086024,182,51.914229,956.2410794617474,-5.155055400753294,951.0860240609942
913.849274,165,52.016613,950.5718375752119,-36.72256391690072,913.8492736583115
1003.657651,202,52.143079,1003.6576511701189,0.0,1003.6576511701189
865.243961,198,52.266908,906.8559089302842,-41.6119477477254,865.2439611825587
44.957685,48,52.292583,95.15370308800117,-50.19601832043867,44.957684767562554
71.415387,64,52.32825,110.48965770314743,-39.07427062613484,71.41538707701264
296.118879,121,52.392999,338.5046385975127,-42.38576000684459,296.11887859066815
953.623952,167,53.067981,953.6239516986661,0.0,953.6239516986661
265.692837,126,53.135095,301.8239348272114,-36.13109808972645,265.6928367374849
-23.401367,36,53.15428,13.045565254578605,-36.44693273222667,-23.40136747764808
-16.013567,72,53.191826,13.931885313456945,-29.945452469231533,-16.013567155774552
-23.383861,34,53.211431,19.257216286906086,-42.64107702121764,-23.383860734311583
271.460228,139,53.285358,312.67300780426723,-41.2127799858258,271.4602278184416
43.51936,53,53.315107,72.17111558445526,-28.651755718228312,43.51935986622695
92.286093,60,53.348257,134.77191965933105,-42.48582627235035,92.2860933869807
992.39691,206,53.464288,992.3969098663454,0.0,992.3969098663454
354.521632,109,53.536085,397.5742258928759,-43.05259387709266,354.5216320157833
223.04735,94,53.596558,263.10414043691185,-40.05679019225962,223.04735024465225
1000.124926,202,53.72779,1000.1249263853131,0.0,1000.1249263853131
254.817275,119,53.798926,345.6890047971564,-90.87173005864722,254.8172747385092
1000.880674,199,53.915436,1000.8806736074973,0.0,1000.8806736074973
987.992588,239,54.057796,990.424291477788,-2.43170329417228,987.9925881836157
918.816345,167,54.145835,942.9924362706045,-24.17609171061849,918.8163445599857
308.67004,120,54.799198,353.32491215023964,-44.65487227893567,308.67003987130397
399.628697,138,54.872458,451.9738431433969,-52.34514609517463,399.628697048222
412.550126,114,54.93487,426.89190354849336,-14.341777433227834,412.5501261152656
13.279284,40,54.957536,46.27312439731317,-32.993840277432525,13.279284119880685
10.985921,37,54.978638,53.885675009985064,-42.89975358601464,10.985921423970467
880.363235,250,55.111736,911.7017391279854,-31.338503694855145,880.3632354331304
296.514446,111,55.185689,329.33893798991534,-32.824492404679184,296.5144455852362
189.922926,102,55.253278,223.67347906190025,-33.750552663722864,189.92292639817742
310.108558,126,55.341623,346.9073051482678,-36.798747014698996,310.1085581335688
406.154669,120,55.426082,442.7340149729956,-36.57934574188329,406.1546692311123
-45.217673,29,55.449636,-15.010681280376545,-30.206991952827888,-45.21767323320444
971.824093,174,55.56748,989.0621828327032,-17.238089853036186,971.8240929796671
930.231877,163,55.681202,932.3564593701224,-2.1245822620300236,930.2318771080924
58.277553,51,55.714026,99.69388217954565,-41.41632925640586,58.277552923139865
987.459663,175,55.821651,987.4850209015525,-0.0253581400953502,987.4596627614571
326.740427,112,55.88413,369.6137362817152,-42.873308897049824,326.74042738466545
37.232983,44,55.907738,73.60162498536543,-36.368641512031466,37.23298347333399
-67.164159,21,55.919332,-38.86960231722277,-28.29455716684472,-67.1641594840675
956.329121,170,56.606421,963.3864963036642,-7.057375661541659,956.3291206421226
-78.907439,17,56.616472,-53.911433616862936,-24.99600577153372,-78.90743938839665
296.578463,118,56.678699,343.2328341642421,-46.65437150352054,296.5784626607216
964.799404,180,56.7723,965.1140638657326,-0.3146596289449919,964.7994042367877
53.091369,46,56.797967,95.6493851132759,-42.55801633048572,53.09136878279021
36.529854,53,56.826608,81.40350448243277,-44.87365072101027,36.529853761422515
422.044517,117,56.891296,470.2520284244062,-48.20751095667012,422.04451746773606
971.5185,158,56.991608,971.5185000842018,0.0,971.5185000842018
32.795649,47,57.022907,81.64983099061422,-48.854181876533985,32.79564911408028
100.974091,64,57.060374,130.96412775255394,-29.990037111563105,100.97409064099097
12.701432,41,57.089072,55.7334012579374,-43.03196942452338,12.701431833414077
-59.413014,32,57.115807,-17.672748596087814,-41.74026555967105,-59.41301415575886
926.112159,163,57.241302,926.1121591621829,0.0,926.1121591621829
919.375269,215,57.390259,925.857508502808,-6.482239349911356,919.3752691528966
111.861794,66,57.434114,155.55700540881307,-43.69521115757665,111.86179425123655
68.00303,56,57.471945,100.61360534546972,-32.61057517639547,68.00303016907432
-49.406534,32,57.491563,-10.057268145045697,-39.3492654619018,-49.40653360694749
315.497848,108,57.560576,357.2993499807649,-41.80150224255359,315.4978477382113
82.475676,51,57.593365,105.71652959408831,-23.240853700814654,82.47567589327372
970.313842,183,57.704784,970.3138416682532,0.0,970.3138416682532
150.803194,75,57.744159,197.95984492486696,-47.15665123457305,150.80319369029394
245.149349,100,57.796502,283.60411781816833,-38.45476867371738,245.14934914445095
69.129204,47,57.822006,108.3736297092375,-39.244425436845845,69.12920427239165
965.4242,181,58.509429,965.4241996866601,0.0,965.4241996866601
230.601809,109,58.567848,312.9775802632766,-82.37577103039261,230.60180923288402
949.543344,172,58.659432,949.5433436379741,0.0,949.5433436379741
333.594223,105,58.716377,374.66675219837674,-41.07252913077221,333.5942230676045
59.662658,51,58.745097,103.80929994570282,-44.14664192249914,59.66265802320372
24.273055,42,58.76731,66.30870458802164,-42.035649990615156,24.27305459740657
187.108713,95,58.827646,226.3216769069601,-39.212963491716366,187.10871341524378
85.840469,58,58.865385,114.66454535327705,-28.824076091521704,85.8404692617554
-53.76865,24,58.88307,-20.959708504891466,-32.80894165987169,-53.768650164763166
993.824531,237,59.031608,993.8245308004625,0.0,993.8245308004625
56.762539,54,59.064849,96.53542729804582,-39.77288833460849,56.762538963437436
284.636433,130,59.150968,358.9253196440335,-74.2888870609262,284.6364325831074
-43.110949,27,59.1721,-14.286333250833053,-28.824616170545575,-43.11094942137862
979.885897,163,59.275266,979.8858972916139,0.0,979.8858972916139
26.294494,47,59.30552,65.53000520289993,-39.23551083575063,26.294494367149298
940.621911,150,59.394603,940.6219108441401,0.0,940.6219108441401
950.784348,189,59.495224,1004.7348479931333,-53.950500088853566,950.7843479042798
78.385721,56,59.526856,107.02618341312244,-28.64046290828719,78.3857205048353
938.8019,166,59.613338,938.8018997044745,0.0,938.8018997044745
951.322084,168,60.289616,951.322084265252,0.0,951.322084265252
313.905137,97,60.339072,354.82150781992596,-40.916370702287715,313.9051371176382
924.729587,173,60.432121,974.1337490740724,-49.40416197953377,924.7295870945385
315.442412,119,60.494157,347.1190624176564,-31.676650363482093,315.4424120541741
956.630612,197,60.610841,1012.7772260924073,-56.14661361951696,956.6306124728903
87.362614,55,60.64106,132.18295765714413,-44.820343626361705,87.36261403078241
867.086434,167,64.679884,927.170001114273,-60.083567513372095,867.086433600901
937.1302,195,64.7837,975.3110396517159,-38.18083939001269,937.1302002617033
163.80498,91,64.833143,210.36966451955465,-46.56468442124479,163.8049800983099
977.943678,168,64.9241,977.9436783332433,0.0,977.9436783332433
111.688173,62,64.959152,159.97228439923526,-48.28411108909434,111.68817331014093
972.562018,179,65.058047,986.6798640669626,-14.117845824223505,972.562018242739
24.102523,52,65.086067,68.80429431871069,-44.70177119606787,24.102523122642893
926.183619,163,65.173157,926.1836192018723,0.0,926.1836192018723
299.162074,102,65.226238,339.11240587061775,-39.950331870486615,299.16207400013116
-76.026865,19,65.239477,-49.43988499976767,-26.586980388201074,-76.02686538796875
962.643625,259,65.980902,962.6436246756663,0.0,962.6436246756663
1004.461959,199,66.101826,1004.4619587977412,0.0,1004.4619587977412
945.399741,187,66.217952,985.9547152436759,-40.55497427145095,945.3997409722251
972.70266,187,66.317668,973.3177058047007,-0.6150457536140248,972.7026600510867
51.464681,50,66.344607,98.32883342752545,-46.86415245446621,51.46468097305926
260.503759,99,66.39599,301.6142642627941,-41.11050542162486,260.5037588411692
992.985706,169,66.484655,994.1790742281593,-1.1933679083832471,992.985706319776
-76.207432,25,66.499348,-42.44824076778471,-33.759191023448835,-76.20743179123356
951.022499,178,66.59527,951.0224989274045,0.0,951.0224989274045
953.187926,205,66.70842,953.1879256934461,0.0,953.1879256934461
910.134619,171,66.800368,922.5823406967636,-12.447721788802946,910.1346189079607
935.396022,225,66.924956,937.3591541477095,-1.963131956109807,935.3960221915997
-39.968981,36,66.943033,5.477763263174921,-45.44674389110618,-39.96898062793127
925.425912,218,67.658408,968.7559912076356,-43.330079501791076,925.425911705845
371.387306,120,67.735206,418.4899918697259,-47.102685650127924,371.3873062195979
-71.423805,25,67.754577,-34.6238729027604,-36.799931796117086,-71.42380469887752
936.269775,167,67.872844,936.2697754452429,0.0,936.2697754452429
949.540202,157,67.981133,949.5402021806274,0.0,949.5402021806274
940.249344,179,68.089214,970.3476965125342,-30.098352320644853,940.2493441918892
-63.633574,23,68.105844,-31.142157584635896,-32.49141592773182,-63.63357351236771
410.867209,113,68.172257,451.20220616682656,-40.33499712507964,410.867209041747
84.339963,50,68.198985,118.16996258124007,-33.82999967270426,84.33996290853582
33.14078,44,68.224186,73.45318789146022,-40.31240758038483,33.14078031107543
960.545658,158,68.307959,960.5456584514421,0.0,960.5456584514421
81.5943,59,68.341166,115.2436897488252,-33.649389366144625,81.59430038268061
285.80008,119,68.403213,327.07591578038597,-41.275835844560476,285.80007993582575
976.546385,187,68.501912,987.461141190043,-10.914755757330209,976.5463854327128
68.612693,56,68.53362,102.38322938273964,-33.77053677064046,68.61269261209921
918.906915,162,68.617609,952.0646308073682,-33.15771578653394,918.9069150208344
953.686271,174,68.709703,997.2366080070186,-43.5503373984851,953.6862706085335
347.761902,122,68.774116,413.3937728785199,-65.63187107928184,347.76190179923805
363.288761,104,69.436724,407.89241988616453,-44.60365906479059,363.28876082137407
40.237722,52,69.471611,77.50988826718778,-37.27216642700782,40.23772184017996
138.918258,76,69.526283,173.85791120026505,-34.93965338089244,138.91825781937263
414.740627,139,69.618519,449.3422629852893,-34.60163635921634,414.74062662607315
957.253731,175,69.735553,961.4701661263672,-4.216435609453961,957.2537305169132
29.006851,50,69.767386,67.00685064981216,-38.0,29.006850649812193
-69.281142,18,69.780982,-43.92763298435558,-25.353508691349944,-69.28114167570554
951.825051,176,69.894353,951.8977120129406,-0.07266069550916132,951.8250513174315
936.293125,177,69.993172,998.0268107222321,-61.733685989918825,936.2931247323133
59.457527,51,70.020318,99.31509769493604,-39.85757066414062,59.45752703079546
840.672775,208,70.130718,903.0154873096046,-62.34271192269206,840.672775386912
62.371258,56,70.162381,111.2189668519562,-48.84770877182916,62.37125808012706
982.395343,175,70.254287,982.3953430033444,0.0,982.3953430033444
86.333906,69,70.291768,128.8395917402093,-42.50568543624361,86.33390630396573
927.24137,154,70.376415,933.8053069183458,-6.563936805886241,927.2413701124595
123.59404,61,70.408821,142.57342974590762,-18.979389406561133,123.59404033934658
968.485878,158,70.49199,968.4858780497382,0.0,968.4858780497382
908.712879,159,70.576607,910.0444012713916,-1.3315223782977528,908.712878893094
946.506124,172,71.274008,946.5061236315692,0.0,946.5061236315692
961.467568,204,71.39962,966.469941960824,-5.002374073698146,961.4675678871259
966.384588,179,71.511505,966.3845882372801,0.0,966.3845882372801
-54.280638,23,71.528131,-22.06340828061282,-32.21723018431199,-54.28063846492483
358.669816,110,71.600647,381.7509409846652,-23.081125402586782,358.66981558207846
42.234926,45,71.630855,87.96439059729575,-45.72946453226683,42.23492606502897
-80.141071,22,71.645959,-52.93764726415063,-27.20342339238059,-80.14107065653123
914.84261,169,71.74039,960.7633790513581,-45.920768561235754,914.8426104901225
44.824353,50,71.771564,90.74048568095284,-45.91613291287167,44.82435276808121
980.327889,156,71.85404,980.8256529799216,-0.4977641396992878,980.3278888402225
148.066978,78,71.897381,177.94712301476338,-29.880145466046553,148.06697754871695
187.763779,98,71.949748,237.7542999963812,-49.99052053915686,187.7637794572245
343.37811,109,72.009929,384.474833376603,-41.09672369290979,343.3781096836932
958.569359,167,72.098741,979.8950732497708,-21.325714108828134,958.5693591409428
282.420316,106,72.156782,307.0364088219061,-24.616093149387076,282.420315672519
954.212087,188,72.257368,968.4719124477449,-14.259825674401517,954.2120867733431
955.957016,186,72.355608,956.4793955325035,-0.5223795041994093,955.957016028304
928.510989,158,73.035639,966.9961580029296,-38.485169301146826,928.5109887017829
933.094115,171,73.144712,937.6749325798589,-4.580817857471864,933.0941147223868
936.381368,151,73.237682,936.381368404328,0.0,936.381368404328
944.842786,177,77.23821,978.9946125811455,-34.15182650687908,944.8427860742663
375.355197,104,77.292474,418.35051639614346,-42.99531912204529,375.35519727409815
18.335923,48,77.319437,67.64254613642416,-49.30662347052916,18.335922665895026
954.479266,170,77.409654,954.4792658575008,0.0,954.4792658575008
967.247385,159,77.496207,967.2473850798852,0.0,967.2473850798852
165.369797,75,77.536933,207.406214305855,-42.03641734927312,165.36979695658184
-86.068058,22,77.548987,-57.313457273103026,-28.75460107639409,-86.06805834949711
226.019105,85,77.593336,265.03687965041064,-39.01777440387363,226.01910524653698
17.057722,40,77.614494,53.74514194268711,-36.687419837592884,17.05772210509427
923.245227,155,77.695936,923.2452267953056,0.0,923.2452267953056
1021.78192,165,77.781095,1021.7819200881796,0.0,1021.7819200881796
958.559138,165,77.868582,1003.7501046210946,-45.190966976316425,958.559137644778
898.268,192,77.970483,939.7918075052086,-41.523807872696615,898.2679996325122
-83.17088,19,77.982558,-54.478946788902896,-28.69193353361537,-83.17088032251827
936.043275,171,78.68416,956.7834826236589,-20.740207154603507,936.0432754690555
923.144841,160,78.780944,945.7576682159595,-22.61282744566377,923.1448407702958
290.329891,95,78.830723,367.86996702521276,-77.54007651585243,290.32989050936044
316.315705,108,78.889286,360.4015062515835,-44.08580076998801,316.3157054815955
908.14694,155,78.969965,939.3609078483158,-31.213967361795966,908.1469404865198
881.54073,155,79.052424,924.9719106203868,-43.431181047283566,881.5407295731031
963.058892,177,79.148801,963.0588915372398,0.0,963.0588915372398
333.692758,98,79.202725,371.96326739619064,-38.27050916838803,333.6927582278026
973.342587,161,79.286899,973.5156028618198,-0.17301584419655125,973.3425870176231
947.836712,198,79.391441,994.6078231075263,-46.77111117662835,947.836711930898
967.066034,182,79.488101,1003.6525049405865,-36.58647111880524,967.0660338217815
939.958985,171,79.579615,939.9589846206411,0.0,939.9589846206411
330.35611,111,79.639491,413.0680081890722,-82.7118986701503,330.3561095189219
950.010032,167,80.336639,953.4706582162522,-3.460626691279913,950.0100315249723
976.813021,163,80.437599,976.8130209198705,0.0,976.8130209198705
935.882387,154,80.534536,955.917653399685,-20.035266761715455,935.8823866379698
888.952104,164,80.637333,937.283731575933,-48.33162711008727,888.9521044658457
42.254625,47,80.664512,77.12025454840648,-34.86562956062316,42.25462498778336
299.464891,103,80.71725,343.5900152682811,-44.12512460115439,299.46489066712667
976.919525,189,80.817731,976.9195248519538,0.0,976.9195248519538
968.533282,178,80.909142,968.5332815153816,0.0,968.5332815153816
993.31902,171,80.997841,993.3190198295958,0.0,993.3190198295958
955.036425,169,81.088477,960.8072205245626,-5.770795907483414,955.0364246170793
979.699926,160,81.172281,979.6999262259286,0.0,979.6999262259286
922.646298,150,81.250456,942.6403342206103,-19.994036047020863,922.6462981735896
143.911666,75,81.291119,219.9499322011812,-76.0382657433718,143.91166645780967
983.084808,166,81.378149,983.0848080593266,0.0,983.0848080593266
29.347416,39,81.398797,72.6463509727482,-43.29893450148736,29.347416471260885
932.585195,185,82.095733,955.9135567300713,-23.328361775750793,932.5851949543205
12.382952,37,82.118466,56.865696534391105,-44.48274458471727,12.382951949673838
315.884423,100,82.183043,350.66381555372004,-34.77939218261625,315.8844233711037
965.381953,171,82.287283,965.3819532181512,0.0,965.3819532181512
-41.781436,28,82.305399,-5.621963940618272,-36.15947172362492,-41.78143566424319
936.162652,160,82.40294,970.575370389435,-34.41271874645637,936.162651642979
348.045899,95,82.454924,389.807315485437,-41.76141623400853,348.0458992514284
960.599228,160,82.538121,965.2917527628326,-4.692524831965053,960.5992279308674
907.303452,155,82.621832,940.1233748436136,-32.819923232650964,907.3034516109628
964.319204,153,82.703424,964.3192038488846,0.0,964.3192038488846
299.009312,100,82.755989,347.6643270756381,-48.6550154103374,299.00931166530063
979.935942,161,82.840809,979.9359421288038,0.0,979.9359421288038
11.048856,57,82.870986,56.03693999001635,-44.98808418535742,11.048855804658928
974.048333,161,82.954102,974.0483328458519,0.0,974.0483328458519
330.192409,107,83.010929,384.2260117789416,-54.03360297488603,330.19240880405556
154.796997,71,83.05093,189.8625987517996,-35.06560172146496,154.7969970303346
-38.901014,37,83.071164,4.115351659497662,-43.01636571430003,-38.901014054802374
936.424343,173,83.163279,978.1151410064309,-41.69079802580697,936.4243429806241
915.40862,153,83.84947,952.4989874076076,-37.09036743197563,915.4086199756323
340.67034,105,83.916952,390.7280651214064,-50.05772490331456,340.67034021809184
-46.934647,26,83.935673,-9.825067087401223,-37.10958033518919,-46.9346474225904
332.408493,107,84.003411,403.1981069859802,-70.78961382693365,332.40849315904654
-34.709871,31,84.020735,6.716796111716292,-41.42666678172775,-34.709870670011455
383.975288,121,84.099296,404.77772646558344,-20.80243845376233,383.975288011821
86.090408,51,84.130988,110.79592069527045,-24.705512805685892,86.09040788958457
923.92307,159,84.216135,971.2939205251087,-47.37085057149705,923.9230699536115
-79.904315,16,84.225172,-56.72296560559019,-23.181349479296088,-79.90431508488629
161.823246,79,84.268028,207.21321715856496,-45.38997165823432,161.82324550033061
945.310292,150,84.344523,945.3102923488879,0.0,945.3102923488879
932.027795,170,84.434944,939.259000019353,-7.231204913598491,932.0277951057546
944.358558,159,84.51933,944.358557832391,0.0,944.358557832391
139.622038,75,84.558459,177.68381953012118,-38.06178120264625,139.6220383274749
954.200825,167,84.646546,984.5965381783822,-30.39571273785969,954.2008254405227
27.885348,55,84.679392,67.25205681678965,-39.366708901825994,27.88534791496373
-76.806139,19,84.690712,-47.91832264958872,-28.88781624747403,-76.80613889706277
944.159831,182,84.804741,991.3638668643882,-47.204035772920804,944.1598310914674
974.808243,159,84.908057,974.8082428374158,0.0,974.8082428374158
935.011778,164,85.604876,959.6933038775647,-24.68152591208623,935.0117779654786
967.132529,171,85.71494,983.0714906119308,-15.938961689325772,967.1325289226052
952.321934,154,89.711501,952.3219340153311,0.0,952.3219340153311
982.13361,160,89.796302,982.1336097114744,0.0,982.1336097114744
893.686038,181,89.893477,953.8813188329606,-60.19528043374462,893.6860383992159
385.125241,111,89.953697,423.17255715306055,-38.04731660597854,385.1252405470821
936.943085,165,90.060079,936.9430848562781,0.0,936.9430848562781
983.68089,161,90.163555,983.6808902922081,0.0,983.6808902922081
994.127591,172,90.26806,1007.0483460679484,-12.920754846651716,994.1275912212968
932.93829,167,90.398966,968.0365938544738,-35.09830379094952,932.9382900635242
307.045976,106,90.464603,335.17015318006213,-28.12417715222593,307.0459760278362
946.862771,180,90.575609,967.6044830033378,-20.741712108737403,946.8627708946005
898.455426,152,90.655855,938.4660923082042,-40.010665851900505,898.4554264563037
945.432138,185,91.431176,945.7929351911163,-0.3607971300122772,945.4321380611041
937.013665,154,91.51264,937.0136649785012,0.0,937.0136649785012
344.317114,100,91.566342,369.8094587560035,-25.492344806466225,344.3171139495374
958.372285,164,91.652877,960.0747387561722,-1.7024540590377093,958.3722846971345
975.405508,165,91.741825,975.4055081295448,0.0,975.4055081295448
93.688251,52,91.769078,120.83376703597285,-27.145515791718083,93.68825124425483
994.293246,150,91.855491,995.9402447002942,-1.6469987391293603,994.2932459611648
70.938513,49,91.890447,99.0034753270735,-28.06496252870076,70.93851279837277
1003.618063,174,92.002891,1003.6180625941505,0.0,1003.6180625941505
34.070555,50,92.033624,70.25092800648991,-36.180372684311294,34.07055532217862
942.152158,154,92.130878,942.152158433433,0.0,942.152158433433
-29.571632,31,92.150364,-11.749466373217516,-17.82216533058132,-29.571631703798843
991.667548,169,92.261142,991.6675480339314,0.0,991.6675480339314
167.729125,75,92.311957,204.99667484610782,-37.267549592538245,167.72912525356955
61.705041,62,92.352736,100.79026609854152,-39.085224642068816,61.70504145647273
929.317726,141,92.433672,929.3177260778281,0.0,929.3177260778281
938.401413,148,92.512067,938.4014133906174,0.0,938.4014133906174
42.775104,42,92.535798,89.6213292705915,-46.84622564015565,42.77510363043592
86.254207,53,92.564026,131.64364276410532,-45.389435649728554,86.2542071143768
22.621356,48,93.176096,68.81623383791957,-46.19487740502388,22.621356432895695
921.983468,157,93.273783,941.9889906256481,-20.00552218970449,921.9834684359436
359.198652,111,93.345814,423.3030122849239,-64.10436005882994,359.198652226094
40.391626,46,93.374597,86.55599192030832,-46.164365516397034,40.39162640391132
857.37944,153,93.4724,935.1461711082418,-77.76673079826647,857.3794403099754
311.605126,101,93.537394,354.1437353719575,-42.53860947294919,311.6051258990084
928.612268,146,93.629327,928.612267776799,0.0,928.612267776799
391.703761,131,93.711332,416.74845597636033,-25.044694958333245,391.7037610180271
1007.936241,159,93.792956,1007.936241469234,0.0,1007.936241469234
912.739963,151,93.872613,919.0027153527889,-6.262752203024869,912.739963149764
394.79546,109,93.930302,433.4583236011913,-38.66286400194117,394.79545959924997
955.781228,150,94.00989,956.4058000770449,-0.6245723168161561,955.7812277602287
980.274202,154,94.101231,984.145794608694,-3.871592961742171,980.274201646952
-34.935895,26,94.123657,0.5805620528131072,-35.51645670879205,-34.93589465597894
-58.507364,23,94.143473,-25.89974867576632,-32.60761523079127,-58.50736390655761
941.021927,150,94.236899,967.278924003836,-26.25699697689139,941.0219270269446
994.847213,172,94.325819,1018.2762456379571,-23.429032813866637,994.8472128240903
-73.896555,19,94.336812,-48.77954074276323,-25.117014257509645,-73.89655500027288
62.066246,45,94.360553,102.49331893384749,-40.4270734074523,62.066245526395335
187.812337,77,94.994959,231.76891319887326,-43.95657630694383,187.81233689192945
-46.778494,24,95.013071,-12.481569528130791,-34.29692459007286,-46.77849411820365
-66.299437,20,95.027707,-37.48808875306575,-28.81134781487637,-66.29943656794214
980.799052,153,95.12916,980.7990522706176,0.0,980.7990522706176
939.174071,157,95.224454,939.1740707252317,0.0,939.1740707252317
76.997491,56,95.26155,121.50857162773161,-44.51108019398753,76.99749143374405
929.42296,147,95.354344,956.1864414828271,-26.763481922938453,929.4229595598887
287.683939,88,95.407295,330.578838397259,-42.894899775183674,287.6839386220754
926.844347,143,95.500283,928.6312376561282,-1.786890367717218,926.8443472884109
43.54029,42,95.521458,88.57792012817016,-45.03763043636369,43.540289691806535
70.327232,47,95.548098,101.88610792481633,-31.558876019977987,70.3272319048384
845.231822,153,95.626298,937.7557169448294,-92.52389538849712,845.2318215563328
82.191428,56,95.656445,123.00969826908502,-40.818270575801876,82.19142769328315
947.85919,157,95.741228,947.8591896926072,0.0,947.8591896926072
1013.839487,147,95.816598,1013.8394866442175,0.0,1013.8394866442175
-72.762253,19,95.828519,-45.01473699942643,-27.74751645687446,-72.7622534563009
961.089652,168,95.918564,1009.0915058858748,-48.00185394970775,961.089651936167
997.42502,154,95.998851,997.4250200285487,0.0,997.4250200285487
955.952209,161,96.084031,955.9522089081966,0.0,955.9522089081966
13.451567,36,96.10478,52.79786428966152,-39.34629681143974,13.451567478221804
972.816793,143,96.775339,972.8167932234176,0.0,972.8167932234176
954.705917,148,96.863877,954.705916722626,0.0,954.705916722626
960.848699,150,96.959484,987.694818031727,-26.84611898215163,960.8486990495754
970.199172,153,97.06287,989.7059353110429,-19.506763444421722,970.1991718666212
419.492857,121,97.136921,464.79394839378654,-45.30109179737515,419.49285659641134
33.157629,39,97.162811,57.37230093044711,-24.214671938445406,33.15762899200173
-66.366646,22,97.177627,-33.70438515486684,-32.66226037425975,-66.36664552912663
964.338577,152,97.271141,964.3385769387826,0.0,964.3385769387826
973.387937,154,97.35143,985.5466120584294,-12.158675484152905,973.3879365742766
968.975093,142,97.427347,968.9750930910342,0.0,968.9750930910342
963.283481,152,97.510599,963.3348511454656,-0.05137013381404465,963.2834810116515
193.854996,79,97.558519,240.5568228054615,-46.70182666892469,193.85499613653698
23.478181,42,97.593752,41.97448886703839,-18.496307861307344,23.478181005731045
1000.243703,158,97.69143,1000.2437028318134,0.0,1000.2437028318134
74.953472,47,97.723182,101.55447915322851,-26.601007155217253,74.95347199801132
956.357159,154,97.822365,962.520682558561,-6.163523997101777,956.3571585614593
983.802628,149,97.921591,983.8026276643427,0.0,983.8026276643427
-67.105841,22,97.937733,-36.7504944690467,-30.35534607148194,-67.10584054052865
999.534389,163,98.659983,999.9409337696106,-0.40654507560157516,999.5343886940091
976.71664,155,102.15638,998.8876231565869,-22.170983418768706,976.7166397378182
-50.193119,22,102.170041,-19.707049973592106,-30.48606923020977,-50.193119203801885
54.447861,43,102.195814,85.88793681022628,-31.440075714385603,54.447861095840665
973.128047,160,102.279576,973.1280471006899,0.0,973.1280471006899
997.420617,161,102.364098,1008.4320766084911,-11.011459877351182,997.4206167311402
960.967463,143,102.440231,960.9674630918179,0.0,960.9674630918179
977.836137,160,102.526076,977.8361368155608,0.0,977.8361368155608
-36.783054,26,102.542685,0.16624509852472613,-36.94929914016441,-36.78305404163969
19.417076,38,102.568469,63.17873145443484,-43.76165564236139,19.41707581207352
98.96804,57,102.600461,144.92802012141175,-45.95998054729338,98.96803957411834
17.870159,44,102.62533,62.88005043407213,-45.00989158924065,17.870158844831508
961.767793,154,102.707983,961.7677926863782,0.0,961.7677926863782
969.475993,151,102.785721,969.8623631510454,-0.38637022062787363,969.4759929304176
232.284539,82,102.829528,275.135977541774,-42.851438095972625,232.28453944580144
929.008631,147,102.906824,931.3811473732217,-2.372516486727246,929.0086308864943
942.511692,161,103.010554,1009.7662197185285,-67.25452765194323,942.5116920665853
955.576382,159,103.11096,981.499147593389,-25.922765173733694,955.5763824196554
-33.342812,27,103.129161,3.06946305152222,-36.412275058696416,-33.3428120071742
93.130229,56,103.166961,132.80926973100938,-39.679040917521604,93.1302288134878
88.343269,55,103.795776,130.33393258888765,-41.990663345546736,88.3432692433409
969.435003,155,103.87841,969.4350033213448,0.0,969.4350033213448
-48.876944,26,103.895058,-21.785539628545465,-27.091404404912304,-48.876944033457775
332.031928,92,103.944221,361.34640209641015,-29.314473883597728,332.03192821281243
21.901706,45,103.970551,63.72025235199547,-41.81854596922304,21.901706382772517
932.891689,147,104.05139,932.8916887468578,0.0,932.8916887468578
29.580388,51,104.081543,78.68511841990201,-49.10473088170279,29.580387538199233
960.314547,157,104.170564,962.3929869656934,-2.078440103485404,960.3145468622079
983.467014,163,104.259603,983.4670141309036,0.0,983.4670141309036
967.389675,165,104.352375,987.4355642614164,-20.045888778188143,967.3896754832281
945.901913,144,104.43406,945.9019132087789,0.0,945.9019132087789
976.780668,154,104.527412,976.7806684374302,0.0,976.7806684374302
965.000163,157,104.632352,965.0001634898304,0.0,965.0001634898304
985.99574,158,104.733811,985.9957398790125,0.0,985.9957398790125
-82.022496,18,104.749964,-56.596180809047844,-25.426315409675844,-82.02249621872369
960.873938,150,104.859908,960.8739378142832,0.0,960.8739378142832
1034.272813,159,104.965798,1034.2728127832452,0.0,1034.2728127832452
953.364957,147,105.656656,955.6309536545,-2.265996234402845,953.3649574200972
968.197914,142,105.729037,968.1979135994624,0.0,968.1979135994624
-33.031075,28,105.747171,0.3557294650879328,-33.38680484471884,-33.03107537963092
-57.09681,21,105.75937,-27.65278539016323,-29.44402490905605,-57.0968102992193
310.812691,100,105.814212,357.8020984311253,-46.98940751987874,310.8126909112466
980.67799,157,105.895838,982.8726531897837,-2.194663400655368,980.6779897891283
977.113958,147,105.975789,977.4184836890698,-0.3045255174672521,977.1139581716026
877.696997,146,106.050292,977.0448779919477,-99.34788104903251,877.6969969429155
930.149815,155,106.132791,965.3172961653399,-35.16748086239656,930.1498153029436
343.375727,107,106.19011,380.1944462747378,-36.81871975579162,343.3757265189462
31.221806,39,106.210023,72.55731642349726,-41.33551087774913,31.22180554574824
168.62963,71,106.248544,208.94133193652104,-40.311702196731346,168.6296297397897
951.99235,190,106.362876,963.6358883390274,-11.643538483941203,951.9923498550863
1013.896895,153,106.459365,1013.896894832697,0.0,1013.896894832697
312.440852,101,106.529099,343.69303782365813,-31.252186229397772,312.4408515942604
956.420538,150,106.628529,956.4205380346449,0.0,956.4205380346449
374.745711,105,106.699734,418.8546124529566,-44.108901930927104,374.7457105220298
339.11745,116,106.780398,388.4215894507935,-49.30413937635634,339.1174500744371
61.858031,61,107.441308,93.12542668600813,-31.267395990950387,61.85803069505775
933.164742,146,107.51798,933.2049504111851,-0.04020862483215648,933.164741786353
-75.505867,17,107.528512,-50.77029792488269,-24.735569445190638,-75.50586737007333
69.013302,53,107.55566,109.34649431579265,-40.3331923654664,69.01330195032628
915.657414,154,107.640121,966.242330122084,-50.58491577754897,915.6574143445351
-41.6103,27,107.655216,-2.7649726946194733,-38.84532712894092,-41.610299823560396
905.885661,148,107.732716,958.6258198364511,-52.740158944883895,905.8856608915671
945.704493,157,107.815942,945.7044926318936,0.0,945.7044926318936
953.334846,170,107.907465,995.331992305836,-41.99714678343267,953.3348455224036
998.46944,156,107.988645,998.4694400435021,0.0,998.4694400435021
304.691957,102,108.044424,353.27494472063205,-48.58298806053019,304.69195666010194
971.184641,159,108.138171,984.9846386672554,-13.799997406703147,971.1846412605522
340.762981,110,108.210122,428.0993066364293,-87.33632591704733,340.7629807193821
128.064619,67,108.256511,166.07993637252446,-38.015316962135714,128.06461941038873
83.507561,52,108.286123,112.76148450985377,-29.25392391146322,83.5075605983906
923.202662,188,108.407031,923.2026623844805,0.0,923.2026623844805
-6.803179,35,108.431164,32.703433618236275,-39.50661288315776,-6.803179264921496
966.591255,145,108.520585,971.4281564042641,-4.836901823241002,966.5912545810231
20.491278,37,108.546231,55.92212710813736,-35.43084899150285,20.49127811663452
298.728279,115,108.618075,359.5633899063749,-60.83511138739136,298.72827851898364
932.452488,156,109.288231,965.3941402933599,-32.941652273193306,932.452488020167
337.253798,98,109.33936,377.6876966705093,-40.43389833172102,337.2537983387883
1002.038664,151,109.417176,1002.0386641756694,0.0,1002.0386641756694
318.971331,97,109.471086,361.6019642329859,-42.63063359380658,318.97133063917937
334.435235,106,109.527998,358.0858485582273,-23.65061310655472,334.4352354516725
347.282948,109,109.586925,386.24794828467617,-38.965000692150646,347.2829475925255
35.837474,46,109.612146,76.60346480947234,-40.7659904172917,35.83747439218067
364.411477,107,109.670752,407.9598083428776,-43.54833093413748,364.4114774087401
47.283691,50,109.697268,85.38845326532058,-38.10476212323381,47.28369114208678
1025.474426,154,109.777726,1025.4744260352666,0.0,1025.4744260352666
973.400799,160,109.864379,975.118471330023,-1.7176725904197978,973.4007987396033
159.126388,76,109.91757,225.8208382501624,-66.69445065481997,159.12638759534252
339.444895,98,109.976288,368.2050001718816,-28.760105152445476,339.4448950194361
916.982632,149,110.070953,954.7819949587441,-37.799363051691564,916.9826319070525
986.403992,158,110.177208,986.4039920233015,0.0,986.4039920233015
944.101648,190,110.297297,944.1016478103934,0.0,944.1016478103934
1005.774682,148,114.330923,1005.7746823354443,0.0,1005.7746823354443
966.807411,147,114.994396,966.8074106722531,0.0,966.8074106722531
-25.929077,29,115.012355,12.599301763660392,-38.52837852820713,-25.92907676454675
34.715235,40,115.03414,68.90770025746495,-34.1924654193828,34.71523483808214
216.080581,83,115.080531,259.16978468069885,-43.08920417401669,216.08058050668217
913.061611,153,115.160797,926.4270213034756,-13.365410752275096,913.0616105512005
956.01731,158,115.243608,985.1711618221229,-29.153851367852216,956.017310454271
941.726357,144,115.320011,941.7263566575828,0.0,941.7263566575828
922.988441,149,115.398056,922.9884406038017,0.0,922.9884406038017
-41.972692,28,115.414622,-13.428160547181605,-28.54453164855915,-41.97269219574076
979.770882,150,115.493103,979.7708824252046,0.0,979.7708824252046
951.671797,143,115.570004,963.2474844361037,-11.575687815175595,951.671796620928
942.773089,144,115.645262,944.1453848750024,-1.3722963743676466,942.7730885006347
102.65675,50,115.672067,136.67366340325069,-34.01691332758062,102.65675007567009
-75.071497,18,115.685655,-48.50154258396779,-26.56995449514686,-75.07149707911466
963.997787,159,115.77532,963.9977867681888,0.0,963.9977867681888
79.46649,53,115.811536,107.50953012877923,-28.043039815140567,79.46649031363867
952.397625,160,115.915424,961.7544551053038,-9.356830115258408,952.3976249900453
966.771648,148,116.008246,966.7716477218306,0.0,966.7716477218306
-61.167671,22,116.025886,-30.500090269466966,-30.66758109251336,-61.16767136198034
-38.203571,25,116.044226,-3.46588979711548,-34.73768086564901,-38.20357066276449
923.5308,155,116.72155,984.3706640470931,-60.83986447985682,923.5307995672362
1006.231275,151,116.800973,1006.2312750452029,0.0,1006.2312750452029
924.79596,148,116.880542,924.7959600064078,0.0,924.7959600064078
989.464066,152,116.960445,989.464065893715,0.0,989.464065893715
939.922449,150,117.041648,939.9224491878291,0.0,939.9224491878291
376.10506,111,117.09983,420.7566161289965,-44.651556358407916,376.1050597705884
969.716764,140,117.174082,969.7167637406683,0.0,969.7167637406683
208.971198,88,117.22254,245.74289722122055,-36.77169934370716,208.97119787751345
352.438144,92,117.271588,382.9888724408916,-30.55072828334337,352.4381441575483
945.504199,148,117.351467,952.0676824115603,-6.563483555611842,945.5041988559485
963.020518,155,117.433626,963.0205176792763,0.0,963.0205176792763
77.562857,55,117.475532,117.57846816920642,-40.01561139374941,77.5628567754571
959.435615,158,117.588022,961.1585911208897,-1.722975624024004,959.4356154968657
996.126496,154,117.700326,996.1264955392569,0.0,996.1264955392569
877.822267,146,117.805418,928.3412101561113,-50.51894363414371,877.8222665219678
141.246794,69,117.854904,190.21671412349963,-48.96992024504466,141.24679387845492
971.385678,215,118.570656,974.5325056510749,-3.1468280016618477,971.3856776494131
-83.265439,18,118.581096,-56.162201925907404,-27.103237482619274,-83.26543940852669
1008.986205,151,118.661205,1008.9862052809087,0.0,1008.9862052809087
984.956907,145,118.738981,984.956907365362,0.0,984.956907365362
401.457121,113,118.798722,447.3398194958328,-45.88269837287907,401.4571211229537
957.284463,151,118.880497,959.5945403071674,-2.310077214449338,957.284463092718
884.782477,167,118.968283,957.2208642713842,-72.43838734610524,884.7824769252791
-55.202177,21,118.981751,-26.255058193024723,-28.947118508649357,-55.20217670167409
352.446866,105,119.03826,396.68378965559185,-44.23692359956931,352.44686605602254
-19.970346,29,119.05642,10.931712703391383,-30.90205855981324,-19.970345856421858
963.72175,149,119.13772,963.7217503096489,0.0,963.7217503096489
396.982942,112,119.196529,434.6464147231672,-37.66347254375685,396.9829421794105
-58.544376,22,119.210337,-27.312219208872605,-31.232157156771482,-58.54437636564409
1002.24797,216,119.3541,1002.2479702457683,0.0,1002.2479702457683
353.22654,104,119.424213,389.4724016137837,-36.24586170110041,353.2265399126833
986.099262,175,119.533625,1004.6244456774871,-18.52518374657716,986.09926193091
953.926664,146,119.623894,953.9266635041718,0.0,953.9266635041718
997.183051,159,120.318209,997.1830512292461,0.0,997.1830512292461
947.151358,146,120.393689,954.3129291967927,-7.1615713053715835,947.1513578914211
340.455221,111,120.453805,381.9840320727656,-41.52881090073772,340.45522117202796
884.685239,146,120.532058,916.3567786202118,-31.671539517791608,884.6852391024202
118.500461,60,120.564945,154.83468268769593,-36.33422177939677,118.5004609082992
954.001537,147,120.642701,955.420890029819,-1.4193526916248151,954.0015373381942
954.361305,144,120.716732,954.3613048919932,0.0,954.3613048919932
19.188315,36,120.73815,57.57302420315024,-38.38470878081172,19.18831542233856
942.319792,143,120.813417,966.8218566932319,-24.502064487380405,942.3197922058514
301.081116,104,120.870865,381.20827270551655,-80.12715696214379,301.0811157433728
959.261891,155,120.953353,959.2618907001865,0.0,959.2618907001865
303.61643,99,121.006357,368.110869140319,-64.49443875090834,303.6164303894107
1009.516885,168,121.112771,1009.5168854093235,0.0,1009.5168854093235
891.298473,147,121.208513,940.4310747042621,-49.1326015605979,891.2984731436642
952.575794,162,121.314139,952.5757943679355,0.0,952.5757943679355
918.057869,155,122.000292,951.8817793588196,-33.82391007274608,918.0578692860736
307.30867,101,122.053317,347.44452997919217,-40.13585985091693,307.3086701282753
938.131082,141,122.127073,946.7831868839316,-8.652104461682566,938.131082422249
995.124388,169,122.217987,995.1243879904276,0.0,995.1243879904276
978.406078,150,122.297768,978.4060784375706,0.0,978.4060784375706
938.613606,158,122.381229,988.8287686381051,-50.21516253741196,938.613606100693
984.385373,154,122.4646,988.4991306375676,-4.11375787064241,984.3853727669253
285.093398,101,122.518906,330.6174463309503,-45.524048278992275,285.09339805195805
980.73603,157,122.601358,980.7360296794418,0.0,980.7360296794418
935.764888,157,122.683345,961.6627823852668,-25.897893933971122,935.7648884512959
65.926172,57,122.715389,113.10050381847206,-47.17433155821985,65.92617226025224
240.38196,99,122.777294,304.6391133595072,-64.25715320369612,240.38196015581133
970.477679,240,122.924937,970.4776794529437,0.0,970.4776794529437
929.805699,144,127.282018,940.4779376222606,-10.672239113749253,929.8056985085113
942.193569,144,127.376878,942.1935690187405,0.0,942.1935690187405
165.572103,79,128.011998,198.7823083312921,-33.210205720850574,165.5721026104416
13.940403,51,128.040937,59.74604120963818,-45.80563830309845,13.940402906539873
404.738534,108,128.096952,437.859516310726,-33.1209822764567,404.7385340342695
-71.893515,17,128.107191,-47.719646042679756,-24.173869389524853,-71.89351543220462
986.562905,155,128.189512,986.5629050080531,0.0,986.5629050080531
964.000809,153,128.270404,964.000809398827,0.0,964.000809398827
989.992681,156,128.351406,989.9926812204902,0.0,989.9926812204902
339.032397,103,128.405437,383.3310592324467,-44.29866178149881,339.03239745094794
936.567182,140,128.479756,936.5671819708929,0.0,936.5671819708929
970.470115,150,128.557361,970.4701152923828,0.0,970.4701152923828
325.626451,97,128.607727,368.1673302732392,-42.54087961725999,325.6264506559792
22.319984,46,128.634713,67.35231872318877,-45.03233495320152,22.31998376998729
939.290574,150,128.723317,974.0652483754084,-34.77467394471302,939.2905744306954
987.8098,151,128.820521,987.8098001552542,0.0,987.8098001552542
991.852144,157,128.918114,1001.6648969673304,-9.81275298761362,991.8521439797169
881.541661,143,129.008648,932.6606922271299,-51.1190307793575,881.5416614477724
912.026137,158,129.105456,955.7466082995895,-43.72047101185383,912.0261372877358
938.243388,152,129.780204,938.2433883849607,0.0,938.2433883849607
25.160001,45,129.804654,65.9404409832483,-40.780439938899754,25.16000104434852
-22.472123,44,129.831064,17.22688104217528,-39.69900441610685,-22.472123373931638
975.933302,160,129.913857,984.2420336222921,-8.308731312284554,975.9333023100078
209.503238,86,129.960821,249.73591949704831,-40.23268166865872,209.50323782838962
952.564146,144,130.036748,968.1828778452839,-15.618732184274382,952.5641456610097
896.338317,142,130.110878,938.7774538822722,-42.439136609386075,896.3383172728862
914.432732,132,130.179634,914.4327323942288,0.0,914.4327323942288
346.888267,102,130.235173,385.28224037971904,-38.393973717223865,346.88826666249514
429.961663,113,130.295936,456.95138024967105,-26.989717514312137,429.961662735359
892.699649,145,130.379282,930.4500327472749,-37.75038356642246,892.6996491808525
989.455923,158,130.488209,989.6958939957871,-0.2399706598492264,989.4559233359379
952.783127,145,130.591173,952.7831269572756,0.0,952.7831269572756
894.192866,164,130.708421,948.146891043503,-53.9540250084448,894.1928660350584
954.496488,146,130.817376,956.7297923427163,-2.233304619489057,954.4964877232272
957.532625,146,130.920618,957.5326248584512,0.0,957.5326248584512
-57.37132,21,130.945136,-28.259763049297987,-29.111557375577206,-57.37132042487519
955.08766,141,131.614311,972.0534398874897,-16.965780222711462,955.0876596647784
972.798063,152,131.694488,972.7980628662531,0.0,972.7980628662531
925.882657,152,131.778845,959.2996764082744,-33.41701987565065,925.8826565326237
980.831137,145,131.85611,980.8311374735996,0.0,980.8311374735996
970.682956,158,131.93981,970.9717743201624,-0.2888181664548828,970.6829561537076
906.539806,177,132.03128,955.9403409109804,-49.40053473522736,906.5398061757531
938.641715,149,132.10976,942.6985193399578,-4.05680415086019,938.6417151890976
954.239699,143,132.18878,954.2396989632745,0.0,954.2396989632745
92.461635,59,132.230719,133.5298989821616,-41.06826380225061,92.46163517991104
32.610119,51,132.265887,76.86294438744373,-44.25282520653958,32.610119180904164
327.17731,99,132.330425,365.90919054991787,-38.731880228816834,327.1773103211011
998.319731,144,132.418495,998.3197310910128,0.0,998.3197310910128
957.334122,155,132.517865,1019.6295133993913,-62.29539171426207,957.334121685129
984.088304,158,132.621519,984.0883035903637,0.0,984.0883035903637
937.909628,142,132.709798,945.0467194001019,-7.137091148083748,937.9096282520181
983.331567,156,133.378331,983.3315671031121,0.0,983.3315671031121
997.89664,149,133.456386,997.896639989985,0.0,997.896639989985
903.225583,146,133.533618,974.4614170852831,-71.23583405258546,903.2255830326978
193.478255,74,133.575329,224.18249652530415,-30.704241621837298,193.47825490346685
994.101192,158,133.657368,994.1011918504614,0.0,994.1011918504614
90.469957,58,133.690535,129.038300428043,-38.56834295339099,90.469957474652
381.907663,107,133.747113,421.93274192054133,-40.02507872886845,381.90766319167284
1004.332424,157,133.831086,1016.4252565788702,-12.09283261642841,1004.3324239624418
945.853461,154,133.916051,971.06970862042,-25.21624741323096,945.8534612071888
1002.566087,160,134.014462,1002.5660874076849,0.0,1002.5660874076849
166.496423,68,134.061372,204.10779307531033,-37.6113697881332,166.49642328717715
968.328811,146,134.153325,968.3288106803833,0.0,968.3288106803833
973.970188,147,134.25113,986.8500256163256,-12.879837909001228,973.9701877073246
951.732391,143,134.342597,951.7323913291525,0.0,951.7323913291525
941.2319,144,134.438153,972.2244238240703,-30.992524231865826,941.2318995922044
31.767967,41,134.465418,74.07419658887854,-42.30623008390273,31.767966504975803
85.699557,62,134.503955,122.77023615883775,-37.07067884875044,85.69955731008736
965.763108,146,135.167718,974.1728484367528,-8.40974076320428,965.7631076735486
957.587753,140,135.240014,957.5877533906479,0.0,957.5877533906479
88.675004,48,135.265658,132.75667373737622,-44.081669679043905,88.67500405833233
991.736324,149,135.343437,991.7363237933895,0.0,991.7363237933895
916.954524,154,135.423523,934.475153244955,-17.520628875565876,916.9545243693892
-4.49078,32,135.441752,35.17581221648544,-39.66659255209888,-4.490780335613408
874.369928,150,135.520885,924.1197075918179,-49.74977927104477,874.369928320773
952.938497,147,135.598735,952.9384972402238,0.0,952.9384972402238
324.421873,101,135.652399,382.85567809865626,-58.433804902175,324.4218731964813
888.064415,138,135.739461,916.7515712405162,-28.68715659823883,888.0644146422773
980.096103,163,135.842987,996.0352915759033,-15.939188255784867,980.0961033201183
897.050594,142,135.936108,942.2623967024522,-45.21180300966465,897.0505936927874
373.579645,101,139.908368,415.93503741018014,-42.35539204762166,373.57964536255855
947.572087,143,140.000494,947.5720871636494,0.0,947.5720871636494
1013.29177,161,140.105241,1014.1605879476572,-0.868817681566525,1013.2917702660907
984.783691,155,140.207002,984.783691274287,0.0,984.783691274287
933.960725,134,140.876393,933.9607250554172,0.0,933.9607250554172
-68.718677,19,140.888746,-41.595548253594515,-27.123128864674438,-68.71867711826896
-4.70365,51,140.914373,36.872087148043164,-41.57573745550221,-4.703650307459014
927.684355,144,140.98998,968.7182238222354,-41.03386837590658,927.6843554463286
933.063755,139,141.062033,933.3394700992064,-0.27571482680372483,933.0637552724027
189.935556,89,141.110906,257.72296905724517,-67.78741303723834,189.9355560200069
896.001996,135,141.181834,920.9841663332311,-24.982170383891834,896.0019959493393
254.092075,94,141.229838,292.8356967943146,-38.74362195205022,254.0920748422644
962.896037,148,141.307838,965.9408482253787,-3.0448115793369857,962.8960366460417
982.84912,161,141.392842,986.7006364271027,-3.851516217444291,982.8491202096584
911.453921,147,141.472826,948.4665907054632,-37.01266966838737,911.4539210370758
978.372084,145,141.550282,980.7635909730195,-2.3915070303575456,978.372083942662
962.271432,161,141.63513,971.6515550353178,-9.380122716765971,962.2714323185519
21.578495,49,141.668134,68.81428808293435,-47.2357927139316,21.578495369002752
1003.945962,151,141.762413,1003.9459620715627,0.0,1003.9459620715627
299.160579,103,141.828818,392.3082199819507,-93.14764081373849,299.1605791682122
30.218995,59,141.865496,75.56670005312839,-45.347705343421325,30.218994709707147
954.765169,171,141.971112,954.7651690256477,0.0,954.7651690256477
108.738141,73,142.612686,163.72125000527748,-54.983109144445926,108.7381408608316
957.630687,144,142.68602,957.6306866441234,0.0,957.6306866441234
56.875612,49,142.714688,88.76732212236502,-31.891710087691266,56.875612034673765
105.88472,70,142.754025,193.54723192406055,-87.66251154968968,105.88472037437097
316.947945,99,142.805777,374.69632544524546,-57.748380554440104,316.9479448908054
125.771184,73,142.847722,202.66085561769327,-76.8896717271518,125.77118389054166
937.227203,153,142.929773,993.3715820320463,-56.14437879011957,937.227203241927
1004.310651,155,143.013579,1010.1415001638014,-5.830849406048664,1004.3106507577529
907.630507,136,143.084239,936.8264088109228,-29.1959016818932,907.6305071290298
909.096527,143,143.160607,964.1913059199378,-55.09477872026718,909.0965271996704
939.19402,138,143.239403,940.2613476454633,-1.0673276253071782,939.1940200201561
93.755331,49,143.267105,122.2828250106306,-28.52749447110185,93.75533053952879
200.270335,80,143.310864,237.2514208546594,-36.98108610137949,200.27033475327988
963.102692,140,143.407437,963.1026922037137,0.0,963.1026922037137
920.970633,138,143.504359,941.0543203512212,-20.083687744960272,920.9706326062608
884.833695,136,143.60381,920.7255183602315,-35.891823568511356,884.8336947917205
983.001632,142,143.708596,983.001632097715,0.0,983.001632097715
942.069498,147,143.808905,944.3397481299087,-2.27024984572844,942.0694982841803
926.994981,132,144.484246,926.9949806117334,0.0,926.9949806117334
910.318347,150,144.563606,953.1951989054768,-42.87685228317608,910.3183466223007
313.046039,99,144.6154,354.287434449642,-41.24139561548036,313.0460388341617
-68.588185,19,144.627507,-41.789375689309196,-26.79880941657261,-68.58818510588179
966.661153,150,144.704985,966.6611529513746,0.0,966.6611529513746
979.470467,148,144.7867,990.6216389628446,-11.151172121278842,979.470466841566
988.479212,156,144.86776,988.4792123279037,0.0,988.4792123279037
332.248313,97,144.920317,376.0215137650828,-43.77320049843122,332.24831326665156
1023.378093,158,145.004618,1031.5158135630015,-8.13772044922198,1023.3780931137798
421.778614,116,145.067213,463.1726300275274,-41.394015929606226,421.7786140979212
54.729552,58,145.09975,102.63770808538057,-47.90815590706163,54.72955217831897
959.978569,145,145.19151,959.9785687384303,0.0,959.9785687384303
280.728529,100,145.252252,345.2019441929707,-64.47341503883646,280.7285291541345
226.895508,89,145.310888,274.6596719188846,-47.764163672033945,226.89550824685068
938.445936,150,145.408785,955.4476577000545,-17.00172174274386,938.4459359573107
318.578281,97,145.467659,360.5646997806166,-41.986419026200444,318.57828075441614
335.668014,97,145.531137,378.8632435589456,-43.1952292196042,335.6680143393415
965.067798,152,146.235234,983.3159887078917,-18.248190511099743,965.0677981967918
283.986479,100,146.289297,355.80945220194496,-71.8229735180231,283.986478683922
959.795872,151,146.369247,960.5319835394615,-0.7361117839099736,959.7958717555516
154.275048,74,146.409641,197.49395796331018,-43.218910198392095,154.27504776491807
167.15517,83,146.452909,209.74748922844978,-42.59231899487428,167.15517023357543
1021.871357,150,146.534115,1021.8713571287616,0.0,1021.8713571287616
-45.059355,24,146.548218,-10.270728300180934,-34.788626426858414,-45.05935472703936
318.489435,98,146.600217,361.79965900413833,-43.31022391376508,318.4894350903732
-70.437703,23,146.61381,-36.962675346181854,-33.475027901740496,-70.43770324792237
964.82258,145,146.690038,973.4338175025844,-8.611237321761255,964.822580180823
872.725207,137,146.762239,930.2564986193673,-57.53129151877251,872.7252071005947
-81.074781,19,146.773859,-52.41404007297044,-28.660740452989838,-81.07478052596028
943.234325,147,146.851388,961.2436996648835,-18.009374663920926,943.2343250009626
948.584935,148,146.934134,955.1298849603583,-6.54495031236005,948.5849346479982
193.837694,78,146.986726,224.39938725818826,-30.561693741782065,193.8376935164062
-52.290577,30,147.007868,-15.822928227353884,-36.46764860705248,-52.29057683440635
955.036973,141,147.101119,955.0369725101502,0.0,955.0369725101502
925.300883,140,147.188188,932.6618311464758,-7.36094784303889,925.3008833034369
1000.823493,156,147.288181,1000.8973744521707,-0.073881433288852,1000.8234930188818
173.586642,72,147.340154,197.49451529941092,-23.907872913605893,173.58664238580508
944.227985,140,148.014789,944.2279846483012,0.0,944.2279846483012
951.541937,143,148.089871,960.9165062326638,-9.374569625786467,951.5419366068772
34.29924,59,148.121238,74.69019515767957,-40.39095552345983,34.29923963421979
387.218387,103,148.176101,425.8415355164538,-38.62314846622836,387.21838705022543
944.908275,156,148.257584,944.9082750683687,0.0,944.9082750683687
22.630789,49,148.284738,67.9528938464178,-45.322104838472214,22.63078900794568
959.939109,147,148.362382,959.9391091479099,0.0,959.9391091479099
165.903486,77,148.405394,205.25541678457773,-39.351931088542884,165.90348569603486
969.532905,152,148.485764,969.5329052662103,0.0,969.5329052662103
981.672847,152,148.568016,984.9160047057884,-3.243157445748067,981.6728472600404
953.556123,142,152.848049,953.5561234361983,0.0,953.5561234361983
930.83383,137,152.933612,930.833829513922,0.0,930.833829513922
964.871439,146,153.030438,966.1482458001881,-1.2768070310085138,964.8714387691796
949.404173,146,153.112349,974.8379016260333,-25.43372851986723,949.404173106166
873.139448,140,153.186311,933.8410258840521,-60.70157825984761,873.1394476242046
277.918748,100,153.236941,349.2952690195323,-71.37652091155564,277.91874810797646
936.122293,149,153.903886,963.8907277292406,-27.768434758125895,936.1222929711148
146.891085,70,153.94107,176.96256719235444,-30.071482453807647,146.89108473854677
267.018396,91,153.990035,308.1566258179288,-41.138229994746744,267.018395823182
971.329652,158,154.073616,984.7670182200184,-13.437365925101233,971.3296522949172
935.358663,148,154.151158,963.599086236065,-28.24042322050086,935.3586630155642
973.604406,149,154.232654,973.6044056443731,0.0,973.6044056443731
964.409226,150,154.325526,998.5422383713629,-34.13301211965828,964.4092262517048
1004.249866,153,154.426665,1004.2498657073535,0.0,1004.2498657073535
913.618931,141,154.516517,944.4938254011554,-30.874894309863492,913.6189310912921
929.45671,154,154.618678,977.6982376513331,-48.24152781380409,929.4567098375292
95.62985,49,154.651934,120.17283862279541,-24.542988163776062,95.62985045901934
957.087211,139,154.737674,957.0872109351365,0.0,957.0872109351365
988.420381,151,154.835401,988.4203813964306,0.0,988.4203813964306
319.245054,94,154.886208,365.42131082467256,-46.176256392617965,319.24505443205464
932.58108,150,154.965002,987.4736626607289,-54.89258276674781,932.5810798939813
916.944244,137,155.039002,936.6856091664306,-19.741365349893858,916.9442438165366
377.785242,99,155.091826,418.6698250341171,-40.884583244322975,377.78524178979404
988.271735,146,155.762337,988.2717351205858,0.0,988.2717351205858
971.104032,147,155.840601,971.1040316025064,0.0,971.1040316025064
340.636624,123,155.906023,433.0205043886422,-92.38387995972914,340.63662442891325
941.990414,153,155.985126,952.5073234753684,-10.516909674462456,941.9904138009058
351.225378,100,156.043001,388.2529908295769,-37.027612639908924,351.22537818966816
930.522755,142,156.142177,958.9078198921771,-28.38506468384766,930.5227552083297
940.343786,154,156.245718,978.2056600020915,-37.861874498365275,940.3437855037264
-63.806053,21,156.260871,-33.3935457824213,-30.412507468247945,-63.80605325066927
911.922299,143,156.361512,965.0852367771463,-53.16293742017641,911.9222993569701
986.026258,159,156.479101,1001.957218825207,-15.930960339428232,986.0262584857787
931.208087,144,156.579696,981.726445566645,-50.518359018576305,931.2080865480686
954.732888,150,156.679804,978.7998680227095,-24.066979956310234,954.7328880663991
1000.474164,168,156.766474,1000.4741643582227,0.0,1000.4741643582227
376.170496,116,156.827523,424.5918756488235,-48.42137922961172,376.1704964192118
971.958968,148,156.903383,971.9589680040617,0.0,971.9589680040617
999.267163,153,157.565424,999.2671629686189,0.0,999.2671629686189
-21.22607,29,157.582033,9.676840308667792,-30.902910605992048,-21.226070297324256
-83.084383,24,157.595683,-45.71407170576788,-37.3703109182745,-83.08438262404238
912.003924,153,157.676067,945.2188225314529,-33.21489842236616,912.0039241090869
920.909956,139,157.748933,920.90995641369,0.0,920.90995641369
960.152727,141,157.823506,960.1527274040016,0.0,960.1527274040016
954.248971,148,157.913509,954.248971381717,0.0,954.248971381717
928.516237,140,158.007096,946.8567286994686,-18.34049120857259,928.516237490896
959.438277,151,158.104889,959.4382768339826,0.0,959.4382768339826
955.284782,146,158.199668,955.284782292201,0.0,955.284782292201
924.760416,149,158.291701,924.760416020507,0.0,924.760416020507
111.692854,65,158.335553,156.14475908355095,-44.451904796206044,111.69285428734483
995.5739,155,158.435911,997.6296559133042,-2.055755705360932,995.5739002079433
880.10282,140,158.509442,935.2569122628508,-55.15409230587627,880.1028199569746
331.986526,102,158.563696,376.25377928854454,-44.26725331716093,331.98652597138357
943.659091,154,158.647082,979.0301774265067,-35.37108606286715,943.6590913636394
940.299097,196,159.333602,943.942015593388,-3.642918908684221,940.2990966847037
1018.100162,156,159.417395,1018.1001616862949,0.0,1018.1001616862949
972.907146,158,159.501786,972.9071457502273,0.0,972.9071457502273
57.959139,51,159.528651,88.69470255320527,-30.735563747393687,57.95913880581162
950.234815,142,159.603101,950.6194954193465,-0.3846808829206436,950.2348145364259
901.649503,148,159.692722,959.0832363394163,-57.43373340910376,901.649502930313
959.968554,139,159.783605,959.9685540412477,0.0,959.9685540412477
949.902686,142,159.879509,949.9026856633484,0.0,949.9026856633484
148.210711,67,159.921802,177.8639487745833,-29.653237919555888,148.2107108550275
-79.683656,17,159.933877,-54.79509056713901,-24.888565870459637,-79.68365643759866
-65.342364,19,159.948989,-38.657908663830256,-26.684455674463674,-65.34236433829392
973.158373,140,160.039172,973.1583727546473,0.0,973.1583727546473
1010.364372,153,160.138866,1010.364372095521,0.0,1010.364372095521
916.547735,147,160.226368,916.5477347170402,0.0,916.5477347170402
953.997598,148,160.304464,980.8034345188968,-26.805836338060992,953.9975981808358
282.867233,94,160.355015,339.4821430150005,-56.61490965725319,282.8672333577473
973.608399,143,160.43034,974.1516088336562,-0.5432093577945905,973.6083994758617
994.944041,150,161.092643,995.1706281512008,-0.2265868231886463,994.9440413280122
883.870824,145,161.169435,934.055782382424,-50.18495857917029,883.8708238032535
936.872795,153,161.25173,976.4411798997978,-39.56838468835912,936.8727952114386
980.441596,147,161.327555,987.3716400098492,-6.930044002315258,980.4415960075339
933.501747,139,161.40535,944.0956402324696,-10.593892911254487,933.501747321215
965.997204,143,161.496695,968.5748975584279,-2.577693138862144,965.9972044195658
987.956026,149,161.592917,1004.004122824207,-16.04809712459643,987.9560256996103
949.962502,145,165.847206,976.6501616401415,-26.68765985676658,949.9625017833748
947.17877,145,165.940091,947.178769963136,0.0,947.178769963136
971.121162,147,166.03775,971.1211622737003,0.0,971.1211622737003
947.461741,134,166.125397,947.4617413836665,0.0,947.4617413836665
971.376331,153,166.221094,971.3763309829861,0.0,971.3763309829861
949.629229,147,166.298799,997.2715395508353,-47.64231032965768,949.6292292211776
163.875293,81,166.341987,249.8376234300755,-85.96233072787997,163.87529270219562
985.221094,142,166.417004,985.2210935682547,0.0,985.2210935682547
1007.779252,149,167.081002,1007.779252297284,0.0,1007.779252297284
940.468455,145,167.157354,940.4684546067676,0.0,940.4684546067676
946.986501,139,167.229795,950.4536690715181,-3.467167862913689,946.9865012086045
285.547901,90,167.278702,336.91949910693916,-51.37159775985576,285.54790134708344
62.750449,45,167.302418,106.51552211609928,-43.76507269523711,62.750449420862196
868.228042,145,167.376037,941.4045358946933,-73.17649364215588,868.2280422525373
921.489211,138,167.463221,926.4671771606788,-4.977966356972351,921.4892108037066
315.423392,98,167.52822,375.43500679799354,-60.01161434983794,315.42339244815565
987.961103,158,167.627611,987.9611034159376,0.0,987.9611034159376
1028.362219,152,167.726616,1028.3622187083645,0.0,1028.3622187083645
1016.951081,152,167.826034,1016.9510808484524,0.0,1016.9510808484524
373.889015,100,167.886194,418.2136375953795,-44.324622190499,373.88901540488064
971.516996,141,167.978315,971.5169964612465,0.0,971.5169964612465
919.603858,134,168.049795,919.6038575967207,0.0,919.6038575967207
952.88816,138,168.121676,952.8881595016119,0.0,952.8881595016119
953.560848,141,168.19651,959.1896475671443,-5.628799559048492,953.5608480080961
932.908769,144,168.861295,947.6190018005362,-14.7102325754863,932.9087692250499
1000.966218,151,168.962515,1021.3062231624699,-20.34000504444209,1000.9662181180279
-69.06555,21,168.974617,-37.68526798044027,-31.380282328544467,-69.06555030898477
917.684596,141,169.061888,946.4753529128785,-28.79075728342358,917.684595629455
902.327963,144,169.150608,949.1605642864629,-46.832600997364764,902.3279632890982
162.442947,73,169.194432,205.65362504789843,-43.21067796475697,162.4429470831415
964.366115,140,169.288174,964.3661153333694,0.0,964.3661153333694
380.76791,106,169.366929,425.25462871819127,-44.486718313742294,380.767910404449
941.446383,137,169.471524,941.4463828345661,0.0,941.4463828345661
289.135801,98,169.532538,384.63122254481556,-95.49542104704038,289.13580149777516
184.460103,78,169.583716,231.3904243560599,-46.93032110412638,184.46010325193367
296.881167,85,169.63813,339.9411598651883,-43.05999321075106,296.88116665443715
900.508236,140,169.7276,959.5730144326919,-59.06477799690483,900.5082364357869
987.073045,145,169.815389,991.8516407325016,-4.778595629484686,987.073045103017
911.09048,139,169.892227,938.8105430317025,-27.72006349838506,911.0904795333174
996.559526,147,169.968533,996.559525531942,0.0,996.559525531942
982.645825,148,170.045642,982.6458253094358,0.0,982.6458253094358
906.9857,138,170.704794,947.9552803563704,-40.96958023524038,906.98570012113
958.120119,154,170.799457,976.3528366421635,-18.232718117864327,958.1201185242992
936.605115,139,170.892757,948.6860142336526,-12.080899312422416,936.6051149212304
982.218668,148,170.986665,983.1491381876559,-0.9304704457455912,982.2186677419104
256.757986,91,171.040648,305.7016895016428,-48.94370375834663,256.7579857432962
921.440245,143,171.133179,962.0058478209485,-40.565602779470325,921.4402450414782
-72.329992,17,171.146787,-47.9789247715273,-24.35106719219052,-72.32999196371782
10.900105,45,171.176998,56.42475722785116,-45.52465243564341,10.90010479220777
934.240949,137,171.262775,937.2118725662376,-2.9709234767901043,934.2409490894474
953.340146,140,171.343532,953.3401456308392,0.0,953.3401456308392
988.234832,147,171.421828,988.2348323333842,0.0,988.2348323333842
100.088624,48,171.449003,127.16332621442254,-27.07470234263736,100.08862387178519
984.281503,151,171.529126,984.2815032293563,0.0,984.2815032293563
477.701358,117,171.590021,508.39347087298256,-30.692112433329008,477.70135843965375
998.233,149,171.670192,998.2330000649963,0.0,998.2330000649963
950.546698,136,171.740149,950.5466984378731,0.0,950.5466984378731
928.726953,136,171.812909,928.7269534275183,0.0,928.7269534275183
952.914227,148,172.472733,980.6080927031473,-27.693866137549282,952.9142265655981
1004.255409,148,172.556884,1004.2554089624679,0.0,1004.2554089624679
1019.038319,149,172.655086,1019.0383188939311,0.0,1019.0383188939311
973.472025,143,172.747621,993.0743346668521,-19.602309566349867,973.4720251005023
934.324076,134,172.829118,936.8507113531394,-2.526635171290379,934.3240761818491
958.065855,141,172.921612,959.1449202367797,-1.0790654962750903,958.0658547405047
-57.958077,20,172.935201,-30.54070742406519,-27.417369701881285,-57.95807712594649
936.760262,136,173.018008,936.7602617208518,0.0,936.7602617208518
976.074959,151,173.10659,1007.8716107470765,-31.796651921351085,976.0749588257255
970.977141,148,173.184312,970.9771409206317,0.0,970.9771409206317
935.861371,144,173.258287,979.6120753123025,-43.75070467993091,935.861370632372
963.527168,142,173.337489,975.1549500361118,-11.627781699880988,963.527168336231
236.695266,87,173.383595,281.8533953382762,-45.15812939179712,236.6952659464791
973.387713,148,173.461907,979.6216844109383,-6.233971102743559,973.3877133081949
106.228324,58,173.49408,156.38499586679484,-50.15667174723424,106.22832411956063
-69.286074,21,173.506305,-38.585099183299306,-30.700974394575567,-69.28607357787489
102.334619,59,173.539651,126.08925059816457,-23.75463171625247,102.33461888191218
73.32305,44,173.566924,96.80775173538296,-23.48470196966768,73.32304976571527
96.880839,58,174.199234,139.7796792481187,-42.89883999873015,96.8808392493886
951.350773,135,174.268443,951.3656744253205,-0.014901767951252864,951.3507726573694
-63.962476,19,174.282047,-37.00539606563164,-26.957079577114662,-63.96247564274631
956.215155,141,174.376028,956.2151546969125,0.0,956.2151546969125
946.890199,141,174.462392,947.4286111187969,-0.5384126123699229,946.8901985064269
207.885895,77,174.514958,236.64103848745947,-28.755143150546083,207.88589533691345
-24.750582,37,174.537685,18.384743521597073,-43.13532529657125,-24.750581774974165
173.916031,72,174.583557,213.58771949643045,-39.67168832399739,173.91603117243307
947.616545,144,178.54678,983.8755590944974,-36.259014190905546,947.6165449035918
967.490122,147,178.624783,1000.7135303042277,-33.223408793220074,967.4901215110078
913.795133,136,178.698901,938.318546930813,-24.523414108487493,913.7951328223257
978.585083,147,178.7972,978.5850829629779,0.0,978.5850829629779
901.966241,130,178.882979,915.5298437822323,-13.56360247834937,901.9662413038831
964.202319,140,178.972103,964.2023191955852,0.0,964.2023191955852
196.95306,77,179.022995,236.8643602607341,-39.91130056520261,196.9530596955314
960.122019,146,179.118466,960.1220191024134,0.0,960.1220191024134
-77.268045,17,179.127509,-54.139615379948886,-23.128429756941024,-77.26804513688992
1021.03668,148,179.223263,1021.0366795612881,0.0,1021.0366795612881
970.473757,150,179.30779,970.4737565012041,0.0,970.4737565012041
930.462008,138,179.971456,949.3184363816115,-18.85642820996591,930.462008171646
969.038515,145,180.049752,990.8215110996556,-21.782996205293767,969.038514894362
931.065073,145,180.122655,944.179324142031,-13.11425154480667,931.0650725972246
236.42453,92,180.171669,332.9482400760295,-96.52371043736217,236.42452963866728
975.63168,146,180.247233,983.3784260898099,-7.746746301866316,975.6316797879435
945.869272,137,180.318433,945.8692720747458,0.0,945.8692720747458
922.681449,139,180.393181,949.8577488659898,-27.176299441624508,922.6814494243654
345.764333,106,180.448678,409.6599824538318,-63.89564984811757,345.7643326057142
47.204406,50,180.477061,94.50320739129904,-47.29880096161901,47.20440642968006
914.69644,129,180.561154,914.6964395230051,0.0,914.6964395230051
52.76012,56,180.595867,88.03249074693326,-35.27237042509694,52.760120321836325
998.971469,156,180.697077,1005.9957947698681,-7.024325942561193,998.9714688273068
219.5093,78,180.750934,248.8425474757508,-29.333247401169153,219.50930007458157
970.935764,142,180.844726,970.9357640743808,0.0,970.9357640743808
910.32106,149,180.944374,966.2949014918793,-55.973841224765074,910.3210602671143
958.930657,141,181.033589,964.3018670966229,-5.371210454457327,958.9306566421657
969.029935,149,181.69512,969.0299348847989,0.0,969.0299348847989
983.457221,145,181.769938,990.1987286350295,-6.741508134859352,983.4572205001703
-46.460548,23,181.783583,-14.557058596584355,-31.903489523448645,-46.460548120032996
311.680973,93,181.834132,374.8192403591805,-63.13826707122819,311.68097328795227
20.440286,44,181.857901,65.72204317862514,-45.281757472278635,20.440285706346515
980.532077,144,181.933581,980.5320770195768,0.0,980.5320770195768
170.552047,73,181.972753,207.64784768937054,-37.09580098184526,170.55204670752525
983.937678,153,182.053569,1004.7545301748203,-20.816852313719295,983.9376778611013
964.579583,139,182.142683,964.5795827305496,0.0,964.5795827305496
361.939811,96,182.200252,394.14234299938704,-32.20253193468718,361.9398110647
339.648238,102,182.266374,384.2634771068161,-44.61523920049953,339.6482379063166
957.144632,151,182.379867,989.4481016156187,-32.30346960934635,957.1446320062726
965.181297,143,182.484236,965.1812972393903,0.0,965.1812972393903
973.91178,141,182.589803,973.9117802724464,0.0,973.9117802724464
913.169173,144,182.691218,947.2596435123089,-34.09047080993026,913.1691727023789
941.544638,138,182.776159,941.5446382087778,0.0,941.5446382087778
-28.975747,35,182.801835,5.908574050863621,-34.884321323160876,-28.975747272297298
961.669867,143,182.886255,966.5615768776851,-4.891709692119628,961.6698671855654
959.516938,145,183.545683,959.5169375521525,0.0,959.5169375521525
976.637477,141,183.617861,977.435730350461,-0.7982530196160607,976.6374773308448
1008.217074,147,183.695935,1008.2544816489751,-0.03740795797395169,1008.2170736910011
1012.725515,152,183.778287,1012.7255149768104,0.0,1012.7255149768104
296.094263,88,183.824536,338.2125867291642,-42.11832392185844,296.09426280730577
-32.668241,27,183.839669,5.0668303157408445,-37.73507116485129,-32.66824084911046
944.799347,134,183.921551,944.7993469834771,0.0,944.7993469834771
923.684281,134,184.006934,928.8395890897373,-5.155308021451075,923.6842810682863
969.05825,141,184.097077,971.9420094678394,-2.883759852878783,969.0582496149607
936.284633,139,184.183584,942.1115700216187,-5.826936925132309,936.2846330964865
923.459064,137,184.272557,923.4590643604377,0.0,923.4590643604377
33.232688,41,184.301285,73.8530207877477,-40.620333167766816,33.23268761998095
1018.158496,152,184.401251,1018.1584960051001,0.0,1018.1584960051001
922.907857,135,184.481281,922.9078571371924,0.0,922.9078571371924
-58.074042,20,184.493132,-32.96507524835461,-25.108966774792798,-58.0740420231474
939.752462,141,184.567306,939.7524621228433,0.0,939.7524621228433
338.850943,100,184.621278,384.66452054696305,-45.813577229354266,338.8509433176089
986.021864,145,184.698101,986.021864117976,0.0,986.021864117976
945.047142,146,185.35784,973.0787962798271,-28.031654220341675,945.0471420594856
936.16033,140,185.430483,942.1906510811859,-6.03032130314516,936.1603297780407
910.147751,127,185.495649,910.1477513306528,0.0,910.1477513306528
987.470066,154,185.576252,987.4700655283876,0.0,987.4700655283876
994.56633,150,185.66464,1012.925790582195,-18.359460473149777,994.5663301090453
978.375962,145,185.753741,979.8664458239911,-1.49048405314121,978.3759617708499
854.958551,135,185.839644,899.5484436244025,-44.58989240427997,854.9585512201227
932.04582,146,185.937513,968.6124833924199,-36.566662942605404,932.0458204498148
1004.144326,149,186.037746,1011.2651490407302,-7.120823179942534,1004.1443258607876
75.738229,63,186.075501,116.02887689555914,-40.29064836775814,75.73822852780094
964.673846,140,186.166916,964.673846419102,0.0,964.673846419102
904.806023,144,186.253929,953.0982778715356,-48.29225507802683,904.8060227935086
943.474358,139,186.327642,943.4743576491643,0.0,943.4743576491643
995.702208,152,186.408511,995.7022078360737,0.0,995.7022078360737
954.761302,140,186.483588,954.7613021291605,0.0,954.7613021291605
942.826873,152,187.148693,972.8710216998338,-30.04414840668076,942.8268732931531
832.496545,133,187.219419,913.9917149473395,-81.4951701360158,832.4965448113238
-68.348367,21,187.233018,-37.75314163151859,-30.59522586240519,-68.34836749392379
923.211886,137,187.305127,944.1743778689909,-20.96249164397292,923.2118862250179
112.831857,62,187.336624,154.83988282272495,-42.008025972333975,112.831856850391
914.710686,138,191.476009,940.2972239249287,-25.586538127380955,914.710685797548
862.040024,135,191.548718,916.9058526917063,-54.86582868688747,862.0400240048193
967.3697,144,191.633134,967.3696998926828,0.0,967.3696998926828
941.050278,139,191.731183,948.2917126764812,-7.241434713959155,941.050277962522
1003.398276,147,191.821453,1003.3982764620836,0.0,1003.3982764620836
954.921671,145,191.911448,971.139006363986,-16.21733586258318,954.921670501403
949.67995,148,192.006622,983.1888588602585,-33.5089090382398,949.6799498220187
243.03362,85,192.063076,284.96477142901927,-41.93115101199532,243.03362041702394
902.104624,140,192.150766,956.9525179912025,-54.84789374699798,902.1046242442048
372.890657,100,192.206461,408.8831454972852,-35.99248827288419,372.8906572244009
390.209571,100,192.259417,415.3737357549664,-25.164165036502105,390.2095707184642
963.451598,140,192.331801,963.4515977495672,0.0,963.4515977495672
978.708546,147,193.032708,978.7085464061947,0.0,978.7085464061947
966.848043,152,193.11247,993.2470031518826,-26.398960443012143,966.8480427088705
331.685245,97,193.165288,372.029506223848,-40.34426161054169,331.68524461330634
944.750777,140,193.239635,944.7507766409523,0.0,944.7507766409523
932.307938,152,193.327205,978.0884083921774,-45.780469965905965,932.3079384262712
922.733079,144,193.413804,982.7703965001682,-60.037317614208725,922.7330788859595
943.895032,146,193.51133,954.7881085260964,-10.89307639226056,943.895032133836
991.384986,141,193.595236,991.3849856445088,0.0,991.3849856445088
996.952851,152,193.693913,996.9528507042716,0.0,996.9528507042716
915.552927,142,193.782165,950.0192847935156,-34.46635824297248,915.5529265505435
975.207498,144,193.873461,979.8166409005391,-4.609143114877098,975.207497785662
991.886752,148,193.969201,991.8867517100858,0.0,991.8867517100858
978.885713,148,194.055868,980.7500360794752,-1.8643235309938575,978.8857125484813
-23.823503,27,194.072027,-1.6756364942542064,-22.147866280838038,-23.823502775092237
72.825382,56,194.100751,117.49073517523146,-44.66535308553517,72.82538208969635
981.649606,141,194.768599,981.6496056509892,0.0,981.6496056509892
-80.339472,17,194.78067,-55.09399073022804,-25.245480860412748,-80.33947159064078
983.585213,150,194.86062,984.252172694427,-0.6669592117928502,983.5852134826342
925.531571,149,194.939022,970.567887779943,-45.036316833559894,925.531570946383
944.041251,140,195.013892,944.0412508813631,0.0,944.0412508813631
987.831801,154,195.110972,987.8318014209269,0.0,987.8318014209269
955.636244,140,195.204467,956.6365372409178,-1.0002935859572801,955.6362436549606
948.697218,135,195.294982,948.6972175791461,0.0,948.6972175791461
405.736873,105,195.361631,446.8249315269461,-41.088058504589306,405.7368730223567
957.861426,142,195.449343,957.8614256801695,0.0,957.8614256801695
971.347219,142,195.543209,971.3472186915869,0.0,971.3472186915869
1001.079812,153,195.643765,1001.0798120264219,0.0,1001.0798120264219
153.291695,79,195.687025,197.46040696005767,-44.168711564656434,153.2916953954012
953.056852,149,195.76514,953.0568522106495,0.0,953.0568522106495
952.497067,144,195.84006,956.1975710573904,-3.7005038217321946,952.4970672356584
306.421817,101,195.894356,348.9394401644878,-42.517623544964415,306.4218166195235
911.731393,135,195.965377,918.7806713918341,-7.049278721336519,911.7313926704976
948.911793,145,196.630491,975.7723523888756,-26.86055938872427,948.9117930001512
937.814109,143,196.706264,983.383305364308,-45.56919603854396,937.8141093257641
80.787898,59,196.739188,130.31320461993982,-49.52530636943122,80.78789825050863
969.166658,155,196.820468,990.5478239082049,-21.381165412849107,969.1666584953557
977.705241,145,196.90979,977.7052412304677,0.0,977.7052412304677
32.193187,49,196.944586,76.60247572520066,-44.40928892782108,32.19318679737964
959.511613,147,197.043604,959.5116125736454,0.0,959.5116125736454
896.389544,137,197.12974,930.1394342372756,-33.74988985079107,896.3895443864844
339.855743,103,197.197726,388.06540831100983,-48.209665101560404,339.8557432094495
957.717733,140,197.291964,957.7177327122308,0.0,957.7177327122308
988.824511,145,197.38262,1002.3498432330023,-13.525332296529452,988.8245109364727
915.313881,145,197.46714,941.7404916218562,-26.42661091131317,915.3138807105432
990.612425,159,197.549009,1020.5771516420182,-29.96472622766138,990.612425414357
1004.061158,157,197.632141,1015.8495583122647,-11.788400026145986,1004.0611582861186
455.186081,115,197.690165,475.6697218429985,-20.483640833847357,455.1860810091511
966.376129,144,198.361591,966.376128756101,0.0,966.376128756101
339.475749,98,198.414487,382.7603327296193,-43.284583874165826,339.4757488554535
950.24968,149,198.490349,976.8804159028153,-26.630736155459957,950.2496797473556
371.027701,102,198.546248,416.742057815371,-45.71435731336918,371.02770050200184
950.174489,144,198.620115,970.8070116001574,-20.632522526377294,950.17448907378
972.753165,146,198.714357,972.7531654790603,0.0,972.7531654790603
1006.292687,155,198.818424,1006.4858527180976,-0.19316523117773343,1006.2926874869198
984.625542,144,198.908786,984.6255421953689,0.0,984.6255421953689
913.484339,131,198.995952,913.4843385074751,0.0,913.4843385074751
932.74059,139,199.088748,932.7405895933656,0.0,932.7405895933656
945.889628,145,199.189341,972.8742556820816,-26.984627295125684,945.889628386956
1020.299629,150,199.287655,1020.2996290347019,0.0,1020.2996290347019
313.05745,97,199.352337,357.3518021783608,-44.29435190988281,313.05745026847796
963.504966,146,199.442458,963.5049657221397,0.0,963.5049657221397
954.02638,137,199.532067,954.0263798834575,0.0,954.0263798834575
374.246519,107,199.600168,412.33854464618094,-38.092025481122334,374.2465191650589
911.027577,140,200.28081,940.8128538687663,-29.785276489078548,911.0275773796877
869.402459,135,200.351743,915.3095964264443,-45.90713747470228,869.4024589517419
386.915693,101,204.578103,427.80659853491716,-40.89090540726052,386.91569312765677
934.755357,132,204.660027,934.755357327195,0.0,934.755357327195
902.38531,135,204.75174,923.194296699111,-20.808987057428737,902.3853096416822
338.098617,102,204.822056,406.1282295207999,-68.02961223769975,338.0986172831
945.022896,140,204.913095,958.1061176124532,-13.083221823547891,945.0228957889053
971.267924,141,204.995689,971.2679237436112,0.0,971.2679237436112
908.712952,133,205.078181,908.7129524941951,0.0,908.7129524941951
944.413157,140,205.153768,944.4131567987854,0.0,944.4131567987854
949.417589,140,205.228205,949.4175890487383,0.0,949.4175890487383
958.074688,152,205.307977,1000.1055844903807,-42.03089635672747,958.074688133653
969.726832,144,205.383795,969.726831817928,0.0,969.726831817928
928.65236,148,205.462865,978.4503756261192,-49.7980154511542,928.6523601749652
941.632603,146,205.540389,991.4240475265882,-49.79144497107761,941.6326025555106
970.867458,141,206.208094,970.8674580046509,0.0,970.8674580046509
945.484742,136,206.277909,945.4847423622637,0.0,945.4847423622637
157.681058,73,206.318034,188.2157715500545,-30.534713950746912,157.68105759930756
947.849462,140,206.410013,947.8494623792998,0.0,947.8494623792998
967.881541,140,206.502584,968.5528533139512,-0.6713125426084696,967.8815407713428
-75.718336,19,206.518737,-46.85301188663496,-28.865324332598583,-75.71833621923355
944.087445,142,206.605553,956.3266234906878,-12.23917864950965,944.0874448411781
986.185105,148,206.700336,999.1605876297142,-12.975482590194371,986.1851050395198
319.256895,89,206.759507,358.2650721462936,-39.00817759774698,319.2568945485466
81.856903,44,206.789224,97.77970954342237,-15.922806287072621,81.85690325634977
981.841612,142,206.877796,981.841611603919,0.0,981.841611603919
986.553528,144,206.953491,986.553528413492,0.0,986.553528413492
936.335442,139,207.026594,936.3354423357046,0.0,936.3354423357046
898.258278,140,207.101237,933.6934424907779,-35.43516438717182,898.2582781036061
991.239732,148,207.177094,993.5043736730092,-2.2646420775149343,991.2397315954945
953.196715,143,207.252167,973.2212298823243,-20.024514942278003,953.1967149400464
914.033042,142,207.327705,962.7915770057632,-48.75853529787294,914.0330417078903
960.462252,148,207.990468,960.9052112073335,-0.4429593775296077,960.462251829804
394.86259,100,208.044557,420.88003736910275,-26.01744765163282,394.86258971747
390.086797,100,208.103742,418.9830767790652,-28.89627985306599,390.08679692599924
-61.658164,19,208.118653,-35.09404759870638,-26.564116647305024,-61.6581642460114
939.076839,145,208.211,994.9407621043163,-55.86392305546042,939.0768390488558
956.073251,140,208.308321,961.1006690148927,-5.027417564110197,956.0732514507825
924.365521,137,208.403715,948.7885268780009,-24.423006260446023,924.3655206175548
994.892788,147,208.499339,994.8927875092355,0.0,994.8927875092355
362.358941,100,208.565458,407.88567457329856,-45.526733615557475,362.358940957741
391.599794,101,208.634282,433.84123244223485,-42.24143822759963,391.59979421463504
952.630968,140,208.710836,956.692751108462,-4.061782926591772,952.6309681818702
105.355356,64,208.746521,149.76070828453598,-44.40535199437528,105.35535629016073
1017.632148,153,208.826315,1017.6321475844467,0.0,1017.6321475844467
925.20525,132,208.897942,925.3422854431042,-0.1370352735977569,925.2052501695064
982.310688,147,208.976351,982.3106882087826,0.0,982.3106882087826
983.1507,145,209.052748,983.1506997516627,0.0,983.1506997516627
925.391735,139,209.127544,925.3917350912063,0.0,925.3917350912063
326.183414,95,209.797129,371.90390762482895,-45.72049330034848,326.1834143244805
196.367075,77,209.839232,240.03188029826038,-43.66480492247928,196.36707537578116
947.536254,140,209.9351,947.5362544728293,0.0,947.5362544728293
940.071813,142,210.024965,952.8972936260172,-12.825480372332585,940.0718132536849
956.389986,141,210.113859,956.3899860470672,0.0,956.3899860470672
955.725903,137,210.205366,955.7259034449158,0.0,955.7259034449158
932.947234,139,210.298385,965.445103170255,-32.49786907217345,932.9472340980816
905.927729,132,210.388296,937.540497791125,-31.612768878102603,905.9277289130225
372.137658,99,210.451823,414.8103254497883,-42.67266756087916,372.13765788890936
325.923856,94,210.506225,368.009290330539,-42.08543397128851,325.9238563592505
243.971198,82,210.549062,285.2185431365082,-41.24734516879368,243.97119796771452
1002.348204,150,210.627843,1002.3482035323995,0.0,1002.3482035323995
988.391914,148,210.705737,988.3919144353365,0.0,988.3919144353365
965.214416,146,210.782169,1011.6692239464421,-46.45480828795469,965.2144156584872
333.772941,96,210.835617,382.036266934443,-48.26332572679901,333.77294120764407
1007.287253,146,210.912815,1007.2872534631008,0.0,1007.2872534631008
978.888677,142,211.577423,978.8886769114249,0.0,978.8886769114249
335.746773,100,211.629039,378.81122682860445,-43.06445362752014,335.7467732010843
317.457483,91,211.67839,360.50651976723174,-43.04903674616384,317.4574830210679
373.924264,107,211.742903,433.7305213137418,-59.80625739440726,373.92426391933463
955.392105,138,211.834554,955.392104996219,0.0,955.392104996219
994.271824,148,211.93144,995.8973427152343,-1.6255188177455082,994.2718238974888
975.572476,141,212.019897,975.5724759231243,0.0,975.5724759231243
970.374621,145,212.124622,990.4657768864231,-20.091156033984472,970.3746208524385
921.066824,135,212.216917,943.1417702682011,-22.074946057477707,921.0668242107236
981.388675,144,212.312816,981.3886746460054,0.0,981.3886746460054
996.652112,142,212.405098,996.6521117804336,0.0,996.6521117804336
360.679719,108,212.470021,439.0453854943351,-78.365666282894,360.6797192114411
213.126477,81,212.521469,255.5793037796729,-42.45282635565023,213.1264774240227
970.62484,140,212.610332,970.6248401617383,0.0,970.6248401617383
990.944717,142,212.696417,990.9447173574,0.0,990.9447173574
382.780906,101,212.753331,418.4596269272599,-35.67872075010364,382.78090617715617
953.404738,141,213.412417,953.5201050458771,-0.11536699504415626,953.404738050833
955.156815,143,217.486236,955.1568147883177,0.0,955.1568147883177
966.896962,139,217.572131,966.8969615063978,0.0,966.8969615063978
945.989274,137,217.664928,957.5637245134371,-11.574450415416992,945.9892740980201
882.092668,149,217.762441,960.9027611687378,-78.81009348316111,882.0926676855767
965.967343,142,217.848921,994.3975342133062,-28.43019082058145,965.9673433927248
170.602997,74,217.898161,215.48794980942705,-44.88495269507984,170.6029971143472
939.227468,135,217.974493,942.9298542504448,-3.7023865491443937,939.2274677013004
954.731785,137,218.047205,954.7317847753922,0.0,954.7317847753922
994.372239,145,218.125191,994.3722385237427,0.0,994.3722385237427
332.421562,94,218.176497,379.9344195103527,-47.51285756238695,332.4215619479659
977.35272,146,218.252513,978.4053399831057,-1.0526204238347097,977.352719559271
950.421315,139,218.325568,950.4213152374722,0.0,950.4213152374722
958.267884,145,218.400971,996.7857516609414,-38.517867409062035,958.2678842518793
964.365482,144,218.477456,964.3654824603152,0.0,964.3654824603152
974.805505,145,218.555475,989.0077857944473,-14.202280761344976,974.8055050331023
951.811697,141,219.286566,951.8116965902786,0.0,951.8116965902786
381.066637,104,219.349042,420.07733597097376,-39.01069859816205,381.0666373728118
993.800449,142,219.43661,993.8004494664317,0.0,993.8004494664317
931.530453,134,219.528415,931.5304534428009,0.0,931.5304534428009
910.6004,144,219.629317,968.253767258904,-57.65336723335171,910.6004000255525
360.774405,99,219.688876,409.2909045823801,-48.5164994993265,360.7744050830535
953.027135,137,219.773545,953.0271348731667,0.0,953.0271348731667
964.839337,142,219.851792,964.839337340952,0.0,964.839337340952
67.782174,52,219.881148,107.47536816508335,-39.69319368678444,67.78217447829894
933.056325,136,219.952779,940.4687382834303,-7.412413577554709,933.0563247058756
971.247786,139,220.024613,971.2477860926219,0.0,971.2477860926219
372.345737,104,220.079648,417.7485138616752,-45.40277675547752,372.3457371061976
-29.080358,28,220.094407,2.417748564785981,-31.49810653035182,-29.080357965565838
376.857734,103,220.14707,435.00382863417803,-58.14609512882744,376.85773350535055
964.994757,142,220.222322,965.53505459438,-0.5402975710594298,964.9947570233205
341.843272,94,220.271443,381.27424986261406,-39.43097772471644,341.84327213789766
896.010103,139,220.34524,953.38592748205,-57.37582440791344,896.0101030741364
1013.364553,149,221.036224,1019.0529849476861,-5.688431641947834,1013.3645533057384
337.45116,92,221.084454,379.60878188730055,-42.15762238435045,337.4511595029502
920.723188,132,221.156109,920.7231880709932,0.0,920.7231880709932
1007.7588,150,221.234164,1007.7588001409131,0.0,1007.7588001409131
983.576727,147,221.312317,1003.3780843688722,-19.80135772805606,983.5767266408163
1018.026519,148,221.391077,1025.3830991158663,-7.356580057751334,1018.026519058115
317.225698,91,221.439889,368.28849132424364,-51.06279351571405,317.2256978085296
1016.76419,150,221.519199,1016.7641904008772,0.0,1016.7641904008772
981.726148,144,221.594331,982.9199912384404,-1.1938428623257824,981.7261483761147
957.079353,141,221.668387,972.9191833701711,-15.8398301824728,957.0793531876984
933.373646,134,221.738097,933.3736458023257,0.0,933.3736458023257
995.008575,144,221.813874,995.0085754615214,0.0,995.0085754615214
981.140444,144,221.890648,981.1404443325076,0.0,981.1404443325076
310.559059,90,221.939111,355.2453593549308,-44.686300754496145,310.5590586004347
970.655115,138,222.011434,970.6551154009098,0.0,970.6551154009098
925.789282,143,222.085061,930.0892179076374,-4.29993588731642,925.7892820203209
394.186251,107,222.768382,446.3306018043529,-52.1443511915895,394.1862506127635
920.026667,136,222.840167,920.0266665014449,0.0,920.0266665014449
983.715137,146,222.917926,992.9391845125565,-9.224048004137714,983.7151365084188
948.8789,138,222.993124,948.9487084776192,-0.06980897752560278,948.8788995000937
863.382928,132,223.060778,914.5247941285211,-51.141866017812966,863.3829281107083
206.26546,81,223.104726,239.84309888693457,-33.577638728760135,206.26546015817462
1013.107168,149,223.182628,1013.1071677678192,0.0,1013.1071677678192
350.485603,102,223.236087,391.3955149446769,-40.90991196353242,350.4856029811445
984.964563,144,223.314466,984.9645626140899,0.0,984.9645626140899
951.770636,137,223.388183,951.7706361564325,0.0,951.7706361564325
932.871424,143,223.463337,951.463483676318,-18.592059705350053,932.871423970968
985.28592,144,223.538318,985.2859202020212,0.0,985.2859202020212
278.6088,90,223.586673,313.8795420681722,-35.27074175689986,278.6088003112726
949.892569,139,223.66181,961.0919606426115,-11.199391397118491,949.8925692454931
896.063579,136,223.732042,948.906207091125,-52.842628038521475,896.0635790526036
346.927887,97,223.78258,390.80140671776337,-43.87351973391401,346.92788698384936
956.725518,139,224.462142,956.7255175044172,0.0,956.7255175044172
2.982453,35,224.483554,36.84245969431579,-33.860007152836694,2.982452541479077
930.67324,141,224.56244,960.089909667749,-29.416669870406643,930.6732397973426
75.524665,57,224.601218,119.80677761836685,-44.28211285977167,75.52466475859518
1016.456739,149,224.699099,1016.4567391056353,0.0,1016.4567391056353
975.622589,143,224.78974,976.3094970200951,-0.6869076253137463,975.6225893947815
-26.277178,29,224.810907,9.388898550919635,-35.66607703917187,-26.277178488252233
985.256449,148,224.908768,989.6278375813104,-4.371388826606819,985.2564487547036
993.390313,145,225.001278,993.3903133253756,0.0,993.3903133253756
933.18768,139,225.089582,963.2322902912392,-30.044610412489966,933.1876798787496
963.805679,142,225.170421,971.4420442259652,-7.636365101009782,963.8056791249554
963.357755,140,225.244324,971.9200341071223,-8.562279451285438,963.3577546558369
963.050145,142,225.318913,964.3359437607265,-1.2857985088309807,963.0501452518956
965.389064,140,225.392916,965.3890641111524,0.0,965.3890641111524
962.847223,138,225.466484,962.8472233608835,0.0,962.8472233608835
330.879494,99,229.190715,373.1491963074513,-42.269701945671194,330.8794943617801
191.861036,87,229.238708,245.57787893438353,-53.71684269532498,191.86103623905848
-80.591196,17,229.24931,-55.68699231896543,-24.904203208287964,-80.5911955272534
366.637108,100,229.898101,417.7796849573575,-51.14257736261519,366.6371075947423
155.642897,78,229.940896,201.7665217924956,-46.12362491652213,155.64289687597352
988.336253,146,230.020444,996.4962684351178,-8.160015060421795,988.3362533746961
930.048762,143,230.095593,970.6120916563709,-40.56332981933815,930.0487618370328
998.311724,148,230.173201,1003.5619523488028,-5.250228287880009,998.3117240609229
878.109776,134,230.242629,929.0595861996728,-50.94980995369343,878.1097762459799
360.443498,100,230.296243,403.2628083267483,-42.819309922231334,360.44349840451696
354.831289,98,230.348189,400.36432444675825,-45.53303494975126,354.83128949700694
944.209326,139,230.420896,954.8802942970191,-10.670967843632472,944.2093264533866
1017.345288,146,230.498907,1017.3452881015833,0.0,1017.3452881015833
965.992348,158,230.583697,980.5327873538555,-14.540439840188155,965.9923475136674
999.915079,146,230.660579,1002.7436485570747,-2.8285692540985155,999.9150793029762
991.616908,150,230.739852,1007.8553512578263,-16.238443152870005,991.6169081049565
943.5391,136,230.81115,943.5391003740461,0.0,943.5391003740461
963.692956,137,230.882612,963.6929560704506,0.0,963.6929560704506
917.999383,135,230.95654,937.484472159711,-19.485089494379928,917.9993826653313
327.195547,91,231.586141,370.1407542066513,-42.94520721127305,327.1955469953782
56.598254,43,231.614851,94.79076606720633,-38.19251251784983,56.59825354935663
926.73126,148,231.711488,996.1313297911554,-69.40006954628494,926.7312602448703
980.362889,146,231.786857,995.7077428681338,-15.344853900691021,980.3628889674426
969.799396,142,231.862785,969.7993956248106,0.0,969.7993956248106
350.862945,100,231.917065,397.93655487492026,-47.07360982990291,350.86294504501734
993.696132,149,231.996087,993.6961322982268,0.0,993.6961322982268
931.678228,133,232.067736,931.6782278167312,0.0,931.6782278167312
920.069309,130,232.137292,920.0693092338164,0.0,920.0693092338164
976.566935,144,232.2141,976.566935038148,0.0,976.566935038148
1013.842425,148,232.29172,1013.8424249533525,0.0,1013.8424249533525
332.230401,93,232.341795,371.0561111388398,-38.82570983450667,332.23040130433316
966.936187,140,232.41735,980.6283902800344,-13.692203187555881,966.9361870924786
984.504908,142,232.49863,984.5514891069181,-0.04658109414941336,984.5049080127687
-70.974404,18,232.509268,-45.893162473646896,-25.08124108693589,-70.9744035605828
349.466517,96,232.563699,398.09730695495426,-48.630789842766916,349.4665171121873
918.183134,141,232.642002,974.4929318776344,-56.30979782563006,918.1831340520046
937.184987,138,233.339951,937.1849870598171,0.0,937.1849870598171
988.506646,142,233.43652,988.5066463047859,0.0,988.5066463047859
957.260236,140,233.517147,957.2602362959075,0.0,957.2602362959075
333.753723,98,233.568427,401.13469233251084,-67.38096958043404,333.7537227520769
970.665915,141,233.644999,970.6659153847742,0.0,970.6659153847742
977.411577,142,233.717912,977.4115772009586,0.0,977.4115772009586
311.703067,93,233.768777,358.290769105532,-46.58770247692175,311.70306662861043
299.381298,98,233.821987,341.126640343519,-41.74534252499316,299.3812978185259
910.582633,147,233.903723,962.2891442266307,-51.70651118179761,910.5826330448331
920.712512,141,233.977614,943.1827193028205,-22.470207229483943,920.7125120733363
976.228154,146,234.053816,976.2281536401455,0.0,976.2281536401455
962.166686,136,234.124392,962.1666864918927,0.0,962.1666864918927
358.306573,101,234.178894,401.3513564795842,-43.04478345624642,358.3065730233377
38.300472,54,234.206216,87.10742164178785,-48.806949187717166,38.3004724540707
1027.480834,152,234.286586,1027.4808337155794,0.0,1027.4808337155794
924.428425,152,234.367658,996.9517695330121,-72.52334459604887,924.4284249369632
908.462044,139,235.018366,960.003625345694,-51.54158174841662,908.4620435972774
938.177443,144,235.10653,956.3357131100853,-18.158270363800398,938.177442746285
952.841944,136,235.192468,952.8419440560518,0.0,952.8419440560518
948.485397,139,235.265248,971.7123066515799,-23.226909764925082,948.4853968866548
920.920818,130,235.334205,920.9208180240414,0.0,920.9208180240414
-50.833392,24,235.347582,-16.90917250760012,-33.9242196563595,-50.833392163959594
995.040436,148,235.427287,995.0404356614222,0.0,995.0404356614222
948.829762,141,235.501828,975.4145369491566,-26.584774759751916,948.8297621894048
424.500212,111,235.563026,468.7429721367286,-44.2427601636296,424.5002119730988
985.546372,142,235.638462,985.5463717594677,0.0,985.5463717594677
960.029306,140,235.712233,960.0293061705895,0.0,960.0293061705895
956.279844,142,235.789563,956.2798443931079,0.0,956.2798443931079
985.658914,142,235.8651,985.6589139266058,0.0,985.6589139266058
986.308005,148,235.942303,1011.7602084726078,-25.452203787462402,986.3080046851455
941.594454,134,236.016067,941.5944539475895,0.0,941.5944539475895
971.870082,141,236.089747,971.8700815735514,0.0,971.8700815735514
372.161193,105,236.729078,417.76687165141635,-45.60567827351211,372.16119337790417
974.076185,146,236.820824,974.0761845357986,0.0,974.0761845357986
973.740827,140,236.908593,973.7408271079746,0.0,973.7408271079746
-31.347435,36,236.928193,13.559456135473795,-44.90689153501156,-31.3474353995378
993.545689,147,237.007849,993.5456889626898,0.0,993.5456889626898
906.357051,136,237.078262,945.4161305385893,-39.05908001115984,906.3570505274295
179.637207,73,237.117457,213.25284601256794,-33.61563938106198,179.63720663150593
-71.610151,19,237.129528,-43.48556159747338,-28.124589090862248,-71.61015068833561
935.351523,141,237.2032,952.321270499517,-16.96974736013304,935.351523139384
919.63069,136,237.274912,919.6306900584615,0.0,919.6306900584615
961.714415,138,237.347443,961.7144152008569,0.0,961.7144152008569
960.912064,137,237.421392,960.9120636846337,0.0,960.9120636846337
919.861466,138,237.493484,919.8614664522605,0.0,919.8614664522605
403.045621,105,237.548625,441.784964866169,-38.739344328419094,403.0456205377499
398.530132,105,241.219459,439.783195152366,-41.2530633040474,398.5301318483187
986.099899,143,241.294898,986.0998992624159,0.0,986.0998992624159
990.444431,148,241.37751,1004.8331463249351,-14.388715175998797,990.4444311489364
881.944283,137,242.019007,940.1008754116408,-58.15659259402993,881.9442828176109
959.729801,141,242.093369,979.4525708349038,-19.72276998711288,959.729800847791
-75.928374,18,242.104999,-48.828610743917864,-27.099763692240703,-75.92837443615858
996.228722,149,242.182816,996.2287215992928,0.0,996.2287215992928
971.529954,150,242.265491,994.8589823012326,-23.329028645128886,971.5299536561039
340.497382,96,242.315244,386.78206980257994,-46.28468768345186,340.49738211912825
962.644595,140,242.390575,962.6445952107429,0.0,962.6445952107429
916.778106,136,242.462908,932.2532978886057,-15.475192072834222,916.7781058157717
950.47129,136,242.53694,953.4002667233015,-2.9289765706798843,950.4712901526216
277.29889,87,242.583092,317.14524607212996,-39.84635563763465,277.29889043449526
884.821325,134,242.655457,939.1375894101245,-54.31626451504614,884.8213248950783
959.558921,149,242.735018,967.7772766610816,-8.218356007097654,959.558920653984
918.553937,137,242.810737,939.9632017770718,-21.409265204075503,918.5539365729961
904.95847,130,242.878112,904.9584698200631,0.0,904.9584698200631
1022.547947,153,242.959835,1022.547947129202,0.0,1022.547947129202
419.163599,108,243.01997,458.1476803345625,-38.984081768047545,419.16359856651485
959.48111,150,243.66224,994.4503405273933,-34.96923036875651,959.4811101586367
32.639823,43,243.686525,62.392152334444546,-29.75232942952503,32.6398229049195
303.743746,103,243.745604,380.30999651606004,-76.5662508636811,303.743745652379
293.317416,97,243.812251,322.1059218664451,-28.788505548024144,293.317416318421
957.377656,138,243.899536,957.3776558139364,0.0,957.3776558139364
960.875199,141,243.993015,960.8751994607985,0.0,960.8751994607985
1015.069822,151,244.094821,1019.3063569781237,-4.236535261301946,1015.0698217168218
316.950147,94,244.157738,368.78552235442726,-51.83537581096337,316.95014654346386
917.504334,137,244.248575,917.504334440193,0.0,917.504334440193
359.449035,98,244.304624,405.2903424025302,-45.84130781854914,359.44903458398113
942.556263,146,244.381948,973.9225393653695,-31.366276098387477,942.5562632669821
961.968006,141,244.455773,965.938449839878,-3.970444168927103,961.9680056709509
966.914545,138,244.528289,968.7897680942816,-1.8752226519954647,966.9145454422862
940.953789,138,244.602835,943.4628153092677,-2.5090262545776074,940.9537890546901
956.299698,143,244.677927,966.8377196569867,-10.538021963951739,956.2996976930352
-62.438084,20,244.691485,-33.39001234882099,-29.0480719065169,-62.4380842553379
949.951114,135,244.76337,949.9511143089874,0.0,949.9511143089874
410.312501,108,244.821508,462.1600774684077,-51.847576801415656,410.3125006669921
915.811291,144,245.465246,982.8197958292583,-67.00850470594695,915.8112911233113
956.942159,145,245.540572,976.0148532737275,-19.07269455858531,956.9421587151421
992.136519,145,245.618601,992.1365193513184,0.0,992.1365193513184
966.642529,143,245.694069,966.6425287225289,0.0,966.6425287225289
976.347153,144,245.770935,976.3471527237573,0.0,976.3471527237573
1010.175466,147,245.850827,1010.1754655798053,0.0,1010.1754655798053
195.788043,82,245.894131,233.27813550631677,-37.49009215111555,195.78804335520115
906.179985,135,245.969484,930.4681868318402,-24.28820149098715,906.1799853408529
965.733743,143,246.043648,965.7337425333991,0.0,965.7337425333991
1015.803953,152,246.125705,1030.719067435348,-14.915114715542735,1015.8039527198057
937.895627,138,246.199396,937.8956270164364,0.0,937.8956270164364
975.072863,143,246.274687,975.0728630001892,0.0,975.0728630001892
971.987865,151,246.355714,971.9878649774037,0.0,971.9878649774037
148.56255,69,246.394946,176.88947817905554,-28.32692850890725,148.56254967014823
369.566982,101,246.448486,415.7090193672872,-46.14203755857842,369.56698180870876
989.507802,149,247.097834,989.5078022626368,0.0,989.5078022626368
298.511904,98,247.149096,349.83830245863436,-51.326398206547154,298.51190425208733
984.244478,147,247.226364,984.2444777508965,0.0,984.2444777508965
953.027087,141,247.302749,984.0845302557868,-31.057443433184787,953.0270868226021
868.017077,143,247.404483,945.4620143692393,-77.44493690078252,868.017077468457
962.533615,142,247.479071,962.533615250725,0.0,962.533615250725
959.694339,137,247.553189,959.6943391375951,0.0,959.6943391375951
965.342981,146,247.629467,1010.3664676966738,-45.02348703916117,965.3429806575127
972.011781,140,247.703761,972.0117808712068,0.0,972.0117808712068
968.624837,151,247.784038,997.2478898914745,-28.623053255486827,968.6248366359878
884.925432,149,247.862094,995.8979374021553,-110.97250564288873,884.9254317592665
988.500916,147,247.939891,988.5009160618863,0.0,988.5009160618863
936.795463,139,248.015074,960.8022333673346,-24.006769870585906,936.7954634967488
-71.954875,21,248.028539,-41.13004645583557,-30.824828536514822,-71.9548749923504
989.284713,144,248.10496,989.2847126172462,0.0,989.2847126172462
969.42246,141,248.178942,969.4224595817243,0.0,969.4224595817243
896.176394,137,248.831945,925.1683487936617,-28.99195436143189,896.1763944322298
270.48288,93,248.882826,315.18198734074076,-44.699107470757376,270.48287986998344
976.825481,145,248.961655,976.8254810211422,0.0,976.8254810211422
991.987699,143,249.040266,991.9876990896065,0.0,991.9876990896065
407.501301,105,249.099505,451.35449507208693,-43.85319421779613,407.501300854291
936.48489,133,249.172408,936.4848904065614,0.0,936.4848904065614
129.646975,72,249.213068,173.12705961495232,-43.48008424445424,129.64697537049813
940.105758,141,249.290031,966.9986073740081,-26.892848908594328,940.1057584654138
962.675158,144,249.367107,987.1912741836488,-24.516116200903006,962.6751579827458
932.613374,136,249.444191,945.2562351373952,-12.642861202459763,932.6133739349355
931.064623,146,253.175762,955.6958801074892,-24.63125692060266,931.0646231868865
964.654469,142,253.2557,982.6301814773168,-17.975712312744324,964.6544691645726
982.762435,149,253.337181,1006.1307758672133,-23.368341296850396,982.762434570363
-70.012424,19,253.347785,-42.20615873515003,-27.80626483206708,-70.0124235672171
976.031403,150,253.427781,979.6948815796025,-3.6634782941436494,976.0314032854587
972.873079,141,253.501725,975.831364491559,-2.958285577809032,972.87307891375
