#{"t_start": 1789400709.4001853, "env_id": "None"}
r,l,t,episode_base_return,episode_risk_return,episode_training_return
56.64092,77,0.828157,56.640919703015044,0.0,56.640919703015044
-272.018233,338,1.069684,-272.01823304067995,0.0,-272.01823304067995
143.450578,118,1.153223,143.450577952071,0.0,143.450577952071
112.974871,105,1.229417,112.97487145499451,0.0,112.97487145499451
-29.060018,49,1.265279,-29.06001849141576,0.0,-29.06001849141576
98.238069,200,1.404691,98.23806942701943,0.0,98.23806942701943
-271.271117,211,1.551966,-271.2711174880631,0.0,-271.2711174880631
-251.790757,370,1.814815,-251.79075680546532,0.0,-251.79075680546532
-184.231521,100,1.902744,-184.2315211016964,0.0,-184.2315211016964
113.150734,97,1.974369,113.15073436391862,0.0,113.15073436391862
-204.014027,84,2.035089,-204.0140272191542,0.0,-204.0140272191542
46.779325,113,2.115801,46.779324910355996,0.0,46.779324910355996
-237.016601,147,2.219745,-237.01660142389397,0.0,-237.01660142389397
-11.143792,54,2.812015,-11.143791708267386,0.0,-11.143791708267386
58.776498,204,2.959048,58.77649817804476,0.0,58.77649817804476
469.064526,425,3.269019,469.064526027293,0.0,469.064526027293
517.158556,600,3.698906,517.1585560268867,0.0,517.1585560268867
161.334349,466,4.029852,161.3343494749033,0.0,161.3343494749033
306.126598,504,4.947818,306.1265979775457,0.0,306.1265979775457
279.002039,463,5.277874,279.0020389918442,0.0,279.0020389918442
387.403934,218,5.434794,387.40393444156757,0.0,387.40393444156757
578.466086,600,5.863397,578.4660858194978,0.0,578.4660858194978
351.38818,226,6.028483,351.3881795132455,0.0,351.3881795132455
73.829029,83,6.090162,73.82902866017365,0.0,73.82902866017365
65.21275,64,6.13668,65.21275043363497,0.0,65.21275043363497
29.747952,64,6.182724,29.74795156103798,0.0,29.74795156103798
413.680512,600,7.173856,413.68051164092617,0.0,413.68051164092617
85.809079,206,7.316597,85.80907922049975,0.0,85.80907922049975
610.323141,332,7.555799,610.3231405100071,0.0,610.3231405100071
391.830836,497,7.912063,391.8308356007665,0.0,391.8308356007665
359.611138,195,8.052886,359.6111380945972,0.0,359.6111380945972
382.183256,236,8.217177,382.183255836207,0.0,382.183255836207
48.647502,155,8.887686,48.647502281407384,0.0,48.647502281407384
402.943537,175,9.0154,402.9435372624529,0.0,402.9435372624529
350.471364,178,9.143149,350.471363543307,0.0,350.471363543307
114.404861,102,9.216951,114.40486094082124,0.0,114.40486094082124
920.308737,273,9.415395,920.3087374147767,0.0,920.3087374147767
40.202528,62,9.459905,40.20252828089454,0.0,40.20252828089454
988.566912,266,9.653162,988.5669116016877,0.0,988.5669116016877
603.693411,292,9.865296,603.6934105904653,0.0,603.6934105904653
-3.266244,39,9.895175,-3.2662442551893776,0.0,-3.2662442551893776
910.639185,248,10.074777,910.6391851801973,0.0,910.6391851801973
317.615895,140,10.177418,317.61589475580615,0.0,317.61589475580615
956.283037,301,14.598182,956.2830366809418,0.0,956.2830366809418
365.365842,188,14.733037,365.36584160239556,0.0,365.36584160239556
951.70674,396,15.018524,951.7067396258393,0.0,951.7067396258393
85.252874,68,15.068574,85.25287432279593,0.0,85.25287432279593
229.524312,139,15.169841,229.5243118272278,0.0,229.5243118272278
18.295785,50,15.207723,18.295784909371093,0.0,18.295784909371093
395.572437,316,15.432191,395.5724370871326,0.0,395.5724370871326
-50.413737,20,15.447947,-50.413736700283735,0.0,-50.413736700283735
63.435507,55,15.490239,63.43550708764987,0.0,63.43550708764987
985.503434,268,15.681427,985.5034344559679,0.0,985.5034344559679
422.777104,202,15.826411,422.7771035427361,0.0,422.7771035427361
418.882426,208,15.974585,418.8824257345874,0.0,418.8824257345874
-9.833201,36,16.00184,-9.833200529864897,0.0,-9.833200529864897
428.33619,163,16.679258,428.3361898139517,0.0,428.3361898139517
54.036373,73,16.733196,54.03637318030036,0.0,54.03637318030036
-49.944986,21,16.748358,-49.944985963011604,0.0,-49.944985963011604
977.213286,394,17.030998,977.2132855388147,0.0,977.2132855388147
934.977675,313,17.255825,934.9776752038584,0.0,934.9776752038584
210.549063,107,17.3321,210.5490632153799,0.0,210.5490632153799
315.392508,147,17.438595,315.392507701907,0.0,315.392507701907
83.667467,68,17.487969,83.66746659494888,0.0,83.66746659494888
345.0092,162,17.606739,345.0092003866918,0.0,345.0092003866918
290.93136,119,17.691089,290.9313600829107,0.0,290.9313600829107
363.481064,180,17.820892,363.4810635212905,0.0,363.4810635212905
939.972911,392,18.658298,939.9729107430248,0.0,939.9729107430248
78.0064,64,18.704156,78.0064001190157,0.0,78.0064001190157
411.590048,344,18.958468,411.59004849938594,0.0,411.59004849938594
901.303616,559,19.352656,901.3036157220058,0.0,901.3036157220058
71.106152,62,19.400367,71.10615215497597,0.0,71.10615215497597
445.64976,200,19.544677,445.64975988276205,0.0,445.64975988276205
-37.705262,25,19.565408,-37.70526231843982,0.0,-37.70526231843982
101.241902,85,19.629198,101.24190210349636,0.0,101.24190210349636
81.248191,69,19.680964,81.24819059786121,0.0,81.24819059786121
890.079739,491,20.037199,890.0797388350156,0.0,890.0797388350156
238.158181,124,20.690178,238.158180577867,0.0,238.158180577867
349.95362,138,20.791029,349.9536195738841,0.0,349.9536195738841
118.44632,68,20.839535,118.4463201577629,0.0,118.4463201577629
196.732246,94,20.908869,196.73224612508324,0.0,196.73224612508324
958.478705,335,21.150609,958.4787049309994,0.0,958.4787049309994
227.79513,122,21.239254,227.7951297552118,0.0,227.7951297552118
71.672244,52,21.277896,71.6722443472343,0.0,71.6722443472343
994.506643,229,21.444024,994.5066433904992,0.0,994.5066433904992
128.92846,60,21.487983,128.92845991122687,0.0,128.92845991122687
956.919104,249,21.668364,956.9191037427825,0.0,956.9191037427825
390.47279,128,21.76153,390.4727903834721,0.0,390.4727903834721
357.31179,172,21.886808,357.31179046286405,0.0,357.31179046286405
226.551574,128,21.98008,226.55157444682388,0.0,226.55157444682388
107.707691,64,22.027138,107.70769071557775,0.0,107.70769071557775
66.164953,56,22.06929,66.16495277063365,0.0,66.16495277063365
-36.426282,25,22.089006,-36.42628156919423,0.0,-36.42628156919423
942.881232,290,22.862568,942.8812315138814,0.0,942.8812315138814
116.318278,67,22.911479,116.31827818346893,0.0,116.31827818346893
110.375527,75,22.966215,110.37552744352149,0.0,110.37552744352149
203.013039,96,23.035968,203.01303943854057,0.0,203.01303943854057
936.117354,201,23.181819,936.1173537609014,0.0,936.1173537609014
425.897574,133,23.279244,425.8975739004625,0.0,425.8975739004625
81.433183,59,23.32165,81.43318341154355,0.0,81.43318341154355
6.919614,42,23.353564,6.919614198673315,0.0,6.919614198673315
407.54678,147,23.462355,407.54678036907245,0.0,407.54678036907245
952.3996,301,23.68498,952.3995995579592,0.0,952.3995995579592
355.165517,146,23.790565,355.16551715815285,0.0,355.16551715815285
947.658245,289,27.023633,947.6582449383353,0.0,947.6582449383353
52.107168,56,27.063455,52.107168003169704,0.0,52.107168003169704
47.257664,39,27.09378,47.2576644363148,0.0,47.2576644363148
404.431539,150,27.199273,404.4315385637777,0.0,404.4315385637777
102.743539,55,27.240382,102.74353890486262,0.0,102.74353890486262
103.219026,61,27.845875,103.21902597740205,0.0,103.21902597740205
1010.393502,227,28.009603,1010.3935015479124,0.0,1010.3935015479124
127.297479,58,28.052001,127.29747889024863,0.0,127.29747889024863
345.526478,132,28.14683,345.526478053215,0.0,345.526478053215
84.50154,52,28.187308,84.50153954264087,0.0,84.50153954264087
281.980405,100,28.259447,281.9804050490161,0.0,281.9804050490161
989.970954,255,28.439985,989.9709535547597,0.0,989.9709535547597
67.979978,59,28.483951,67.9799779225726,0.0,67.9799779225726
64.861179,52,28.520402,64.86117897717764,0.0,64.86117897717764
378.976286,146,28.669028,378.97628634150584,0.0,378.97628634150584
-47.726907,21,28.690448,-47.7269065889831,0.0,-47.7269065889831
595.678389,310,28.912277,595.6783886595397,0.0,595.6783886595397
67.027549,52,28.951797,67.02754856770636,0.0,67.02754856770636
106.946539,56,28.993972,106.94653926388219,0.0,106.94653926388219
941.670996,262,29.179968,941.6709962665855,0.0,941.6709962665855
976.381775,276,29.9404,976.3817746242801,0.0,976.3817746242801
150.438974,73,29.994425,150.438974111444,0.0,150.438974111444
939.404228,198,30.136152,939.4042278340028,0.0,939.4042278340028
443.989716,135,30.235456,443.98971573293807,0.0,443.98971573293807
1003.591304,329,30.473803,1003.591304449357,0.0,1003.591304449357
375.827832,127,30.566603,375.82783231456983,0.0,375.82783231456983
223.796374,94,30.639185,223.79637434068462,0.0,223.79637434068462
974.57214,215,30.796826,974.5721397212801,0.0,974.5721397212801
-13.844399,29,30.817723,-13.844399309494207,0.0,-13.844399309494207
957.072253,276,31.01444,957.0722527919933,0.0,957.0722527919933
424.949787,170,31.136314,424.94978661688435,0.0,424.94978661688435
904.629974,193,31.276339,904.6299736114737,0.0,904.6299736114737
-28.723051,25,31.295688,-28.723050545980016,0.0,-28.723050545980016
221.083472,97,31.365237,221.08347198132697,0.0,221.08347198132697
907.983581,274,32.131471,907.9835814180775,0.0,907.9835814180775
949.520301,244,32.308889,949.5203011261879,0.0,949.5203011261879
924.954067,256,32.493199,924.9540669937173,0.0,924.9540669937173
509.930454,184,32.625268,509.9304537325088,0.0,509.9304537325088
13.216975,34,32.651227,13.216975410351637,0.0,13.216975410351637
986.65192,186,32.788707,986.6519195256692,0.0,986.6519195256692
940.206271,351,33.042107,940.2062712752622,0.0,940.2062712752622
987.839514,375,33.310159,987.8395144381758,0.0,987.8395144381758
969.036465,254,34.056268,969.0364647871752,0.0,969.0364647871752
966.629758,223,34.215383,966.6297584233562,0.0,966.6297584233562
948.526901,215,34.369131,948.5269012581618,0.0,948.5269012581618
184.976959,71,34.421862,184.97695916892243,0.0,184.97695916892243
344.091696,116,34.506683,344.0916959917273,0.0,344.0916959917273
980.931713,213,34.660184,980.9317131413219,0.0,980.9317131413219
-42.587978,20,34.677824,-42.5879784443471,0.0,-42.5879784443471
71.392581,48,34.712835,71.39258064478074,0.0,71.39258064478074
104.742417,59,34.756096,104.74241686612461,0.0,104.74241686612461
176.683308,68,34.806568,176.6833083363653,0.0,176.6833083363653
72.595034,44,34.840104,72.59503437252411,0.0,72.59503437252411
976.11176,196,34.979426,976.1117604337708,0.0,976.1117604337708
-46.796873,19,34.994572,-46.79687347699296,0.0,-46.79687347699296
917.163684,224,35.151843,917.1636836857824,0.0,917.1636836857824
992.100998,194,35.292206,992.1009980566209,0.0,992.1009980566209
933.533199,171,35.425453,933.5331988387031,0.0,933.5331988387031
944.339403,200,36.122587,944.3394031445165,0.0,944.3394031445165
921.590582,201,36.264286,921.5905824668735,0.0,921.5905824668735
-21.808113,25,36.283044,-21.808113336138106,0.0,-21.808113336138106
970.405212,199,36.425595,970.4052118821526,0.0,970.4052118821526
948.233143,208,36.574884,948.233143060653,0.0,948.233143060653
123.05882,69,36.626941,123.05881975072887,0.0,123.05881975072887
954.559562,189,36.76133,954.5595617948393,0.0,954.5595617948393
190.532912,70,36.811543,190.5329115234089,0.0,190.5329115234089
101.427941,53,36.852007,101.42794099352882,0.0,101.42794099352882
144.574919,69,36.90298,144.57491874497723,0.0,144.57491874497723
-17.042594,27,36.924244,-17.042594081620052,0.0,-17.042594081620052
125.765554,71,36.975163,125.76555360148225,0.0,125.76555360148225
112.387225,58,39.697571,112.38722519674899,0.0,112.38722519674899
970.518982,318,39.922537,970.5189824530682,0.0,970.5189824530682
419.568875,138,40.02243,419.5688753539811,0.0,419.5688753539811
397.173175,125,40.10898,397.17317474848744,0.0,397.17317474848744
240.612324,84,40.17118,240.61232397214866,0.0,240.61232397214866
986.295235,208,40.883785,986.2952353731066,0.0,986.2952353731066
357.066419,118,40.972069,357.06641873308746,0.0,357.06641873308746
961.419991,190,41.111185,961.4199912869055,0.0,961.4199912869055
74.199041,42,41.142757,74.19904108032247,0.0,74.19904108032247
367.830456,125,41.232475,367.8304556587576,0.0,367.8304556587576
116.088421,51,41.269907,116.08842106001018,0.0,116.08842106001018
177.383239,85,41.335296,177.38323922672703,0.0,177.38323922672703
112.262813,62,41.380943,112.26281298266588,0.0,112.26281298266588
248.109619,99,41.453948,248.10961895967228,0.0,248.10961895967228
935.883276,304,41.672936,935.8832762024263,0.0,935.8832762024263
1022.458096,268,41.870015,1022.458095687431,0.0,1022.458095687431
86.010043,50,41.906588,86.01004302442269,0.0,86.01004302442269
113.690728,51,41.943916,113.69072752291119,0.0,113.69072752291119
262.38948,99,42.016223,262.3894802996025,0.0,262.3894802996025
986.371695,209,42.166527,986.3716945461474,0.0,986.3716945461474
1008.150397,213,42.879666,1008.1503966815782,0.0,1008.1503966815782
987.929652,179,43.005932,987.9296520137652,0.0,987.9296520137652
946.996126,197,43.147758,946.9961255797581,0.0,946.9961255797581
99.682678,57,43.189965,99.68267829391412,0.0,99.68267829391412
1.152716,29,43.215832,1.1527155945051675,0.0,1.1527155945051675
165.870969,66,43.264638,165.87096864561335,0.0,165.87096864561335
384.20382,114,43.347187,384.2038198250006,0.0,384.2038198250006
6.042422,33,43.373059,6.042422328922527,0.0,6.042422328922527
349.341496,125,43.464275,349.34149611229157,0.0,349.34149611229157
84.66953,45,43.499489,84.66953012543838,0.0,84.66953012543838
64.866495,39,43.528565,64.8664947133068,0.0,64.8664947133068
246.061585,121,43.6165,246.061584714936,0.0,246.061584714936
974.917867,252,43.799417,974.9178666275582,0.0,974.9178666275582
960.447129,207,43.949763,960.4471293961393,0.0,960.4471293961393
-46.193032,23,43.966497,-46.19303221356755,0.0,-46.19303221356755
974.399066,253,44.148694,974.399066001069,0.0,974.399066001069
394.655113,133,44.24561,394.65511280439756,0.0,394.65511280439756
79.525919,49,44.282815,79.52591855621453,0.0,79.52591855621453
952.842418,171,45.017938,952.842417596091,0.0,952.842417596091
119.94587,54,45.057477,119.94587045842323,0.0,119.94587045842323
149.800837,65,45.106734,149.8008369956886,0.0,149.8008369956886
132.426729,70,45.158591,132.42672880261352,0.0,132.42672880261352
961.035285,207,45.307609,961.0352854467094,0.0,961.0352854467094
439.967804,147,45.413243,439.9678039408561,0.0,439.9678039408561
-51.617519,20,45.428371,-51.61751913475576,0.0,-51.61751913475576
-16.168015,31,45.45114,-16.168014552351863,0.0,-16.168014552351863
979.778784,202,45.597797,979.7787835454558,0.0,979.7787835454558
93.168302,59,45.641564,93.1683019825696,0.0,93.1683019825696
165.436436,70,45.691649,165.43643597348608,0.0,165.43643597348608
192.231913,87,45.753903,192.23191332746043,0.0,192.23191332746043
86.300993,49,45.790284,86.30099272210958,0.0,86.30099272210958
107.675126,64,45.839195,107.67512553902208,0.0,107.67512553902208
-4.662987,28,45.861287,-4.662986716773048,0.0,-4.662986716773048
63.215192,39,45.888629,63.215191694255935,0.0,63.215191694255935
972.747032,214,46.042257,972.7470323997758,0.0,972.7470323997758
371.789876,107,46.119429,371.78987631956403,0.0,371.78987631956403
920.645274,194,46.257083,920.6452742477528,0.0,920.6452742477528
950.797652,202,46.402951,950.7976520372496,0.0,950.7976520372496
959.262882,196,47.105146,959.2628824615247,0.0,959.2628824615247
966.619356,186,47.238743,966.6193556163263,0.0,966.6193556163263
239.051631,85,47.302691,239.0516309379599,0.0,239.0516309379599
961.704669,184,47.433826,961.7046686072908,0.0,961.7046686072908
927.142409,317,47.6607,927.1424092090706,0.0,927.1424092090706
275.502431,100,47.733632,275.5024312789104,0.0,275.5024312789104
932.537589,175,47.860132,932.5375892854931,0.0,932.5375892854931
89.4494,46,47.892914,89.4494001732598,0.0,89.4494001732598
973.397388,171,48.015113,973.3973884261869,0.0,973.3973884261869
942.557931,172,48.139445,942.5579309298217,0.0,942.5579309298217
998.239673,206,48.286757,998.2396732504222,0.0,998.2396732504222
284.128723,106,48.36249,284.1287230197629,0.0,284.1287230197629
959.529832,252,49.096669,959.5298315876228,0.0,959.5298315876228
976.867237,229,49.260562,976.8672369300753,0.0,976.8672369300753
250.416755,97,49.330246,250.41675528316014,0.0,250.41675528316014
944.42809,167,49.451433,944.4280898364777,0.0,944.4280898364777
442.635799,138,49.549694,442.63579918960085,0.0,442.63579918960085
104.295093,50,49.587578,104.29509295566281,0.0,104.29509295566281
128.567324,64,49.636113,128.56732403676585,0.0,128.56732403676585
411.191207,116,49.722414,411.191207127978,0.0,411.191207127978
267.690012,113,52.292367,267.690012194006,0.0,267.690012194006
998.821055,209,52.442814,998.8210554528933,0.0,998.8210554528933
906.138716,157,52.556433,906.1387160081999,0.0,906.1387160081999
89.228802,51,52.59557,89.22880156632155,0.0,89.22880156632155
1011.291243,188,52.731433,1011.291243070968,0.0,1011.291243070968
208.595345,83,52.793793,208.59534541567936,0.0,208.59534541567936
954.141966,187,52.92854,954.1419663969174,0.0,954.1419663969174
106.959638,49,52.965072,106.95963777461104,0.0,106.95963777461104
66.425489,54,53.56848,66.42548852958268,0.0,66.42548852958268
970.546183,190,53.706249,970.5461832445658,0.0,970.5461832445658
990.278498,206,53.856548,990.2784978321433,0.0,990.2784978321433
991.723444,193,53.995692,991.7234436539462,0.0,991.7234436539462
62.91626,43,54.027753,62.916259941930335,0.0,62.916259941930335
965.90641,185,54.162468,965.9064097202559,0.0,965.9064097202559
143.58818,63,54.209343,143.5881802331885,0.0,143.5881802331885
987.541432,180,54.340184,987.5414323223804,0.0,987.5414323223804
352.292762,112,54.423494,352.29276159428633,0.0,352.29276159428633
245.503968,93,54.494699,245.50396830007625,0.0,245.50396830007625
89.45345,49,54.532813,89.45345003799291,0.0,89.45345003799291
999.700177,188,54.667562,999.7001769199542,0.0,999.7001769199542
262.104733,106,54.745677,262.104733276915,0.0,262.104733276915
944.102783,198,54.890356,944.1027830816547,0.0,944.1027830816547
80.27923,47,54.923985,80.27923009137047,0.0,80.27923009137047
989.30255,186,55.643501,989.3025500286601,0.0,989.3025500286601
409.88171,106,55.722097,409.8817101520014,0.0,409.8817101520014
940.239474,192,55.861817,940.2394742506065,0.0,940.2394742506065
52.417405,40,55.892037,52.417405403977426,0.0,52.417405403977426
73.423434,51,55.928305,73.42343435246349,0.0,73.42343435246349
177.778842,81,55.987463,177.77884211823087,0.0,177.77884211823087
64.622289,77,56.044741,64.62228920471148,0.0,64.62228920471148
939.214621,202,56.188985,939.2146206852082,0.0,939.2146206852082
454.586371,135,56.287295,454.58637116584487,0.0,454.58637116584487
1008.510688,201,56.430896,1008.5106877624188,0.0,1008.5106877624188
987.531974,186,56.562748,987.5319739084614,0.0,987.5319739084614
228.828949,84,56.626434,228.82894873044432,0.0,228.82894873044432
950.592299,172,56.748855,950.5922993091883,0.0,950.5922993091883
988.957951,165,56.868722,988.9579509182475,0.0,988.9579509182475
378.571645,106,56.947302,378.57164471015733,0.0,378.57164471015733
65.324627,40,56.97564,65.32462679614889,0.0,65.32462679614889
-41.07661,20,56.992252,-41.07660964440268,0.0,-41.07660964440268
959.846379,209,57.712101,959.8463790334378,0.0,959.8463790334378
-53.491298,17,57.725718,-53.49129760715965,0.0,-53.49129760715965
345.773409,102,57.798231,345.77340871393693,0.0,345.77340871393693
964.516757,174,57.924111,964.5167572632449,0.0,964.5167572632449
373.811242,107,58.0028,373.81124170765975,0.0,373.81124170765975
978.959688,179,58.132041,978.9596883370067,0.0,978.9596883370067
457.071727,123,58.221395,457.07172677036374,0.0,457.07172677036374
968.119338,232,58.385936,968.1193380895934,0.0,968.1193380895934
80.829143,47,58.423232,80.82914271916458,0.0,80.82914271916458
129.363885,52,58.459957,129.36388539222787,0.0,129.36388539222787
374.808481,142,58.562241,374.8084805354889,0.0,374.8084805354889
-19.269452,32,58.586419,-19.269451677201047,0.0,-19.269451677201047
917.90167,156,58.700092,917.9016704797076,0.0,917.9016704797076
100.832053,70,58.750443,100.8320532505943,0.0,100.8320532505943
162.071291,64,58.797949,162.07129129409876,0.0,162.07129129409876
970.970395,214,58.94867,970.9703947536648,0.0,970.9703947536648
-15.707605,28,58.968308,-15.707605421901278,0.0,-15.707605421901278
930.273222,171,59.092376,930.2732222011756,0.0,930.2732222011756
978.556685,215,59.814963,978.5566848994755,0.0,978.5566848994755
968.037488,203,59.960953,968.0374883162327,0.0,968.0374883162327
376.909189,113,60.042775,376.90918862007857,0.0,376.90918862007857
289.353707,99,60.112906,289.3537070941855,0.0,289.3537070941855
929.444555,182,60.241278,929.4445545185866,0.0,929.4445545185866
88.473003,47,60.277023,88.47300302882846,0.0,88.47300302882846
313.949652,113,60.356909,313.949651936417,0.0,313.949651936417
949.325653,179,60.48268,949.3256534600745,0.0,949.3256534600745
932.579907,220,60.639976,932.5799069921236,0.0,932.5799069921236
948.934208,162,60.755826,948.9342081227024,0.0,948.9342081227024
965.237107,176,60.881926,965.23710663164,0.0,965.23710663164
931.02642,176,61.01009,931.0264201891589,0.0,931.0264201891589
251.029413,101,61.084095,251.02941303550304,0.0,251.02941303550304
1005.255333,199,61.792276,1005.2553326315497,0.0,1005.2553326315497
294.752853,100,61.864515,294.75285346445116,0.0,294.75285346445116
113.773123,56,61.907974,113.7731230715114,0.0,113.7731230715114
89.881807,48,61.94287,89.88180738890097,0.0,89.88180738890097
984.391002,173,62.075681,984.3910023802937,0.0,984.3910023802937
973.999303,170,62.245532,973.9993034663786,0.0,973.9993034663786
960.652472,162,62.362714,960.6524715744019,0.0,960.6524715744019
940.729317,158,65.059187,940.7293174432782,0.0,940.7293174432782
299.738059,117,65.144717,299.73805947796995,0.0,299.73805947796995
100.966881,49,65.182048,100.9668806364993,0.0,100.9668806364993
937.740089,156,65.293643,937.7400887726876,0.0,937.7400887726876
952.599273,155,65.404107,952.5992727152039,0.0,952.5992727152039
366.142767,109,65.484537,366.14276707471976,0.0,366.14276707471976
984.762968,186,65.617898,984.7629679882036,0.0,984.7629679882036
966.100295,171,65.743078,966.100295472716,0.0,966.100295472716
1001.570564,178,65.873709,1001.5705642190105,0.0,1001.5705642190105
119.384811,55,66.483159,119.38481142820744,0.0,119.38481142820744
942.001598,168,66.602345,942.0015979931577,0.0,942.0015979931577
105.165016,49,66.638656,105.16501580125451,0.0,105.16501580125451
968.488429,166,66.758715,968.4884291350472,0.0,968.4884291350472
140.267655,65,66.805718,140.26765469692043,0.0,140.26765469692043
967.93855,189,66.940588,967.9385497412162,0.0,967.9385497412162
145.402853,65,66.990559,145.40285299558565,0.0,145.40285299558565
86.139866,46,67.025492,86.13986607507798,0.0,86.13986607507798
924.861773,150,67.133605,924.8617734948677,0.0,924.8617734948677
943.025887,154,67.243727,943.0258870536265,0.0,943.0258870536265
-50.556776,19,67.258827,-50.55677634871629,0.0,-50.55677634871629
964.026898,181,67.390213,964.0268979965298,0.0,964.0268979965298
137.048341,58,67.432352,137.04834092293834,0.0,137.04834092293834
223.429673,83,67.492991,223.42967316326136,0.0,223.42967316326136
128.935476,56,67.533406,128.93547596152894,0.0,128.93547596152894
97.072021,51,67.569668,97.07202067458847,0.0,97.07202067458847
985.001906,198,67.712503,985.0019057171519,0.0,985.0019057171519
999.474381,169,67.833792,999.4743806850978,0.0,999.4743806850978
972.690978,213,68.551747,972.6909784727166,0.0,972.6909784727166
943.522753,170,68.673043,943.5227532961607,0.0,943.5227532961607
126.471401,66,68.721609,126.47140114000149,0.0,126.47140114000149
898.382171,162,68.839786,898.3821713827826,0.0,898.3821713827826
941.321921,160,68.955967,941.3219205045989,0.0,941.3219205045989
923.217054,165,69.076108,923.2170543841025,0.0,923.2170543841025
57.731635,42,69.109145,57.7316348979204,0.0,57.7316348979204
959.458104,159,69.22128,959.4581044792081,0.0,959.4581044792081
347.562221,119,69.308816,347.5622214453533,0.0,347.5622214453533
936.511147,194,69.447315,936.5111471921031,0.0,936.5111471921031
950.339179,163,69.561866,950.3391786949402,0.0,950.3391786949402
969.586332,180,69.690135,969.5863318283657,0.0,969.5863318283657
-33.000604,22,69.708915,-33.000603682518445,0.0,-33.000603682518445
455.514903,119,69.794276,455.514902815382,0.0,455.514902815382
960.902882,167,69.91442,960.9028815054843,0.0,960.9028815054843
993.022091,171,70.606485,993.0220909243358,0.0,993.0220909243358
963.466705,169,70.729126,963.4667052924669,0.0,963.4667052924669
983.695518,166,70.847162,983.6955182740758,0.0,983.6955182740758
65.816574,41,70.877342,65.81657422355693,0.0,65.81657422355693
995.677886,175,71.002402,995.677886277791,0.0,995.677886277791
93.535334,54,71.043349,93.53533368456573,0.0,93.53533368456573
953.946341,165,71.16001,953.9463409869556,0.0,953.9463409869556
997.523428,175,71.28607,997.5234283558646,0.0,997.5234283558646
1013.673947,170,71.407365,1013.6739470633629,0.0,1013.6739470633629
965.771668,163,71.5261,965.7716678818588,0.0,965.7716678818588
918.153505,162,71.64423,918.1535051168624,0.0,918.1535051168624
959.353541,170,71.768152,959.3535409616201,0.0,959.3535409616201
966.660875,172,71.892387,966.660874637728,0.0,966.660874637728
236.533962,91,71.96031,236.53396206770518,0.0,236.53396206770518
57.624248,40,71.990723,57.62424759314622,0.0,57.62424759314622
-42.6471,23,72.010373,-42.64710011954935,0.0,-42.64710011954935
161.752389,72,72.628583,161.752388904732,0.0,161.752388904732
1001.346492,172,72.752242,1001.3464920587494,0.0,1001.3464920587494
102.673379,47,72.787043,102.67337938160094,0.0,102.67337938160094
912.51235,151,72.896689,912.5123499928436,0.0,912.5123499928436
97.409955,46,72.932227,97.40995538523303,0.0,97.40995538523303
982.828182,171,73.053377,982.8281821034163,0.0,982.8281821034163
961.587282,198,73.195242,961.5872820000732,0.0,961.5872820000732
934.519072,145,73.299654,934.519072113746,0.0,934.519072113746
985.787261,159,73.41337,985.7872606664622,0.0,985.7872606664622
965.814195,172,73.546514,965.8141951221276,0.0,965.8141951221276
908.896647,141,73.649046,908.8966471807666,0.0,908.8966471807666
85.137242,45,73.682456,85.13724242988448,0.0,85.13724242988448
970.778849,162,73.80301,970.778848994869,0.0,970.778848994869
965.234398,173,73.928739,965.2343983947763,0.0,965.2343983947763
51.674382,42,73.960559,51.67438180274665,0.0,51.67438180274665
372.2792,95,74.031835,372.2792000374518,0.0,372.2792000374518
87.644996,46,74.064979,87.64499599622793,0.0,87.64499599622793
919.404748,146,74.72871,919.4047480212138,0.0,919.4047480212138
93.237468,53,74.767672,93.23746842765135,0.0,93.23746842765135
951.258362,151,74.878578,951.2583620014484,0.0,951.2583620014484
61.19562,43,74.910461,61.19561969129917,0.0,61.19561969129917
934.378178,154,75.022763,934.3781782898807,0.0,934.3781782898807
972.490485,163,78.492962,972.4904849351155,0.0,972.4904849351155
947.243339,150,78.599953,947.2433393859005,0.0,947.2433393859005
972.764212,161,78.716974,972.7642122627847,0.0,972.7642122627847
148.660556,62,78.763172,148.66055643238573,0.0,148.66055643238573
970.404296,156,78.874833,970.4042956079961,0.0,970.4042956079961
957.615946,158,78.98259,957.6159456280769,0.0,957.6159456280769
971.194321,158,79.092469,971.194320923315,0.0,971.194320923315
945.555389,149,79.199696,945.5553890685661,0.0,945.5553890685661
938.623427,148,79.304898,938.623427043181,0.0,938.623427043181
989.287977,172,79.426567,989.2879769218966,0.0,989.2879769218966
967.461311,205,80.141421,967.4613108636124,0.0,967.4613108636124
72.841566,46,80.174259,72.84156582396562,0.0,72.84156582396562
104.61922,46,80.210128,104.6192196318943,0.0,104.6192196318943
375.592145,100,80.281276,375.59214503564357,0.0,375.59214503564357
937.252577,143,80.38392,937.2525774519466,0.0,937.2525774519466
-51.192341,18,80.397572,-51.19234088078709,0.0,-51.19234088078709
1007.226161,167,80.51757,1007.2261609093557,0.0,1007.2261609093557
53.325015,38,80.546339,53.32501473503193,0.0,53.32501473503193
128.510063,54,80.584205,128.51006265746025,0.0,128.51006265746025
1024.465928,165,80.703005,1024.4659284317659,0.0,1024.4659284317659
82.456355,42,80.734142,82.45635518489999,0.0,82.45635518489999
82.857454,44,80.76866,82.85745363228939,0.0,82.85745363228939
975.935846,163,80.886523,975.9358457292636,0.0,975.9358457292636
973.832415,160,81.002512,973.8324151860144,0.0,973.8324151860144
947.423419,151,81.110618,947.4234194506693,0.0,947.4234194506693
119.565629,56,81.151721,119.56562946786624,0.0,119.56562946786624
288.854282,87,81.214785,288.85428173003027,0.0,288.85428173003027
943.79953,150,81.322323,943.7995296822202,0.0,943.7995296822202
94.43676,49,81.358274,94.43676022563264,0.0,94.43676022563264
966.349425,153,81.466665,966.3494248972454,0.0,966.3494248972454
399.127136,112,82.108338,399.12713621474364,0.0,399.12713621474364
155.311321,62,82.152232,155.31132101496087,0.0,155.31132101496087
-24.725778,25,82.171931,-24.725777616664743,0.0,-24.725777616664743
106.646439,49,82.208294,106.64643945430862,0.0,106.64643945430862
49.355218,35,82.234083,49.35521820636083,0.0,49.35521820636083
435.269936,113,82.316578,435.2699362995803,0.0,435.2699362995803
46.816116,35,82.342266,46.81611595396099,0.0,46.81611595396099
71.830441,39,82.369468,71.83044054210588,0.0,71.83044054210588
143.227448,57,82.411776,143.2274484105133,0.0,143.2274484105133
945.111939,155,82.52278,945.1119393403513,0.0,945.1119393403513
974.028203,160,82.636403,974.0282033549739,0.0,974.0282033549739
93.536024,44,82.668728,93.53602404694698,0.0,93.53602404694698
978.535647,160,82.784265,978.5356469388906,0.0,978.5356469388906
970.367109,164,82.900029,970.3671089769558,0.0,970.3671089769558
991.549817,161,83.013738,991.5498170509844,0.0,991.5498170509844
960.233277,157,83.127313,960.2332768740998,0.0,960.2332768740998
982.729242,152,83.236861,982.7292420847014,0.0,982.7292420847014
949.333225,140,83.338157,949.3332245957106,0.0,949.3332245957106
77.276455,42,83.36946,77.27645480979965,0.0,77.27645480979965
87.855967,46,83.403799,87.85596689320313,0.0,87.85596689320313
74.962421,40,83.435062,74.96242086280283,0.0,74.96242086280283
62.05216,39,83.463908,62.05215973119229,0.0,62.05215973119229
990.817922,171,84.157231,990.8179215547183,0.0,990.8179215547183
977.031252,162,84.273146,977.0312517440332,0.0,977.0312517440332
965.356018,151,84.377589,965.3560183342458,0.0,965.3560183342458
947.774804,157,84.493474,947.7748044337334,0.0,947.7748044337334
967.261638,153,84.607465,967.2616379443022,0.0,967.2616379443022
387.36401,96,84.67478,387.3640099306523,0.0,387.3640099306523
64.110617,44,84.708048,64.11061723947512,0.0,64.11061723947512
941.382621,146,84.815318,941.3826211830628,0.0,941.3826211830628
963.32891,147,84.918808,963.3289095305275,0.0,963.3289095305275
99.228212,44,84.953552,99.22821216367603,0.0,99.22821216367603
981.724438,163,85.071919,981.7244382536646,0.0,981.7244382536646
929.137707,144,85.175245,929.137707260063,0.0,929.137707260063
345.268122,96,85.249354,345.2681222473311,0.0,345.2681222473311
315.328983,93,85.317899,315.32898260350703,0.0,315.32898260350703
180.743759,64,85.36277,180.74375853337412,0.0,180.74375853337412
-14.07518,23,85.380971,-14.075179889241753,0.0,-14.075179889241753
4.03313,27,85.401071,4.033130311198903,0.0,4.033130311198903
948.348492,151,85.509044,948.348491532026,0.0,948.348491532026
958.011181,149,85.616199,958.0111814303284,0.0,958.0111814303284
-13.488183,26,86.194468,-13.488182578610036,0.0,-13.488182578610036
84.431512,47,86.227741,84.43151158422458,0.0,84.43151158422458
956.523765,153,86.335557,956.5237645308039,0.0,956.5237645308039
999.581951,155,86.445723,999.5819507216331,0.0,999.5819507216331
98.59622,44,86.479123,98.59621982676622,0.0,98.59621982676622
87.403939,43,86.510952,87.40393901219765,0.0,87.40393901219765
-57.530688,18,86.524549,-57.53068837942027,0.0,-57.53068837942027
967.733036,156,86.637814,967.733035840447,0.0,967.733035840447
947.010607,154,86.746967,947.0106071857751,0.0,947.0106071857751
931.607039,145,86.851002,931.6070392338751,0.0,931.6070392338751
941.435849,162,86.962503,941.4358491765961,0.0,941.4358491765961
390.289183,112,87.042371,390.28918272808545,0.0,390.28918272808545
991.545314,165,87.159368,991.545313990754,0.0,991.545313990754
417.684587,110,87.239294,417.68458716984395,0.0,417.68458716984395
228.83907,77,87.293723,228.83907000568036,0.0,228.83907000568036
1001.725975,169,87.416259,1001.7259746911944,0.0,1001.7259746911944
974.667512,162,87.534894,974.6675115768895,0.0,974.6675115768895
957.469705,155,88.212515,957.4697052572042,0.0,957.4697052572042
980.880121,220,88.371008,980.8801212833873,0.0,980.8801212833873
953.413117,145,91.109897,953.4131171268875,0.0,953.4131171268875
419.338913,108,91.188762,419.3389131853988,0.0,419.3389131853988
268.560554,82,91.248703,268.56055379840643,0.0,268.56055379840643
410.061672,106,91.326806,410.0616720217134,0.0,410.0616720217134
377.739195,101,91.399419,377.7391945479606,0.0,377.7391945479606
968.793165,174,91.526663,968.7931651906703,0.0,968.7931651906703
158.615265,68,91.57526,158.6152651950385,0.0,158.6152651950385
103.630678,55,91.613795,103.630677891517,0.0,103.630677891517
929.268971,155,91.727546,929.2689711606279,0.0,929.2689711606279
137.336137,53,91.768651,137.33613721983812,0.0,137.33613721983812
101.445396,44,91.801912,101.4453963360243,0.0,101.4453963360243
949.200807,156,91.91509,949.2008072325431,0.0,949.2008072325431
935.320842,148,92.019869,935.3208424577817,0.0,935.3208424577817
80.219967,50,92.057254,80.21996746062433,0.0,80.21996746062433
58.38649,39,92.085665,58.38649015006041,0.0,58.38649015006041
105.084893,53,92.124875,105.08489252726488,0.0,105.08489252726488
951.306575,145,92.227751,951.3065748778989,0.0,951.3065748778989
465.425211,128,92.320103,465.42521105268105,0.0,465.42521105268105
959.985489,152,92.984812,959.9854885142383,0.0,959.9854885142383
998.779748,158,93.096883,998.7797479453478,0.0,998.7797479453478
981.638055,166,93.214895,981.638055019195,0.0,981.638055019195
939.13501,158,93.327538,939.135010076006,0.0,939.135010076006
-31.83834,22,93.345512,-31.83833956807767,0.0,-31.83833956807767
403.64657,109,93.424364,403.64656974793536,0.0,403.64656974793536
946.204191,155,93.535729,946.2041912319518,0.0,946.2041912319518
934.252377,151,93.641478,934.252377011451,0.0,934.252377011451
923.443406,156,93.752345,923.4434058304937,0.0,923.4434058304937
120.844725,57,93.794792,120.84472527955282,0.0,120.84472527955282
87.521043,50,93.83024,87.52104348168162,0.0,87.52104348168162
125.452201,48,93.865582,125.45220110030206,0.0,125.45220110030206
62.176463,39,93.896197,62.1764625035142,0.0,62.1764625035142
1.891824,27,93.91764,1.8918239439951776,0.0,1.8918239439951776
463.655539,114,93.998471,463.6555391460962,0.0,463.6555391460962
95.392045,45,94.030313,95.39204450552702,0.0,95.39204450552702
69.103114,39,94.060678,69.10311408324309,0.0,69.10311408324309
256.191571,81,94.118942,256.1915714021143,0.0,256.1915714021143
914.854531,143,94.22143,914.8545311723383,0.0,914.8545311723383
119.611401,53,94.259282,119.61140092411337,0.0,119.61140092411337
1009.093828,156,94.985483,1009.0938282233066,0.0,1009.0938282233066
107.497956,48,95.018776,107.49795566235812,0.0,107.49795566235812
456.615041,108,95.097672,456.6150410929731,0.0,456.6150410929731
61.659296,40,95.126068,61.65929550360454,0.0,61.65929550360454
372.970452,111,95.206989,372.97045241805927,0.0,372.97045241805927
980.507007,155,95.318762,980.5070072675359,0.0,980.5070072675359
-35.885642,19,95.332876,-35.88564219135428,0.0,-35.88564219135428
970.166867,144,95.435001,970.1668670993922,0.0,970.1668670993922
127.390488,56,95.479425,127.3904877211476,0.0,127.3904877211476
-50.423821,19,95.493141,-50.42382054656183,0.0,-50.42382054656183
97.044875,44,95.526467,97.04487518868541,0.0,97.04487518868541
121.828835,48,95.561511,121.82883472901138,0.0,121.82883472901138
-19.617464,24,95.581238,-19.617464382402105,0.0,-19.617464382402105
5.67131,32,95.605425,5.671310190693205,0.0,5.671310190693205
975.461798,154,95.714554,975.4617979696329,0.0,975.4617979696329
934.850929,147,95.821118,934.8509290482109,0.0,934.8509290482109
95.766856,49,95.858564,95.7668560107806,0.0,95.7668560107806
956.802535,151,95.966515,956.8025347345712,0.0,956.8025347345712
301.628893,87,96.029956,301.62889311794754,0.0,301.62889311794754
168.919539,65,96.079026,168.91953862710727,0.0,168.91953862710727
963.338537,142,96.18099,963.3385370441122,0.0,963.3385370441122
118.212547,51,96.217808,118.21254677891234,0.0,118.21254677891234
949.551611,144,96.322559,949.551610779515,0.0,949.551610779515
108.087031,46,96.356121,108.0870305145456,0.0,108.0870305145456
269.914287,86,96.417596,269.914287458447,0.0,269.914287458447
158.821054,57,96.457343,158.82105399786113,0.0,158.82105399786113
975.535609,150,97.133943,975.5356086948202,0.0,975.5356086948202
1003.180061,162,97.251811,1003.1800605315339,0.0,1003.1800605315339
993.166315,189,97.387427,993.16631489861,0.0,993.16631489861
962.504593,144,97.491172,962.5045928612183,0.0,962.5045928612183
69.961786,40,97.520847,69.96178603181342,0.0,69.96178603181342
968.899966,148,97.628398,968.8999663660999,0.0,968.8999663660999
956.549821,147,97.731968,956.549820679044,0.0,956.549820679044
210.719401,76,97.790297,210.71940136851586,0.0,210.71940136851586
120.648048,52,97.829097,120.64804803820032,0.0,120.64804803820032
96.771535,53,97.868556,96.7715348022463,0.0,96.7715348022463
46.773884,38,97.8976,46.77388408195388,0.0,46.77388408195388
936.113313,142,97.99984,936.1133133351864,0.0,936.1133133351864
127.405934,55,98.043034,127.40593434311455,0.0,127.40593434311455
985.114737,154,98.15356,985.114736845706,0.0,985.114736845706
970.210843,147,98.258788,970.2108428098118,0.0,970.2108428098118
962.215294,157,98.37296,962.2152943716258,0.0,962.2152943716258
88.244393,45,98.407575,88.24439320116382,0.0,88.24439320116382
17.667089,39,98.44213,17.66708884063584,0.0,17.66708884063584
1000.496819,156,99.121333,1000.4968187857588,0.0,1000.4968187857588
943.713887,145,99.223025,943.7138871278808,0.0,943.7138871278808
246.210517,81,99.284844,246.21051683411278,0.0,246.21051683411278
985.979998,153,99.393882,985.9799980471591,0.0,985.9799980471591
981.541846,162,99.511057,981.5418456398952,0.0,981.5418456398952
152.226112,58,99.553642,152.22611201414742,0.0,152.22611201414742
1006.133947,163,99.66925,1006.1339474589505,0.0,1006.1339474589505
-17.560467,24,99.68893,-17.56046675769298,0.0,-17.56046675769298
93.586251,45,99.723894,93.58625083911552,0.0,93.58625083911552
958.67897,153,99.833642,958.6789696422097,0.0,958.6789696422097
1011.37162,155,99.943843,1011.3716199177541,0.0,1011.3716199177541
382.096416,104,100.017524,382.09641572855645,0.0,382.09641572855645
343.555777,96,100.088552,343.5557771081851,0.0,343.5557771081851
947.700166,153,100.200193,947.7001657466011,0.0,947.7001657466011
967.501505,147,100.307143,967.5015050310587,0.0,967.5015050310587
136.096188,57,100.351369,136.0961881979935,0.0,136.0961881979935
339.304223,101,100.424208,339.3042232394049,0.0,339.3042232394049
962.263893,153,100.534079,962.2638929580653,0.0,962.2638929580653
970.978097,152,101.221579,970.9780970966376,0.0,970.9780970966376
961.530511,144,104.611434,961.53051106954,0.0,961.53051106954
104.365307,54,104.65092,104.36530735283013,0.0,104.36530735283013
1010.4456,165,104.768193,1010.4456000152275,0.0,1010.4456000152275
974.173107,153,104.878413,974.1731071392759,0.0,974.1731071392759
967.90056,150,104.985657,967.9005599791626,0.0,967.9005599791626
937.758273,146,105.090237,937.7582729416895,0.0,937.7582729416895
983.195133,159,105.203472,983.1951327651509,0.0,983.1951327651509
69.051331,46,105.237727,69.05133139020114,0.0,69.05133139020114
-7.117767,27,105.259025,-7.117766537329686,0.0,-7.117766537329686
348.830846,92,105.324242,348.8308461960694,0.0,348.8308461960694
81.643506,41,105.356111,81.64350640354807,0.0,81.64350640354807
937.130368,141,105.456859,937.1303679222754,0.0,937.1303679222754
952.612715,147,105.560946,952.6127148145166,0.0,952.6127148145166
960.39571,155,105.671818,960.3957104967427,0.0,960.3957104967427
983.326355,154,105.780244,983.32635543036,0.0,983.32635543036
332.959922,103,105.856489,332.9599223552973,0.0,332.9599223552973
941.471943,154,106.521737,941.471943266144,0.0,941.471943266144
977.669004,149,106.628924,977.6690035748184,0.0,977.6690035748184
959.862785,156,106.740367,959.8627849191466,0.0,959.8627849191466
97.109159,53,106.778514,97.1091594914341,0.0,97.1091594914341
971.579168,159,106.892761,971.5791683409914,0.0,971.5791683409914
956.551439,151,107.00043,956.5514394019401,0.0,956.5514394019401
1035.239431,162,107.116277,1035.2394308252588,0.0,1035.2394308252588
941.697313,158,107.231856,941.6973130138374,0.0,941.6973130138374
962.442133,177,107.356941,962.4421327102906,0.0,962.4421327102906
-6.76171,25,107.37663,-6.761709909731863,0.0,-6.761709909731863
964.847644,152,107.485948,964.8476440147399,0.0,964.8476440147399
139.945886,57,107.530087,139.94588644354045,0.0,139.94588644354045
387.339301,105,107.60231,387.3393012144548,0.0,387.3393012144548
976.315195,151,107.712713,976.3151945048857,0.0,976.3151945048857
104.091718,46,107.746095,104.0917180522606,0.0,104.0917180522606
970.45668,144,107.848769,970.4566804172513,0.0,970.4566804172513
161.380912,64,107.896569,161.38091173750226,0.0,161.38091173750226
973.384467,151,108.5672,973.3844673080449,0.0,973.3844673080449
920.682976,139,108.668678,920.6829758741252,0.0,920.6829758741252
961.301043,143,108.771182,961.3010425928379,0.0,961.3010425928379
1013.633199,155,108.88358,1013.633198679214,0.0,1013.633198679214
137.683251,60,108.928699,137.68325140687278,0.0,137.68325140687278
49.270947,42,108.964129,49.27094728635069,0.0,49.27094728635069
412.303485,102,109.039104,412.3034849492826,0.0,412.3034849492826
958.664062,172,109.164605,958.6640618564667,0.0,958.6640618564667
987.653119,159,109.277975,987.6531185058202,0.0,987.6531185058202
933.008525,149,109.38254,933.0085245763917,0.0,933.0085245763917
959.864814,144,109.483278,959.8648144771124,0.0,959.8648144771124
918.717854,141,109.583149,918.7178540534817,0.0,918.7178540534817
130.579889,58,109.624107,130.57988944634948,0.0,130.57988944634948
-14.773939,25,109.643823,-14.77393874768768,0.0,-14.77393874768768
960.616683,144,109.74394,960.6166831011437,0.0,960.6166831011437
186.672025,75,109.797648,186.67202528303866,0.0,186.67202528303866
-44.865501,19,109.812904,-44.86550059037948,0.0,-44.86550059037948
986.451029,160,109.928663,986.4510287710682,0.0,986.4510287710682
167.22033,65,109.97678,167.22033039920333,0.0,167.22033039920333
985.948389,155,110.648775,985.9483893580857,0.0,985.9483893580857
939.76953,145,110.74949,939.7695300364155,0.0,939.7695300364155
958.71177,150,110.85745,958.7117696872231,0.0,958.7117696872231
963.715951,146,110.961788,963.7159508195704,0.0,963.7159508195704
926.510016,140,111.063414,926.510015817959,0.0,926.510015817959
974.246322,159,111.17686,974.2463222638545,0.0,974.2463222638545
139.433914,53,111.214995,139.43391371508048,0.0,139.43391371508048
148.393133,63,111.284593,148.39313335764575,0.0,148.39313335764575
107.884444,48,111.33745,107.88444417458959,0.0,107.88444417458959
961.896215,153,111.45006,961.8962147322287,0.0,961.8962147322287
383.645978,98,111.521608,383.64597811179783,0.0,383.64597811179783
999.956927,153,111.631544,999.9569265334077,0.0,999.9569265334077
955.228905,145,111.73436,955.2289045299276,0.0,955.2289045299276
117.188805,54,111.775609,117.18880544787534,0.0,117.18880544787534
317.082154,93,111.84444,317.08215433414705,0.0,317.08215433414705
943.072129,141,111.94526,943.072129374877,0.0,943.072129374877
137.547098,56,111.986857,137.54709812342293,0.0,137.54709812342293
93.74816,51,112.024824,93.74815954728675,0.0,93.74815954728675
133.117676,60,112.634914,133.11767551710818,0.0,133.11767551710818
82.885324,43,112.667034,82.88532443677522,0.0,82.88532443677522
951.995986,149,112.773075,951.9959858189306,0.0,951.9959858189306
145.911181,59,112.816771,145.9111810987764,0.0,145.9111810987764
60.388268,37,112.845201,60.38826840624134,0.0,60.38826840624134
984.281664,152,112.955176,984.2816641579288,0.0,984.2816641579288
948.115483,150,113.063194,948.1154827167036,0.0,948.1154827167036
1007.559963,150,113.169103,1007.5599632706076,0.0,1007.5599632706076
969.302258,145,113.272882,969.3022581401892,0.0,969.3022581401892
984.0107,153,113.380869,984.0107004340322,0.0,984.0107004340322
950.439167,142,113.482713,950.439167448231,0.0,950.439167448231
963.015986,158,113.595516,963.0159856173694,0.0,963.0159856173694
931.494383,144,113.698477,931.4943825713879,0.0,931.4943825713879
414.636181,100,113.770885,414.6361807476827,0.0,414.6361807476827
936.264066,147,113.875045,936.2640657896836,0.0,936.2640657896836
917.00468,139,113.97388,917.0046804552117,0.0,917.0046804552117
-16.020287,23,113.992036,-16.020286884784667,0.0,-16.020286884784667
378.434213,96,116.57633,378.4342133776606,0.0,378.4342133776606
78.22394,41,116.608198,78.22394001026284,0.0,78.22394001026284
935.249284,182,117.297715,935.249284047705,0.0,935.249284047705
991.462927,204,117.442942,991.4629270376686,0.0,991.4629270376686
-50.305982,18,117.459553,-50.30598183946,0.0,-50.30598183946
103.456805,46,117.492851,103.45680514223235,0.0,103.45680514223235
916.321745,138,117.591219,916.3217451546863,0.0,916.3217451546863
77.230096,42,117.621469,77.23009568904796,0.0,77.23009568904796
967.852452,151,117.728812,967.8524515367005,0.0,967.8524515367005
-27.074128,22,117.745424,-27.074128324324008,0.0,-27.074128324324008
985.329665,159,117.860448,985.3296649722793,0.0,985.3296649722793
92.908163,45,117.894807,92.908163062008,0.0,92.908163062008
36.888086,39,117.925056,36.88808626276443,0.0,36.88808626276443
921.434455,137,118.02125,921.4344549722013,0.0,921.4344549722013
993.249024,151,118.131069,993.2490237523632,0.0,993.2490237523632
941.337607,146,118.233437,941.3376067488114,0.0,941.3376067488114
1010.151385,155,118.347189,1010.1513846959613,0.0,1010.1513846959613
963.82265,156,118.462035,963.8226496735571,0.0,963.8226496735571
995.990891,168,118.58195,995.9908908760575,0.0,995.9908908760575
370.226819,91,118.647335,370.2268188266539,0.0,370.2268188266539
954.289261,145,119.316096,954.2892614995596,0.0,954.2892614995596
961.595508,151,119.42645,961.5955078624315,0.0,961.5955078624315
992.345311,154,119.537788,992.3453109231518,0.0,992.3453109231518
247.43888,83,119.598623,247.43887979768624,0.0,247.43887979768624
995.797747,149,119.704582,995.7977473298738,0.0,995.7977473298738
929.680832,136,119.803089,929.6808315525883,0.0,929.6808315525883
920.38028,141,119.902359,920.3802798608667,0.0,920.3802798608667
974.089393,146,120.008425,974.089392641636,0.0,974.089392641636
946.258333,148,120.115568,946.2583329092641,0.0,946.2583329092641
1010.567472,152,120.223617,1010.5674717722619,0.0,1010.5674717722619
985.415715,154,120.334584,985.4157145010091,0.0,985.4157145010091
986.304889,153,120.444909,986.3048890346583,0.0,986.3048890346583
956.876498,147,120.549677,956.8764979108048,0.0,956.8764979108048
969.825983,146,120.650508,969.8259831894029,0.0,969.8259831894029
380.504915,108,121.29832,380.5049152278031,0.0,380.5049152278031
974.925873,142,121.399725,974.925872519892,0.0,974.925872519892
55.463108,47,121.434066,55.463107932424265,0.0,55.463107932424265
960.000544,149,121.544405,960.0005441137167,0.0,960.0005441137167
126.713234,53,121.582791,126.7132335708369,0.0,126.7132335708369
-29.214469,23,121.600958,-29.21446932102336,0.0,-29.21446932102336
1004.834788,152,121.712697,1004.8347881592063,0.0,1004.8347881592063
994.290164,152,121.820479,994.2901637194035,0.0,994.2901637194035
1005.308293,156,121.934612,1005.3082926722756,0.0,1005.3082926722756
955.156222,143,122.036161,955.1562221572806,0.0,955.1562221572806
994.731211,149,122.14698,994.7312109029147,0.0,994.7312109029147
953.494641,143,122.246648,953.4946412240015,0.0,953.4946412240015
108.675453,53,122.287205,108.67545332405234,0.0,108.67545332405234
-19.249362,23,122.306852,-19.249361940240945,0.0,-19.249361940240945
141.928291,58,122.347857,141.92829119644244,0.0,141.92829119644244
86.500679,47,122.382738,86.50067943694333,0.0,86.50067943694333
954.104578,175,122.509598,954.1045784841015,0.0,954.1045784841015
177.493611,66,122.559219,177.49361061094103,0.0,177.49361061094103
96.008342,48,122.594145,96.00834230799109,0.0,96.00834230799109
945.177779,141,122.698842,945.1777794263083,0.0,945.1777794263083
960.929585,143,123.368938,960.9295852128937,0.0,960.9295852128937
369.491814,96,123.436637,369.49181411004633,0.0,369.49181411004633
114.500976,56,123.478959,114.50097588259574,0.0,114.50097588259574
941.139867,141,123.580308,941.139867349383,0.0,941.139867349383
949.059861,144,123.684946,949.0598610197859,0.0,949.0598610197859
949.062226,150,123.79386,949.0622263002533,0.0,949.0622263002533
57.413167,47,123.828748,57.41316650789443,0.0,57.41316650789443
942.803952,206,123.975471,942.8039524771314,0.0,942.8039524771314
999.165566,154,124.084135,999.165566222787,0.0,999.165566222787
968.311203,152,124.192085,968.311203269064,0.0,968.311203269064
989.268677,146,124.296623,989.2686765640083,0.0,989.2686765640083
213.396498,78,124.354237,213.39649846095048,0.0,213.39649846095048
962.252485,150,124.46136,962.2524853636696,0.0,962.2524853636696
964.728975,148,124.566541,964.7289753659437,0.0,964.7289753659437
87.88394,47,124.601236,87.88394008213808,0.0,87.88394008213808
70.700593,47,124.635945,70.70059291698234,0.0,70.70059291698234
1028.75314,155,124.746066,1028.7531404151277,0.0,1028.7531404151277
82.604844,42,124.778858,82.60484430917046,0.0,82.60484430917046
85.306826,41,125.375323,85.30682648792161,0.0,85.30682648792161
129.000281,55,125.416127,129.00028116752947,0.0,129.00028116752947
109.916845,48,125.450994,109.91684484955242,0.0,109.91684484955242
384.748671,98,125.523294,384.74867134387966,0.0,384.74867134387966
160.925626,60,125.568107,160.92562596484294,0.0,160.92562596484294
-41.409422,24,125.586223,-41.4094215000095,0.0,-41.4094215000095
986.372823,149,125.691031,986.3728231875061,0.0,986.3728231875061
963.295756,147,125.796521,963.2957563788035,0.0,963.2957563788035
85.206888,43,125.828291,85.20688766242004,0.0,85.20688766242004
129.811693,58,125.870693,129.81169301461324,0.0,129.81169301461324
936.92606,141,125.969698,936.9260603382944,0.0,936.9260603382944
971.532745,146,126.074129,971.5327452297595,0.0,971.5327452297595
390.097032,94,126.14249,390.09703152061195,0.0,390.09703152061195
357.434722,91,126.207499,357.4347223520769,0.0,357.4347223520769
63.257882,37,126.234692,63.25788204930093,0.0,63.25788204930093
986.441102,149,126.340836,986.4411018474663,0.0,986.4411018474663
997.013971,156,126.451998,997.0139713893893,0.0,997.0139713893893
128.084962,63,126.49807,128.08496186085551,0.0,128.08496186085551
84.511024,42,126.528572,84.51102350838599,0.0,84.51102350838599
942.739214,139,129.872436,942.73921382459,0.0,942.73921382459
910.385998,138,129.974115,910.385997877819,0.0,910.385997877819
966.478063,155,130.654497,966.478063115467,0.0,966.478063115467
359.737069,92,130.721165,359.73706905353436,0.0,359.73706905353436
405.330364,105,130.797798,405.3303636442631,0.0,405.3303636442631
403.470485,102,130.8713,403.4704848533562,0.0,403.4704848533562
948.592369,142,130.974537,948.5923685149758,0.0,948.5923685149758
913.137269,131,131.068346,913.1372690469472,0.0,913.1372690469472
415.367408,108,131.146838,415.36740833949784,0.0,415.36740833949784
991.084032,149,131.252555,991.0840324175049,0.0,991.0840324175049
930.274116,139,131.355041,930.2741158585711,0.0,930.2741158585711
992.060775,157,131.468663,992.0607748955615,0.0,992.0607748955615
940.635953,154,131.579453,940.6359531794278,0.0,940.6359531794278
961.541252,148,131.689028,961.5412524034762,0.0,961.5412524034762
944.904785,154,131.799245,944.9047847483245,0.0,944.9047847483245
955.010905,145,131.906002,955.0109047960495,0.0,955.0109047960495
964.025015,145,132.01179,964.0250151733576,0.0,964.0250151733576
63.39219,44,132.046179,63.392190428745195,0.0,63.392190428745195
958.637313,155,132.722394,958.6373127643542,0.0,958.6373127643542
120.354205,52,132.761381,120.35420456220888,0.0,120.35420456220888
132.160239,56,132.802232,132.16023936725807,0.0,132.16023936725807
67.305703,39,132.832595,67.30570316039459,0.0,67.30570316039459
94.467412,42,132.8644,94.46741153740543,0.0,94.46741153740543
940.918231,137,132.960161,940.9182306870148,0.0,940.9182306870148
952.270127,142,133.062237,952.2701268975721,0.0,952.2701268975721
969.691581,141,133.162251,969.6915806424518,0.0,969.6915806424518
947.633017,142,133.264425,947.6330167784101,0.0,947.6330167784101
933.015998,139,133.366369,933.0159979222435,0.0,933.0159979222435
995.366332,145,133.468649,995.3663321378866,0.0,995.3663321378866
421.884235,105,133.545712,421.8842352661529,0.0,421.8842352661529
425.12652,105,133.620122,425.1265204371446,0.0,425.1265204371446
949.125385,143,133.721909,949.1253849267091,0.0,949.1253849267091
985.150168,152,133.831242,985.1501676460148,0.0,985.1501676460148
998.85904,150,133.938405,998.8590395524332,0.0,998.8590395524332
970.113912,151,134.046806,970.113911911754,0.0,970.113911911754
108.058898,47,134.081268,108.05889848105458,0.0,108.05889848105458
995.281303,154,134.745863,995.281303406381,0.0,995.281303406381
953.61205,143,134.851895,953.6120503983773,0.0,953.6120503983773
980.573618,150,134.959617,980.5736175998675,0.0,980.5736175998675
1013.377529,155,135.072132,1013.3775291226891,0.0,1013.3775291226891
61.338942,36,135.09979,61.33894228792168,0.0,61.33894228792168
1004.271263,153,135.208441,1004.2712630291171,0.0,1004.2712630291171
991.644783,152,135.314461,991.6447830186792,0.0,991.6447830186792
966.10758,140,135.4139,966.1075797984512,0.0,966.1075797984512
132.102932,52,135.453281,132.10293201988227,0.0,132.10293201988227
952.505789,143,135.557945,952.5057887762446,0.0,952.5057887762446
968.87012,141,135.660779,968.8701204948848,0.0,968.8701204948848
955.075621,142,135.762054,955.0756211907467,0.0,955.0756211907467
134.631491,49,135.796871,134.63149130264839,0.0,134.63149130264839
971.784917,152,135.902766,971.7849166961075,0.0,971.7849166961075
958.549201,138,136.004704,958.5492006077967,0.0,958.5492006077967
983.380537,147,136.109132,983.3805373134403,0.0,983.3805373134403
993.950043,145,136.782583,993.9500430755136,0.0,993.9500430755136
941.264838,140,136.880896,941.2648375173155,0.0,941.2648375173155
41.694408,35,136.906287,41.69440784712003,0.0,41.69440784712003
920.939268,142,137.008393,920.9392677650569,0.0,920.9392677650569
950.881565,144,137.109763,950.8815648837123,0.0,950.8815648837123
969.07768,146,137.211329,969.0776797676629,0.0,969.0776797676629
328.713092,94,137.279124,328.7130918674632,0.0,328.7130918674632
1001.08753,156,137.390405,1001.0875295359695,0.0,1001.0875295359695
73.297226,43,137.422124,73.29722619128508,0.0,73.29722619128508
61.26795,46,137.456869,61.26794983475581,0.0,61.26794983475581
932.27016,148,137.563825,932.2701604463118,0.0,932.2701604463118
1017.666799,160,137.679259,1017.6667994704726,0.0,1017.6667994704726
230.666436,79,137.735253,230.66643600153725,0.0,230.66643600153725
932.358741,137,137.833184,932.3587410487044,0.0,932.3587410487044
957.544735,142,137.936494,957.5447349996967,0.0,957.5447349996967
946.288655,141,138.036151,946.2886549350326,0.0,946.2886549350326
963.688121,145,138.138778,963.688120667573,0.0,963.688120667573
931.297638,137,138.793785,931.297637578521,0.0,931.297637578521
937.654637,141,138.893859,937.654636769903,0.0,937.654636769903
391.362743,97,138.962936,391.3627434291345,0.0,391.3627434291345
1014.097419,155,139.068985,1014.0974193357183,0.0,1014.0974193357183
967.268482,154,139.173702,967.2684819030517,0.0,967.2684819030517
186.186348,69,139.222657,186.18634845859484,0.0,186.18634845859484
955.689437,147,139.329196,955.6894366743094,0.0,955.6894366743094
978.109645,145,139.434749,978.1096453355676,0.0,978.1096453355676
975.923282,151,139.54629,975.9232820923667,0.0,975.9232820923667
2.555512,33,139.571578,2.5555123067868806,0.0,2.5555123067868806
1007.8062,150,139.679481,1007.8062001643281,0.0,1007.8062001643281
1008.056717,153,139.791069,1008.0567174143498,0.0,1008.0567174143498
189.420593,68,143.159576,189.42059323914015,0.0,189.42059323914015
955.606272,137,143.259832,955.6062721766314,0.0,955.6062721766314
987.749683,148,143.364442,987.7496833121745,0.0,987.7496833121745
955.043921,148,143.474116,955.0439213074999,0.0,955.0439213074999
108.891611,49,143.51291,108.89161050861053,0.0,108.89161050861053
69.26763,43,143.544737,69.26763047993491,0.0,69.26763047993491
958.982433,144,144.219067,958.9824326645762,0.0,958.9824326645762
957.577946,147,144.326397,957.5779457085014,0.0,957.5779457085014
995.895603,145,144.4295,995.8956029083777,0.0,995.8956029083777
111.677574,47,144.465832,111.67757426052458,0.0,111.67757426052458
130.460374,52,144.504277,130.46037376628837,0.0,130.46037376628837
961.536833,140,144.605193,961.5368333392626,0.0,961.5368333392626
160.03766,63,144.650598,160.03766015902656,0.0,160.03766015902656
975.956075,148,144.759045,975.9560754322549,0.0,975.9560754322549
991.843785,151,144.867459,991.8437850526966,0.0,991.8437850526966
965.407506,144,144.969586,965.4075055818261,0.0,965.4075055818261
196.664242,70,145.021001,196.66424187339453,0.0,196.66424187339453
174.023551,64,145.067849,174.02355115061857,0.0,174.02355115061857
971.902297,147,145.172245,971.9022969964622,0.0,971.9022969964622
942.663584,143,145.275046,942.6635837033114,0.0,942.6635837033114
922.34863,170,145.437699,922.3486296988615,0.0,922.3486296988615
962.728928,146,145.54032,962.7289276754146,0.0,962.7289276754146
1008.667383,150,145.65464,1008.6673825750942,0.0,1008.6673825750942
959.479724,148,146.317605,959.4797237611015,0.0,959.4797237611015
229.980206,74,146.372275,229.9802057023293,0.0,229.9802057023293
990.261559,149,146.479835,990.2615587065222,0.0,990.2615587065222
992.903493,154,146.591624,992.9034933441897,0.0,992.9034933441897
64.511596,45,146.626773,64.51159614524079,0.0,64.51159614524079
1039.203143,160,146.741034,1039.2031428089326,0.0,1039.2031428089326
1020.785532,147,146.849061,1020.7855318189802,0.0,1020.7855318189802
341.386641,95,146.918046,341.38664109906995,0.0,341.38664109906995
952.988574,146,147.021093,952.9885743335469,0.0,952.9885743335469
66.423619,38,147.048395,66.42361851054866,0.0,66.42361851054866
972.946277,145,147.150209,972.9462766726228,0.0,972.9462766726228
951.053485,145,147.253983,951.0534854822193,0.0,951.0534854822193
934.846006,145,147.358131,934.8460062942205,0.0,934.8460062942205
99.981942,50,147.395123,99.98194214228474,0.0,99.98194214228474
997.210903,154,147.507221,997.2109026160368,0.0,997.2109026160368
1011.951317,146,147.611024,1011.9513172985411,0.0,1011.9513172985411
957.94389,152,148.283196,957.9438901828313,0.0,957.9438901828313
973.879858,161,148.400073,973.8798580761284,0.0,973.8798580761284
432.023429,104,148.477128,432.0234287893248,0.0,432.0234287893248
1019.119769,149,148.583731,1019.1197686256253,0.0,1019.1197686256253
-21.608195,23,148.60199,-21.608195329839532,0.0,-21.608195329839532
67.243086,42,148.633914,67.24308614343869,0.0,67.24308614343869
-38.854472,20,148.650537,-38.85447182507673,0.0,-38.85447182507673
969.629074,150,148.757321,969.629073877203,0.0,969.629073877203
176.589342,63,148.805076,176.58934176354094,0.0,176.58934176354094
-41.721616,19,148.818711,-41.72161613779056,0.0,-41.72161613779056
121.779204,54,148.85956,121.77920386200904,0.0,121.77920386200904
953.445865,147,148.967168,953.4458653703631,0.0,953.4458653703631
972.436275,146,149.071826,972.4362748421014,0.0,972.4362748421014
910.28555,134,149.167855,910.2855501169123,0.0,910.2855501169123
45.34233,33,149.192027,45.3423304705079,0.0,45.3423304705079
-36.768746,20,149.208714,-36.76874634933745,0.0,-36.76874634933745
1002.58587,165,149.324254,1002.5858696290768,0.0,1002.5858696290768
945.591557,139,149.421084,945.5915566336172,0.0,945.5915566336172
944.559181,136,149.5188,944.5591806963901,0.0,944.5591806963901
955.777675,144,149.622739,955.7776754344944,0.0,955.7776754344944
1005.442824,166,149.742734,1005.4428237013444,0.0,1005.4428237013444
417.657798,98,150.375999,417.65779803688014,0.0,417.65779803688014
945.868327,145,150.480391,945.868327339032,0.0,945.868327339032
981.068578,153,150.592212,981.0685779721792,0.0,981.0685779721792
953.336135,148,150.701154,953.3361348038429,0.0,953.3361348038429
363.497183,101,150.775365,363.49718295725063,0.0,363.49718295725063
954.904241,145,150.879753,954.904241176255,0.0,954.904241176255
984.903926,157,150.993699,984.9039263772402,0.0,984.9039263772402
945.585318,144,151.100911,945.5853183031513,0.0,945.5853183031513
934.195033,134,151.197054,934.1950327747173,0.0,934.1950327747173
-59.309569,18,151.210744,-59.30956852059146,0.0,-59.30956852059146
193.38638,66,151.259281,193.38637972096305,0.0,193.38637972096305
927.567203,139,151.359325,927.5672030757154,0.0,927.5672030757154
937.701963,145,151.463678,937.7019625110767,0.0,937.7019625110767
87.801304,41,151.495481,87.80130413837036,0.0,87.80130413837036
931.968892,137,151.597761,931.9688921202937,0.0,931.9688921202937
943.216325,139,151.698622,943.2163251209668,0.0,943.2163251209668
987.210896,149,151.809474,987.2108962945276,0.0,987.2108962945276
99.254655,57,152.415834,99.25465476547885,0.0,99.25465476547885
67.559669,39,152.444762,67.55966921189383,0.0,67.55966921189383
70.696421,42,152.476653,70.69642073986758,0.0,70.69642073986758
1005.534246,148,152.583315,1005.5342456218639,0.0,1005.5342456218639
-18.556838,24,152.602996,-18.55683817020345,0.0,-18.55683817020345
985.259573,148,152.712241,985.2595730078754,0.0,985.2595730078754
940.045304,143,152.817035,940.0453041793517,0.0,940.0453041793517
955.125286,138,152.916466,955.1252857873174,0.0,955.1252857873174
988.409769,152,153.023524,988.4097686433036,0.0,988.4097686433036
920.986055,138,153.124504,920.9860547423187,0.0,920.9860547423187
994.985114,147,153.229666,994.9851137805992,0.0,994.9851137805992
-54.011993,17,153.243342,-54.01199305211537,0.0,-54.01199305211537
956.940574,144,156.887087,956.9405740761867,0.0,956.9405740761867
313.319519,91,156.950972,313.31951870150783,0.0,313.31951870150783
959.640517,148,157.057977,959.6405167312375,0.0,959.6405167312375
973.758879,160,157.172886,973.7588790738414,0.0,973.7588790738414
952.319026,141,157.275405,952.3190257733846,0.0,952.3190257733846
969.788295,142,157.377275,969.7882952658066,0.0,969.7882952658066
425.513071,105,158.024823,425.5130706245343,0.0,425.5130706245343
968.495153,150,158.133614,968.4951532348342,0.0,968.4951532348342
975.262059,152,158.241478,975.2620591903496,0.0,975.2620591903496
956.502836,144,158.34504,956.5028359902692,0.0,956.5028359902692
1001.223985,156,158.45833,1001.2239849386594,0.0,1001.2239849386594
149.61305,55,158.499649,149.6130501636814,0.0,149.6130501636814
978.399803,142,158.603389,978.3998033148466,0.0,978.3998033148466
1000.955603,155,158.715418,1000.9556033384333,0.0,1000.9556033384333
950.558873,147,158.824655,950.5588730043208,0.0,950.5588730043208
972.635824,150,158.929433,972.6358243224305,0.0,972.6358243224305
994.92658,147,159.036326,994.9265797662684,0.0,994.9265797662684
2.823403,28,159.059061,2.823402757431424,0.0,2.823402757431424
937.564677,142,159.160402,937.5646769126581,0.0,937.5646769126581
954.246912,145,159.265087,954.2469123030085,0.0,954.2469123030085
50.21304,36,159.292007,50.21303978905895,0.0,50.21303978905895
961.396253,139,159.393463,961.3962532273623,0.0,961.3962532273623
954.769827,145,160.07502,954.769827305395,0.0,954.769827305395
946.79182,146,160.180834,946.7918197333007,0.0,946.7918197333007
959.748746,145,160.282626,959.7487460462629,0.0,959.7487460462629
954.368586,146,160.385167,954.368586482979,0.0,954.368586482979
316.844927,93,160.451832,316.8449273221985,0.0,316.8449273221985
946.452387,146,160.556506,946.4523865165454,0.0,946.4523865165454
405.300965,107,160.63488,405.3009654021022,0.0,405.3009654021022
932.312143,139,160.73575,932.312142998059,0.0,932.312142998059
139.872509,53,160.776174,139.87250853877055,0.0,139.87250853877055
986.183891,155,160.886625,986.1838908257871,0.0,986.1838908257871
953.827054,148,160.993856,953.8270544099939,0.0,953.8270544099939
1015.120258,151,161.099638,1015.1202580648902,0.0,1015.1202580648902
975.03443,164,161.218076,975.0344299955811,0.0,975.0344299955811
945.571571,142,161.317686,945.5715710270333,0.0,945.5715710270333
378.613503,107,161.397149,378.6135027153472,0.0,378.6135027153472
965.453422,145,161.501234,965.4534220528553,0.0,965.4534220528553
958.687698,144,162.213748,958.6876983271168,0.0,958.6876983271168
106.330039,51,162.25461,106.3300388861253,0.0,106.3300388861253
989.746747,145,162.360602,989.746747114898,0.0,989.746747114898
980.886547,144,162.464303,980.8865474762272,0.0,980.8865474762272
115.924189,60,162.50961,115.92418934753462,0.0,115.92418934753462
977.259983,145,162.613344,977.2599829807241,0.0,977.2599829807241
1003.051623,154,162.723897,1003.0516227116091,0.0,1003.0516227116091
916.503025,139,162.823889,916.503024992797,0.0,916.503024992797
406.611892,97,162.89377,406.6118922803181,0.0,406.6118922803181
961.851065,142,162.990182,961.8510654295258,0.0,961.8510654295258
977.239387,145,163.09351,977.239386981567,0.0,977.239386981567
999.167307,148,163.198441,999.1673072831178,0.0,999.1673072831178
946.846382,141,163.298816,946.8463815413031,0.0,946.8463815413031
79.03112,41,163.327648,79.03111954147658,0.0,79.03111954147658
76.727643,47,163.36198,76.72764255602998,0.0,76.72764255602998
183.945427,64,163.409601,183.94542718533754,0.0,183.94542718533754
-30.403052,21,163.426275,-30.403052203416507,0.0,-30.403052203416507
125.941373,52,163.465236,125.94137325863535,0.0,125.94137325863535
97.387194,45,163.498739,97.38719374639082,0.0,97.38719374639082
947.356329,154,164.178285,947.3563289225683,0.0,947.3563289225683
961.569341,156,164.293608,961.5693412306266,0.0,961.5693412306266
945.496647,137,164.391129,945.4966474386097,0.0,945.4966474386097
73.496115,41,164.422624,73.49611544781932,0.0,73.49611544781932
990.606134,150,164.532814,990.6061344667262,0.0,990.6061344667262
-52.017071,17,164.547075,-52.017070899906386,0.0,-52.017070899906386
988.37912,146,164.652081,988.3791202497175,0.0,988.3791202497175
408.388551,111,164.732022,408.38855089717924,0.0,408.38855089717924
938.381824,140,164.832619,938.3818241243459,0.0,938.3818241243459
219.225996,78,164.888305,219.22599615014667,0.0,219.22599615014667
936.693866,139,164.987665,936.6938655786493,0.0,936.6938655786493
987.640524,143,165.092906,987.6405242951528,0.0,987.6405242951528
175.643322,66,165.143297,175.64332182848108,0.0,175.64332182848108
928.96373,134,165.240054,928.9637303378702,0.0,928.9637303378702
944.441139,144,165.339665,944.4411390452874,0.0,944.4411390452874
985.994055,150,165.449124,985.9940553582054,0.0,985.9940553582054
1029.837286,151,165.557516,1029.8372855125945,0.0,1029.8372855125945
1017.01378,155,166.236733,1017.0137797010352,0.0,1017.0137797010352
440.212408,105,166.313621,440.2124075776318,0.0,440.2124075776318
141.335772,55,166.354669,141.3357718230111,0.0,141.3357718230111
918.273032,132,166.452942,918.2730323771095,0.0,918.2730323771095
115.616571,54,166.492367,115.6165706320949,0.0,115.6165706320949
955.883075,141,166.59539,955.8830750260115,0.0,955.8830750260115
341.141762,94,166.666243,341.14176168646134,0.0,341.14176168646134
232.470254,79,166.722309,232.4702539590529,0.0,232.4702539590529
-49.052179,20,166.739021,-49.052179021502724,0.0,-49.052179021502724
946.810379,137,166.836975,946.8103793793872,0.0,946.8103793793872
956.531886,143,170.514332,956.5318859476429,0.0,956.5318859476429
935.141384,135,170.611167,935.1413842846074,0.0,935.1413842846074
962.489642,140,170.711572,962.4896415264293,0.0,962.4896415264293
1002.361951,150,170.819514,1002.3619514525432,0.0,1002.3619514525432
931.776432,140,170.919632,931.7764320044764,0.0,931.7764320044764
970.426772,146,171.024156,970.4267718459237,0.0,970.4267718459237
141.995181,54,171.065194,141.99518088823913,0.0,141.99518088823913
927.938029,142,171.16625,927.9380286412953,0.0,927.9380286412953
953.343143,154,171.840053,953.3431426367497,0.0,953.3431426367497
990.436298,142,171.943005,990.4362978837298,0.0,990.4362978837298
22.732981,30,171.967302,22.732981191372588,0.0,22.732981191372588
303.298625,91,172.033525,303.2986245251014,0.0,303.2986245251014
978.168264,145,172.140543,978.1682637551512,0.0,978.1682637551512
957.012415,138,172.239882,957.0124149038571,0.0,957.0124149038571
990.847792,154,172.355567,990.847791988658,0.0,990.847791988658
952.247063,137,172.453919,952.2470630383244,0.0,952.2470630383244
81.408478,49,172.491639,81.40847781577287,0.0,81.40847781577287
53.953916,35,172.517463,53.95391583900573,0.0,53.95391583900573
149.300208,61,172.564542,149.3002075720501,0.0,149.3002075720501
-60.904083,15,172.575161,-60.90408311782095,0.0,-60.90408311782095
964.964729,142,172.677802,964.9647287498111,0.0,964.9647287498111
311.476979,89,172.741615,311.47697949286714,0.0,311.47697949286714
50.477875,34,172.767457,50.477874720278564,0.0,50.477874720278564
979.963187,144,172.8726,979.9631873054711,0.0,979.9631873054711
948.28208,149,172.978786,948.282079741631,0.0,948.282079741631
974.808581,157,173.09227,974.8085812333785,0.0,974.8085812333785
451.916147,107,173.168857,451.9161470663405,0.0,451.9161470663405
998.332233,145,173.275354,998.3322334713498,0.0,998.3322334713498
952.823144,137,173.935932,952.8231438796722,0.0,952.8231438796722
926.443156,147,174.041648,926.4431562270875,0.0,926.4431562270875
988.964054,149,174.150202,988.964053868887,0.0,988.964053868887
997.51868,153,174.260864,997.5186803789594,0.0,997.5186803789594
1019.381826,148,174.381003,1019.3818261735679,0.0,1019.3818261735679
992.167202,156,174.492391,992.1672022227555,0.0,992.1672022227555
936.728893,136,174.593767,936.7288933900395,0.0,936.7288933900395
115.958536,46,174.627027,115.95853622542421,0.0,115.95853622542421
942.51492,143,174.731763,942.5149195493923,0.0,942.5149195493923
927.867212,145,174.837662,927.8672120079732,0.0,927.8672120079732
1006.737774,152,174.946688,1006.7377739271021,0.0,1006.7377739271021
84.562722,42,174.979647,84.56272202688817,0.0,84.56272202688817
980.964573,154,175.091568,980.9645727556768,0.0,980.9645727556768
-40.25575,21,175.112044,-40.25575018902944,0.0,-40.25575018902944
960.630761,138,175.210837,960.6307609380975,0.0,960.6307609380975
979.868855,144,175.311213,979.8688545940274,0.0,979.8688545940274
974.002673,144,175.983288,974.0026733350649,0.0,974.0026733350649
966.632207,144,176.125223,966.6322069573598,0.0,966.6322069573598
961.234516,138,176.222027,961.2345164836324,0.0,961.2345164836324
966.630027,145,176.324881,966.6300267532231,0.0,966.6300267532231
159.330853,56,176.365879,159.3308526570827,0.0,159.3308526570827
948.963532,137,176.464935,948.963531753902,0.0,948.963531753902
-36.028971,21,176.481556,-36.028970764474295,0.0,-36.028970764474295
956.132977,141,176.58377,956.1329773918148,0.0,956.1329773918148
948.567786,141,176.684713,948.5677861825949,0.0,948.5677861825949
932.657662,137,176.781713,932.657662202879,0.0,932.657662202879
961.220953,141,176.881169,961.2209530008274,0.0,961.2209530008274
953.675221,144,176.984237,953.6752208045286,0.0,953.6752208045286
983.171346,150,177.091644,983.1713463406736,0.0,983.1713463406736
999.911558,155,177.202,999.9115575415715,0.0,999.9115575415715
940.976913,136,177.298992,940.9769134153012,0.0,940.9769134153012
978.658635,143,177.401463,978.6586351194259,0.0,978.6586351194259
919.521304,137,178.055774,919.5213036167847,0.0,919.5213036167847
952.255769,144,178.157753,952.25576939037,0.0,952.25576939037
967.6107,153,178.265985,967.6107002393629,0.0,967.6107002393629
961.42288,141,178.364879,961.4228796953751,0.0,961.4228796953751
979.618811,150,178.471746,979.618810815451,0.0,979.618810815451
1017.200554,148,178.575618,1017.2005535912899,0.0,1017.2005535912899
967.602871,142,178.678445,967.6028710186351,0.0,967.6028710186351
950.351518,143,178.782641,950.3515179061749,0.0,950.3515179061749
-54.403631,16,178.797652,-54.40363096832584,0.0,-54.40363096832584
-25.683015,23,178.814281,-25.683015336419274,0.0,-25.683015336419274
963.042107,140,178.913454,963.0421071301214,0.0,963.0421071301214
975.647762,153,179.02184,975.6477617202553,0.0,975.6477617202553
947.590274,144,179.125288,947.5902737969553,0.0,947.5902737969553
947.486635,138,179.224492,947.486635289006,0.0,947.486635289006
131.32516,51,179.263151,131.3251596007049,0.0,131.3251596007049
73.332962,47,179.295117,73.33296169111327,0.0,73.33296169111327
912.510934,137,179.391645,912.5109335511602,0.0,912.5109335511602
974.562954,153,180.060576,974.5629541089426,0.0,974.5629541089426
217.395256,77,180.117009,217.39525607707614,0.0,217.39525607707614
953.320181,136,180.212279,953.3201806933153,0.0,953.3201806933153
965.175742,143,180.316427,965.1757418622665,0.0,965.1757418622665
108.298889,46,180.351233,108.29888913158263,0.0,108.29888913158263
-19.646126,24,180.36945,-19.646125800413373,0.0,-19.646125800413373
970.793516,147,180.47492,970.7935156153334,0.0,970.7935156153334
989.108247,147,183.860176,989.1082468536273,0.0,989.1082468536273
954.556052,140,183.961667,954.5560521593723,0.0,954.5560521593723
399.366531,96,184.034977,399.3665314231824,0.0,399.3665314231824
925.357344,137,184.133036,925.3573441918645,0.0,925.3573441918645
972.93713,142,184.236018,972.9371300483019,0.0,972.9371300483019
911.083264,135,184.333069,911.0832640875761,0.0,911.0832640875761
1013.249232,149,184.443254,1013.249232090321,0.0,1013.249232090321
964.251683,141,184.54416,964.2516831622881,0.0,964.2516831622881
928.706681,137,184.642151,928.7066813544998,0.0,928.7066813544998
964.592585,144,184.746566,964.5925848299466,0.0,964.5925848299466
1003.015508,149,185.417575,1003.0155077134377,0.0,1003.0155077134377
960.974433,150,185.525277,960.974433210828,0.0,960.974433210828
93.781186,50,185.56326,93.78118619104444,0.0,93.78118619104444
946.74544,146,185.669955,946.7454401851247,0.0,946.7454401851247
46.403508,35,185.695772,46.40350771818882,0.0,46.40350771818882
975.747112,147,185.80301,975.7471118119622,0.0,975.7471118119622
972.017546,141,185.904799,972.0175460641352,0.0,972.0175460641352
959.613224,144,186.009726,959.6132239321478,0.0,959.6132239321478
982.110948,142,186.111093,982.1109479545393,0.0,982.1109479545393
982.033255,147,186.217748,982.0332546680611,0.0,982.0332546680611
1013.865402,148,186.317548,1013.865402259492,0.0,1013.865402259492
382.956309,95,186.385897,382.95630882203744,0.0,382.95630882203744
971.646856,148,186.489739,971.6468559812918,0.0,971.6468559812918
943.026852,139,186.587005,943.0268521556504,0.0,943.0268521556504
930.397093,140,186.688118,930.3970933321598,0.0,930.3970933321598
970.392563,141,186.789113,970.39256323647,0.0,970.39256323647
945.494347,143,187.446794,945.4943467299624,0.0,945.4943467299624
921.776018,139,187.545596,921.7760181668142,0.0,921.7760181668142
997.827852,153,187.655534,997.8278521563427,0.0,997.8278521563427
1018.596823,154,187.763996,1018.5968233965366,0.0,1018.5968233965366
925.287569,136,187.861946,925.2875693548865,0.0,925.2875693548865
-51.568441,18,187.876715,-51.56844131058419,0.0,-51.56844131058419
941.361539,143,187.979179,941.3615393313453,0.0,941.3615393313453
120.465676,51,188.01527,120.4656760114421,0.0,120.4656760114421
982.323361,142,188.118531,982.3233608226526,0.0,982.3233608226526
97.026406,49,188.155967,97.02640622242181,0.0,97.02640622242181
948.195594,145,188.258524,948.1955935396561,0.0,948.1955935396561
912.30982,128,188.347042,912.3098203185056,0.0,912.3098203185056
192.434049,70,188.397151,192.4340489402776,0.0,192.4340489402776
1010.941588,149,188.503135,1010.9415881629799,0.0,1010.9415881629799
121.972957,48,188.537404,121.97295674140734,0.0,121.97295674140734
915.594737,143,188.640363,915.5947372524153,0.0,915.5947372524153
971.093455,143,188.742306,971.0934550203041,0.0,971.0934550203041
990.453619,148,188.846253,990.453618807225,0.0,990.453618807225
961.412672,141,189.502463,961.4126721402889,0.0,961.4126721402889
116.180329,56,189.543814,116.18032917385577,0.0,116.18032917385577
-49.867447,18,189.558909,-49.867446978643756,0.0,-49.867446978643756
940.854833,152,189.666128,940.854833344478,0.0,940.854833344478
993.155611,146,189.770036,993.1556107403189,0.0,993.1556107403189
353.106659,109,189.849406,353.10665942802035,0.0,353.10665942802035
969.70259,145,189.9527,969.7025901420418,0.0,969.7025901420418
-45.709088,19,189.969317,-45.70908779885586,0.0,-45.70908779885586
-22.603224,23,189.987475,-22.60322352945839,0.0,-22.60322352945839
10.567846,28,190.008723,10.567845772232332,0.0,10.567845772232332
1001.207495,151,190.115888,1001.2074949261755,0.0,1001.2074949261755
88.616459,43,190.145239,88.61645864299057,0.0,88.61645864299057
911.060151,143,190.246894,911.0601513336657,0.0,911.0601513336657
291.055386,91,190.311198,291.05538625533524,0.0,291.05538625533524
951.76301,148,190.41887,951.7630103630959,0.0,951.7630103630959
238.35415,77,190.476675,238.35414963452314,0.0,238.35414963452314
969.956036,148,190.583625,969.9560362789465,0.0,969.9560362789465
981.019064,148,190.689927,981.0190640759489,0.0,981.0190640759489
955.39845,140,190.790559,955.3984502886644,0.0,955.3984502886644
953.093034,139,190.888313,953.0930336260135,0.0,953.0930336260135
944.667042,137,191.542333,944.6670415433659,0.0,944.6670415433659
941.531534,142,191.646129,941.5315340763624,0.0,941.5315340763624
168.944016,65,191.694236,168.9440162592268,0.0,168.9440162592268
977.731097,145,191.798349,977.7310966707291,0.0,977.7310966707291
995.746413,146,191.902511,995.7464128454989,0.0,995.7464128454989
953.203911,144,192.007788,953.2039105783033,0.0,953.2039105783033
941.258742,137,192.106437,941.25874196128,0.0,941.25874196128
381.238189,99,192.184171,381.23818921511236,0.0,381.23818921511236
125.922066,54,192.224609,125.92206614272081,0.0,125.92206614272081
963.204279,148,192.331922,963.204278579118,0.0,963.204278579118
990.704616,143,192.435181,990.7046158518332,0.0,990.7046158518332
999.328334,151,192.545391,999.3283344501322,0.0,999.3283344501322
947.890049,145,192.648445,947.8900492988021,0.0,947.8900492988021
971.197278,151,192.758059,971.197277726941,0.0,971.197277726941
990.996285,147,192.865174,990.996285434069,0.0,990.996285434069
980.561203,148,193.584942,980.5612027338716,0.0,980.5612027338716
-18.112421,22,193.601654,-18.11242100369664,0.0,-18.11242100369664
122.069482,50,193.637702,122.06948164300647,0.0,122.06948164300647
978.156904,144,193.742146,978.1569043982317,0.0,978.1569043982317
-55.154329,16,193.755811,-55.15432865710652,0.0,-55.15432865710652
987.450053,151,193.863653,987.4500533327388,0.0,987.4500533327388
80.959495,43,193.896607,80.95949481181067,0.0,80.95949481181067
18.047193,31,197.536607,18.047192904372764,0.0,18.047192904372764
985.577248,150,197.645878,985.5772476442743,0.0,985.5772476442743
407.212692,98,197.715478,407.21269226829065,0.0,407.21269226829065
952.045724,144,197.816493,952.0457242602996,0.0,952.0457242602996
1007.798316,152,197.929209,1007.7983164165299,0.0,1007.7983164165299
957.28474,144,198.030784,957.2847401984018,0.0,957.2847401984018
958.382269,149,198.136694,958.3822693026198,0.0,958.3822693026198
148.384473,61,198.180883,148.38447335752306,0.0,148.38447335752306
982.593102,146,198.282628,982.5931023806593,0.0,982.5931023806593
949.684127,140,198.38432,949.6841268994782,0.0,949.6841268994782
-4.049293,26,198.403944,-4.049293214843317,0.0,-4.049293214843317
107.265267,47,198.442934,107.26526660211499,0.0,107.26526660211499
69.194799,40,198.470836,69.19479887045995,0.0,69.19479887045995
-35.621522,21,198.486753,-35.62152243189966,0.0,-35.62152243189966
983.756844,150,198.594269,983.7568440876519,0.0,983.7568440876519
979.217623,149,199.257426,979.2176227851851,0.0,979.2176227851851
993.648343,148,199.363439,993.6483427586311,0.0,993.6483427586311
966.747741,146,199.46731,966.7477414079851,0.0,966.7477414079851
955.537315,147,199.574272,955.537314812104,0.0,955.537314812104
94.536278,43,199.606061,94.53627842379862,0.0,94.53627842379862
929.330849,139,199.706181,929.3308492093618,0.0,929.3308492093618
254.420457,80,199.763718,254.4204574741625,0.0,254.4204574741625
957.641118,147,199.866826,957.6411178853076,0.0,957.6411178853076
1000.271492,152,199.974296,1000.2714924917804,0.0,1000.2714924917804
952.655056,141,200.075048,952.6550559670045,0.0,952.6550559670045
1013.420277,157,200.185822,1013.4202766269029,0.0,1013.4202766269029
427.125253,101,200.260239,427.1252530221552,0.0,427.1252530221552
439.008861,103,200.332245,439.008861366147,0.0,439.008861366147
970.98227,148,200.437139,970.9822702030842,0.0,970.9822702030842
993.601906,149,200.543827,993.6019060312311,0.0,993.6019060312311
977.700675,141,200.646473,977.7006748634715,0.0,977.7006748634715
958.741597,143,201.30311,958.7415965021708,0.0,958.7415965021708
118.906608,49,201.336359,118.90660832603199,0.0,118.90660832603199
971.342824,143,201.44064,971.3428235117959,0.0,971.3428235117959
999.410244,158,201.555796,999.4102435402888,0.0,999.4102435402888
985.382062,156,201.668238,985.3820620356369,0.0,985.3820620356369
897.903128,135,201.766322,897.903127743247,0.0,897.903127743247
931.338618,140,201.865953,931.3386177134365,0.0,931.3386177134365
969.640103,140,201.967063,969.6401031085093,0.0,969.6401031085093
398.374284,106,202.044756,398.3742844649555,0.0,398.3742844649555
82.184877,42,202.076636,82.18487731575397,0.0,82.18487731575397
189.928842,64,202.123184,189.92884179075867,0.0,189.92884179075867
229.965427,72,202.17519,229.96542670223218,0.0,229.96542670223218
984.782078,145,202.27813,984.7820780644195,0.0,984.7820780644195
942.134997,134,202.373488,942.1349974652907,0.0,942.1349974652907
-38.812477,20,202.390121,-38.812477294863925,0.0,-38.812477294863925
445.783129,106,202.467174,445.78312868547107,0.0,445.78312868547107
932.865374,141,202.567086,932.8653742103331,0.0,932.8653742103331
-50.25493,18,202.583783,-50.254929625260644,0.0,-50.254929625260644
142.754899,55,202.624786,142.75489858432508,0.0,142.75489858432508
956.801343,144,203.288041,956.8013432512704,0.0,956.8013432512704
958.928992,151,203.393975,958.9289915848788,0.0,958.9289915848788
908.876066,129,203.487775,908.8760662465511,0.0,908.8760662465511
188.286474,71,203.539476,188.28647424172476,0.0,188.28647424172476
937.506009,144,203.642731,937.5060092697195,0.0,937.5060092697195
156.821257,59,203.687219,156.82125661529443,0.0,156.82125661529443
969.792435,148,203.793694,969.7924350195586,0.0,969.7924350195586
355.538225,98,203.864844,355.53822488135955,0.0,355.53822488135955
144.170034,53,203.905853,144.17003413380834,0.0,144.17003413380834
92.681252,55,203.945319,92.68125169479094,0.0,92.68125169479094
940.526417,137,204.045252,940.5264174471769,0.0,940.5264174471769
138.036077,56,204.084762,138.03607667430174,0.0,138.03607667430174
947.435825,147,204.192832,947.4358253469704,0.0,947.4358253469704
957.563916,139,204.291277,957.563916121014,0.0,957.563916121014
-45.498,19,204.309508,-45.49800012129239,0.0,-45.49800012129239
-28.383276,23,204.32796,-28.383276192663743,0.0,-28.383276192663743
1001.433711,156,204.448516,1001.4337106962964,0.0,1001.4337106962964
193.878151,74,204.501652,193.8781508662589,0.0,193.8781508662589
940.794124,140,204.60259,940.7941243887931,0.0,940.7941243887931
978.11166,147,204.70871,978.1116603592465,0.0,978.1116603592465
984.217484,152,205.393885,984.2174836821371,0.0,984.2174836821371
928.234395,141,205.49213,928.2343946504601,0.0,928.2343946504601
943.121214,135,205.591229,943.1212143152068,0.0,943.1212143152068
1001.812045,148,205.698735,1001.8120445739469,0.0,1001.8120445739469
975.68894,145,205.804401,975.6889401728317,0.0,975.6889401728317
961.031835,140,205.906504,961.031834604788,0.0,961.031834604788
962.615661,141,206.00763,962.6156606624559,0.0,962.6156606624559
981.97653,143,206.118303,981.9765298518109,0.0,981.9765298518109
134.188435,53,206.160819,134.18843481263713,0.0,134.18843481263713
-17.000373,25,206.181699,-17.00037342347406,0.0,-17.00037342347406
122.637619,51,206.224599,122.63761942118212,0.0,122.63761942118212
955.396312,148,206.338172,955.3963119451475,0.0,955.3963119451475
950.885019,144,206.449023,950.8850188433718,0.0,950.8850188433718
988.328212,147,206.561147,988.3282121227256,0.0,988.3282121227256
175.060068,63,206.611139,175.06006758024745,0.0,175.06006758024745
973.348387,147,206.727094,973.3483868752091,0.0,973.3483868752091
956.26967,144,206.839496,956.2696702486232,0.0,956.2696702486232
990.783965,160,207.541462,990.7839647076436,0.0,990.7839647076436
1004.495122,155,211.081233,1004.495121701234,0.0,1004.495121701234
923.126469,147,211.185874,923.1264686549443,0.0,923.1264686549443
981.632058,143,211.286208,981.6320577103999,0.0,981.6320577103999
976.26468,153,211.396806,976.2646803313531,0.0,976.2646803313531
927.117652,136,211.495521,927.1176521211911,0.0,927.1176521211911
998.783236,144,211.596942,998.7832360151106,0.0,998.7832360151106
996.677975,149,211.702025,996.6779752937509,0.0,996.6779752937509
83.414087,42,211.73418,83.41408675993912,0.0,83.41408675993912
954.503893,144,211.837983,954.5038927968877,0.0,954.5038927968877
955.681095,139,211.937606,955.6810951687617,0.0,955.6810951687617
-48.667484,19,211.952793,-48.66748405657981,0.0,-48.66748405657981
-40.389767,20,211.969561,-40.38976662148234,0.0,-40.38976662148234
403.258884,105,212.045552,403.2588843753797,0.0,403.2588843753797
964.184236,143,212.146193,964.1842359248259,0.0,964.1842359248259
93.212987,44,212.178286,93.21298676226579,0.0,93.21298676226579
945.977398,143,212.280209,945.9773978817016,0.0,945.9773978817016
999.121822,143,212.945213,999.1218221326174,0.0,999.1218221326174
975.688212,147,213.05378,975.6882117885888,0.0,975.6882117885888
998.68095,155,213.168055,998.6809496389565,0.0,998.6809496389565
981.244057,143,213.273024,981.2440570978854,0.0,981.2440570978854
994.910271,150,213.380473,994.9102705542795,0.0,994.9102705542795
974.987007,147,213.485651,974.987007491219,0.0,974.987007491219
211.252377,71,213.536965,211.25237671180804,0.0,211.25237671180804
955.577881,138,213.636915,955.5778812108404,0.0,955.5778812108404
1028.688467,150,213.745079,1028.6884672581373,0.0,1028.6884672581373
952.382937,147,213.849457,952.3829371971206,0.0,952.3829371971206
982.551943,145,213.955285,982.5519431823499,0.0,982.5519431823499
136.471248,56,213.996261,136.47124816542564,0.0,136.47124816542564
994.862764,149,214.104816,994.8627635215632,0.0,994.8627635215632
947.141914,142,214.207069,947.1419138754597,0.0,947.1419138754597
982.20798,144,214.309943,982.2079800517832,0.0,982.2079800517832
995.950234,159,214.988982,995.9502343701863,0.0,995.9502343701863
1009.179328,144,215.094727,1009.1793283310988,0.0,1009.1793283310988
982.587447,148,215.200953,982.5874471232962,0.0,982.5874471232962
971.981162,155,215.312154,971.9811622893267,0.0,971.9811622893267
994.821783,147,215.421297,994.8217828940528,0.0,994.8217828940528
374.702064,92,215.489137,374.7020637320873,0.0,374.7020637320873
958.618108,142,215.590839,958.6181084905551,0.0,958.6181084905551
953.91313,139,215.692296,953.9131300278158,0.0,953.9131300278158
953.970496,142,215.792428,953.970496134957,0.0,953.970496134957
3.429255,28,215.815238,3.429255388736806,0.0,3.429255388736806
972.259186,140,215.914403,972.2591857038839,0.0,972.2591857038839
997.68605,146,216.019263,997.6860503126138,0.0,997.6860503126138
926.41846,132,216.116379,926.4184600988139,0.0,926.4184600988139
934.698845,144,216.221017,934.6988445952527,0.0,934.6988445952527
121.916035,57,216.262894,121.91603516255844,0.0,121.91603516255844
167.561644,63,216.308086,167.56164361847385,0.0,167.56164361847385
973.412821,143,216.412763,973.4128205550472,0.0,973.4128205550472
976.483433,140,217.075225,976.4834331371089,0.0,976.4834331371089
942.466763,147,217.181194,942.4667625966409,0.0,942.4667625966409
163.623695,59,217.225855,163.62369494257348,0.0,163.62369494257348
964.718745,140,217.325837,964.7187448908603,0.0,964.7187448908603
-22.616143,22,217.342114,-22.61614286119456,0.0,-22.61614286119456
49.959597,35,217.369521,49.95959710012259,0.0,49.95959710012259
940.571916,136,217.464857,940.5719157674623,0.0,940.5719157674623
985.483667,146,217.564958,985.4836671702071,0.0,985.4836671702071
152.639727,58,217.609035,152.6397265885236,0.0,152.6397265885236
967.111192,143,217.710756,967.111192265296,0.0,967.111192265296
306.870037,85,217.773667,306.8700367546775,0.0,306.8700367546775
954.328065,138,217.871054,954.3280648941668,0.0,954.3280648941668
958.471779,142,217.97205,958.4717789968505,0.0,958.4717789968505
925.231243,132,218.064957,925.2312433263804,0.0,925.2312433263804
939.493575,135,218.161339,939.4935753498622,0.0,939.4935753498622
961.116722,145,218.264419,961.1167221092529,0.0,961.1167221092529
981.202955,141,218.362594,981.2029550975828,0.0,981.2029550975828
961.805436,143,218.464807,961.805435505496,0.0,961.805435505496
431.979661,105,219.104617,431.97966137058575,0.0,431.97966137058575
970.175835,142,219.203856,970.1758353463408,0.0,970.1758353463408
983.665686,146,219.307707,983.6656863699286,0.0,983.6656863699286
954.121296,137,219.403203,954.1212962541223,0.0,954.1212962541223
1019.119801,151,219.511645,1019.1198006355144,0.0,1019.1198006355144
944.452728,135,219.609697,944.4527281215164,0.0,944.4527281215164
910.703929,135,219.711194,910.7039289527401,0.0,910.7039289527401
1006.549514,146,219.815304,1006.5495141304277,0.0,1006.5495141304277
999.476484,150,219.921314,999.4764836469782,0.0,999.4764836469782
1024.46258,150,220.030661,1024.4625804605116,0.0,1024.4625804605116
981.444621,146,220.135113,981.4446212391938,0.0,981.4446212391938
1003.30403,149,220.244145,1003.3040300595881,0.0,1003.3040300595881
978.236786,143,220.346033,978.2367855428362,0.0,978.2367855428362
356.937192,101,220.417087,356.9371917546586,0.0,356.9371917546586
172.378622,66,220.465268,172.37862196278758,0.0,172.37862196278758
996.530382,147,224.510488,996.530381912856,0.0,996.530381912856
976.85533,145,224.614513,976.8553303889945,0.0,976.8553303889945
62.55512,39,224.643384,62.55512036140733,0.0,62.55512036140733
968.586817,146,224.748907,968.5868173899149,0.0,968.5868173899149
933.444687,137,224.848842,933.4446869280983,0.0,933.4446869280983
1006.037478,150,224.956051,1006.0374775307853,0.0,1006.0374775307853
919.596174,134,225.054265,919.5961736183893,0.0,919.5961736183893
999.075682,151,225.163224,999.0756819608472,0.0,999.0756819608472
11.91701,28,225.18457,11.917009742841799,0.0,11.917009742841799
923.494489,140,225.286137,923.4944885477003,0.0,923.4944885477003
934.103751,134,225.38375,934.1037507961748,0.0,934.1037507961748
1004.058901,151,225.491368,1004.0589009145309,0.0,1004.0589009145309
952.572634,141,225.592662,952.5726343570816,0.0,952.5726343570816
984.473504,150,225.702031,984.4735036074013,0.0,984.4735036074013
948.412758,142,225.805615,948.4127577055673,0.0,948.4127577055673
962.538957,139,225.903987,962.5389566046114,0.0,962.5389566046114
269.210734,82,226.570297,269.2107339726208,0.0,269.2107339726208
947.176063,138,226.670049,947.176062632097,0.0,947.176062632097
958.653857,138,226.768192,958.6538570722074,0.0,958.6538570722074
98.387693,53,226.808466,98.38769324723842,0.0,98.38769324723842
959.823814,142,226.910051,959.8238144973286,0.0,959.8238144973286
950.43938,141,227.008836,950.4393796972291,0.0,950.4393796972291
975.939619,143,227.114143,975.9396190639116,0.0,975.9396190639116
963.018694,145,227.217348,963.0186943270011,0.0,963.0186943270011
945.440793,140,227.316597,945.4407929520291,0.0,945.4407929520291
1011.021582,153,227.427384,1011.0215823247091,0.0,1011.0215823247091
444.169227,105,227.503934,444.1692269372147,0.0,444.1692269372147
965.066401,144,227.609946,965.0664005027496,0.0,965.0664005027496
222.421801,75,227.666292,222.42180090820833,0.0,222.42180090820833
992.253361,144,227.771267,992.2533609172997,0.0,992.2533609172997
240.274209,75,227.825342,240.2742090712493,0.0,240.2742090712493
966.883023,142,227.92754,966.8830234733531,0.0,966.8830234733531
964.456988,147,228.592031,964.4569877962955,0.0,964.4569877962955
971.676525,147,228.694589,971.6765250453889,0.0,971.6765250453889
179.771344,69,228.745317,179.77134359716527,0.0,179.77134359716527
951.26444,149,228.851239,951.2644401164376,0.0,951.2644401164376
930.996957,136,228.948297,930.9969569160289,0.0,930.9969569160289
105.290901,45,228.981471,105.2909011225996,0.0,105.2909011225996
980.981475,149,229.08919,980.9814752776915,0.0,980.9814752776915
1006.161645,151,229.197439,1006.1616452251258,0.0,1006.1616452251258
377.648389,94,229.267213,377.6483886570407,0.0,377.6483886570407
-54.851784,17,229.282736,-54.85178443885996,0.0,-54.85178443885996
972.740481,147,229.388202,972.7404810781974,0.0,972.7404810781974
1000.059705,154,229.495163,1000.0597048994429,0.0,1000.0597048994429
926.803683,132,229.590534,926.8036831040856,0.0,926.8036831040856
941.812568,135,229.688108,941.812567631185,0.0,941.812567631185
970.92055,142,229.791092,970.9205503528044,0.0,970.9205503528044
957.044881,142,229.892225,957.0448812599118,0.0,957.0448812599118
1020.22955,155,230.003778,1020.2295498289868,0.0,1020.2295498289868
394.729574,96,230.655389,394.7295742450669,0.0,394.7295742450669
1002.534739,150,230.759632,1002.534739482659,0.0,1002.534739482659
139.086859,51,230.799386,139.0868592237348,0.0,139.0868592237348
941.694042,143,230.899698,941.6940423654064,0.0,941.6940423654064
965.585675,139,230.998487,965.5856751693591,0.0,965.5856751693591
945.049242,137,231.100255,945.0492423739402,0.0,945.0492423739402
952.688181,145,231.201499,952.6881809028396,0.0,952.6881809028396
104.702073,53,231.24062,104.70207340669182,0.0,104.70207340669182
429.199751,104,231.314262,429.19975110373605,0.0,429.19975110373605
158.300228,61,231.35824,158.30022752704838,0.0,158.30022752704838
964.72837,147,231.464489,964.7283700962716,0.0,964.7283700962716
1000.24164,144,231.565447,1000.2416395185908,0.0,1000.2416395185908
992.051402,148,231.674968,992.0514020095959,0.0,992.0514020095959
933.737116,135,231.770686,933.7371161606184,0.0,933.7371161606184
922.173131,131,231.86576,922.1731305892556,0.0,922.1731305892556
141.334237,52,231.90517,141.33423701064225,0.0,141.33423701064225
1009.809138,151,232.013561,1009.8091384984311,0.0,1009.8091384984311
977.701388,148,232.674167,977.7013879051806,0.0,977.7013879051806
210.886102,69,232.724152,210.8861024988215,0.0,210.8861024988215
257.698339,83,232.784222,257.6983394210482,0.0,257.6983394210482
-33.656426,20,232.799613,-33.65642636639963,0.0,-33.65642636639963
164.088942,64,232.846966,164.08894240126523,0.0,164.08894240126523
391.830003,97,232.918278,391.83000318765306,0.0,391.83000318765306
58.766136,36,232.944057,58.76613570444769,0.0,58.76613570444769
989.030087,151,233.050833,989.0300867081936,0.0,989.0300867081936
117.660493,47,233.084363,117.66049263958551,0.0,117.66049263958551
967.908033,145,233.188914,967.9080328569657,0.0,967.9080328569657
954.301274,140,233.292563,954.3012738062698,0.0,954.3012738062698
976.651169,142,233.392985,976.6511685392484,0.0,976.6511685392484
940.09586,137,233.492318,940.0958603968315,0.0,940.0958603968315
929.439318,132,233.590232,929.4393177184153,0.0,929.4393177184153
127.591389,52,233.627531,127.59138889294998,0.0,127.59138889294998
948.76774,142,233.731524,948.7677399782458,0.0,948.7677399782458
978.224337,144,233.835228,978.2243372135231,0.0,978.2243372135231
244.629692,79,233.893448,244.6296918629019,0.0,244.6296918629019
962.320107,139,237.258846,962.3201067786879,0.0,962.3201067786879
974.156422,140,237.360835,974.156422186827,0.0,974.156422186827
1028.977394,155,238.040393,1028.9773935876697,0.0,1028.9773935876697
1009.226767,154,238.151443,1009.2267674374069,0.0,1009.2267674374069
977.487842,152,238.262735,977.4878422504161,0.0,977.4878422504161
10.166976,29,238.283066,10.166975532487072,0.0,10.166975532487072
941.860017,148,238.389572,941.8600168901722,0.0,941.8600168901722
972.171546,145,238.494079,972.1715455389267,0.0,972.1715455389267
92.187458,46,238.527496,92.18745826674102,0.0,92.18745826674102
980.661879,157,238.642999,980.6618794167343,0.0,980.6618794167343
993.869073,144,238.745853,993.8690731754563,0.0,993.8690731754563
975.621035,146,238.847509,975.6210346677931,0.0,975.6210346677931
998.59493,147,238.950442,998.5949302345963,0.0,998.5949302345963
196.789184,68,238.999035,196.78918396899797,0.0,196.78918396899797
957.991987,152,239.108374,957.9919872594542,0.0,957.9919872594542
957.803859,143,239.210874,957.8038594515779,0.0,957.8038594515779
988.232801,155,239.320631,988.2328006201369,0.0,988.2328006201369
1003.763241,151,239.439353,1003.7632411251511,0.0,1003.7632411251511
932.659602,149,240.113041,932.6596020060158,0.0,932.6596020060158
961.267202,150,240.221272,961.2672022891448,0.0,961.2672022891448
974.7941,144,240.325914,974.7940998396635,0.0,974.7940998396635
972.87955,157,240.437516,972.8795497930048,0.0,972.8795497930048
967.471197,146,240.544254,967.47119654192,0.0,967.47119654192
1001.420236,148,240.65051,1001.420236442263,0.0,1001.420236442263
988.1507,156,240.762146,988.1506998615328,0.0,988.1506998615328
945.408032,141,240.862691,945.4080315160954,0.0,945.4080315160954
997.668681,149,241.003582,997.6686807085953,0.0,997.6686807085953
-39.611474,19,241.018875,-39.611473670884735,0.0,-39.611473670884735
951.091435,150,241.123833,951.0914350084258,0.0,951.0914350084258
97.931111,45,241.156637,97.93111106560148,0.0,97.93111106560148
947.473433,145,241.261747,947.4734330186864,0.0,947.4734330186864
320.79246,94,241.328979,320.792460104461,0.0,320.792460104461
913.71808,132,241.418833,913.718080140474,0.0,913.718080140474
947.751766,139,241.517666,947.7517658497399,0.0,947.7517658497399
975.16939,154,242.1907,975.1693895553195,0.0,975.1693895553195
983.742307,147,242.29492,983.7423071197156,0.0,983.7423071197156
1000.619371,149,242.401992,1000.6193711877962,0.0,1000.6193711877962
955.383253,149,242.508257,955.3832529582147,0.0,955.3832529582147
967.630609,152,242.619312,967.6306092597164,0.0,967.6306092597164
-57.733844,16,242.632975,-57.73384364404538,0.0,-57.73384364404538
225.90352,82,242.691983,225.90351966380936,0.0,225.90351966380936
-4.095431,27,242.714275,-4.095431305023837,0.0,-4.095431305023837
1005.40337,149,242.820421,1005.4033702139825,0.0,1005.4033702139825
964.133282,143,242.922501,964.133281524405,0.0,964.133281524405
925.110739,135,243.020874,925.1107386779082,0.0,925.1107386779082
954.146058,156,243.133094,954.1460578022202,0.0,954.1460578022202
938.594695,138,243.233253,938.5946952516392,0.0,938.5946952516392
338.722311,95,243.304524,338.72231106534883,0.0,338.72231106534883
957.463913,138,243.402291,957.4639126696254,0.0,957.4639126696254
10.627106,28,243.428108,10.627105749498327,0.0,10.627105749498327
907.938321,139,243.529264,907.9383205421875,0.0,907.9383205421875
1018.352923,152,244.202533,1018.3529232397764,0.0,1018.3529232397764
995.034609,148,244.312074,995.0346087322359,0.0,995.0346087322359
1000.58354,148,244.421031,1000.5835404743704,0.0,1000.5835404743704
930.925442,147,244.529276,930.9254418786923,0.0,930.9254418786923
83.063803,41,244.562259,83.0638033089437,0.0,83.0638033089437
991.971047,148,244.671635,991.97104696107,0.0,991.97104696107
92.047844,56,244.712111,92.04784358644392,0.0,92.04784358644392
956.120544,144,244.818717,956.120544166128,0.0,956.120544166128
79.24618,41,244.849644,79.24618010169738,0.0,79.24618010169738
987.400471,147,244.960741,987.4004707970507,0.0,987.4004707970507
148.993428,66,245.00838,148.99342822805752,0.0,148.99342822805752
963.727636,139,245.109744,963.7276361200527,0.0,963.7276361200527
980.367351,150,245.220571,980.3673511099004,0.0,980.3673511099004
953.879657,151,245.346349,953.8796574057691,0.0,953.8796574057691
320.725102,98,245.416454,320.72510177948686,0.0,320.72510177948686
934.577133,143,245.522154,934.5771329377103,0.0,934.5771329377103
959.763772,144,245.626493,959.7637715798546,0.0,959.7637715798546
952.886265,145,246.301991,952.8862654813491,0.0,952.8862654813491
946.409925,134,246.398842,946.4099247044471,0.0,946.4099247044471
1012.686474,152,246.50989,1012.686474447262,0.0,1012.686474447262
90.332245,47,246.544722,90.33224501765886,0.0,90.33224501765886
-15.01473,24,246.562846,-15.014730092672039,0.0,-15.014730092672039
229.168534,77,246.619598,229.16853356448507,0.0,229.16853356448507
961.921041,151,246.728633,961.9210413586418,0.0,961.9210413586418
57.04737,36,246.756996,57.04737029099233,0.0,57.04737029099233
1004.540242,154,246.867411,1004.5402421171024,0.0,1004.5402421171024
87.125675,41,246.897824,87.12567501721946,0.0,87.12567501721946
929.724182,136,246.997757,929.7241820281408,0.0,929.7241820281408
952.250227,139,247.098319,952.2502268519984,0.0,952.2502268519984
95.395223,44,247.132583,95.39522320463131,0.0,95.39522320463131
933.052459,138,247.234181,933.0524585124299,0.0,933.0524585124299
976.094416,142,247.338378,976.0944158950842,0.0,976.0944158950842
80.959765,41,247.369467,80.95976494049007,0.0,80.95976494049007
962.135231,152,250.730385,962.1352312521931,0.0,962.1352312521931
961.265697,150,250.839063,961.2656967598343,0.0,961.2656967598343
378.175563,103,250.914507,378.17556326005877,0.0,378.17556326005877
963.892552,147,251.604352,963.8925522245004,0.0,963.8925522245004
981.834254,146,251.709448,981.8342541755114,0.0,981.8342541755114
5.255703,28,251.730586,5.2557034923410555,0.0,5.2557034923410555
949.834034,140,251.829998,949.8340337792898,0.0,949.8340337792898
396.578343,99,251.903095,396.57834333722593,0.0,396.57834333722593
125.14931,59,251.946967,125.14931017328269,0.0,125.14931017328269
1006.879524,154,252.057596,1006.8795242869726,0.0,1006.8795242869726
967.865641,146,252.16275,967.8656414218588,0.0,967.8656414218588
91.635177,43,252.196833,91.63517697750834,0.0,91.63517697750834
1002.774145,155,252.310046,1002.7741447124574,0.0,1002.7741447124574
166.738691,62,252.35579,166.738691148532,0.0,166.738691148532
958.361075,147,252.462721,958.3610749416714,0.0,958.3610749416714
955.341342,143,252.564658,955.3413415584715,0.0,955.3413415584715
967.149444,144,252.669162,967.1494442736013,0.0,967.1494442736013
969.671807,147,252.775326,969.6718072783594,0.0,969.6718072783594
939.235666,137,252.875114,939.2356662258928,0.0,939.2356662258928
109.231329,48,252.911405,109.23132902237171,0.0,109.23132902237171
973.181937,154,253.022207,973.1819371683193,0.0,973.1819371683193
992.546797,149,253.688282,992.546797058542,0.0,992.546797058542
1013.711791,152,253.796775,1013.7117912905935,0.0,1013.7117912905935
931.923838,141,253.900315,931.923837924291,0.0,931.923837924291
957.049873,138,254.00214,957.0498732493752,0.0,957.0498732493752
-16.415212,24,254.021457,-16.415211764561718,0.0,-16.415211764561718
76.882956,39,254.052014,76.88295562575927,0.0,76.88295562575927
934.049781,135,254.150245,934.0497805934419,0.0,934.0497805934419
60.009858,37,254.18001,60.00985751756194,0.0,60.00985751756194
983.62243,152,254.293003,983.6224300933908,0.0,983.6224300933908
1003.926224,165,254.416995,1003.9262244611361,0.0,1003.9262244611361
970.920846,146,254.52494,970.920845981349,0.0,970.920845981349
972.782601,145,254.630244,972.7826014004664,0.0,972.7826014004664
969.817726,153,254.740497,969.817725691799,0.0,969.817725691799
58.659415,42,254.771899,58.6594148698114,0.0,58.6594148698114
1000.147403,146,254.878165,1000.1474034740287,0.0,1000.1474034740287
930.572871,134,254.97539,930.5728708338187,0.0,930.5728708338187
915.714337,141,255.077853,915.7143371878527,0.0,915.7143371878527
936.534687,149,255.751677,936.5346869553982,0.0,936.5346869553982
54.562696,36,255.780541,54.56269605349098,0.0,54.56269605349098
1007.026191,150,255.89091,1007.0261905337692,0.0,1007.0261905337692
948.517027,142,255.994025,948.5170266390954,0.0,948.5170266390954
164.33759,57,256.035632,164.33759015834835,0.0,164.33759015834835
73.547366,38,256.062906,73.54736566444763,0.0,73.54736566444763
961.860321,145,256.168979,961.860321446407,0.0,961.860321446407
993.197692,150,256.282122,993.1976917964573,0.0,993.1976917964573
-35.007517,21,256.298829,-35.007516554433764,0.0,-35.007516554433764
965.245679,144,256.40597,965.2456794689018,0.0,965.2456794689018
932.47139,132,256.501465,932.4713896746513,0.0,932.4713896746513
-37.795766,20,256.518135,-37.795766414330004,0.0,-37.795766414330004
1010.36282,153,256.631681,1010.3628195969312,0.0,1010.3628195969312
943.842486,135,256.72911,943.8424860857513,0.0,943.8424860857513
91.652195,47,256.765289,91.65219461577412,0.0,91.65219461577412
930.043753,134,256.865196,930.0437530079364,0.0,930.0437530079364
949.085687,151,256.975172,949.0856870370443,0.0,949.0856870370443
966.840996,141,257.076888,966.8409959562225,0.0,966.8409959562225
970.452732,141,257.181772,970.4527322615064,0.0,970.4527322615064
968.809285,144,257.851888,968.8092851493005,0.0,968.8092851493005
959.039124,139,257.956018,959.039124084367,0.0,959.039124084367
969.279238,147,258.106488,969.2792384489173,0.0,969.2792384489173
966.248672,147,258.213005,966.2486715744874,0.0,966.2486715744874
401.654481,101,258.290307,401.6544810314682,0.0,401.6544810314682
15.513515,29,258.312839,15.513515141813954,0.0,15.513515141813954
103.099002,44,258.346207,103.09900171088026,0.0,103.09900171088026
935.239101,143,258.451786,935.2391005030051,0.0,935.2391005030051
992.172479,144,258.557612,992.1724794306762,0.0,992.1724794306762
982.770866,147,258.665536,982.7708659443996,0.0,982.7708659443996
995.48541,147,258.773127,995.4854095990896,0.0,995.4854095990896
932.841523,132,258.871036,932.8415230891984,0.0,932.8415230891984
954.901843,136,258.973152,954.9018428042565,0.0,954.9018428042565
965.961707,147,259.077856,965.9617065065975,0.0,965.9617065065975
924.840673,136,259.177355,924.8406731713859,0.0,924.8406731713859
390.44265,106,259.252157,390.4426503821723,0.0,390.4426503821723
156.371061,61,259.299027,156.37106056030498,0.0,156.37106056030498
63.098709,39,259.898447,63.09870939175309,0.0,63.09870939175309
-36.455198,21,259.91507,-36.45519849840642,0.0,-36.45519849840642
115.931184,55,259.954277,115.93118402238576,0.0,115.93118402238576
1006.374475,152,260.062291,1006.374475316389,0.0,1006.374475316389
976.706381,141,260.165118,976.7063811054245,0.0,976.7063811054245
187.682239,67,260.215052,187.68223912969773,0.0,187.68223912969773
50.603502,37,260.243815,50.60350177025373,0.0,50.60350177025373
961.205581,151,260.351949,961.2055808683574,0.0,961.2055808683574
969.607836,140,260.45671,969.6078359890754,0.0,969.6078359890754
962.529325,138,260.555143,962.5293251173671,0.0,962.5293251173671
948.433946,139,260.654395,948.4339456007884,0.0,948.4339456007884
994.380847,148,260.763147,994.380847477707,0.0,994.380847477707
961.151349,143,263.90675,961.1513488802211,0.0,961.1513488802211
-9.364101,24,263.925248,-9.364101049908598,0.0,-9.364101049908598
999.155949,150,264.030807,999.1559487087605,0.0,999.1559487087605
990.280097,146,264.135927,990.2800970808623,0.0,990.2800970808623
995.64148,148,264.243129,995.6414800246102,0.0,995.6414800246102
958.825436,146,264.349648,958.8254356435165,0.0,958.8254356435165
