#{"t_start": 1789401269.8028343, "env_id": "None"}
r,l,t,episode_base_return,episode_risk_return,episode_training_return
32.286587,499,1.216641,32.286586950236114,0.0,32.286586950236114
-272.763479,286,1.430949,-272.76347933547333,0.0,-272.76347933547333
-233.718259,186,1.566807,-233.7182591214749,0.0,-233.7182591214749
-205.055808,275,1.76851,-205.05580760180675,0.0,-205.05580760180675
-233.390696,558,2.171105,-233.39069602796314,0.0,-233.39069602796314
-30.831566,37,2.201005,-30.83156608498392,0.0,-30.83156608498392
106.362397,89,2.266333,106.3623974298061,0.0,106.3623974298061
74.061484,107,2.343019,74.06148374478268,0.0,74.06148374478268
31.864729,145,3.007829,31.86472937712172,0.0,31.86472937712172
384.296995,600,3.444762,384.29699547276664,0.0,384.29699547276664
515.871256,454,3.772408,515.8712562700609,0.0,515.8712562700609
452.538758,360,4.036416,452.5387575919932,0.0,452.5387575919932
329.476822,574,5.048793,329.4768215510753,0.0,329.4768215510753
971.786665,283,5.252638,971.7866648967687,0.0,971.7866648967687
637.574729,600,5.690744,637.5747293125787,0.0,637.5747293125787
204.483529,122,5.778448,204.48352862534597,0.0,204.48352862534597
-234.4697,157,5.893729,-234.46969966636772,0.0,-234.46969966636772
207.377866,140,5.99569,207.37786576237193,0.0,207.37786576237193
-2.447814,61,6.043244,-2.4478143469950595,0.0,-2.4478143469950595
421.946968,598,6.476422,421.9469678453636,0.0,421.9469678453636
142.203642,135,7.193271,142.20364237180144,0.0,142.20364237180144
426.950463,191,7.332165,426.9504626586503,0.0,426.9504626586503
147.121223,94,7.400209,147.12122335699684,0.0,147.12122335699684
-22.900539,32,7.425976,-22.900538698096753,0.0,-22.900538698096753
133.2364,88,7.491085,133.23639991814372,0.0,133.23639991814372
475.054012,451,7.817099,475.0540121892062,0.0,475.0540121892062
955.786913,335,8.060112,955.7869126899164,0.0,955.7869126899164
130.854524,112,8.141649,130.85452436001333,0.0,130.85452436001333
432.822057,284,8.348342,432.8220572715319,0.0,432.8220572715319
281.888298,263,8.538426,281.8882975953895,0.0,281.8882975953895
979.008409,352,9.35475,979.0084091842119,0.0,979.0084091842119
956.981268,500,9.714472,956.9812677056264,0.0,956.9812677056264
965.167983,549,10.106492,965.1679828279235,0.0,965.1679828279235
364.495355,300,10.325474,364.49535514666326,0.0,364.49535514666326
401.399274,255,14.908539,401.3992742112356,0.0,401.3992742112356
466.244632,483,15.826727,466.24463171376317,0.0,466.24463171376317
-25.690108,37,15.855221,-25.69010815940743,0.0,-25.69010815940743
978.462212,269,16.051883,978.462212096672,0.0,978.462212096672
412.460939,204,16.201091,412.4609386354531,0.0,412.4609386354531
447.560349,265,16.392723,447.56034921008904,0.0,447.56034921008904
470.873924,236,16.568324,470.8739241549579,0.0,470.8739241549579
356.179157,257,16.756116,356.1791570166188,0.0,356.1791570166188
153.583908,100,16.830562,153.58390816946084,0.0,153.58390816946084
334.387139,147,16.938158,334.3871393196262,0.0,334.3871393196262
101.434369,71,16.992798,101.43436911531427,0.0,101.43436911531427
125.334203,80,17.053187,125.33420274391348,0.0,125.33420274391348
436.934219,168,17.742098,436.9342192917198,0.0,436.9342192917198
182.298707,92,17.809536,182.2987071815744,0.0,182.2987071815744
136.552217,79,17.866749,136.5522166093467,0.0,136.5522166093467
607.888053,291,18.08115,607.8880527392173,0.0,607.8880527392173
403.068201,181,18.212007,403.068200542432,0.0,403.068200542432
939.383706,582,18.630395,939.3837060956484,0.0,939.3837060956484
402.625043,195,18.776321,402.6250429952469,0.0,402.6250429952469
157.335323,102,18.850714,157.33532336085537,0.0,157.33532336085537
323.781014,129,18.948257,323.7810140021983,0.0,323.7810140021983
58.177381,54,18.990283,58.177381197073345,0.0,58.177381197073345
-13.16526,30,19.014598,-13.165260022748953,0.0,-13.165260022748953
75.005976,53,19.055137,75.00597649448535,0.0,75.00597649448535
305.720323,197,19.769438,305.720322673904,0.0,305.720322673904
-43.683457,24,19.787573,-43.68345680550502,0.0,-43.68345680550502
407.757344,159,19.903554,407.7573443929409,0.0,407.7573443929409
974.316426,466,20.239194,974.3164256320099,0.0,974.3164256320099
959.680816,456,20.563488,959.6808156321315,0.0,959.6808156321315
100.127858,71,20.617785,100.12785773393512,0.0,100.12785773393512
962.542667,287,20.82137,962.5426674070486,0.0,962.5426674070486
921.060494,568,21.795022,921.0604943609296,0.0,921.0604943609296
396.281852,167,21.91176,396.281852153372,0.0,396.281852153372
405.31295,180,22.041152,405.3129501694832,0.0,405.3129501694832
348.080234,138,22.142706,348.08023374939637,0.0,348.08023374939637
360.360674,156,22.255892,360.3606739336851,0.0,360.3606739336851
481.167519,325,22.485879,481.1675185076271,0.0,481.1675185076271
353.971659,153,22.597833,353.97165872420385,0.0,353.97165872420385
-49.766495,20,22.614134,-49.76649503336016,0.0,-49.76649503336016
-25.177583,37,22.642476,-25.17758308653856,0.0,-25.17758308653856
931.484564,248,22.819409,931.4845636980359,0.0,931.4845636980359
109.481557,70,22.871705,109.48155663217867,0.0,109.48155663217867
996.754462,240,23.059747,996.7544619065075,0.0,996.7544619065075
328.240435,169,23.182463,328.24043492688804,0.0,328.24043492688804
419.926176,151,23.853898,419.92617576009167,0.0,419.92617576009167
95.836221,59,23.898205,95.83622132303617,0.0,95.83622132303617
336.58075,171,24.06297,336.5807498383734,0.0,336.5807498383734
340.883721,136,24.162993,340.88372143657864,0.0,340.88372143657864
408.622609,184,24.297662,408.6226087232926,0.0,408.6226087232926
243.920994,119,24.384376,243.9209944052123,0.0,243.9209944052123
926.910403,216,24.540244,926.9104031404677,0.0,926.9104031404677
307.439327,136,24.643928,307.4393274314947,0.0,307.4393274314947
205.553314,104,24.721982,205.55331431977285,0.0,205.55331431977285
919.820481,290,24.931887,919.8204810032717,0.0,919.8204810032717
994.249347,230,28.907541,994.2493470856265,0.0,994.2493470856265
439.388174,176,29.038549,439.3881738236183,0.0,439.3881738236183
363.361032,134,29.140433,363.3610316927468,0.0,363.3610316927468
155.031177,86,29.771648,155.03117676646193,0.0,155.03117676646193
-4.627627,35,29.797354,-4.627626518862115,0.0,-4.627626518862115
364.170594,127,29.887986,364.1705939220647,0.0,364.1705939220647
971.63662,224,30.048966,971.6366203698103,0.0,971.6366203698103
1010.44123,274,30.247175,1010.4412301105209,0.0,1010.4412301105209
925.35348,188,30.379009,925.3534800044959,0.0,925.3534800044959
84.783721,55,30.419824,84.78372103263816,0.0,84.78372103263816
370.166215,127,30.507902,370.16621487444127,0.0,370.16621487444127
944.5577,344,30.756688,944.5577001141966,0.0,944.5577001141966
390.003135,158,30.873726,390.0031350590404,0.0,390.0031350590404
-34.593945,22,30.89158,-34.59394482017582,0.0,-34.59394482017582
110.687202,75,30.946668,110.68720217253502,0.0,110.68720217253502
-7.112582,37,30.975121,-7.112582318311354,0.0,-7.112582318311354
114.700517,57,31.016019,114.7005173365538,0.0,114.7005173365538
-51.19263,22,31.033704,-51.19262972233892,0.0,-51.19262972233892
208.964946,103,31.110431,208.9649457339175,0.0,208.9649457339175
943.757414,207,31.818124,943.7574135599776,0.0,943.7574135599776
961.287411,256,32.000807,961.2874107483655,0.0,961.2874107483655
144.742339,113,32.085246,144.7423392533763,0.0,144.7423392533763
-49.635194,21,32.1035,-49.63519439793873,0.0,-49.63519439793873
324.121257,176,32.231371,324.12125691348825,0.0,324.12125691348825
970.692869,226,32.392544,970.6928687234378,0.0,970.6928687234378
405.121589,167,32.516259,405.12158885895855,0.0,405.12158885895855
914.309689,192,32.651851,914.3096890542921,0.0,914.3096890542921
931.13019,320,32.879789,931.1301896058906,0.0,931.1301896058906
58.684726,46,32.91386,58.68472573342878,0.0,58.68472573342878
358.959155,143,33.015834,358.9591545623137,0.0,358.9591545623137
312.064136,140,33.11744,312.0641363563227,0.0,312.0641363563227
976.17494,231,33.844071,976.1749396064065,0.0,976.1749396064065
421.003749,140,33.946818,421.0037488125909,0.0,421.0037488125909
-6.957471,29,33.969506,-6.95747129384624,0.0,-6.95747129384624
935.167057,221,34.129996,935.1670568388781,0.0,935.1670568388781
303.929882,125,34.219492,303.9298816339824,0.0,303.9298816339824
70.678944,48,34.254907,70.67894438561297,0.0,70.67894438561297
943.316628,246,34.431342,943.3166279449097,0.0,943.3166279449097
191.075986,84,34.493327,191.0759856780767,0.0,191.0759856780767
92.157916,53,34.532205,92.1579160451291,0.0,92.1579160451291
997.495714,263,34.718377,997.4957136060905,0.0,997.4957136060905
402.135652,134,34.812308,402.1356515510724,0.0,402.1356515510724
268.271134,124,34.899163,268.2711338846002,0.0,268.2711338846002
946.919479,203,35.058976,946.9194788777362,0.0,946.9194788777362
-33.875602,26,35.080363,-33.875602073638845,0.0,-33.875602073638845
946.491223,215,35.235181,946.491222584935,0.0,946.491222584935
911.968006,210,35.954355,911.9680064302477,0.0,911.9680064302477
960.947934,210,36.105795,960.9479339002424,0.0,960.9479339002424
396.188328,138,36.206569,396.18832806613693,0.0,396.18832806613693
-46.958275,20,36.221803,-46.958274974430296,0.0,-46.958274974430296
95.642457,59,36.266673,95.6424570744696,0.0,95.6424570744696
95.632215,58,36.308753,95.63221523250856,0.0,95.63221523250856
370.032784,114,36.393176,370.0327842952284,0.0,370.0327842952284
422.137144,154,36.506754,422.1371442126553,0.0,422.1371442126553
975.790431,214,36.661135,975.7904307452372,0.0,975.7904307452372
914.368094,193,36.801412,914.3680944690896,0.0,914.3680944690896
339.392679,157,36.917986,339.39267891969973,0.0,339.39267891969973
-4.159575,32,36.943461,-4.159575093261665,0.0,-4.159575093261665
102.78768,63,36.987853,102.78767992257642,0.0,102.78767992257642
974.544751,235,37.159592,974.5447508651089,0.0,974.5447508651089
974.416148,190,37.297423,974.4161479695525,0.0,974.4161479695525
136.125615,66,37.346365,136.12561470255895,0.0,136.12561470255895
969.655136,211,38.062042,969.6551359572402,0.0,969.6551359572402
100.809028,60,38.108753,100.80902773598652,0.0,100.80902773598652
552.809003,259,38.293573,552.8090026009945,0.0,552.8090026009945
63.182803,43,38.326889,63.182803257996895,0.0,63.182803257996895
954.461192,237,38.497524,954.461192408723,0.0,954.461192408723
965.552909,209,38.648098,965.5529090655326,0.0,965.5529090655326
-19.646108,27,38.667153,-19.646108491017884,0.0,-19.646108491017884
945.558386,251,38.847538,945.558386427535,0.0,945.558386427535
975.795903,243,42.430398,975.7959033261178,0.0,975.7959033261178
643.875499,245,42.605854,643.8754986175976,0.0,643.8754986175976
62.609969,43,42.637028,62.6099686789554,0.0,62.6099686789554
341.082381,148,42.745229,341.08238061773693,0.0,341.08238061773693
956.593003,190,43.441932,956.5930032873366,0.0,956.5930032873366
964.859324,175,43.56637,964.8593241087865,0.0,964.8593241087865
927.357423,222,43.727112,927.3574234946838,0.0,927.3574234946838
960.361031,259,43.915022,960.3610310199723,0.0,960.3610310199723
1023.661988,198,44.057127,1023.661988485098,0.0,1023.661988485098
964.140362,285,44.261757,964.1403617498487,0.0,964.1403617498487
968.895057,207,44.411835,968.8950570506648,0.0,968.8950570506648
139.717538,66,44.460145,139.7175379202712,0.0,139.7175379202712
932.055385,201,44.60729,932.0553845401921,0.0,932.0553845401921
982.373423,215,44.760468,982.3734226832045,0.0,982.3734226832045
-34.59362,23,44.778704,-34.593619896710734,0.0,-34.593619896710734
987.614654,196,45.478084,987.6146535450557,0.0,987.6146535450557
89.22121,51,45.515602,89.22121005696965,0.0,89.22121005696965
969.601591,189,45.653404,969.601590634674,0.0,969.601590634674
919.125647,179,45.784816,919.1256465868639,0.0,919.1256465868639
92.625393,57,45.826309,92.62539340417757,0.0,92.62539340417757
79.633405,60,45.868217,79.6334053825529,0.0,79.6334053825529
958.806881,197,46.012676,958.8068811450074,0.0,958.8068811450074
114.453573,63,46.060035,114.45357320658,0.0,114.45357320658
99.640309,55,46.101034,99.64030888309749,0.0,99.64030888309749
86.652601,59,46.146225,86.6526010767535,0.0,86.6526010767535
236.752413,95,46.214452,236.75241334950113,0.0,236.75241334950113
-44.815948,22,46.2312,-44.815948429448014,0.0,-44.815948429448014
400.679143,120,46.320204,400.6791433235312,0.0,400.6791433235312
991.98504,221,46.481518,991.9850399598631,0.0,991.9850399598631
-41.528129,23,46.501378,-41.528129053146216,0.0,-41.528129053146216
154.391383,75,46.557563,154.39138327128663,0.0,154.39138327128663
964.154952,192,46.695077,964.1549516927628,0.0,964.1549516927628
-4.756523,28,46.717762,-4.756522945518796,0.0,-4.756522945518796
987.471856,200,46.8675,987.4718560068034,0.0,987.4718560068034
89.20905,54,46.907631,89.20904968437087,0.0,89.20904968437087
988.755014,206,47.618138,988.7550141434588,0.0,988.7550141434588
963.336445,183,47.74916,963.336445316439,0.0,963.336445316439
-24.911934,24,47.77042,-24.91193424728658,0.0,-24.91193424728658
922.222739,200,47.918356,922.2227393470926,0.0,922.2227393470926
391.622676,130,48.015303,391.6226760756186,0.0,391.6226760756186
229.926894,96,48.085385,229.9268944051295,0.0,229.9268944051295
445.753417,121,48.173753,445.75341687885685,0.0,445.75341687885685
163.50569,90,48.241951,163.50569031919932,0.0,163.50569031919932
967.302547,204,48.389555,967.3025471012638,0.0,967.3025471012638
93.487943,49,48.42619,93.48794296710581,0.0,93.48794296710581
936.940826,179,48.558924,936.9408262970046,0.0,936.9408262970046
112.194275,51,48.596947,112.19427495905978,0.0,112.19427495905978
979.398412,191,48.73386,979.3984124602218,0.0,979.3984124602218
961.088248,203,48.881059,961.0882475607705,0.0,961.0882475607705
412.517519,116,48.967556,412.51751868236676,0.0,412.51751868236676
954.444836,176,49.657171,954.4448356483852,0.0,954.4448356483852
928.918921,213,49.812161,928.9189208769201,0.0,928.9189208769201
976.353214,187,49.947014,976.3532141797741,0.0,976.3532141797741
323.54369,101,50.021029,323.54369041016287,0.0,323.54369041016287
982.897902,182,50.153742,982.8979024044718,0.0,982.8979024044718
289.794544,101,50.228264,289.79454376220804,0.0,289.79454376220804
978.115258,192,50.368797,978.1152583496638,0.0,978.1152583496638
978.181861,206,50.516896,978.1818610547393,0.0,978.1818610547393
256.61772,100,50.588201,256.61772030014777,0.0,256.61772030014777
388.5763,116,50.672921,388.5762995184505,0.0,388.5762995184505
49.20752,40,50.70423,49.207519718512216,0.0,49.207519718512216
267.384748,89,50.769724,267.38474787950076,0.0,267.38474787950076
68.408848,54,50.809171,68.40884814597942,0.0,68.40884814597942
331.451608,109,50.886271,331.4516076760387,0.0,331.4516076760387
278.369078,94,50.95685,278.3690783638767,0.0,278.3690783638767
351.907134,115,51.039716,351.9071336524448,0.0,351.9071336524448
919.098074,167,51.729644,919.0980741995851,0.0,919.0980741995851
194.271334,83,51.788865,194.2713337284114,0.0,194.2713337284114
102.271128,57,51.831236,102.27112806234246,0.0,102.27112806234246
230.878703,84,51.893941,230.87870330413105,0.0,230.87870330413105
958.530226,186,52.027098,958.5302259965106,0.0,958.5302259965106
364.429583,118,52.114853,364.42958348916574,0.0,364.42958348916574
968.209915,178,52.242296,968.2099148393723,0.0,968.2099148393723
946.005376,186,52.375206,946.0053759134024,0.0,946.0053759134024
977.794132,181,55.130226,977.7941324415847,0.0,977.7941324415847
382.556541,113,55.212561,382.55654136866895,0.0,382.55654136866895
98.026635,52,55.248635,98.02663526694668,0.0,98.02663526694668
75.462494,51,55.288027,75.46249446754965,0.0,75.46249446754965
964.59905,192,55.427368,964.5990495835136,0.0,964.5990495835136
981.753413,187,55.564247,981.7534132373335,0.0,981.7534132373335
363.957774,123,55.655934,363.9577735944853,0.0,363.9577735944853
936.033613,213,56.363513,936.0336130935104,0.0,936.0336130935104
73.074931,41,56.393307,73.0749305856089,0.0,73.0749305856089
931.40596,168,56.515565,931.4059596804965,0.0,931.4059596804965
993.935971,197,56.658041,993.9359705510163,0.0,993.9359705510163
212.934611,74,56.712636,212.9346106255751,0.0,212.9346106255751
989.692282,181,56.845038,989.6922822883471,0.0,989.6922822883471
957.790144,174,56.971801,957.7901442159201,0.0,957.7901442159201
982.363147,188,57.107222,982.3631472375309,0.0,982.3631472375309
973.57215,179,57.240332,973.5721504450829,0.0,973.5721504450829
97.63718,55,57.279806,97.6371800152726,0.0,97.6371800152726
-32.540646,25,57.298006,-32.540645730041646,0.0,-32.540645730041646
971.565535,172,57.422277,971.5655352527434,0.0,971.5655352527434
64.826348,44,57.454502,64.8263475325126,0.0,64.8263475325126
-23.290381,23,57.474315,-23.290380575530506,0.0,-23.290380575530506
943.001044,189,57.614278,943.0010441230082,0.0,943.0010441230082
960.619961,180,57.747632,960.6199611862141,0.0,960.6199611862141
988.348845,175,58.497219,988.3488449231756,0.0,988.3488449231756
975.568926,159,58.613565,975.5689261386881,0.0,975.5689261386881
161.870016,67,58.664557,161.8700162967095,0.0,161.8700162967095
947.903575,163,58.784428,947.9035751563434,0.0,947.9035751563434
150.579691,69,58.83644,150.57969069577888,0.0,150.57969069577888
-36.021373,21,58.853229,-36.02137253628288,0.0,-36.02137253628288
-6.590931,26,58.873631,-6.590930828735438,0.0,-6.590930828735438
995.79946,183,59.004704,995.7994601539643,0.0,995.7994601539643
932.992219,167,59.125298,932.9922188599893,0.0,932.9922188599893
133.298693,57,59.166328,133.29869277049295,0.0,133.29869277049295
965.034106,168,59.289841,965.034106125099,0.0,965.034106125099
454.429769,118,59.375828,454.42976866978887,0.0,454.42976866978887
69.729249,40,59.406351,69.72924862072813,0.0,69.72924862072813
230.157249,81,59.466439,230.15724925818296,0.0,230.15724925818296
67.73407,50,59.504529,67.7340699105502,0.0,67.7340699105502
961.168304,171,59.628309,961.1683041275683,0.0,961.1683041275683
1017.392825,169,59.751135,1017.3928246036963,0.0,1017.3928246036963
936.755576,191,59.889127,936.7555758868714,0.0,936.7555758868714
319.868242,98,60.518263,319.8682419992538,0.0,319.8682419992538
-8.804892,26,60.538078,-8.804891823210369,0.0,-8.804891823210369
972.854421,181,60.670286,972.8544205935534,0.0,972.8544205935534
242.942984,98,60.739102,242.94298436587198,0.0,242.94298436587198
199.01462,79,60.796801,199.01462032957306,0.0,199.01462032957306
933.037073,172,60.921148,933.0370725238354,0.0,933.0370725238354
344.120692,108,60.997044,344.1206923111006,0.0,344.1206923111006
408.693515,112,61.078835,408.69351465819415,0.0,408.69351465819415
998.859605,164,61.195095,998.8596046430023,0.0,998.8596046430023
-7.597935,26,61.215121,-7.59793497158347,0.0,-7.59793497158347
-10.875253,29,61.236582,-10.875252724948922,0.0,-10.875252724948922
975.382343,173,61.360992,975.3823431732451,0.0,975.3823431732451
974.981397,175,61.486434,974.9813974436094,0.0,974.9813974436094
-56.262226,18,61.501567,-56.26222591799663,0.0,-56.26222591799663
973.180911,173,61.62798,973.1809105491309,0.0,973.1809105491309
187.293216,70,61.67887,187.2932158583951,0.0,187.2932158583951
-24.06658,25,61.696563,-24.066579693398353,0.0,-24.066579693398353
371.235533,107,61.77572,371.2355333991971,0.0,371.2355333991971
103.126559,49,61.812102,103.12655919088668,0.0,103.12655919088668
66.020819,42,61.844089,66.02081932459463,0.0,66.02081932459463
1015.258038,185,62.532215,1015.258037991305,0.0,1015.258037991305
-12.80265,28,62.551883,-12.80264979808895,0.0,-12.80264979808895
940.570344,168,62.676473,940.5703444963582,0.0,940.5703444963582
990.009397,173,62.804556,990.0093974724596,0.0,990.0093974724596
933.424399,190,62.939187,933.4243991669617,0.0,933.4243991669617
82.860072,50,62.976785,82.86007158792806,0.0,82.86007158792806
1003.107922,195,63.118563,1003.1079222755404,0.0,1003.1079222755404
973.156058,188,63.255096,973.1560575396039,0.0,973.1560575396039
41.603471,35,63.280908,41.60347095937914,0.0,41.60347095937914
261.710299,90,63.344888,261.710298719835,0.0,261.710298719835
952.535587,174,63.474025,952.5355866646537,0.0,952.5355866646537
55.233118,41,63.504282,55.233117964488656,0.0,55.233117964488656
989.572455,194,63.641874,989.5724549884415,0.0,989.5724549884415
979.709663,170,63.766507,979.7096629890129,0.0,979.7096629890129
344.144386,102,63.840405,344.1443862648395,0.0,344.1443862648395
378.512863,103,63.91501,378.5128631526391,0.0,378.5128631526391
976.379759,182,64.599478,976.3797586088278,0.0,976.3797586088278
150.91286,67,64.649924,150.91286037210944,0.0,150.91286037210944
989.829394,185,64.784851,989.8293938387412,0.0,989.8293938387412
968.697648,180,64.916635,968.6976482690218,0.0,968.6976482690218
969.709581,173,65.042182,969.7095814943516,0.0,969.7095814943516
199.833888,72,65.093799,199.8338880007894,0.0,199.8338880007894
898.837125,170,68.351241,898.8371249067113,0.0,898.8371249067113
13.580016,31,68.374675,13.580016006273297,0.0,13.580016006273297
305.113391,100,68.447848,305.1133908012473,0.0,305.1133908012473
110.231224,56,68.488663,110.23122369882535,0.0,110.23122369882535
970.049366,168,68.61023,970.0493664777432,0.0,970.0493664777432
991.137583,175,68.737498,991.1375830182835,0.0,991.1375830182835
-0.038642,31,68.761957,-0.03864204163558327,0.0,-0.03864204163558327
207.739591,74,68.814982,207.73959105458883,0.0,207.73959105458883
119.34219,51,68.8534,119.3421904442602,0.0,119.3421904442602
-35.381295,24,68.871993,-35.38129530732866,0.0,-35.38129530732866
956.4674,166,68.990373,956.467400483057,0.0,956.467400483057
-46.609953,18,69.00411,-46.60995252995342,0.0,-46.60995252995342
935.385958,171,69.129548,935.3859582695928,0.0,935.3859582695928
993.032233,170,69.817919,993.0322328545183,0.0,993.0322328545183
55.759894,40,69.847962,55.75989376856806,0.0,55.75989376856806
-15.065489,24,69.866591,-15.06548927320911,0.0,-15.06548927320911
966.833931,168,69.989982,966.8339311604675,0.0,966.8339311604675
405.775929,120,70.078401,405.77592857483387,0.0,405.77592857483387
186.986048,72,70.131365,186.9860475250648,0.0,186.9860475250648
944.33012,176,70.262858,944.3301201681592,0.0,944.3301201681592
182.220089,79,70.321506,182.22008867375777,0.0,182.22008867375777
979.427121,177,70.451496,979.4271212952485,0.0,979.4271212952485
-22.216346,23,70.469673,-22.216346255243295,0.0,-22.216346255243295
171.53364,68,70.521485,171.5336403174347,0.0,171.5336403174347
34.616328,44,70.554978,34.61632833377621,0.0,34.61632833377621
96.154576,48,70.591416,96.15457605765425,0.0,96.15457605765425
464.309607,131,70.686824,464.30960709985743,0.0,464.30960709985743
160.611325,71,70.739736,160.61132542140496,0.0,160.61132542140496
-35.601351,20,70.75801,-35.60135146013732,0.0,-35.60135146013732
291.0231,92,70.824776,291.0231002564201,0.0,291.0231002564201
963.117675,166,70.944011,963.1176750442849,0.0,963.1176750442849
961.216839,181,71.076621,961.2168391027006,0.0,961.2168391027006
426.674047,115,71.1585,426.6740469216446,0.0,426.6740469216446
910.171058,168,71.850786,910.1710577785988,0.0,910.1710577785988
921.834552,161,71.967187,921.8345517395089,0.0,921.8345517395089
988.076151,172,72.091613,988.0761511043072,0.0,988.0761511043072
52.953698,39,72.12051,52.95369775553213,0.0,52.95369775553213
96.922266,57,72.164422,96.92226550561948,0.0,96.92226550561948
390.036615,108,72.242037,390.0366152269898,0.0,390.0366152269898
955.438438,178,72.371107,955.4384378217526,0.0,955.4384378217526
957.00525,174,72.496476,957.0052501203786,0.0,957.0052501203786
929.687227,157,72.61001,929.6872265448086,0.0,929.6872265448086
85.632649,46,72.643357,85.63264948324728,0.0,85.63264948324728
383.164616,103,72.718506,383.1646156162995,0.0,383.1646156162995
901.910195,165,72.838274,901.9101953306852,0.0,901.9101953306852
946.080246,191,72.974575,946.0802462281516,0.0,946.0802462281516
125.084929,63,73.021541,125.08492915236735,0.0,125.08492915236735
978.233528,168,73.143058,978.2335279457645,0.0,978.2335279457645
12.87536,30,73.165933,12.875359827451987,0.0,12.875359827451987
69.963609,42,73.196332,69.9636090960855,0.0,69.9636090960855
200.866084,78,73.255891,200.86608353000787,0.0,200.86608353000787
369.860387,107,73.893925,369.86038727990103,0.0,369.86038727990103
309.14874,94,73.962439,309.1487402597892,0.0,309.1487402597892
123.688844,55,74.005682,123.6888441080395,0.0,123.6888441080395
-55.779324,18,74.019301,-55.77932403820011,0.0,-55.77932403820011
211.912919,85,74.081085,211.91291942266315,0.0,211.91291942266315
351.15575,105,74.159855,351.1557497627564,0.0,351.1557497627564
-43.103052,22,74.176551,-43.103052366367606,0.0,-43.103052366367606
378.387536,115,74.26279,378.3875362017253,0.0,378.3875362017253
953.489264,160,74.378466,953.4892641060362,0.0,953.4892641060362
935.931208,188,74.513627,935.9312079955093,0.0,935.9312079955093
-59.272807,16,74.525791,-59.27280705137071,0.0,-59.27280705137071
973.821287,161,74.641176,973.8212871625127,0.0,973.8212871625127
107.720022,49,74.692882,107.72002182469087,0.0,107.72002182469087
356.690821,115,74.808119,356.69082109282175,0.0,356.69082109282175
160.261701,83,74.867509,160.2617013013276,0.0,160.2617013013276
988.577341,174,74.995995,988.5773411219652,0.0,988.5773411219652
941.216736,153,75.10216,941.2167364683019,0.0,941.2167364683019
-33.582519,22,75.120524,-33.582518754434844,0.0,-33.582518754434844
967.808825,184,75.255072,967.808825096175,0.0,967.808825096175
234.809334,91,75.320935,234.8093341363194,0.0,234.8093341363194
958.263461,160,76.000493,958.2634608572641,0.0,958.2634608572641
375.055883,113,76.082315,375.055882668972,0.0,375.055882668972
390.004397,119,76.170174,390.0043968312152,0.0,390.0043968312152
370.450799,104,76.244933,370.4507990114361,0.0,370.4507990114361
65.465197,40,76.27527,65.4651969123219,0.0,65.4651969123219
110.204975,54,76.315689,110.20497549488965,0.0,110.20497549488965
992.857119,185,76.449244,992.8571194833736,0.0,992.8571194833736
146.763986,76,76.505435,146.76398640231233,0.0,146.76398640231233
373.30675,114,76.588767,373.30674986041095,0.0,373.30674986041095
79.284271,43,76.619479,79.28427146109958,0.0,79.28427146109958
996.909474,171,76.743189,996.9094737421343,0.0,996.9094737421343
295.131391,93,76.81286,295.1313913599858,0.0,295.1313913599858
1014.161937,199,76.956125,1014.1619372145717,0.0,1014.1619372145717
997.994936,175,77.083874,997.9949363331116,0.0,997.9949363331116
83.13823,52,77.123029,83.13823036233879,0.0,83.13823036233879
108.136399,58,77.1659,108.13639908633039,0.0,108.13639908633039
399.990084,107,77.24542,399.99008432601386,0.0,399.99008432601386
1006.738886,169,77.369959,1006.7388856705636,0.0,1006.7388856705636
975.563347,163,78.055712,975.5633465549411,0.0,975.5633465549411
456.028748,133,78.152734,456.0287475543712,0.0,456.0287475543712
969.673276,199,78.296233,969.6732760367145,0.0,969.6732760367145
115.563614,57,78.339553,115.56361423391644,0.0,115.56361423391644
934.955502,168,78.462642,934.955502490667,0.0,934.955502490667
952.65671,173,81.776731,952.6567101485734,0.0,952.6567101485734
965.916753,181,81.910214,965.9167526304616,0.0,965.9167526304616
928.504248,160,82.026503,928.5042475205357,0.0,928.5042475205357
374.753578,107,82.105148,374.75357785767824,0.0,374.75357785767824
327.342947,112,82.188235,327.34294687463,0.0,327.34294687463
964.523322,169,82.312551,964.5233215542212,0.0,964.5233215542212
335.661885,106,82.388431,335.66188464273233,0.0,335.66188464273233
338.221222,113,82.470455,338.22122211827457,0.0,338.22122211827457
375.852673,103,82.544982,375.85267259390537,0.0,375.85267259390537
956.278771,153,82.655162,956.2787714959687,0.0,956.2787714959687
189.949486,77,82.712476,189.9494863835971,0.0,189.9494863835971
959.925441,169,83.396159,959.9254408681502,0.0,959.9254408681502
957.235656,165,83.517346,957.2356556605888,0.0,957.2356556605888
932.893479,161,83.636239,932.893478964648,0.0,932.893478964648
26.428423,44,83.669579,26.428422994164606,0.0,26.428422994164606
936.095913,160,83.786603,936.095913163447,0.0,936.095913163447
967.38783,165,83.907306,967.3878297704551,0.0,967.3878297704551
954.774342,167,84.02652,954.7743416625485,0.0,954.7743416625485
971.614291,163,84.145115,971.6142906943818,0.0,971.6142906943818
-56.518368,19,84.160473,-56.518368080152186,0.0,-56.518368080152186
323.564173,108,84.242362,323.56417328248926,0.0,323.56417328248926
943.091504,159,84.357808,943.0915039558046,0.0,943.0915039558046
80.86619,46,84.391901,80.8661900381494,0.0,80.8661900381494
957.390757,170,84.514217,957.390756843085,0.0,957.390756843085
63.970577,41,84.546117,63.97057692242791,0.0,63.97057692242791
957.266704,164,84.665182,957.2667037824158,0.0,957.2667037824158
347.022243,106,84.743701,347.02224343830153,0.0,347.02224343830153
945.603406,159,85.415683,945.6034056407861,0.0,945.6034056407861
991.718648,164,85.532676,991.7186477854625,0.0,991.7186477854625
940.094128,150,85.641682,940.0941283070133,0.0,940.0941283070133
361.241857,99,85.712217,361.2418568911231,0.0,361.2418568911231
971.630756,184,85.845526,971.6307562630045,0.0,971.6307562630045
360.641829,100,85.918824,360.64182895428485,0.0,360.64182895428485
-31.082442,23,85.935627,-31.082442309916175,0.0,-31.082442309916175
417.830491,117,86.02223,417.83049126655635,0.0,417.83049126655635
989.16597,180,86.153812,989.1659698309904,0.0,989.1659698309904
969.269132,170,86.276517,969.269131945291,0.0,969.269131945291
947.094182,168,86.39984,947.0941817719647,0.0,947.0941817719647
1016.568474,158,86.511503,1016.5684738234748,0.0,1016.5684738234748
114.827608,52,86.550266,114.82760848619131,0.0,114.82760848619131
964.049525,174,86.677061,964.0495246736912,0.0,964.0495246736912
372.716916,115,86.764921,372.7169157383289,0.0,372.7169157383289
933.129253,150,87.444814,933.1292533302693,0.0,933.1292533302693
953.234364,166,87.563968,953.2343637291715,0.0,953.2343637291715
55.337033,38,87.592949,55.337033118734226,0.0,55.337033118734226
973.695868,150,87.702717,973.6958683779101,0.0,973.6958683779101
52.701983,38,87.7319,52.70198291112723,0.0,52.70198291112723
-30.633764,21,87.748631,-30.633763893111862,0.0,-30.633763893111862
425.310443,108,87.826874,425.3104434946317,0.0,425.3104434946317
982.795003,156,87.940888,982.7950029361101,0.0,982.7950029361101
-25.679717,22,87.959205,-25.679717284304147,0.0,-25.679717284304147
346.574582,100,88.029416,346.5745820299963,0.0,346.5745820299963
386.541728,104,88.107676,386.541727712119,0.0,386.541727712119
1.452098,28,88.129042,1.4520977466189606,0.0,1.4520977466189606
249.874796,90,88.195374,249.87479589701286,0.0,249.87479589701286
953.969703,149,88.303552,953.9697029608983,0.0,953.9697029608983
1003.119526,164,88.430805,1003.1195255897521,0.0,1003.1195255897521
938.737992,153,88.541947,938.7379919645249,0.0,938.7379919645249
1012.493526,162,88.659358,1012.4935258853002,0.0,1012.4935258853002
955.413566,150,88.768335,955.4135658218947,0.0,955.4135658218947
-45.384016,18,88.782078,-45.38401602981406,0.0,-45.38401602981406
13.288189,31,88.809613,13.288189125919175,0.0,13.288189125919175
995.944247,171,89.498919,995.9442466928402,0.0,995.9442466928402
376.657489,100,89.570492,376.65748922924496,0.0,376.65748922924496
62.201418,39,89.600994,62.20141839720502,0.0,62.20141839720502
355.184882,109,89.680723,355.1848822525785,0.0,355.1848822525785
126.790406,69,89.73058,126.79040629525937,0.0,126.79040629525937
971.766835,163,89.850366,971.7668353494166,0.0,971.7668353494166
964.411773,165,89.969185,964.411773239189,0.0,964.411773239189
969.535866,162,90.086714,969.5358663303194,0.0,969.5358663303194
962.047404,153,90.19974,962.0474035707039,0.0,962.0474035707039
323.058351,101,90.275404,323.05835140388837,0.0,323.05835140388837
53.808751,38,90.304415,53.80875104242848,0.0,53.80875104242848
972.119535,159,90.419187,972.1195354938442,0.0,972.1195354938442
81.626785,55,90.458419,81.62678479549459,0.0,81.62678479549459
955.341426,152,90.56678,955.3414258880667,0.0,955.3414258880667
110.734813,57,90.610745,110.7348133010343,0.0,110.7348133010343
79.588203,57,90.652893,79.58820340206094,0.0,79.58820340206094
982.977729,189,90.792871,982.9777293776625,0.0,982.9777293776625
935.6136,153,90.904769,935.6136002640001,0.0,935.6136002640001
362.008056,97,90.975773,362.00805626923307,0.0,362.00805626923307
1008.05137,163,91.710936,1008.0513703586171,0.0,1008.0513703586171
949.384084,171,91.8345,949.3840837821383,0.0,949.3840837821383
992.131814,187,95.199938,992.1318140621346,0.0,992.1318140621346
919.136044,147,95.307006,919.1360435268014,0.0,919.1360435268014
-29.769793,25,95.328519,-29.769792538078875,0.0,-29.769792538078875
89.69547,45,95.363026,89.69546979347777,0.0,89.69546979347777
1000.081041,166,95.483765,1000.0810408644319,0.0,1000.0810408644319
147.313836,64,95.531422,147.31383574263765,0.0,147.31383574263765
990.497631,160,95.646701,990.4976312782828,0.0,990.4976312782828
362.509035,104,95.722329,362.50903473917543,0.0,362.50903473917543
984.367532,157,95.835536,984.3675324999218,0.0,984.3675324999218
986.201683,171,95.958194,986.2016827338284,0.0,986.2016827338284
969.542821,160,96.075529,969.5428205849587,0.0,969.5428205849587
-32.575319,24,96.095459,-32.57531931695388,0.0,-32.57531931695388
71.108055,43,96.128935,71.10805535553902,0.0,71.10805535553902
115.89395,58,96.173737,115.89395008841166,0.0,115.89395008841166
960.446916,152,96.282608,960.4469160012436,0.0,960.4469160012436
417.372033,106,96.928849,417.37203274077365,0.0,417.37203274077365
939.008911,159,97.04268,939.0089108006331,0.0,939.0089108006331
350.959141,99,97.114781,350.9591411340768,0.0,350.9591411340768
48.904021,41,97.14819,48.904021239480784,0.0,48.904021239480784
960.679244,154,97.261328,960.6792443557832,0.0,960.6792443557832
90.184153,49,97.298002,90.1841530688935,0.0,90.1841530688935
996.530884,166,97.41804,996.5308835048519,0.0,996.5308835048519
942.570061,158,97.533443,942.5700608119818,0.0,942.5700608119818
77.176711,45,97.566519,77.17671122324917,0.0,77.17671122324917
406.132875,111,97.650305,406.13287513905595,0.0,406.13287513905595
974.557676,170,97.773742,974.5576760428231,0.0,974.5576760428231
1007.045432,163,97.89324,1007.0454315300786,0.0,1007.0454315300786
937.203122,157,98.007714,937.2031223257643,0.0,937.2031223257643
1001.865211,162,98.12241,1001.8652109263566,0.0,1001.8652109263566
1007.288891,171,98.247885,1007.2888908272737,0.0,1007.2888908272737
930.121093,142,98.350386,930.1210930100689,0.0,930.1210930100689
59.060959,39,98.380825,59.06095922753133,0.0,59.06095922753133
956.709729,152,99.053509,956.7097286073974,0.0,956.7097286073974
355.26109,99,99.125999,355.2610904252575,0.0,355.2610904252575
987.286589,157,99.241174,987.2865892074774,0.0,987.2865892074774
946.065176,158,99.358215,946.0651763780991,0.0,946.0651763780991
998.872731,172,99.483589,998.872730913652,0.0,998.872730913652
957.370011,159,99.597596,957.3700114117662,0.0,957.3700114117662
941.95579,160,99.712423,941.955789866073,0.0,941.955789866073
313.463805,96,99.784082,313.4638053457469,0.0,313.4638053457469
996.515891,163,99.905234,996.5158911727913,0.0,996.5158911727913
953.478746,164,100.022317,953.4787456629485,0.0,953.4787456629485
980.120906,159,100.137624,980.1209063370595,0.0,980.1209063370595
210.438638,77,100.196218,210.43863845466822,0.0,210.43863845466822
55.599693,45,100.228372,55.59969289840379,0.0,55.59969289840379
920.482338,152,100.338572,920.482338462689,0.0,920.482338462689
923.552927,146,100.445273,923.5529266482795,0.0,923.5529266482795
172.682971,68,101.059551,172.68297110615998,0.0,172.68297110615998
966.584617,159,101.174687,966.5846171015762,0.0,966.5846171015762
120.593962,50,101.21229,120.59396169318333,0.0,120.59396169318333
334.982607,112,101.294847,334.9826068350102,0.0,334.9826068350102
88.838477,49,101.331362,88.8384770353306,0.0,88.8384770353306
997.221173,166,101.454275,997.221172819258,0.0,997.221172819258
965.604996,164,101.575631,965.6049959291416,0.0,965.6049959291416
73.953835,60,101.621246,73.95383546407521,0.0,73.95383546407521
970.122471,157,101.737281,970.1224711139249,0.0,970.1224711139249
959.963713,161,101.854547,959.9637126519849,0.0,959.9637126519849
291.053033,102,101.930066,291.05303305530134,0.0,291.05303305530134
938.675299,155,102.042759,938.6752985988351,0.0,938.6752985988351
938.531022,153,102.155169,938.5310222753312,0.0,938.5310222753312
431.027648,114,102.238499,431.0276476959983,0.0,431.0276476959983
373.641272,102,102.313154,373.64127154540927,0.0,373.64127154540927
368.286857,111,102.39539,368.28685697840507,0.0,368.28685697840507
938.531859,165,102.509372,938.5318588158004,0.0,938.5318588158004
940.602441,159,103.183671,940.6024412673711,0.0,940.6024412673711
431.488921,111,103.264194,431.488920526225,0.0,431.488920526225
987.763165,165,103.383016,987.7631646190874,0.0,987.7631646190874
976.757656,155,103.495047,976.7576559246017,0.0,976.7576559246017
923.243609,157,103.607798,923.2436087279316,0.0,923.2436087279316
978.696023,159,103.720108,978.6960229890442,0.0,978.6960229890442
384.615357,100,103.792876,384.615356906177,0.0,384.615356906177
118.97713,54,103.832511,118.97712979498259,0.0,118.97712979498259
973.467946,178,103.961775,973.4679462970674,0.0,973.4679462970674
368.745258,101,104.035811,368.7452575721769,0.0,368.7452575721769
-49.806127,18,104.051067,-49.8061273902607,0.0,-49.8061273902607
370.423042,109,104.131082,370.42304188109205,0.0,370.42304188109205
958.153739,156,104.244042,958.1537388604727,0.0,958.1537388604727
428.687297,110,104.322575,428.68729715933625,0.0,428.68729715933625
987.367283,160,104.437587,987.3672830361286,0.0,987.3672830361286
27.388742,37,104.466383,27.38874165852218,0.0,27.38874165852218
1012.595506,181,105.161793,1012.595506153433,0.0,1012.595506153433
391.571302,119,109.012717,391.57130244816614,0.0,391.57130244816614
968.857138,174,109.138708,968.8571376464018,0.0,968.8571376464018
343.421284,98,109.211462,343.4212838956456,0.0,343.4212838956456
369.18582,106,109.292343,369.18582028710125,0.0,369.18582028710125
393.699561,121,109.378297,393.69956082987073,0.0,393.69956082987073
958.983876,180,109.509463,958.9838764407252,0.0,958.9838764407252
980.770401,169,109.631341,980.770401010898,0.0,980.770401010898
973.971082,186,109.762988,973.9710824984171,0.0,973.9710824984171
970.90845,168,109.885644,970.9084498454499,0.0,970.9084498454499
938.518546,150,109.995413,938.518546418261,0.0,938.518546418261
989.918731,184,110.12874,989.9187310363068,0.0,989.9187310363068
345.347236,119,110.217794,345.3472364681507,0.0,345.3472364681507
998.401572,178,110.345885,998.4015719124538,0.0,998.4015719124538
336.103233,104,110.984769,336.10323263994815,0.0,336.10323263994815
377.206343,112,111.064455,377.2063431786411,0.0,377.2063431786411
360.963894,108,111.144994,360.9638943169399,0.0,360.9638943169399
106.896298,55,111.186094,106.89629792071605,0.0,106.89629792071605
993.785452,165,111.306183,993.7854524056853,0.0,993.7854524056853
1003.329535,170,111.428115,1003.329535448023,0.0,1003.329535448023
992.953391,170,111.551206,992.9533907964243,0.0,992.9533907964243
966.355541,157,111.665857,966.3555412147139,0.0,966.3555412147139
921.609813,148,111.773333,921.6098133239251,0.0,921.6098133239251
987.536461,165,111.893906,987.536460601481,0.0,987.536460601481
925.604461,169,112.017099,925.604460917352,0.0,925.604460917352
333.615802,102,112.091807,333.615802404268,0.0,333.615802404268
168.866078,65,112.141209,168.86607823477945,0.0,168.86607823477945
975.059084,166,112.262622,975.0590839185037,0.0,975.0590839185037
931.428081,148,112.369344,931.4280810762295,0.0,931.4280810762295
954.989626,149,113.046441,954.989625824707,0.0,954.989625824707
979.664042,172,113.170197,979.6640423248789,0.0,979.6640423248789
407.190341,117,113.253608,407.1903406632116,0.0,407.1903406632116
958.048359,160,113.366547,958.0483591010773,0.0,958.0483591010773
403.388331,117,113.452,403.388331253576,0.0,403.388331253576
-44.636737,20,113.466667,-44.63673658161939,0.0,-44.63673658161939
427.159845,124,113.556003,427.15984451962277,0.0,427.15984451962277
953.686367,156,113.670434,953.6863666257575,0.0,953.6863666257575
971.971731,161,113.788627,971.9717312468724,0.0,971.9717312468724
-52.658506,18,113.803782,-52.658505806485294,0.0,-52.658505806485294
997.896724,173,113.928708,997.8967239753487,0.0,997.8967239753487
337.619612,100,114.002417,337.6196118451025,0.0,337.6196118451025
349.045245,106,114.080988,349.04524492369717,0.0,349.04524492369717
976.642339,166,114.199268,976.6423388613346,0.0,976.6423388613346
384.256806,107,114.278094,384.2568061608592,0.0,384.2568061608592
995.477465,182,114.409305,995.4774653479701,0.0,995.4774653479701
963.471761,171,115.136645,963.4717605378769,0.0,963.4717605378769
1025.772037,163,115.260371,1025.7720369389808,0.0,1025.7720369389808
991.478383,160,115.386842,991.4783831499951,0.0,991.4783831499951
949.227411,160,115.512022,949.2274113559314,0.0,949.2274113559314
988.260178,166,115.64135,988.2601776284976,0.0,988.2601776284976
412.333023,127,115.742558,412.33302333801,0.0,412.33302333801
380.90618,106,115.81673,380.906179814987,0.0,380.906179814987
991.912135,178,115.943755,991.9121351531038,0.0,991.9121351531038
357.577856,97,116.013093,357.5778562414543,0.0,357.5778562414543
368.099285,110,116.096628,368.0992854668929,0.0,368.0992854668929
415.455809,108,116.173466,415.45580920634336,0.0,415.45580920634336
962.947305,154,116.283226,962.9473054794037,0.0,962.9473054794037
926.473922,148,116.390808,926.4739221899457,0.0,926.4739221899457
399.17527,116,116.475284,399.17526981464505,0.0,399.17526981464505
215.263433,76,116.532366,215.2634328281791,0.0,215.2634328281791
997.604645,159,117.209623,997.6046449651393,0.0,997.6046449651393
919.38198,150,117.318163,919.3819802442125,0.0,919.3819802442125
405.018327,116,117.402905,405.01832661974765,0.0,405.01832661974765
58.584403,48,117.440163,58.58440307579684,0.0,58.58440307579684
353.24207,111,117.519023,353.242070305699,0.0,353.242070305699
975.549688,159,117.63265,975.5496881556628,0.0,975.5496881556628
980.156708,166,117.748717,980.1567078020612,0.0,980.1567078020612
958.969206,152,117.858702,958.969205957465,0.0,958.969205957465
159.974327,68,117.907001,159.97432708743185,0.0,159.97432708743185
923.439734,150,118.016314,923.4397341899883,0.0,923.4397341899883
972.650557,173,118.139852,972.650557413757,0.0,972.650557413757
352.842447,110,118.222956,352.84244715406555,0.0,352.84244715406555
965.413604,167,118.340989,965.4136035198976,0.0,965.4136035198976
-38.501751,20,118.356124,-38.50175071705175,0.0,-38.50175071705175
937.504795,152,118.466553,937.5047950123619,0.0,937.5047950123619
999.2274,159,122.177701,999.2273996104162,0.0,999.2273996104162
988.001411,168,122.85886,988.0014107831797,0.0,988.0014107831797
994.571288,181,122.988547,994.571288430152,0.0,994.571288430152
378.112085,111,123.070388,378.11208492398686,0.0,378.11208492398686
967.423662,154,123.18097,967.4236618433952,0.0,967.4236618433952
354.927703,109,123.261372,354.92770262693136,0.0,354.92770262693136
330.836663,105,123.33949,330.8366628498355,0.0,330.8366628498355
993.921915,165,123.457258,993.9219154116965,0.0,993.9219154116965
255.655978,103,123.531398,255.6559776538229,0.0,255.6559776538229
941.223188,166,123.651803,941.223188049604,0.0,941.223188049604
375.206896,107,123.72749,375.20689583727443,0.0,375.20689583727443
1005.539709,160,123.889774,1005.5397087903426,0.0,1005.5397087903426
109.100646,57,123.931375,109.10064594478229,0.0,109.10064594478229
956.253425,160,124.048814,956.2534247982851,0.0,956.2534247982851
390.253743,114,124.131965,390.2537431955003,0.0,390.2537431955003
934.969871,153,124.243308,934.9698710494067,0.0,934.9698710494067
952.057401,154,124.939598,952.0574006622944,0.0,952.0574006622944
969.182403,151,125.049956,969.1824031030891,0.0,969.1824031030891
117.956289,74,125.105628,117.95628927518769,0.0,117.95628927518769
964.202014,181,125.236972,964.2020138123553,0.0,964.2020138123553
374.005823,104,125.313534,374.005822955796,0.0,374.005822955796
968.670727,163,125.430486,968.6707272307194,0.0,968.6707272307194
440.118986,119,125.517253,440.11898585528354,0.0,440.11898585528354
375.886972,106,125.595099,375.8869722511614,0.0,375.8869722511614
960.645943,169,125.71907,960.6459434323485,0.0,960.6459434323485
992.74662,164,125.839311,992.7466195383911,0.0,992.7466195383911
159.668706,70,125.890545,159.66870627497406,0.0,159.66870627497406
982.234407,171,126.015949,982.2344073517978,0.0,982.2344073517978
965.701001,159,126.130064,965.7010009210228,0.0,965.7010009210228
383.958786,99,126.201874,383.95878565720784,0.0,383.95878565720784
367.754552,101,126.274223,367.7545520361165,0.0,367.7545520361165
388.157104,108,126.353462,388.15710396675007,0.0,388.15710396675007
985.954233,173,127.03657,985.9542325534578,0.0,985.9542325534578
328.910689,94,127.108467,328.9106887688296,0.0,328.9106887688296
958.390733,160,127.225306,958.3907333025489,0.0,958.3907333025489
70.980963,40,127.257058,70.98096293828189,0.0,70.98096293828189
941.299559,153,127.367775,941.2995586381273,0.0,941.2995586381273
376.259669,113,127.451943,376.2596688974841,0.0,376.2596688974841
178.808643,79,127.508688,178.80864288616456,0.0,178.80864288616456
945.654036,160,127.625227,945.6540360057629,0.0,945.6540360057629
919.323436,145,127.729584,919.323435737869,0.0,919.323435737869
967.590924,152,127.838529,967.5909240700815,0.0,967.5909240700815
377.017376,96,127.908629,377.01737639316514,0.0,377.01737639316514
971.207381,159,128.022619,971.2073805179352,0.0,971.2073805179352
968.126702,153,128.136414,968.126701599026,0.0,968.126701599026
77.863702,42,128.166683,77.86370179346646,0.0,77.86370179346646
967.668328,172,128.293486,967.6683282029528,0.0,967.6683282029528
958.130118,153,128.405063,958.1301182399291,0.0,958.1301182399291
939.200082,150,129.083728,939.2000819676566,0.0,939.2000819676566
971.516428,166,129.207527,971.5164280090542,0.0,971.5164280090542
144.072608,64,129.256976,144.07260783376364,0.0,144.07260783376364
267.745372,91,129.32688,267.7453721199307,0.0,267.7453721199307
984.97151,154,129.441281,984.9715096206934,0.0,984.9715096206934
306.79405,103,129.515004,306.79404964973867,0.0,306.79404964973867
1018.620077,161,129.63239,1018.6200767700578,0.0,1018.6200767700578
963.295298,165,129.758562,963.2952982450439,0.0,963.2952982450439
939.498454,151,129.867674,939.498454468514,0.0,939.498454468514
414.108703,112,129.952847,414.108702513597,0.0,414.108702513597
999.900972,167,130.078064,999.9009718151465,0.0,999.9009718151465
966.738372,152,130.191264,966.7383724662109,0.0,966.7383724662109
1005.980289,169,130.312782,1005.9802888492868,0.0,1005.9802888492868
371.843922,104,130.390453,371.84392220099704,0.0,371.84392220099704
958.293108,171,130.515899,958.2931083493731,0.0,958.2931083493731
-39.625205,20,130.533618,-39.62520510434365,0.0,-39.62520510434365
162.866001,73,131.160515,162.86600089954834,0.0,162.86600089954834
963.709245,145,131.268465,963.7092447273067,0.0,963.7092447273067
993.384261,175,131.397056,993.3842607908067,0.0,993.3842607908067
950.797755,157,131.514071,950.797755395633,0.0,950.797755395633
927.860665,147,131.622551,927.8606652777491,0.0,927.8606652777491
129.39345,52,131.660451,129.39345047111715,0.0,129.39345047111715
366.492569,101,131.740112,366.4925693316136,0.0,366.4925693316136
992.25042,152,131.850602,992.250419810764,0.0,992.250419810764
375.171188,103,131.929611,375.1711881228879,0.0,375.1711881228879
453.930425,122,132.021719,453.93042501698466,0.0,453.93042501698466
1011.263774,168,132.14704,1011.2637739850985,0.0,1011.2637739850985
371.295381,101,132.220048,371.29538140175043,0.0,371.29538140175043
-44.7275,18,132.235271,-44.72749991392868,0.0,-44.72749991392868
962.065463,152,132.347117,962.0654631801724,0.0,962.0654631801724
362.108672,99,136.143984,362.1086718017924,0.0,362.1086718017924
1018.280604,173,136.266285,1018.2806035909939,0.0,1018.2806035909939
-37.31567,21,136.284533,-37.3156695214557,0.0,-37.3156695214557
983.837478,170,136.97291,983.8374776847179,0.0,983.8374776847179
989.668598,170,137.094508,989.668598060422,0.0,989.668598060422
932.419662,147,137.202368,932.4196616086867,0.0,932.4196616086867
-38.042422,20,137.219831,-38.04242194363438,0.0,-38.04242194363438
947.484771,147,137.326628,947.4847713458269,0.0,947.4847713458269
996.685257,162,137.445683,996.6852572856427,0.0,996.6852572856427
964.669873,153,137.555186,964.6698729951263,0.0,964.6698729951263
14.351425,42,137.588364,14.35142532401511,0.0,14.35142532401511
976.342548,152,137.69693,976.3425476908891,0.0,976.3425476908891
965.844112,162,137.812357,965.844112361885,0.0,965.844112361885
992.859555,162,137.929351,992.859555191146,0.0,992.859555191146
1013.843926,161,138.046968,1013.8439258396575,0.0,1013.8439258396575
967.753658,163,138.164071,967.7536583341774,0.0,967.7536583341774
981.26169,155,138.276268,981.2616898489302,0.0,981.2616898489302
961.125746,159,138.391068,961.1257456341737,0.0,961.1257456341737
-56.235966,17,138.404679,-56.23596577022498,0.0,-56.23596577022498
946.872875,155,139.078665,946.8728753423406,0.0,946.8728753423406
996.169231,154,139.191637,996.1692306569581,0.0,996.1692306569581
971.919191,147,139.299469,971.9191911108344,0.0,971.9191911108344
946.811989,149,139.409609,946.8119894514434,0.0,946.8119894514434
970.104873,158,139.523553,970.1048733127299,0.0,970.1048733127299
954.713379,147,139.63274,954.7133794807094,0.0,954.7133794807094
972.676164,150,139.742647,972.67616355672,0.0,972.67616355672
956.058793,146,139.849352,956.0587932340488,0.0,956.0587932340488
64.165485,39,139.881228,64.16548544687595,0.0,64.16548544687595
996.539279,156,139.993974,996.539278688788,0.0,996.539278688788
976.196653,156,140.105204,976.1966526782712,0.0,976.1966526782712
928.503146,143,140.206887,928.50314604585,0.0,928.50314604585
992.975796,151,140.315691,992.9757957657029,0.0,992.9757957657029
982.91856,149,140.433457,982.9185596902859,0.0,982.9185596902859
350.094805,92,141.105469,350.0948050349729,0.0,350.0948050349729
957.535179,156,141.218676,957.5351788456484,0.0,957.5351788456484
954.998436,156,141.332642,954.9984359655474,0.0,954.9984359655474
974.854877,155,141.44569,974.8548774654982,0.0,974.8548774654982
962.838426,154,141.561056,962.8384261945715,0.0,962.8384261945715
1004.341949,163,141.679967,1004.3419494009203,0.0,1004.3419494009203
983.515453,151,141.789702,983.5154526576505,0.0,983.5154526576505
920.095903,139,141.89366,920.0959031990232,0.0,920.0959031990232
970.367615,178,142.023306,970.367614680313,0.0,970.367614680313
358.82716,106,142.098772,358.82715955319844,0.0,358.82715955319844
364.341854,103,142.176159,364.34185422157543,0.0,364.34185422157543
192.966278,80,142.235029,192.96627846811822,0.0,192.96627846811822
30.543993,41,142.266404,30.54399279085507,0.0,30.54399279085507
1003.210264,156,142.38127,1003.2102644747712,0.0,1003.2102644747712
975.32454,185,142.515371,975.3245400423217,0.0,975.3245400423217
964.728607,154,143.196243,964.7286073817154,0.0,964.7286073817154
1006.424608,154,143.30864,1006.424608343487,0.0,1006.424608343487
977.989497,154,143.424136,977.9894974940244,0.0,977.9894974940244
63.16668,39,143.454547,63.166679896532045,0.0,63.166679896532045
970.147407,159,143.571765,970.1474070097133,0.0,970.1474070097133
985.067854,165,143.69512,985.067853860211,0.0,985.067853860211
967.0431,151,143.805722,967.0431001291231,0.0,967.0431001291231
-59.547552,15,143.820839,-59.54755212383812,0.0,-59.54755212383812
-12.697808,25,143.840482,-12.69780791299101,0.0,-12.69780791299101
3.973466,28,143.862499,3.9734662551824442,0.0,3.9734662551824442
950.04553,146,143.971058,950.0455296404175,0.0,950.0455296404175
335.305401,93,144.04516,335.305400571611,0.0,335.305400571611
961.103038,146,144.1491,961.1030381358789,0.0,961.1030381358789
973.795486,151,144.26069,973.7954856148323,0.0,973.7954856148323
996.4179,158,144.376481,996.4178998706275,0.0,996.4178998706275
962.335332,153,144.486518,962.3353322998763,0.0,962.3353322998763
43.747777,49,144.524071,43.74777706477826,0.0,43.74777706477826
996.001558,154,144.635799,996.0015581681544,0.0,996.0015581681544
918.391464,136,145.297754,918.3914644462212,0.0,918.3914644462212
951.590354,149,145.407987,951.5903539198118,0.0,951.5903539198118
945.188206,149,145.514354,945.1882060930972,0.0,945.1882060930972
113.905951,50,145.55117,113.90595050695947,0.0,113.90595050695947
975.954959,152,145.661711,975.9549588355518,0.0,975.9549588355518
424.075033,111,145.744626,424.0750329204093,0.0,424.0750329204093
973.228812,151,145.853499,973.2288124070124,0.0,973.2288124070124
281.489673,97,145.92577,281.4896729263709,0.0,281.4896729263709
1009.544831,161,146.043695,1009.5448310799,0.0,1009.5448310799
64.0716,41,146.073908,64.0715995464333,0.0,64.0715995464333
234.099771,85,146.134372,234.09977084272913,0.0,234.09977084272913
1002.545499,163,146.253266,1002.5454988710312,0.0,1002.5454988710312
413.757455,110,149.884809,413.7574545368665,0.0,413.7574545368665
259.052756,84,149.947703,259.05275646651125,0.0,259.05275646651125
996.36245,160,150.066212,996.3624498429396,0.0,996.3624498429396
1018.537335,160,150.183803,1018.5373346261999,0.0,1018.5373346261999
995.532384,149,150.295672,995.5323836063574,0.0,995.5323836063574
991.420574,154,150.974894,991.420574061419,0.0,991.420574061419
994.408838,159,151.091707,994.4088379334673,0.0,994.4088379334673
941.724261,155,151.202323,941.7242606076334,0.0,941.7242606076334
959.426858,145,151.306717,959.4268575078187,0.0,959.4268575078187
382.369109,101,151.382279,382.3691089067391,0.0,382.3691089067391
959.231638,172,151.512233,959.2316380342191,0.0,959.2316380342191
988.903121,149,151.622666,988.9031210045289,0.0,988.9031210045289
382.034497,103,151.697807,382.034496657134,0.0,382.034496657134
948.620579,148,151.805285,948.6205790333231,0.0,948.6205790333231
1029.07907,158,151.925173,1029.079070338003,0.0,1029.079070338003
954.72295,147,152.035676,954.7229500928781,0.0,954.7229500928781
420.275781,107,152.114665,420.27578078230863,0.0,420.27578078230863
991.364182,160,152.234791,991.3641824992185,0.0,991.3641824992185
1008.01571,155,152.347579,1008.0157103530854,0.0,1008.0157103530854
987.949381,150,153.027166,987.9493813206562,0.0,987.9493813206562
-19.654126,24,153.046885,-19.65412586911448,0.0,-19.65412586911448
991.506777,153,153.158924,991.506776883187,0.0,991.506776883187
977.955009,152,153.271344,977.9550092082769,0.0,977.9550092082769
966.960434,148,153.379075,966.9604344618792,0.0,966.9604344618792
423.820799,104,153.457312,423.8207988177724,0.0,423.8207988177724
969.773924,150,153.570276,969.7739240088722,0.0,969.7739240088722
953.624254,144,153.677247,953.6242541934396,0.0,953.6242541934396
951.475628,143,153.781538,951.4756280986701,0.0,951.4756280986701
936.922269,140,153.884728,936.922268862035,0.0,936.922268862035
235.136013,79,153.94136,235.1360126172679,0.0,235.1360126172679
1015.439129,154,154.057059,1015.4391294124782,0.0,1015.4391294124782
429.953037,108,154.137641,429.9530372637481,0.0,429.9530372637481
971.020627,153,154.247852,971.0206271143849,0.0,971.0206271143849
951.428992,142,154.352113,951.4289924097046,0.0,951.4289924097046
968.801973,144,154.457804,968.8019726758286,0.0,968.8019726758286
-52.028332,17,155.061815,-52.02833233133972,0.0,-52.02833233133972
159.163172,63,155.112226,159.16317234537772,0.0,159.16317234537772
1010.815982,166,155.232862,1010.815982102428,0.0,1010.815982102428
965.228141,156,155.343769,965.2281408563415,0.0,965.2281408563415
995.341323,150,155.449858,995.3413230112749,0.0,995.3413230112749
978.227141,145,155.552914,978.2271414571073,0.0,978.2271414571073
968.610889,151,155.662803,968.6108891144405,0.0,968.6108891144405
946.532817,149,155.768181,946.5328168245924,0.0,946.5328168245924
954.406037,148,155.873036,954.4060365836903,0.0,954.4060365836903
353.398558,100,155.942905,353.39855811948325,0.0,353.39855811948325
964.37609,164,156.062347,964.3760897664961,0.0,964.3760897664961
252.859077,83,156.124852,252.85907745335402,0.0,252.85907745335402
977.724234,157,156.237568,977.724233591455,0.0,977.724233591455
-27.606781,25,156.255826,-27.606780703434083,0.0,-27.606780703434083
413.671747,108,156.334627,413.6717467746168,0.0,413.6717467746168
955.293162,148,156.440652,955.2931621368891,0.0,955.2931621368891
944.045852,145,157.116267,944.0458524387791,0.0,944.0458524387791
997.075129,161,157.257324,997.0751288752527,0.0,997.0751288752527
988.885284,147,157.360358,988.8852835699482,0.0,988.8852835699482
985.489738,147,157.465815,985.4897383209466,0.0,985.4897383209466
976.70258,156,157.578521,976.7025799631888,0.0,976.7025799631888
996.648621,158,157.690831,996.6486208150754,0.0,996.6486208150754
203.13067,71,157.743113,203.13067028921296,0.0,203.13067028921296
86.921106,55,157.782579,86.92110593830543,0.0,86.92110593830543
982.938634,154,157.895485,982.9386344737181,0.0,982.9386344737181
-18.256608,24,157.915034,-18.256608133194575,0.0,-18.256608133194575
946.096291,147,158.020896,946.0962906966172,0.0,946.0962906966172
947.429819,150,158.129526,947.4298189341239,0.0,947.4298189341239
18.240188,34,158.157249,18.24018817300376,0.0,18.24018817300376
970.314925,150,158.263658,970.3149245461783,0.0,970.3149245461783
994.94873,147,158.370817,994.948730439448,0.0,994.948730439448
1000.805329,158,158.482351,1000.8053292249595,0.0,1000.8053292249595
180.226587,71,158.533385,180.2265869988222,0.0,180.2265869988222
62.946302,39,158.564787,62.946301537888885,0.0,62.946301537888885
969.568653,146,159.238435,969.5686529929441,0.0,969.5686529929441
1006.991986,155,159.349088,1006.9919858873499,0.0,1006.9919858873499
963.678342,155,159.459724,963.6783424022326,0.0,963.6783424022326
105.530636,60,159.505183,105.53063555083597,0.0,105.53063555083597
-36.326735,19,159.520361,-36.32673535096299,0.0,-36.32673535096299
210.518975,75,159.574944,210.51897478974215,0.0,210.51897478974215
984.824432,151,159.683012,984.8244315158055,0.0,984.8244315158055
962.327119,154,159.795403,962.327118655837,0.0,962.327118655837
971.417844,148,159.902459,971.4178440473921,0.0,971.4178440473921
954.809798,153,160.012864,954.8097982652903,0.0,954.8097982652903
1004.198289,166,163.845403,1004.1982889990547,0.0,1004.1982889990547
458.855283,118,163.932022,458.85528314791736,0.0,458.85528314791736
974.56438,150,164.042388,974.5643799808004,0.0,974.5643799808004
365.260077,93,164.11191,365.2600772315771,0.0,365.2600772315771
211.957066,77,164.167476,211.95706602946578,0.0,211.95706602946578
401.650513,107,164.244156,401.65051281857006,0.0,401.65051281857006
980.357182,161,164.361794,980.3571815804343,0.0,980.3571815804343
958.058933,145,165.030836,958.0589333425401,0.0,958.0589333425401
912.046983,138,165.128487,912.0469825480507,0.0,912.0469825480507
-24.89493,22,165.145221,-24.894929679441418,0.0,-24.894929679441418
944.850471,142,165.246703,944.850470696779,0.0,944.850470696779
972.086243,143,165.34689,972.0862428090077,0.0,972.0862428090077
978.812017,158,165.460688,978.8120166197917,0.0,978.8120166197917
924.78582,144,165.562849,924.7858197904548,0.0,924.7858197904548
985.686693,156,165.673842,985.686692860474,0.0,985.686692860474
1010.745698,158,165.786913,1010.7456979489749,0.0,1010.7456979489749
930.432207,149,165.894475,930.4322070350693,0.0,930.4322070350693
999.221529,158,166.006217,999.2215285539141,0.0,999.2215285539141
981.965167,151,166.114347,981.9651669497731,0.0,981.9651669497731
923.821922,151,166.224313,923.8219217168793,0.0,923.8219217168793
934.4556,156,166.333627,934.4556003197042,0.0,934.4556003197042
454.138407,122,166.985271,454.13840735883946,0.0,454.13840735883946
919.836945,145,167.089367,919.8369450812661,0.0,919.8369450812661
920.208913,142,167.190702,920.2089128762975,0.0,920.2089128762975
970.023117,143,167.292553,970.0231168544934,0.0,970.0231168544934
986.555645,154,167.404232,986.5556453484455,0.0,986.5556453484455
208.410582,71,167.456922,208.41058237570536,0.0,208.41058237570536
291.113926,92,167.522457,291.11392562571433,0.0,291.11392562571433
949.686852,145,167.626523,949.6868517531274,0.0,949.6868517531274
973.22595,145,167.731344,973.2259504692836,0.0,973.2259504692836
919.268551,136,167.826112,919.2685506023906,0.0,919.2685506023906
68.788432,49,167.861609,68.78843220469523,0.0,68.78843220469523
946.463025,147,167.968459,946.4630248964784,0.0,946.4630248964784
220.417733,78,168.025221,220.41773325989394,0.0,220.41773325989394
933.443985,138,168.123293,933.4439848554325,0.0,933.4439848554325
-32.334573,20,168.139973,-32.33457304929101,0.0,-32.33457304929101
932.346321,141,168.241566,932.3463214615127,0.0,932.3463214615127
969.882568,207,168.389294,969.8825681814328,0.0,969.8825681814328
120.899123,57,168.432054,120.8991225384681,0.0,120.8991225384681
13.498203,36,169.021144,13.498202879930943,0.0,13.498202879930943
987.471393,153,169.130527,987.4713934654687,0.0,987.4713934654687
975.757063,154,169.242597,975.7570634547005,0.0,975.7570634547005
297.611768,91,169.311491,297.6117680863016,0.0,297.6117680863016
957.732044,147,169.418879,957.7320441758897,0.0,957.7320441758897
233.740547,78,169.476107,233.74054680790832,0.0,233.74054680790832
97.157782,43,169.509531,97.15778163784822,0.0,97.15778163784822
990.584936,157,169.622967,990.5849363853313,0.0,990.5849363853313
949.152369,149,169.731129,949.1523685123913,0.0,949.1523685123913
951.087014,150,169.841828,951.08701408845,0.0,951.08701408845
987.049986,156,169.956701,987.0499857934997,0.0,987.0499857934997
959.404204,161,170.071158,959.404204473617,0.0,959.404204473617
991.179217,157,170.188279,991.1792171880384,0.0,991.1792171880384
937.466342,141,170.288907,937.4663415733418,0.0,937.4663415733418
-25.698715,23,170.30768,-25.698714529727113,0.0,-25.698714529727113
995.557518,153,170.41807,995.5575180084793,0.0,995.5575180084793
983.861069,145,171.079827,983.8610685525191,0.0,983.8610685525191
199.528081,78,171.138266,199.5280806059034,0.0,199.5280806059034
959.024629,146,171.240559,959.0246290147591,0.0,959.0246290147591
1002.228805,153,171.350013,1002.2288053109415,0.0,1002.2288053109415
382.838505,105,171.425655,382.83850452628974,0.0,382.83850452628974
962.599328,154,171.536258,962.5993281959848,0.0,962.5993281959848
359.917376,97,171.607019,359.9173763776286,0.0,359.9173763776286
960.231099,153,171.719218,960.2310987203998,0.0,960.2310987203998
-36.353483,20,171.734379,-36.35348346853431,0.0,-36.35348346853431
974.408686,150,171.839286,974.4086856054796,0.0,974.4086856054796
948.262336,143,171.940892,948.2623360445671,0.0,948.2623360445671
922.754585,139,172.042217,922.7545847855024,0.0,922.7545847855024
991.93474,148,172.148277,991.9347395851363,0.0,991.9347395851363
948.535519,140,172.250625,948.5355191330561,0.0,948.5355191330561
976.741986,153,172.359536,976.7419856136228,0.0,976.7419856136228
938.559574,143,172.463543,938.5595744516279,0.0,938.5595744516279
163.712918,67,172.511952,163.71291801869472,0.0,163.71291801869472
396.212066,97,173.144196,396.21206621257505,0.0,396.21206621257505
392.293065,102,173.21809,392.2930646725403,0.0,392.2930646725403
960.25743,149,173.325386,960.2574297487433,0.0,960.2574297487433
381.285529,103,173.397774,381.2855294133319,0.0,381.2855294133319
997.133306,152,173.506299,997.1333060068271,0.0,997.1333060068271
440.753734,108,173.583674,440.7537344597483,0.0,440.7537344597483
392.584634,104,173.659964,392.584634078608,0.0,392.584634078608
977.366927,144,173.80778,977.366927353568,0.0,977.366927353568
-41.954797,19,173.826125,-41.954796872162305,0.0,-41.954796872162305
968.979518,149,177.61664,968.97951807626,0.0,968.97951807626
994.100824,152,177.727365,994.1008236195904,0.0,994.1008236195904
-58.353475,18,177.74406,-58.35347500114962,0.0,-58.35347500114962
367.020538,100,177.816301,367.0205380463217,0.0,367.0205380463217
963.837015,161,177.933555,963.8370154267346,0.0,963.8370154267346
1001.400654,153,178.04563,1001.4006540093109,0.0,1001.4006540093109
998.458366,161,178.164987,998.4583659697902,0.0,998.4583659697902
333.447155,87,178.230984,333.4471548712275,0.0,333.4471548712275
300.768749,85,178.297033,300.76874935290317,0.0,300.76874935290317
15.085632,30,178.321251,15.085632425724938,0.0,15.085632425724938
955.602236,143,178.99259,955.6022355210214,0.0,955.6022355210214
970.394259,197,179.135452,970.3942588464296,0.0,970.3942588464296
189.285576,69,179.187684,189.28557593206736,0.0,189.28557593206736
123.889348,52,179.227896,123.88934788080063,0.0,123.88934788080063
-42.345742,19,179.243088,-42.345742282481766,0.0,-42.345742282481766
964.263535,152,179.355507,964.2635353839644,0.0,964.2635353839644
1002.516704,159,179.471092,1002.5167043946401,0.0,1002.5167043946401
968.043951,147,179.578482,968.0439510549539,0.0,968.0439510549539
960.176265,140,179.682299,960.1762645829153,0.0,960.1762645829153
231.006962,81,179.742847,231.00696222082308,0.0,231.00696222082308
978.783364,157,179.855938,978.7833644680185,0.0,978.7833644680185
974.619719,149,179.964315,974.6197188065868,0.0,974.6197188065868
1003.195886,151,180.074549,1003.19588616175,0.0,1003.19588616175
937.098566,152,180.186901,937.0985661533691,0.0,937.0985661533691
990.248408,163,180.305101,990.2484077760884,0.0,990.2484077760884
367.34967,103,180.37948,367.3496700083397,0.0,367.3496700083397
398.262452,105,181.025648,398.26245243188976,0.0,398.26245243188976
1008.308021,166,181.143666,1008.3080210113757,0.0,1008.3080210113757
384.42114,109,181.222605,384.4211395544231,0.0,384.4211395544231
393.542731,103,181.293413,393.542731175992,0.0,393.542731175992
76.087305,50,181.331138,76.08730482092943,0.0,76.08730482092943
360.790811,94,181.398295,360.79081061775804,0.0,360.79081061775804
940.150716,137,181.496972,940.1507160968997,0.0,940.1507160968997
404.127873,109,181.575252,404.1278732920454,0.0,404.1278732920454
1006.549006,152,181.684736,1006.549006234544,0.0,1006.549006234544
976.34624,159,181.799274,976.3462402438828,0.0,976.3462402438828
953.667741,153,181.910071,953.6677409629361,0.0,953.6677409629361
928.518567,142,182.013099,928.5185672369129,0.0,928.5185672369129
-42.17514,19,182.027211,-42.175140419360304,0.0,-42.175140419360304
359.558427,99,182.099984,359.5584272160811,0.0,359.5584272160811
387.36622,100,182.174195,387.3662204133172,0.0,387.3662204133172
137.626563,60,182.219584,137.62656306727646,0.0,137.62656306727646
-24.236838,24,182.237733,-24.236838185144606,0.0,-24.236838185144606
426.242178,111,182.31699,426.24217757327483,0.0,426.24217757327483
196.357887,73,182.372588,196.35788704110746,0.0,196.35788704110746
386.963852,99,182.443679,386.96385197321814,0.0,386.96385197321814
977.023561,147,183.105711,977.0235610607067,0.0,977.0235610607067
929.198686,141,183.206757,929.1986858437579,0.0,929.1986858437579
938.201826,152,183.317296,938.201825809602,0.0,938.201825809602
968.453977,149,183.4248,968.453977377374,0.0,968.453977377374
959.11626,144,183.531625,959.1162596311348,0.0,959.1162596311348
999.171769,151,183.643073,999.1717685244156,0.0,999.1717685244156
959.752192,157,183.7565,959.7521916937604,0.0,959.7521916937604
969.289877,153,183.865621,969.2898771810632,0.0,969.2898771810632
953.308718,153,183.974583,953.3087177560258,0.0,953.3087177560258
1009.384675,186,184.10986,1009.3846746992282,0.0,1009.3846746992282
983.936255,159,184.227062,983.9362551349452,0.0,983.9362551349452
99.186958,55,184.26799,99.18695750375588,0.0,99.18695750375588
981.829208,144,184.374844,981.829208374865,0.0,981.829208374865
922.585608,136,184.473575,922.5856075076772,0.0,922.5856075076772
954.534082,142,185.134572,954.5340818716649,0.0,954.5340818716649
956.372874,147,185.242241,956.3728744267254,0.0,956.3728744267254
939.698425,151,185.350875,939.698424532065,0.0,939.698424532065
974.562519,145,185.453745,974.5625186494999,0.0,974.5625186494999
316.387761,89,185.520577,316.38776127575886,0.0,316.38776127575886
987.829229,150,185.629759,987.8292285924608,0.0,987.8292285924608
917.357914,143,185.732673,917.3579140784124,0.0,917.3579140784124
927.370117,142,185.83574,927.3701166668475,0.0,927.3701166668475
964.606979,156,185.949871,964.6069790552045,0.0,964.6069790552045
261.74075,85,186.012324,261.74075007755357,0.0,261.74075007755357
960.470747,151,186.122536,960.47074684735,0.0,960.47074684735
965.062056,147,186.227718,965.062056053506,0.0,965.062056053506
1002.334912,157,186.342555,1002.3349120211562,0.0,1002.3349120211562
979.873514,151,186.453329,979.8735139731042,0.0,979.8735139731042
966.441264,151,187.124805,966.4412641867253,0.0,966.4412641867253
190.181543,72,187.177496,190.18154286906818,0.0,190.18154286906818
1006.524817,152,187.286203,1006.5248166132145,0.0,1006.5248166132145
398.599891,104,187.36255,398.5998913920896,0.0,398.5998913920896
912.91377,146,187.466483,912.9137698384328,0.0,912.9137698384328
1019.068156,162,187.586124,1019.0681562453693,0.0,1019.0681562453693
930.25851,139,190.994612,930.2585098701484,0.0,930.2585098701484
144.992407,65,191.042593,144.99240673219265,0.0,144.99240673219265
399.530784,98,191.112786,399.5307843836547,0.0,399.5307843836547
989.307215,150,191.222954,989.3072151408956,0.0,989.3072151408956
975.613251,148,191.329803,975.613251004693,0.0,975.613251004693
952.834111,141,191.431266,952.8341112761102,0.0,952.8341112761102
974.208933,144,191.537459,974.2089333851069,0.0,974.2089333851069
963.974603,143,191.639688,963.9746032063042,0.0,963.9746032063042
988.804564,151,191.748079,988.8045644233146,0.0,988.8045644233146
944.745859,137,191.846224,944.7458587469489,0.0,944.7458587469489
966.305448,156,192.518527,966.3054482462243,0.0,966.3054482462243
989.706789,158,192.632868,989.7067894729005,0.0,989.7067894729005
999.559203,152,192.742147,999.5592030501706,0.0,999.5592030501706
997.340402,152,192.851454,997.3404023728347,0.0,997.3404023728347
368.922362,89,192.914918,368.9223622817852,0.0,368.9223622817852
418.689544,111,192.995501,418.6895440421791,0.0,418.6895440421791
121.5388,49,193.032914,121.53880040561597,0.0,121.53880040561597
378.15168,96,193.104521,378.15167959737806,0.0,378.15167959737806
969.775004,147,193.210482,969.7750044647885,0.0,969.7750044647885
995.348224,157,193.32302,995.3482242369823,0.0,995.3482242369823
970.827334,153,193.4324,970.8273336707413,0.0,970.8273336707413
967.095348,145,193.539065,967.0953475963496,0.0,967.0953475963496
974.219878,146,193.64475,974.2198779961496,0.0,974.2198779961496
993.722831,154,193.75644,993.722830530094,0.0,993.722830530094
1.428921,28,193.777719,1.4289205429800091,0.0,1.4289205429800091
973.03259,149,193.885198,973.0325896621766,0.0,973.0325896621766
945.78628,140,194.546544,945.7862803779115,0.0,945.7862803779115
962.720061,142,194.646637,962.7200610195778,0.0,962.7200610195778
410.892895,103,194.721579,410.8928947808468,0.0,410.8928947808468
252.909804,78,194.777765,252.90980392905112,0.0,252.90980392905112
980.144452,163,194.893941,980.1444521223059,0.0,980.1444521223059
954.499877,147,194.997993,954.499877496556,0.0,954.499877496556
1009.008211,152,195.106905,1009.0082110650511,0.0,1009.0082110650511
982.38874,146,195.213665,982.3887398442014,0.0,982.3887398442014
978.633292,148,195.320346,978.633292405828,0.0,978.633292405828
382.751792,101,195.401578,382.7517922916009,0.0,382.7517922916009
405.191045,98,195.480246,405.191045390539,0.0,405.191045390539
82.670118,48,195.520892,82.67011829854778,0.0,82.67011829854778
996.693395,151,195.640597,996.693395380544,0.0,996.693395380544
988.111539,151,195.763552,988.11153882528,0.0,988.11153882528
919.686485,132,195.863427,919.6864850076872,0.0,919.6864850076872
429.863301,114,195.955243,429.8633013599614,0.0,429.8633013599614
964.488036,152,196.667585,964.488036028303,0.0,964.488036028303
941.412345,138,196.767156,941.4123450763392,0.0,941.4123450763392
964.5529,144,196.876065,964.5529001701348,0.0,964.5529001701348
215.745757,78,196.934122,215.74575707371818,0.0,215.74575707371818
975.902941,149,197.043006,975.9029414757686,0.0,975.9029414757686
914.628692,143,197.14806,914.6286919885465,0.0,914.6286919885465
150.426854,63,197.194698,150.42685406621118,0.0,150.42685406621118
192.357083,73,197.249918,192.35708261120217,0.0,192.35708261120217
216.963518,74,197.304744,216.9635176685706,0.0,216.9635176685706
995.463496,157,197.419457,995.4634964222757,0.0,995.4634964222757
996.782625,150,197.52733,996.7826250099602,0.0,996.7826250099602
122.044364,52,197.565549,122.04436387167078,0.0,122.04436387167078
969.506111,152,197.676008,969.5061113911021,0.0,969.5061113911021
949.280436,141,197.777027,949.2804363977525,0.0,949.2804363977525
986.94957,152,197.885417,986.9495697621439,0.0,986.9495697621439
963.738926,156,197.999867,963.7389264064262,0.0,963.7389264064262
907.926316,134,198.097448,907.9263163409988,0.0,907.9263163409988
427.902184,104,198.748249,427.9021839347177,0.0,427.9021839347177
-26.152949,22,198.766167,-26.152948559493026,0.0,-26.152948559493026
407.414902,104,198.843351,407.4149017486133,0.0,407.4149017486133
5.316317,37,198.871563,5.316316622683786,0.0,5.316316622683786
971.612906,155,198.983092,971.6129064271448,0.0,971.6129064271448
-43.19186,20,198.998337,-43.191859823596275,0.0,-43.191859823596275
998.119958,154,199.109551,998.1199576919066,0.0,998.1199576919066
948.52917,144,199.215094,948.5291700794601,0.0,948.5291700794601
197.549918,71,199.268048,197.54991758956285,0.0,197.54991758956285
970.237669,151,199.378513,970.2376689698384,0.0,970.2376689698384
969.937457,151,199.484722,969.9374569826294,0.0,969.9374569826294
-33.058713,20,199.501057,-33.058713000845756,0.0,-33.058713000845756
990.035236,152,199.612082,990.03523550162,0.0,990.03523550162
1027.106257,160,199.72801,1027.1062569160956,0.0,1027.1062569160956
409.150953,108,199.807239,409.15095278797963,0.0,409.15095278797963
915.332779,134,199.90095,915.3327785718823,0.0,915.3327785718823
979.261219,147,200.009444,979.2612189251456,0.0,979.2612189251456
199.672346,73,200.064304,199.67234595679946,0.0,199.67234595679946
113.8416,49,200.100559,113.84159952402517,0.0,113.84159952402517
962.595774,147,200.775143,962.5957737150984,0.0,962.5957737150984
1026.852127,170,200.895654,1026.8521265195964,0.0,1026.8521265195964
264.858946,81,200.956108,264.85894556157723,0.0,264.85894556157723
395.922501,108,201.034777,395.9225007822107,0.0,395.9225007822107
941.919662,146,204.51532,941.9196615755628,0.0,941.9196615755628
996.216366,163,204.634207,996.21636597471,0.0,996.21636597471
1008.508244,156,204.746409,1008.508243759984,0.0,1008.508243759984
975.155461,153,204.857952,975.1554613256699,0.0,975.1554613256699
85.511153,44,204.889264,85.51115257223637,0.0,85.51115257223637
89.553348,49,204.927451,89.55334791894691,0.0,89.55334791894691
-29.463655,22,204.956483,-29.46365474550703,0.0,-29.46365474550703
967.274211,154,205.090091,967.2742107615259,0.0,967.2742107615259
996.112991,152,205.19566,996.1129911988262,0.0,996.1129911988262
925.959448,137,205.293778,925.9594481297345,0.0,925.9594481297345
328.125738,92,205.359964,328.1257379969567,0.0,328.1257379969567
997.621168,150,205.467126,997.6211679032162,0.0,997.6211679032162
996.849277,152,205.576886,996.8492774271535,0.0,996.8492774271535
972.34235,151,206.246129,972.3423501626289,0.0,972.3423501626289
-45.82465,18,206.259376,-45.824650309331815,0.0,-45.824650309331815
993.331172,158,206.375867,993.331172138681,0.0,993.331172138681
973.957,148,206.481395,973.9570004025849,0.0,973.9570004025849
957.211125,152,206.592435,957.2111248990461,0.0,957.2111248990461
128.964508,61,206.637747,128.9645082750867,0.0,128.9645082750867
1000.935426,156,206.749976,1000.9354256010373,0.0,1000.9354256010373
970.713805,157,206.86355,970.7138052963095,0.0,970.7138052963095
962.579132,138,206.964447,962.5791319002537,0.0,962.5791319002537
966.318442,162,207.081634,966.3184416784488,0.0,966.3184416784488
5.96399,30,207.106035,5.963989935618173,0.0,5.963989935618173
312.637005,101,207.179879,312.63700454085773,0.0,312.63700454085773
980.262563,146,207.285993,980.2625625182413,0.0,980.2625625182413
964.841889,143,207.391427,964.8418891380918,0.0,964.8418891380918
962.144144,141,207.495186,962.144143607625,0.0,962.144143607625
363.223316,95,207.563249,363.22331631302137,0.0,363.22331631302137
956.846215,152,207.6752,956.8462146296288,0.0,956.8462146296288
924.106993,136,208.34797,924.1069934236151,0.0,924.1069934236151
981.248784,150,208.457028,981.2487836392238,0.0,981.2487836392238
932.506195,147,208.561878,932.5061952320563,0.0,932.5061952320563
920.259831,137,208.662421,920.2598311262539,0.0,920.2598311262539
943.011785,150,208.772847,943.0117846990504,0.0,943.0117846990504
967.996312,151,208.88304,967.9963118260581,0.0,967.9963118260581
949.196286,150,208.991328,949.1962863949376,0.0,949.1962863949376
988.133351,149,209.101224,988.133350988735,0.0,988.133350988735
998.793021,154,209.2147,998.7930206519777,0.0,998.7930206519777
1005.646386,153,209.325183,1005.6463864753795,0.0,1005.6463864753795
946.627019,144,209.429281,946.6270187652052,0.0,946.6270187652052
979.06917,148,209.53687,979.0691696975733,0.0,979.0691696975733
92.685818,44,209.569317,92.68581846141471,0.0,92.68581846141471
421.592582,104,209.646161,421.5925824488538,0.0,421.5925824488538
974.321103,145,209.754209,974.3211028919775,0.0,974.3211028919775
971.802744,149,210.433578,971.8027437102894,0.0,971.8027437102894
962.666639,143,210.535375,962.6666389982063,0.0,962.6666389982063
934.930648,156,210.649196,934.9306475310905,0.0,934.9306475310905
909.56188,134,210.749024,909.5618795920936,0.0,909.5618795920936
181.928098,69,210.800517,181.92809768854877,0.0,181.92809768854877
918.525174,135,210.898862,918.5251743160245,0.0,918.5251743160245
953.679379,142,211.003749,953.6793790710487,0.0,953.6793790710487
362.829324,99,211.075764,362.82932357485595,0.0,362.82932357485595
970.874429,144,211.180068,970.8744286078444,0.0,970.8744286078444
950.122545,151,211.290536,950.1225448925613,0.0,950.1225448925613
955.622717,149,211.40005,955.6227169257174,0.0,955.6227169257174
1007.799124,150,211.509404,1007.7991242839787,0.0,1007.7991242839787
392.880987,110,211.588418,392.88098685266357,0.0,392.88098685266357
983.434405,152,211.696672,983.4344048569931,0.0,983.4344048569931
992.572389,154,211.808139,992.5723888385933,0.0,992.5723888385933
926.976574,143,212.476619,926.97657420221,0.0,926.97657420221
988.747294,156,212.587224,988.7472943085563,0.0,988.7472943085563
964.931794,145,212.694097,964.9317943898708,0.0,964.9317943898708
368.925516,94,212.762057,368.92551586100484,0.0,368.92551586100484
362.156161,95,212.829682,362.1561605816038,0.0,362.1561605816038
968.853569,149,212.939147,968.8535692531482,0.0,968.8535692531482
946.135037,142,213.039528,946.1350370999701,0.0,946.1350370999701
454.916846,124,213.130141,454.91684623180413,0.0,454.91684623180413
192.635516,68,213.18129,192.635515891661,0.0,192.635515891661
964.208798,148,213.287526,964.2087979904247,0.0,964.2087979904247
80.061162,42,213.31933,80.06116176432052,0.0,80.06116176432052
951.456042,146,213.424565,951.4560417171564,0.0,951.4560417171564
408.159866,97,213.495698,408.15986554218944,0.0,408.15986554218944
959.906771,141,213.59655,959.9067714329087,0.0,959.9067714329087
957.488995,151,213.705153,957.4889951789518,0.0,957.4889951789518
1000.289542,153,213.813154,1000.289542122091,0.0,1000.289542122091
998.127315,152,214.47861,998.1273150343956,0.0,998.1273150343956
53.608057,36,214.505942,53.608057021548134,0.0,53.608057021548134
936.481125,141,214.606632,936.4811245127265,0.0,936.4811245127265
929.295326,146,217.943951,929.2953263357429,0.0,929.2953263357429
423.864819,104,218.020891,423.86481852817946,0.0,423.86481852817946
190.791776,66,218.068559,190.79177614815282,0.0,190.79177614815282
227.018476,76,218.124215,227.01847572614875,0.0,227.01847572614875
963.030442,146,218.2301,963.0304415004542,0.0,963.0304415004542
952.166566,144,218.335223,952.166565923987,0.0,952.166565923987
958.585766,144,218.442791,958.5857655363371,0.0,958.5857655363371
216.49276,75,218.496388,216.49275997483392,0.0,216.49275997483392
350.596797,94,218.564489,350.5967973722845,0.0,350.5967973722845
978.454203,146,218.668458,978.4542034766724,0.0,978.4542034766724
57.276222,43,218.701531,57.27622242972626,0.0,57.27622242972626
1003.492435,158,218.818099,1003.4924350777588,0.0,1003.4924350777588
937.177685,138,218.919036,937.1776854750608,0.0,937.1776854750608
975.873564,155,219.032353,975.8735643630584,0.0,975.8735643630584
1000.281665,156,219.144432,1000.2816647985636,0.0,1000.2816647985636
968.003376,143,219.816538,968.0033761369522,0.0,968.0033761369522
992.621739,151,219.926579,992.6217393627221,0.0,992.6217393627221
936.405184,136,220.029773,936.4051836309362,0.0,936.4051836309362
988.841234,159,220.144465,988.8412342767907,0.0,988.8412342767907
930.169191,135,220.241459,930.1691907124273,0.0,930.1691907124273
970.179122,149,220.349867,970.1791221164915,0.0,970.1791221164915
962.793866,148,220.46075,962.7938664165531,0.0,962.7938664165531
929.972911,141,220.564702,929.9729107314504,0.0,929.9729107314504
235.349922,74,220.619351,235.3499221246477,0.0,235.3499221246477
975.677205,152,220.729972,975.6772048033345,0.0,975.6772048033345
330.501706,92,220.798699,330.5017063876993,0.0,330.5017063876993
988.376113,149,220.906915,988.3761129042934,0.0,988.3761129042934
927.968516,135,221.005224,927.9685159995295,0.0,927.9685159995295
960.552758,143,221.111194,960.552757886649,0.0,960.552757886649
978.729745,144,221.215138,978.7297454942844,0.0,978.7297454942844
1002.327723,149,221.940732,1002.3277230589658,0.0,1002.3277230589658
944.91015,142,222.046928,944.9101497533917,0.0,944.9101497533917
937.69139,143,222.150224,937.6913901012077,0.0,937.6913901012077
152.136342,59,222.192519,152.13634172578963,0.0,152.13634172578963
993.722452,152,222.303883,993.7224520109899,0.0,993.7224520109899
955.017288,148,222.409833,955.0172883884026,0.0,955.0172883884026
978.676333,146,222.512821,978.676333093296,0.0,978.676333093296
85.34487,48,222.549077,85.34486979964387,0.0,85.34486979964387
6.571156,29,222.573483,6.571155920537336,0.0,6.571155920537336
947.477364,142,222.674965,947.477363963568,0.0,947.477363963568
957.369893,148,222.781363,957.3698927661239,0.0,957.3698927661239
5.488838,29,222.805407,5.488838290253838,0.0,5.488838290253838
86.880775,43,222.837282,86.8807745617253,0.0,86.8807745617253
77.102427,42,222.868422,77.10242695288743,0.0,77.10242695288743
426.250866,109,222.945213,426.25086611314475,0.0,426.25086611314475
932.48676,136,223.044704,932.48676015281,0.0,932.48676015281
971.875338,145,223.147867,971.875338104842,0.0,971.875338104842
995.366336,144,223.249381,995.3663359386085,0.0,995.3663359386085
999.491267,157,223.923091,999.4912670565382,0.0,999.4912670565382
-41.450588,19,223.938288,-41.450587988296604,0.0,-41.450587988296604
970.06106,145,224.043943,970.0610599806507,0.0,970.0610599806507
964.799322,148,224.15278,964.799321770056,0.0,964.799321770056
932.550756,138,224.254713,932.5507556758441,0.0,932.5507556758441
952.98161,148,224.361236,952.9816099865291,0.0,952.9816099865291
980.854667,148,224.468529,980.8546674426995,0.0,980.8546674426995
954.539429,150,224.577106,954.5394287885757,0.0,954.5394287885757
946.679808,141,224.689775,946.6798080172987,0.0,946.6798080172987
-52.052614,17,224.70294,-52.052613510717805,0.0,-52.052613510717805
916.404716,144,224.808441,916.4047157891891,0.0,916.4047157891891
992.081359,154,224.919654,992.0813589530793,0.0,992.0813589530793
973.076675,147,225.026172,973.076675283729,0.0,973.076675283729
177.764274,66,225.075495,177.76427445770332,0.0,177.76427445770332
954.464582,142,225.177278,954.4645823970492,0.0,954.4645823970492
993.303542,166,225.296374,993.3035417746263,0.0,993.3035417746263
937.032926,141,225.966769,937.0329255531896,0.0,937.0329255531896
961.756445,144,226.070699,961.7564449913951,0.0,961.7564449913951
974.641001,146,226.177366,974.6410010008034,0.0,974.6410010008034
968.393013,142,226.278934,968.3930132085511,0.0,968.3930132085511
410.571011,103,226.355245,410.5710112013577,0.0,410.5710112013577
477.495928,117,226.439961,477.49592791185,0.0,477.49592791185
962.206074,139,226.540109,962.2060737898997,0.0,962.2060737898997
940.595593,146,226.643516,940.5955928186069,0.0,940.5955928186069
974.868594,147,226.749198,974.8685940457374,0.0,974.8685940457374
365.41001,98,226.820182,365.4100104763788,0.0,365.4100104763788
978.767197,148,226.926872,978.7671968003372,0.0,978.7671968003372
255.549675,82,226.98732,255.5496749599648,0.0,255.5496749599648
-24.84102,23,227.005673,-24.84102049500882,0.0,-24.84102049500882
425.587243,102,227.081383,425.58724312141453,0.0,425.58724312141453
965.602059,143,227.184751,965.602058906408,0.0,965.602058906408
1008.45608,161,227.304374,1008.4560799045497,0.0,1008.4560799045497
964.419046,155,227.416047,964.4190456084833,0.0,964.4190456084833
184.393457,75,231.352072,184.39345650040173,0.0,184.39345650040173
52.980689,36,231.378642,52.980689490004124,0.0,52.980689490004124
134.566761,64,231.425277,134.5667608981037,0.0,134.5667608981037
446.018533,106,231.504232,446.0185328870156,0.0,446.0185328870156
958.548151,152,231.616467,958.5481507767577,0.0,958.5481507767577
934.80534,137,231.716905,934.8053402733105,0.0,934.8053402733105
942.791823,141,231.818209,942.7918229803096,0.0,942.7918229803096
953.646737,139,231.91936,953.6467374867731,0.0,953.6467374867731
451.559081,104,231.995242,451.55908068034944,0.0,451.55908068034944
962.010977,155,232.106683,962.0109774090857,0.0,962.0109774090857
929.576324,143,232.212627,929.5763242390868,0.0,929.5763242390868
914.861058,136,232.309855,914.8610583716944,0.0,914.8610583716944
1016.261897,158,232.425013,1016.2618974308716,0.0,1016.2618974308716
948.741743,140,232.52763,948.7417428493787,0.0,948.7417428493787
113.102869,47,232.563072,113.10286878140708,0.0,113.10286878140708
939.315055,138,232.663164,939.3150548351255,0.0,939.3150548351255
963.3893,151,232.771192,963.3893004873418,0.0,963.3893004873418
929.777869,145,233.441657,929.7778692247753,0.0,929.7778692247753
351.648615,89,233.506216,351.64861478479025,0.0,351.64861478479025
951.061394,146,233.610522,951.06139439471,0.0,951.06139439471
993.409874,147,233.717614,993.4098736490153,0.0,993.4098736490153
987.814468,150,233.825617,987.814467876218,0.0,987.814467876218
50.354737,42,233.857471,50.354736513786094,0.0,50.354736513786094
941.584846,150,233.965209,941.5848463403663,0.0,941.5848463403663
402.962898,99,234.039003,402.9628981417354,0.0,402.9628981417354
994.258618,150,234.145509,994.2586177675275,0.0,994.2586177675275
-13.215689,24,234.164787,-13.215689449102882,0.0,-13.215689449102882
983.924744,153,234.276582,983.9247444750894,0.0,983.9247444750894
422.795467,103,234.353078,422.7954673650624,0.0,422.7954673650624
0.285035,26,234.372365,0.2850347571223324,0.0,0.2850347571223324
121.368632,50,234.40949,121.36863235117966,0.0,121.36863235117966
975.453626,149,234.514324,975.4536260425346,0.0,975.4536260425346
55.187493,40,234.544959,55.18749282629304,0.0,55.18749282629304
960.082344,144,234.648564,960.0823437608669,0.0,960.0823437608669
-51.610823,17,234.663305,-51.6108232503484,0.0,-51.6108232503484
-32.682336,20,234.678444,-32.68233601813047,0.0,-32.68233601813047
1000.74105,152,234.789094,1000.7410502337038,0.0,1000.7410502337038
331.322845,94,234.858034,331.3228454252839,0.0,331.3228454252839
974.936094,155,235.534149,974.9360939650408,0.0,974.9360939650408
927.91628,136,235.633638,927.9162795492133,0.0,927.9162795492133
934.755838,139,235.732521,934.75583842208,0.0,934.75583842208
941.418857,142,235.83168,941.4188572243609,0.0,941.4188572243609
959.465139,152,235.943287,959.4651391919056,0.0,959.4651391919056
971.996509,146,236.047488,971.9965086684302,0.0,971.9965086684302
963.607896,152,236.15725,963.6078956479028,0.0,963.6078956479028
959.863064,139,236.257552,959.8630638606865,0.0,959.8630638606865
996.539477,145,236.3597,996.539477201756,0.0,996.539477201756
924.702092,132,236.455797,924.7020915973521,0.0,924.7020915973521
-32.624119,23,236.47625,-32.62411909903071,0.0,-32.62411909903071
988.712529,151,236.58364,988.7125288052785,0.0,988.7125288052785
938.56291,147,236.691515,938.5629098794277,0.0,938.5629098794277
963.447107,143,236.794847,963.4471066593242,0.0,963.4471066593242
928.33674,139,236.894586,928.3367402508264,0.0,928.3367402508264
959.617263,139,237.563742,959.6172630041915,0.0,959.6172630041915
988.920623,148,237.673217,988.9206225575617,0.0,988.9206225575617
942.523572,142,237.777665,942.5235715129731,0.0,942.5235715129731
934.269221,140,237.877469,934.2692210588629,0.0,934.2692210588629
134.758801,49,237.912306,134.75880142095065,0.0,134.75880142095065
158.173513,62,237.959378,158.1735127710652,0.0,158.1735127710652
68.508139,38,237.987698,68.50813913965881,0.0,68.50813913965881
140.254681,56,238.028613,140.25468102816697,0.0,140.25468102816697
922.572202,146,238.136855,922.5722019822628,0.0,922.5722019822628
7.402783,32,238.161183,7.402782598795156,0.0,7.402782598795156
969.307198,140,238.302448,969.3071975808452,0.0,969.3071975808452
994.929174,153,238.416377,994.9291740658857,0.0,994.9291740658857
938.384956,142,238.516817,938.3849561215416,0.0,938.3849561215416
969.180293,145,238.62398,969.1802927252786,0.0,969.1802927252786
984.30634,154,238.736819,984.3063398786476,0.0,984.3063398786476
414.920133,101,238.81031,414.9201329868936,0.0,414.9201329868936
994.241538,154,238.92136,994.2415377504442,0.0,994.2415377504442
73.686854,41,238.952746,73.68685410276869,0.0,73.68685410276869
-55.979813,17,238.967451,-55.979813347623455,0.0,-55.979813347623455
426.593274,103,239.606336,426.5932741590036,0.0,426.5932741590036
993.041034,147,239.71292,993.0410344789592,0.0,993.0410344789592
953.497254,146,239.820247,953.4972544490987,0.0,953.4972544490987
209.297987,70,239.873776,209.29798678101503,0.0,209.29798678101503
992.95978,152,239.982831,992.9597804893347,0.0,992.9597804893347
972.30975,144,240.088865,972.3097501713039,0.0,972.3097501713039
200.937321,78,240.146286,200.9373213465997,0.0,200.9373213465997
1016.133167,150,240.255088,1016.1331669642443,0.0,1016.1331669642443
935.389747,146,240.362105,935.3897472371262,0.0,935.3897472371262
938.689789,138,240.464185,938.6897891053155,0.0,938.6897891053155
972.892467,145,240.572042,972.8924671612839,0.0,972.8924671612839
30.109303,41,240.603513,30.10930349466318,0.0,30.10930349466318
948.608542,140,240.707022,948.608542012696,0.0,948.608542012696
-22.54556,23,240.726856,-22.54555967488544,0.0,-22.54555967488544
127.312607,52,240.764258,127.31260692186953,0.0,127.31260692186953
922.499924,140,240.869963,922.4999239290022,0.0,922.4999239290022
993.382341,146,244.10569,993.3823405792792,0.0,993.3823405792792
945.652692,139,244.205384,945.6526923139045,0.0,945.6526923139045
962.90714,161,244.899019,962.9071403398124,0.0,962.9071403398124
958.898803,144,245.009899,958.8988027687232,0.0,958.8988027687232
968.573557,144,245.112676,968.5735567642043,0.0,968.5735567642043
943.363873,136,245.210392,943.3638727650855,0.0,943.3638727650855
1003.842795,147,245.319229,1003.8427954234627,0.0,1003.8427954234627
144.20587,53,245.357852,144.2058700227244,0.0,144.2058700227244
48.256968,38,245.3874,48.25696829412847,0.0,48.25696829412847
1007.729085,151,245.498209,1007.7290845921349,0.0,1007.7290845921349
-12.778415,24,245.516397,-12.77841545717871,0.0,-12.77841545717871
1001.405241,150,245.625891,1001.4052406246685,0.0,1001.4052406246685
988.224624,152,245.736457,988.2246238170144,0.0,988.2246238170144
932.310237,145,245.843829,932.3102365091233,0.0,932.3102365091233
957.478184,149,245.950827,957.4781843577293,0.0,957.4781843577293
993.507061,148,246.058596,993.5070612178704,0.0,993.5070612178704
403.821828,98,246.132863,403.8218281661507,0.0,403.8218281661507
956.607724,142,246.236973,956.6077243996577,0.0,956.6077243996577
978.795183,150,246.907576,978.7951826188817,0.0,978.7951826188817
971.910349,146,247.010985,971.9103490716566,0.0,971.9103490716566
957.34114,148,247.119553,957.3411401158359,0.0,957.3411401158359
1001.314342,153,247.228888,1001.3143420889139,0.0,1001.3143420889139
990.094605,147,247.335578,990.0946048084274,0.0,990.0946048084274
996.918533,152,247.447447,996.9185330713876,0.0,996.9185330713876
992.93832,156,247.560385,992.9383199655632,0.0,992.9383199655632
112.650948,55,247.599883,112.65094830964736,0.0,112.65094830964736
111.333005,52,247.63988,111.33300455758584,0.0,111.33300455758584
237.608487,80,247.697982,237.60848696290657,0.0,237.60848696290657
967.749546,140,247.800303,967.7495457632324,0.0,967.7495457632324
211.257484,76,247.855945,211.25748445150737,0.0,211.25748445150737
956.219934,139,247.953953,956.2199342069698,0.0,956.2199342069698
959.212662,140,248.056017,959.2126617396317,0.0,959.2126617396317
980.575677,151,248.165936,980.5756771648278,0.0,980.5756771648278
930.069497,137,248.268028,930.0694968115567,0.0,930.0694968115567
291.612679,95,248.338402,291.6126792896929,0.0,291.6126792896929
938.696391,139,249.010009,938.6963914527521,0.0,938.6963914527521
990.809959,148,249.115684,990.8099585447724,0.0,990.8099585447724
140.091035,60,249.161299,140.09103459196524,0.0,140.09103459196524
984.409833,152,249.271791,984.4098328385054,0.0,984.4098328385054
72.774694,41,249.303143,72.77469413397884,0.0,72.77469413397884
994.17187,147,249.411402,994.1718695161518,0.0,994.1718695161518
262.052745,86,249.476096,262.0527451033056,0.0,262.0527451033056
923.383977,144,249.581341,923.3839768484827,0.0,923.3839768484827
961.151699,144,249.688751,961.1516987859778,0.0,961.1516987859778
981.186136,154,249.797974,981.1861361573433,0.0,981.1861361573433
229.242739,73,249.852287,229.24273854064492,0.0,229.24273854064492
84.710669,43,249.883244,84.71066860086158,0.0,84.71066860086158
249.211445,79,249.942264,249.21144492652203,0.0,249.21144492652203
428.560708,109,250.022213,428.5607079662587,0.0,428.5607079662587
929.311077,142,250.124171,929.3110768926598,0.0,929.3110768926598
945.964981,137,250.226146,945.9649813158467,0.0,945.9649813158467
-4.247886,28,250.248797,-4.2478859555562565,0.0,-4.2478859555562565
326.43105,88,250.314883,326.4310500320239,0.0,326.4310500320239
387.657816,102,250.39313,387.6578162273129,0.0,387.6578162273129
2.120821,26,250.413797,2.120820935096816,0.0,2.120820935096816
968.231201,148,251.088298,968.2312013610049,0.0,968.2312013610049
968.503544,148,251.195584,968.503543526778,0.0,968.503543526778
36.556771,33,251.221474,36.5567714468264,0.0,36.5567714468264
908.901934,134,251.317247,908.9019338339529,0.0,908.9019338339529
96.875571,45,251.350673,96.87557120292456,0.0,96.87557120292456
5.135692,29,251.373,5.135692301096739,0.0,5.135692301096739
410.858948,99,251.445861,410.85894828149094,0.0,410.85894828149094
1015.676725,152,251.557789,1015.6767249664927,0.0,1015.6767249664927
64.671565,40,251.588044,64.6715645060591,0.0,64.6715645060591
94.351084,43,251.620961,94.35108368096927,0.0,94.35108368096927
145.163421,58,251.664905,145.1634206845613,0.0,145.1634206845613
981.339819,153,251.776345,981.3398187506086,0.0,981.3398187506086
936.102214,140,251.876645,936.1022144828897,0.0,936.1022144828897
936.668534,146,251.983202,936.6685337722843,0.0,936.6685337722843
171.562754,62,252.029309,171.5627536587789,0.0,171.5627536587789
122.582499,50,252.068779,122.58249857852516,0.0,122.58249857852516
952.076101,148,252.177446,952.0761012612929,0.0,952.0761012612929
14.431391,32,252.201512,14.431391493565172,0.0,14.431391493565172
127.923477,57,252.244017,127.92347656997487,0.0,127.92347656997487
949.861016,147,252.351357,949.861015600556,0.0,949.861015600556
431.049875,104,252.427796,431.04987480650243,0.0,431.04987480650243
978.308488,146,253.096006,978.3084876562694,0.0,978.3084876562694
944.320899,139,253.197838,944.3208986850806,0.0,944.3208986850806
985.044873,149,253.30577,985.0448726837021,0.0,985.0448726837021
-55.2064,16,253.319443,-55.20640011693903,0.0,-55.20640011693903
979.267908,147,253.425671,979.267908494724,0.0,979.267908494724
284.895097,92,253.49547,284.89509650558216,0.0,284.89509650558216
158.577402,63,253.540921,158.5774019879296,0.0,158.5774019879296
1002.686229,146,253.64854,1002.6862293715853,0.0,1002.6862293715853
-42.508493,19,253.663651,-42.508492822850116,0.0,-42.508492822850116
989.043694,143,253.767807,989.0436944916537,0.0,989.0436944916537
999.541054,150,253.874405,999.5410542996707,0.0,999.5410542996707
349.151599,97,253.9459,349.15159920900714,0.0,349.15159920900714
113.84076,57,253.988034,113.840759634534,0.0,113.840759634534
967.440913,149,254.094068,967.440912878717,0.0,967.440912878717
62.994308,37,254.121309,62.994308049950675,0.0,62.994308049950675
250.304506,79,254.179009,250.30450621244321,0.0,250.30450621244321
231.878417,78,257.452274,231.87841670068062,0.0,231.87841670068062
1005.061061,148,257.562111,1005.0610607011254,0.0,1005.0610607011254
951.43589,140,257.665745,951.4358901716836,0.0,951.4358901716836
964.70684,150,257.775017,964.7068396626998,0.0,964.7068396626998
1018.101813,153,258.459887,1018.1018129121423,0.0,1018.1018129121423
947.994422,145,258.565164,947.9944220588683,0.0,947.9944220588683
985.125996,151,258.673733,985.1259958799619,0.0,985.1259958799619
971.705768,152,258.783939,971.7057678039218,0.0,971.7057678039218
968.802095,158,258.900344,968.8020950116717,0.0,968.8020950116717
201.214498,77,258.954862,201.2144984673487,0.0,201.2144984673487
970.460133,146,259.061183,970.4601329861343,0.0,970.4601329861343
950.085418,143,259.164262,950.0854176944154,0.0,950.0854176944154
971.716395,151,259.274439,971.7163954837876,0.0,971.7163954837876
183.715654,69,259.323819,183.71565414504656,0.0,183.71565414504656
1006.592454,157,259.437318,1006.5924535253232,0.0,1006.5924535253232
1003.187377,160,259.553568,1003.1873769847642,0.0,1003.1873769847642
959.83899,145,259.657629,959.8389896783796,0.0,959.8389896783796
1007.020405,151,259.76855,1007.0204049497586,0.0,1007.0204049497586
102.014395,53,259.809091,102.01439457166487,0.0,102.01439457166487
-7.595162,27,259.829876,-7.595161736304192,0.0,-7.595161736304192
156.375976,60,260.436584,156.375975555318,0.0,156.375975555318
134.2916,51,260.474519,134.2916000504701,0.0,134.2916000504701
95.256008,52,260.513999,95.25600788827704,0.0,95.25600788827704
971.390347,143,260.620388,971.3903471765668,0.0,971.3903471765668
1014.034263,150,260.72973,1014.0342633767289,0.0,1014.0342633767289
1001.171972,150,260.840642,1001.1719721243692,0.0,1001.1719721243692
944.292201,144,260.944721,944.2922012619906,0.0,944.2922012619906
932.881857,137,261.044981,932.8818570480563,0.0,932.8818570480563
52.524765,53,261.082971,52.524764895494144,0.0,52.524764895494144
11.060542,28,261.105713,11.060542194721748,0.0,11.060542194721748
998.639173,156,261.221258,998.6391732254576,0.0,998.6391732254576
999.744273,150,261.331922,999.7442728158437,0.0,999.7442728158437
985.096223,149,261.441816,985.0962228913605,0.0,985.0962228913605
392.711197,104,261.518541,392.7111971953636,0.0,392.7111971953636
987.953764,147,261.624139,987.9537640274553,0.0,987.9537640274553
973.597625,150,261.736116,973.5976247010296,0.0,973.5976247010296
925.49779,136,261.836994,925.4977903279098,0.0,925.4977903279098
985.725949,148,262.507921,985.7259487296236,0.0,985.7259487296236
975.521385,140,262.608254,975.5213852190255,0.0,975.5213852190255
992.207108,150,262.717867,992.2071084794246,0.0,992.2071084794246
958.52008,138,262.818994,958.5200797817135,0.0,958.5200797817135
123.568432,51,262.855945,123.56843165453174,0.0,123.56843165453174
993.142543,150,262.964834,993.142542990824,0.0,993.142542990824
940.544367,145,263.071753,940.5443667569969,0.0,940.5443667569969
2.378309,29,263.094463,2.378308575994936,0.0,2.378308575994936
1023.310011,151,263.203855,1023.3100105605474,0.0,1023.3100105605474
121.664831,55,263.244547,121.66483115688402,0.0,121.66483115688402
284.792033,92,263.312175,284.79203326324426,0.0,284.79203326324426
135.592608,61,263.357312,135.59260754678675,0.0,135.59260754678675
990.192183,152,263.468552,990.1921828531557,0.0,990.1921828531557
990.83754,145,263.572257,990.8375397060868,0.0,990.8375397060868
-26.209912,21,263.588486,-26.209912051909384,0.0,-26.209912051909384
960.372427,144,263.693067,960.372426663268,0.0,960.372426663268
978.290104,146,263.801139,978.2901040756606,0.0,978.2901040756606
946.594148,145,263.904449,946.5941480513989,0.0,946.5941480513989
204.671267,76,263.959903,204.67126687093668,0.0,204.67126687093668
0.880378,26,264.539815,0.8803779198000399,0.0,0.8803779198000399
1006.556972,197,264.682207,1006.5569716545484,0.0,1006.5569716545484
983.105302,149,264.791603,983.1053019829385,0.0,983.1053019829385
957.830043,144,264.896488,957.830042819032,0.0,957.830042819032
948.820933,143,265.002501,948.8209328370385,0.0,948.8209328370385
986.487326,144,265.108445,986.4873258650363,0.0,986.4873258650363
81.267906,46,265.142871,81.26790565659232,0.0,81.26790565659232
950.047688,146,265.248711,950.047687829167,0.0,950.047687829167
975.901314,149,265.356001,975.9013141378763,0.0,975.9013141378763
126.042887,57,265.397388,126.04288714007711,0.0,126.04288714007711
978.302898,147,265.504101,978.3028984292146,0.0,978.3028984292146
342.369727,93,265.570464,342.36972653470934,0.0,342.36972653470934
1009.559835,149,265.67485,1009.5598350747744,0.0,1009.5598350747744
959.787635,146,265.782455,959.7876345045137,0.0,959.7876345045137
966.846209,145,265.887824,966.8462088537119,0.0,966.8462088537119
118.46579,59,265.930679,118.4657897626075,0.0,118.4657897626075
980.977249,144,266.596224,980.9772492343808,0.0,980.9772492343808
957.460319,140,266.696424,957.4603191421402,0.0,957.4603191421402
167.355035,63,266.743312,167.35503522969293,0.0,167.35503522969293
965.838901,138,266.844602,965.8389013451227,0.0,965.8389013451227
1003.984355,149,266.951281,1003.9843548663636,0.0,1003.9843548663636
962.477378,141,267.055442,962.4773778868503,0.0,962.4773778868503
1007.700832,153,267.165019,1007.7008316329357,0.0,1007.7008316329357
971.608291,151,267.27411,971.6082911876908,0.0,971.6082911876908
988.343306,148,267.382098,988.3433062155751,0.0,988.3433062155751
949.375151,143,267.487598,949.3751511369766,0.0,949.3751511369766
963.209213,144,270.858511,963.2092131242514,0.0,963.2092131242514
123.086648,50,270.8956,123.08664828667781,0.0,123.08664828667781
101.435595,44,270.928554,101.43559538645648,0.0,101.43559538645648
1006.305372,148,271.036152,1006.3053723196057,0.0,1006.3053723196057
353.624156,93,271.105938,353.62415558096905,0.0,353.62415558096905
996.035408,150,271.215733,996.0354075288112,0.0,996.0354075288112
9.79853,29,271.238537,9.79853010327895,0.0,9.79853010327895
81.239741,42,271.270449,81.23974100211046,0.0,81.23974100211046
