#{"t_start": 1789400438.804409, "env_id": "None"}
r,l,t,episode_base_return,episode_risk_return,episode_training_return
25.90844,499,1.159608,25.90843982425129,0.0,25.90843982425129
-271.994125,288,1.365586,-271.9941249674737,0.0,-271.9941249674737
-231.602309,182,1.496119,-231.60230864788673,0.0,-231.60230864788673
-206.107508,275,1.695012,-206.10750778748672,0.0,-206.10750778748672
-235.361315,565,2.087915,-235.36131533788688,0.0,-235.36131533788688
-25.671406,43,2.122254,-25.671405729772772,0.0,-25.671405729772772
122.055544,102,2.197519,122.05554438858631,0.0,122.05554438858631
-41.83135,432,3.058402,-41.83134986822634,0.0,-41.83134986822634
197.083502,152,3.165986,197.08350158263858,0.0,197.08350158263858
133.845731,380,3.443006,133.84573130894347,0.0,133.84573130894347
191.560069,369,3.708131,191.560068587765,0.0,191.560068587765
971.086442,343,3.954091,971.0864421124454,0.0,971.0864421124454
602.026946,600,4.94851,602.0269455785677,0.0,602.0269455785677
321.88327,600,5.371021,321.8832699238957,0.0,321.8832699238957
940.435598,329,5.601874,940.4355982403042,0.0,940.4355982403042
456.346041,528,5.97981,456.3460412905483,0.0,456.3460412905483
312.484117,268,6.171315,312.484117126358,0.0,312.484117126358
371.562311,188,6.309594,371.5623111985804,0.0,371.5623111985804
345.325517,236,7.03742,345.3255171393852,0.0,345.3255171393852
630.380149,600,7.470999,630.3801493086632,0.0,630.3801493086632
448.943471,299,7.687429,448.94347051073316,0.0,448.94347051073316
541.086501,600,8.11512,541.0865009611543,0.0,541.0865009611543
181.586563,117,8.200425,181.58656273378492,0.0,181.58656273378492
-17.208336,37,8.22923,-17.20833611095715,0.0,-17.20833611095715
242.863765,173,8.911099,242.86376541508307,0.0,242.86376541508307
401.318352,160,9.024038,401.3183515504792,0.0,401.3183515504792
451.956614,285,9.229287,451.9566143082857,0.0,451.9566143082857
381.710515,229,9.391911,381.71051450891355,0.0,381.71051450891355
164.547311,89,9.456777,164.54731133696316,0.0,164.54731133696316
963.735498,273,9.647765,963.7354984879646,0.0,963.7354984879646
394.309743,199,9.787973,394.30974323381304,0.0,394.30974323381304
661.257552,600,13.696856,661.2575516793942,0.0,661.2575516793942
971.378032,380,14.529759,971.3780322464795,0.0,971.3780322464795
102.926569,65,14.577852,102.9265685005842,0.0,102.9265685005842
100.5003,61,14.621678,100.50029982694939,0.0,100.50029982694939
57.125465,61,14.666555,57.125465058860755,0.0,57.125465058860755
-24.479561,29,14.688685,-24.479561075109373,0.0,-24.479561075109373
983.209966,264,14.876263,983.2099664106327,0.0,983.2099664106327
452.516073,291,15.084083,452.5160729014589,0.0,452.5160729014589
246.58407,121,15.174935,246.5840696154201,0.0,246.5840696154201
385.476377,147,15.279835,385.4763768048818,0.0,385.4763768048818
27.674163,77,15.338564,27.674162741643556,0.0,27.674162741643556
924.666024,504,15.69943,924.66602355806,0.0,924.66602355806
347.518122,149,15.807672,347.51812170965195,0.0,347.51812170965195
372.944328,162,16.484151,372.9443283472484,0.0,372.9443283472484
957.238248,230,16.647778,957.2382478729212,0.0,957.2382478729212
48.82608,62,16.693843,48.82608005022891,0.0,48.82608005022891
330.674156,157,16.80742,330.6741562126832,0.0,330.6741562126832
361.634837,166,16.928785,361.63483749215663,0.0,361.63483749215663
992.743826,354,17.179888,992.743825907484,0.0,992.743825907484
555.331891,227,17.340196,555.3318905024178,0.0,555.3318905024178
579.181687,294,17.54849,579.1816874088084,0.0,579.1816874088084
-0.51065,34,17.574837,-0.5106496379061696,0.0,-0.5106496379061696
957.733776,582,18.543208,957.7337757159363,0.0,957.7337757159363
63.729168,53,18.582634,63.72916782398002,0.0,63.72916782398002
55.204035,50,18.620022,55.20403533598689,0.0,55.20403533598689
-8.291138,25,18.639831,-8.29113798423505,0.0,-8.29113798423505
74.247984,54,18.680991,74.24798418592007,0.0,74.24798418592007
953.003991,242,18.85714,953.0039905264089,0.0,953.0039905264089
-50.366961,21,18.873299,-50.36696077316441,0.0,-50.36696077316441
404.870754,137,18.973521,404.87075405543646,0.0,404.87075405543646
416.889877,145,19.079144,416.8898767566091,0.0,416.8898767566091
182.004327,103,19.154477,182.00432662277817,0.0,182.00432662277817
104.117878,66,19.203714,104.11787790245717,0.0,104.11787790245717
958.301519,325,19.436572,958.3015192452322,0.0,958.3015192452322
946.328847,229,19.600039,946.3288473643963,0.0,946.3288473643963
970.632294,265,19.788468,970.6322943606468,0.0,970.6322943606468
962.37582,237,20.516334,962.375819719613,0.0,962.375819719613
971.904378,309,20.735915,971.9043776450326,0.0,971.9043776450326
961.153926,246,20.910214,961.1539259327901,0.0,961.1539259327901
980.326911,250,21.087792,980.3269110334431,0.0,980.3269110334431
934.354937,249,21.267724,934.3549374353847,0.0,934.3549374353847
-43.169376,28,21.288957,-43.169375840850236,0.0,-43.169375840850236
908.428451,343,21.528361,908.4284512707372,0.0,908.4284512707372
925.510442,257,21.711325,925.5104415368984,0.0,925.5104415368984
104.770966,73,21.763894,104.77096630316264,0.0,104.77096630316264
996.153562,262,21.952834,996.1535615797693,0.0,996.1535615797693
373.03636,127,22.604712,373.03636006440286,0.0,373.03636006440286
445.226231,156,22.716122,445.2262310392267,0.0,445.2262310392267
101.49689,72,22.767625,101.49688964288423,0.0,101.49688964288423
939.609326,346,23.01841,939.6093261191037,0.0,939.6093261191037
154.355998,76,23.074382,154.3559978659912,0.0,154.3559978659912
297.502341,115,23.158203,297.50234092158604,0.0,297.50234092158604
247.542066,111,23.237365,247.54206569002537,0.0,247.54206569002537
358.379074,161,23.354569,358.37907403887147,0.0,358.37907403887147
415.782241,146,23.457895,415.7822405549132,0.0,415.7822405549132
149.521987,82,23.519651,149.52198738113603,0.0,149.52198738113603
381.509562,177,23.645479,381.50956219862724,0.0,381.50956219862724
988.7812,299,26.878249,988.7811998754144,0.0,988.7811998754144
103.073622,68,26.926914,103.07362175199933,0.0,103.07362175199933
204.883562,94,26.994801,204.88356222863283,0.0,204.88356222863283
998.630032,234,27.716512,998.6300319773221,0.0,998.6300319773221
591.895326,374,27.984734,591.8953260806479,0.0,591.8953260806479
934.62809,234,28.152748,934.6280897845351,0.0,934.6280897845351
976.951423,203,28.294527,976.9514226212007,0.0,976.9514226212007
1010.461093,264,28.483835,1010.4610928681898,0.0,1010.4610928681898
-33.344971,27,28.503735,-33.34497091512307,0.0,-33.34497091512307
978.362816,257,28.687147,978.3628160708299,0.0,978.3628160708299
362.484081,162,28.801911,362.48408080306183,0.0,362.48408080306183
943.901794,355,29.630558,943.9017942170154,0.0,943.9017942170154
214.910269,106,29.726676,214.91026919914816,0.0,214.91026919914816
-19.744134,33,29.750823,-19.74413431402496,0.0,-19.74413431402496
80.496822,52,29.788263,80.49682222691655,0.0,80.49682222691655
-6.61821,35,29.813802,-6.618210291156657,0.0,-6.618210291156657
116.698084,55,29.853484,116.69808436727168,0.0,116.69808436727168
-49.725714,21,29.869729,-49.725714436799734,0.0,-49.725714436799734
215.888683,115,29.953781,215.88868325881413,0.0,215.88868325881413
943.620608,237,30.120604,943.6206081212335,0.0,943.6206081212335
-19.717055,27,30.141747,-19.717054918504274,0.0,-19.717054918504274
945.121131,245,30.316528,945.1211312894033,0.0,945.1211312894033
-41.251116,21,30.333576,-41.251116387271125,0.0,-41.251116387271125
280.788819,109,30.412601,280.7888186136062,0.0,280.7888186136062
389.902901,128,30.503699,389.9029007242742,0.0,389.9029007242742
-48.355852,25,30.524543,-48.355852321469484,0.0,-48.355852321469484
915.157372,181,30.653406,915.1573717258912,0.0,915.1573717258912
49.407082,57,30.695733,49.40708183823733,0.0,49.40708183823733
59.407722,44,30.727953,59.40772249250918,0.0,59.40772249250918
286.862518,124,30.815638,286.86251773451727,0.0,286.86251773451727
102.968988,55,30.855984,102.96898810999075,0.0,102.96898810999075
98.96824,53,30.89442,98.96824001861083,0.0,98.96824001861083
410.90163,141,30.994089,410.90162964738215,0.0,410.90162964738215
920.166881,236,31.724312,920.1668805826996,0.0,920.1668805826996
97.648587,51,31.760672,97.6485868215539,0.0,97.6485868215539
-7.559732,28,31.783046,-7.559732231600222,0.0,-7.559732231600222
921.927352,217,31.936396,921.9273517116084,0.0,921.9273517116084
-28.91602,25,31.95568,-28.916020497349592,0.0,-28.916020497349592
201.997706,88,32.020024,201.99770640894204,0.0,201.99770640894204
98.206449,48,32.055219,98.20644920187428,0.0,98.20644920187428
170.943142,78,32.110544,170.94314212554332,0.0,170.94314212554332
939.79579,242,32.294894,939.7957903157244,0.0,939.7957903157244
184.816461,84,32.357676,184.81646059594357,0.0,184.81646059594357
950.881328,240,32.528664,950.8813278196136,0.0,950.8813278196136
930.098665,221,32.689813,930.0986653647249,0.0,930.0986653647249
211.770377,96,32.759547,211.7703767831529,0.0,211.7703767831529
327.103226,106,32.836432,327.1032260007965,0.0,327.1032260007965
962.554659,206,32.98375,962.55465894764,0.0,962.55465894764
63.330512,48,33.019232,63.33051221049743,0.0,63.33051221049743
969.026021,268,33.764802,969.026021433793,0.0,969.026021433793
94.323527,55,33.804241,94.32352717302669,0.0,94.32352717302669
71.718904,50,33.839054,71.71890425435726,0.0,71.71890425435726
54.92354,53,33.879656,54.92354020631825,0.0,54.92354020631825
991.213162,210,34.028239,991.2131621445169,0.0,991.2131621445169
403.681839,165,34.14704,403.6818392704464,0.0,403.6818392704464
328.047629,125,34.237723,328.0476293674284,0.0,328.0476293674284
112.070802,55,34.279623,112.07080209281916,0.0,112.07080209281916
-14.748004,31,34.304894,-14.748003699726837,0.0,-14.748003699726837
95.371954,62,34.347373,95.37195378692552,0.0,95.37195378692552
977.774202,207,34.497425,977.774201812279,0.0,977.774201812279
972.408014,232,34.663375,972.4080139819077,0.0,972.4080139819077
129.959328,72,34.715325,129.95932786566044,0.0,129.95932786566044
116.13926,74,34.770828,116.13925984109642,0.0,116.13925984109642
100.87424,58,34.81326,100.87423974279653,0.0,100.87423974279653
398.16226,126,34.90284,398.16225987887094,0.0,398.16225987887094
985.646652,197,35.041404,985.6466520286491,0.0,985.6466520286491
163.06061,82,35.098455,163.06060963654846,0.0,163.06060963654846
179.766005,84,35.155779,179.7660053278137,0.0,179.7660053278137
-17.446644,28,35.742199,-17.44664366758792,0.0,-17.44664366758792
8.123482,34,35.767813,8.123481696214483,0.0,8.123481696214483
0.057846,44,35.799602,0.057846197304598945,0.0,0.057846197304598945
25.205889,45,35.834087,25.205889491401166,0.0,25.205889491401166
968.264246,249,36.008595,968.2642464831297,0.0,968.2642464831297
914.199135,238,36.178307,914.1991349848772,0.0,914.1991349848772
956.179747,227,36.340122,956.1797467726124,0.0,956.1797467726124
956.55252,272,36.531423,956.5525201485124,0.0,956.5525201485124
93.199937,72,36.584296,93.19993728096757,0.0,93.19993728096757
939.059847,303,39.965072,939.0598468946926,0.0,939.0598468946926
662.608837,232,40.130174,662.6088366498624,0.0,662.6088366498624
281.320247,151,40.23703,281.3202466857166,0.0,281.3202466857166
91.804263,59,40.28095,91.80426268273918,0.0,91.80426268273918
969.821494,214,40.990238,969.8214935144613,0.0,969.8214935144613
927.761563,246,41.166101,927.76156260992,0.0,927.76156260992
992.952367,253,41.349236,992.9523669924218,0.0,992.9523669924218
-42.984305,19,41.363563,-42.98430462859456,0.0,-42.98430462859456
108.315312,61,41.408477,108.31531181987067,0.0,108.31531181987067
86.938273,52,41.446012,86.93827265042555,0.0,86.93827265042555
592.917153,238,41.615568,592.9171533021649,0.0,592.9171533021649
131.405256,71,41.668386,131.40525642683417,0.0,131.40525642683417
80.582173,70,41.720374,80.58217302615637,0.0,80.58217302615637
109.126448,66,41.768652,109.12644837212852,0.0,109.12644837212852
957.589004,209,41.912862,957.5890044920694,0.0,957.5890044920694
972.765721,270,42.107179,972.7657214699072,0.0,972.7657214699072
85.75648,50,42.145572,85.75647970481687,0.0,85.75647970481687
348.650586,144,42.246307,348.65058550411237,0.0,348.65058550411237
885.362142,190,42.382109,885.362141936852,0.0,885.362141936852
-38.843383,23,42.958261,-38.84338303028595,0.0,-38.84338303028595
105.691121,56,42.998354,105.69112118974815,0.0,105.69112118974815
993.072397,190,43.133279,993.0723972908087,0.0,993.0723972908087
-39.901374,25,43.153532,-39.901373779514685,0.0,-39.901373779514685
97.06636,57,43.193714,97.06635981820747,0.0,97.06635981820747
945.12941,219,43.34674,945.1294102486289,0.0,945.1294102486289
371.310846,139,43.444392,371.31084591070305,0.0,371.31084591070305
207.990655,90,43.509977,207.99065497519555,0.0,207.99065497519555
384.051182,146,43.614343,384.05118194899,0.0,384.05118194899
424.240603,156,43.724973,424.2406033154747,0.0,424.2406033154747
965.627912,187,43.857727,965.6279119933428,0.0,965.6279119933428
-30.578609,24,43.876894,-30.57860926899498,0.0,-30.57860926899498
937.384493,190,44.012249,937.3844925508067,0.0,937.3844925508067
209.578214,86,44.075454,209.5782141493488,0.0,209.5782141493488
220.335472,100,44.147506,220.33547204411863,0.0,220.33547204411863
82.17311,57,44.190988,82.1731104046005,0.0,82.1731104046005
960.752324,224,44.347913,960.7523240619189,0.0,960.7523240619189
120.732082,57,44.38988,120.7320820867557,0.0,120.7320820867557
93.821101,57,44.997188,93.82110064181467,0.0,93.82110064181467
108.781171,64,45.042117,108.78117128326325,0.0,108.78117128326325
933.188282,201,45.184499,933.1882821771501,0.0,933.1882821771501
978.611751,195,45.323847,978.6117512238266,0.0,978.6117512238266
965.485283,190,45.458625,965.4852828059503,0.0,965.4852828059503
384.839081,119,45.54267,384.83908106811396,0.0,384.83908106811396
389.479575,110,45.622817,389.4795745583833,0.0,389.4795745583833
928.488628,178,45.751305,928.4886284980214,0.0,928.4886284980214
110.02182,61,45.800054,110.02181987982559,0.0,110.02181987982559
942.568213,306,46.019898,942.5682132478628,0.0,942.5682132478628
124.812059,64,46.064676,124.8120591694568,0.0,124.8120591694568
279.983188,102,46.13947,279.98318775211663,0.0,279.98318775211663
976.995723,225,46.298172,976.9957230001294,0.0,976.9957230001294
979.882422,198,46.439924,979.8824217730571,0.0,979.8824217730571
1.935542,31,47.084135,1.9355422435787943,0.0,1.9355422435787943
351.442323,121,47.172645,351.4423228656717,0.0,351.4423228656717
48.462329,37,47.200133,48.462329231240815,0.0,48.462329231240815
956.104977,180,47.330966,956.1049771322314,0.0,956.1049771322314
372.346661,126,47.420942,372.34666131713925,0.0,372.34666131713925
963.364155,260,47.606113,963.3641546979694,0.0,963.3641546979694
946.547563,212,47.759279,946.547563414946,0.0,946.547563414946
199.080397,78,47.817122,199.0803972113149,0.0,199.0803972113149
130.114472,69,47.866743,130.114471863944,0.0,130.114471863944
976.720466,207,48.013777,976.7204661678632,0.0,976.7204661678632
909.219325,172,48.137096,909.2193252339413,0.0,909.2193252339413
278.006433,95,48.206242,278.00643265332275,0.0,278.00643265332275
960.704709,166,48.325163,960.7047094653672,0.0,960.7047094653672
956.552547,162,48.439973,956.5525468649131,0.0,956.5525468649131
962.653582,202,49.140882,962.6535821392335,0.0,962.6535821392335
92.386355,44,49.173815,92.38635534173564,0.0,92.38635534173564
984.535678,194,49.31087,984.5356775453708,0.0,984.5356775453708
386.174952,109,49.388274,386.17495229430784,0.0,386.17495229430784
63.629963,42,49.420364,63.629962740754124,0.0,63.629962740754124
60.977416,47,49.455024,60.97741586176366,0.0,60.97741586176366
74.146224,42,49.48546,74.14622397629728,0.0,74.14622397629728
980.450277,179,49.610636,980.4502767866452,0.0,980.4502767866452
354.157983,121,49.697461,354.15798308590286,0.0,354.15798308590286
937.568124,174,49.822483,937.5681236384772,0.0,937.5681236384772
961.644019,181,52.686251,961.6440194878435,0.0,961.6440194878435
934.069833,188,52.820209,934.0698331419521,0.0,934.0698331419521
1001.822659,190,52.95351,1001.8226593452769,0.0,1001.8226593452769
921.839354,185,53.084391,921.8393544937387,0.0,921.8393544937387
987.030492,207,53.231912,987.0304921461021,0.0,987.0304921461021
959.225422,191,53.926183,959.2254221480272,0.0,959.2254221480272
985.860095,166,54.041173,985.8600947587636,0.0,985.8600947587636
257.839289,87,54.105854,257.8392885817889,0.0,257.8392885817889
993.1832,184,54.23718,993.1832001783872,0.0,993.1832001783872
1000.187775,186,54.367556,1000.1877753742017,0.0,1000.1877753742017
970.567657,175,54.491053,970.5676573778123,0.0,970.5676573778123
51.07538,42,54.52128,51.0753804005863,0.0,51.0753804005863
-19.559969,25,54.541079,-19.559968782653115,0.0,-19.559968782653115
941.952081,172,54.663542,941.9520805216282,0.0,941.9520805216282
319.334202,130,54.757403,319.3342021709353,0.0,319.3342021709353
993.968173,177,54.88678,993.9681730288495,0.0,993.9681730288495
971.454811,180,55.016953,971.4548108620567,0.0,971.4548108620567
925.470415,160,55.132132,925.4704148473895,0.0,925.4704148473895
218.102197,85,55.191836,218.10219729756767,0.0,218.10219729756767
135.589263,61,55.237459,135.58926297082314,0.0,135.58926297082314
-36.795589,21,55.255348,-36.79558879147855,0.0,-36.79558879147855
1.81377,27,55.274573,1.8137696325037922,0.0,1.8137696325037922
993.798195,182,55.963813,993.798194530894,0.0,993.798194530894
335.833872,90,56.029343,335.83387182927555,0.0,335.83387182927555
1012.513298,185,56.162738,1012.5132982972749,0.0,1012.5132982972749
955.468352,173,56.286721,955.468351715929,0.0,955.468351715929
173.481817,75,56.341336,173.481816596403,0.0,173.481816596403
77.990797,44,56.374583,77.99079703715557,0.0,77.99079703715557
953.3914,163,56.490811,953.3914002204739,0.0,953.3914002204739
72.371279,51,56.528149,72.3712790328328,0.0,72.3712790328328
958.639819,181,56.658562,958.6398192058366,0.0,958.6398192058366
410.206605,117,56.740874,410.2066054280548,0.0,410.2066054280548
938.250745,157,56.854102,938.2507447003798,0.0,938.2507447003798
165.236968,65,56.900528,165.2369682630265,0.0,165.2369682630265
-4.826315,31,56.924182,-4.826315324228972,0.0,-4.826315324228972
-35.366444,23,56.940825,-35.36644427825439,0.0,-35.36644427825439
1000.523907,175,57.064476,1000.5239067772991,0.0,1000.5239067772991
212.781648,74,57.119073,212.78164802964753,0.0,212.78164802964753
938.620942,168,57.239339,938.620942231699,0.0,938.620942231699
144.511332,67,57.290956,144.5113316400764,0.0,144.5113316400764
75.74313,48,57.32649,75.74313016491587,0.0,75.74313016491587
994.60018,194,58.025974,994.6001804535433,0.0,994.6001804535433
-5.101373,26,58.045242,-5.101372821682034,0.0,-5.101372821682034
908.996124,167,58.16387,908.9961238558739,0.0,908.9961238558739
975.124146,158,58.279576,975.1241457828153,0.0,975.1241457828153
976.124568,169,58.400998,976.1245682664661,0.0,976.1245682664661
921.798303,162,58.518101,921.798302812953,0.0,921.798302812953
973.587216,153,58.629562,973.5872163953466,0.0,973.5872163953466
217.174053,77,58.686834,217.17405349560886,0.0,217.17405349560886
977.758905,166,58.803595,977.7589054518564,0.0,977.7589054518564
219.340052,75,58.858732,219.3400524932189,0.0,219.3400524932189
116.634544,59,58.900988,116.63454432776533,0.0,116.63454432776533
66.425347,46,58.935906,66.425347083187,0.0,66.425347083187
1015.944066,169,59.058156,1015.9440662609317,0.0,1015.9440662609317
-52.791174,18,59.071779,-52.7911742519279,0.0,-52.7911742519279
45.915955,42,59.102937,45.91595463425057,0.0,45.91595463425057
993.996981,158,59.215482,993.9969810351815,0.0,993.9969810351815
938.487335,166,59.332052,938.4873345938793,0.0,938.4873345938793
992.920314,185,60.030095,992.9203136918643,0.0,992.9203136918643
334.256077,129,60.122787,334.25607702021307,0.0,334.25607702021307
421.241621,107,60.203489,421.2416212991784,0.0,421.2416212991784
57.176731,39,60.231076,57.17673086107983,0.0,57.17673086107983
423.247839,125,60.322455,423.24783914012465,0.0,423.24783914012465
968.198704,224,60.482229,968.1987042231992,0.0,968.1987042231992
950.926112,169,60.604428,950.9261122121322,0.0,950.9261122121322
121.146222,60,60.647527,121.14622244000091,0.0,121.14622244000091
234.828925,86,60.712419,234.8289248550534,0.0,234.8289248550534
914.988718,164,60.828716,914.9887183176434,0.0,914.9887183176434
362.696452,108,60.905324,362.6964524833058,0.0,362.6964524833058
978.892357,175,61.030503,978.8923572660004,0.0,978.8923572660004
979.842902,180,61.159639,979.8429019108561,0.0,979.8429019108561
-18.27108,26,61.18083,-18.27108043072282,0.0,-18.27108043072282
101.272559,48,61.215425,101.27255936361587,0.0,101.27255936361587
966.77929,165,61.335757,966.7792895284736,0.0,966.7792895284736
197.621214,73,61.390903,197.6212135286702,0.0,197.6212135286702
332.664785,116,62.036635,332.66478535121854,0.0,332.66478535121854
20.243674,32,62.058905,20.24367426226442,0.0,20.24367426226442
140.1606,58,62.103698,140.16059969052782,0.0,140.16059969052782
928.280519,165,62.222735,928.2805193726836,0.0,928.2805193726836
212.273793,78,62.279447,212.27379323893538,0.0,212.27379323893538
1003.198446,177,62.404167,1003.1984459337107,0.0,1003.1984459337107
-2.112247,28,62.426877,-2.1122471205226248,0.0,-2.1122471205226248
947.26639,161,62.54061,947.2663901922565,0.0,947.2663901922565
110.743309,55,62.580387,110.74330932493856,0.0,110.74330932493856
228.255767,92,65.511882,228.25576676066646,0.0,228.25576676066646
956.187775,176,65.634307,956.1877749197618,0.0,956.1877749197618
-36.287973,22,65.650141,-36.287973137508445,0.0,-36.287973137508445
935.483666,168,65.769569,935.4836656416653,0.0,935.4836656416653
161.694849,68,65.817318,161.69484911423518,0.0,161.69484911423518
58.850642,40,65.847322,58.850641959710146,0.0,58.850641959710146
-18.92055,24,65.864452,-18.920549636415558,0.0,-18.920549636415558
-22.880196,28,65.887565,-22.88019573317696,0.0,-22.88019573317696
424.560704,117,65.970956,424.56070351102926,0.0,424.56070351102926
1007.971425,170,66.093004,1007.9714252235392,0.0,1007.9714252235392
361.924454,116,66.176376,361.92445389979497,0.0,361.92445389979497
433.04663,115,66.259511,433.04663007195114,0.0,433.04663007195114
979.520384,159,66.935946,979.5203835102684,0.0,979.5203835102684
-17.581686,23,66.953657,-17.581686118583633,0.0,-17.581686118583633
-48.97582,17,66.967318,-48.975819983214464,0.0,-48.975819983214464
987.19428,170,67.088907,987.1942795707344,0.0,987.1942795707344
99.702535,52,67.128641,99.70253483280968,0.0,99.70253483280968
179.949903,67,67.176529,179.9499034269893,0.0,179.9499034269893
956.760587,173,67.304226,956.7605874002004,0.0,956.7605874002004
955.601293,156,67.417771,955.6012927059552,0.0,955.6012927059552
279.98093,96,67.488165,279.98093048592875,0.0,279.98093048592875
93.836561,50,67.524275,93.83656094161714,0.0,93.83656094161714
89.8649,42,67.55609,89.86489997180199,0.0,89.86489997180199
438.997686,122,67.644961,438.9976857203395,0.0,438.9976857203395
915.590697,158,67.759896,915.5906970801991,0.0,915.5906970801991
920.875251,217,67.91485,920.8752510107913,0.0,920.8752510107913
988.000269,161,68.030947,988.0002686040148,0.0,988.0002686040148
49.016511,36,68.058216,49.01651115341902,0.0,49.01651115341902
106.139664,63,68.102781,106.13966431590545,0.0,106.13966431590545
971.189872,152,68.21217,971.1898722452863,0.0,971.1898722452863
65.668938,40,68.242023,65.66893800690302,0.0,65.66893800690302
959.917358,153,68.351157,959.9173582181435,0.0,959.9173582181435
159.782077,71,68.972092,159.78207692932213,0.0,159.78207692932213
95.068522,48,69.005348,95.06852174215956,0.0,95.06852174215956
95.938052,53,69.043834,95.93805240669602,0.0,95.93805240669602
909.834109,161,69.15686,909.8341092298613,0.0,909.8341092298613
948.88238,158,69.269643,948.8823799436294,0.0,948.8823799436294
127.711284,58,69.311417,127.71128368762433,0.0,127.71128368762433
977.640743,173,69.43416,977.6407426513206,0.0,977.6407426513206
2.897419,29,69.454185,2.8974194640424145,0.0,2.8974194640424145
62.997699,38,69.481392,62.997699005155596,0.0,62.997699005155596
957.237117,179,69.605153,957.2371170598982,0.0,957.2371170598982
966.294372,157,69.718106,966.2943718168779,0.0,966.2943718168779
192.298984,70,69.76844,192.29898389139296,0.0,192.29898389139296
128.534039,50,69.805927,128.53403896038645,0.0,128.53403896038645
-50.069897,17,69.819532,-50.069897000087224,0.0,-50.069897000087224
957.284698,160,69.932768,957.2846980673253,0.0,957.2846980673253
349.119756,96,70.003657,349.11975566188505,0.0,349.11975566188505
-42.969393,18,70.017867,-42.96939272637752,0.0,-42.96939272637752
1001.293699,170,70.142124,1001.2936985044123,0.0,1001.2936985044123
63.961076,38,70.170665,63.96107628970242,0.0,63.96107628970242
71.993944,47,70.206197,71.99394429442063,0.0,71.99394429442063
-55.591308,17,70.219399,-55.591307800913654,0.0,-55.591307800913654
37.153332,42,70.249725,37.15333197078138,0.0,37.15333197078138
93.530949,43,70.289883,93.53094875163627,0.0,93.53094875163627
339.302839,104,70.365556,339.3028385950863,0.0,339.3028385950863
99.650616,49,70.40032,99.65061592764785,0.0,99.65061592764785
76.432302,43,70.434042,76.43230211167608,0.0,76.43230211167608
80.50891,52,71.029115,80.50891028170591,0.0,80.50891028170591
-33.756615,21,71.046828,-33.75661539521943,0.0,-33.75661539521943
978.83404,159,71.157758,978.834040201128,0.0,978.834040201128
980.865345,162,71.276224,980.8653452712308,0.0,980.8653452712308
90.053432,45,71.310692,90.05343211855141,0.0,90.05343211855141
68.492934,44,71.344955,68.49293405968938,0.0,68.49293405968938
231.896325,84,71.405334,231.8963245624315,0.0,231.8963245624315
993.020562,167,71.517091,993.0205619806541,0.0,993.0205619806541
947.907127,165,71.632036,947.9071271246544,0.0,947.9071271246544
108.694537,53,71.669201,108.69453747499924,0.0,108.69453747499924
994.150853,159,71.779361,994.1508532785415,0.0,994.1508532785415
949.295673,169,71.900669,949.2956733053,0.0,949.2956733053
363.457422,113,71.982293,363.4574220153447,0.0,363.4574220153447
88.184013,50,72.018569,88.18401308254016,0.0,88.18401308254016
995.741876,204,72.167311,995.7418762525587,0.0,995.7418762525587
1006.620825,187,72.302629,1006.6208250640449,0.0,1006.6208250640449
87.292252,57,72.34435,87.29225175659107,0.0,87.29225175659107
340.312681,119,72.430877,340.3126810405686,0.0,340.3126810405686
932.282038,162,73.107803,932.2820378395351,0.0,932.2820378395351
930.030811,158,73.220103,930.0308108459132,0.0,930.0308108459132
390.498546,112,73.303474,390.49854571154015,0.0,390.49854571154015
433.549217,126,73.392432,433.54921664591166,0.0,433.54921664591166
976.26258,180,73.519586,976.2625803030278,0.0,976.2625803030278
1032.730732,180,73.646769,1032.7307323481268,0.0,1032.7307323481268
970.211794,201,73.793028,970.2117941414003,0.0,970.2117941414003
126.348426,54,73.831944,126.34842577712352,0.0,126.34842577712352
952.699417,166,73.950958,952.699417174605,0.0,952.699417174605
966.561936,171,74.071856,966.5619356973567,0.0,966.5619356973567
-17.121384,25,74.091045,-17.121384460232846,0.0,-17.121384460232846
102.032731,61,74.135562,102.03273072675299,0.0,102.03273072675299
121.69794,60,74.180381,121.69793957528859,0.0,121.69793957528859
77.190473,52,74.219536,77.19047317014056,0.0,77.19047317014056
967.193179,162,74.333964,967.1931787011514,0.0,967.1931787011514
345.080569,105,74.408726,345.080569118116,0.0,345.080569118116
178.645363,65,74.45647,178.6453625119434,0.0,178.6453625119434
390.807813,117,75.109171,390.80781304881975,0.0,390.80781304881975
332.549164,100,75.180752,332.54916384819114,0.0,332.54916384819114
978.083469,164,75.298746,978.0834689609203,0.0,978.0834689609203
118.334239,60,75.343837,118.33423926942817,0.0,118.33423926942817
335.631996,100,75.41592,335.6319962665576,0.0,335.6319962665576
115.671543,60,75.46211,115.67154348353145,0.0,115.67154348353145
924.229278,149,78.127473,924.229277637705,0.0,924.229277637705
936.105447,152,78.235526,936.1054469935608,0.0,936.1054469935608
60.756543,43,78.268086,60.756542928224704,0.0,60.756542928224704
75.460869,41,78.29863,75.46086860262973,0.0,75.46086860262973
53.100319,49,78.336218,53.100319126293186,0.0,53.100319126293186
-54.054606,18,78.351367,-54.0546055720508,0.0,-54.0546055720508
-12.661076,31,78.37605,-12.661076070385661,0.0,-12.661076070385661
942.262163,156,78.4871,942.2621633075948,0.0,942.2621633075948
85.227064,44,78.521029,85.22706405925986,0.0,85.22706405925986
429.304027,125,78.607972,429.3040269744933,0.0,429.3040269744933
67.051613,42,78.638928,67.0516128665645,0.0,67.0516128665645
348.106729,130,78.730124,348.10672880409186,0.0,348.10672880409186
26.091513,40,78.761235,26.091513222264666,0.0,26.091513222264666
946.822718,155,78.870886,946.8227177577658,0.0,946.8227177577658
989.74419,163,78.982404,989.7441895883258,0.0,989.7441895883258
937.076579,159,79.094784,937.0765788465487,0.0,937.0765788465487
369.183452,99,79.734556,369.18345183338096,0.0,369.18345183338096
967.590579,187,79.867655,967.5905794440436,0.0,967.5905794440436
329.398585,102,79.93918,329.39858542551406,0.0,329.39858542551406
891.805316,149,80.047113,891.8053155048606,0.0,891.8053155048606
113.085004,53,80.084412,113.0850041818785,0.0,113.0850041818785
280.286037,96,80.154662,280.2860365607523,0.0,280.2860365607523
106.103229,46,80.187757,106.10322938040925,0.0,106.10322938040925
62.428033,37,80.215121,62.428033086685545,0.0,62.428033086685545
418.724092,111,80.293332,418.7240921438434,0.0,418.7240921438434
938.876053,149,80.401506,938.8760531308957,0.0,938.8760531308957
11.964992,29,80.422263,11.964992432736238,0.0,11.964992432736238
1006.947607,198,80.566045,1006.9476068475935,0.0,1006.9476068475935
934.141325,152,80.673533,934.141325218661,0.0,934.141325218661
954.05979,182,80.801559,954.059789567462,0.0,954.059789567462
315.386684,101,80.875208,315.38668401416396,0.0,315.38668401416396
971.43191,164,80.991131,971.4319099320081,0.0,971.4319099320081
54.222297,36,81.019543,54.22229726327271,0.0,54.22229726327271
-34.268643,22,81.035803,-34.268643437470686,0.0,-34.268643437470686
406.776175,103,81.110033,406.77617529238915,0.0,406.77617529238915
979.254563,157,81.837239,979.2545626396991,0.0,979.2545626396991
-19.074576,24,81.856539,-19.074575651884075,0.0,-19.074575651884075
958.567963,157,81.966711,958.5679633657014,0.0,958.5679633657014
961.441623,158,82.081674,961.4416229659441,0.0,961.4416229659441
-0.866087,26,82.102332,-0.8660870800029272,0.0,-0.8660870800029272
972.13971,241,82.273091,972.1397104752618,0.0,972.1397104752618
71.53908,42,82.305901,71.53908021969323,0.0,71.53908021969323
1004.978954,184,82.437666,1004.9789542996759,0.0,1004.9789542996759
938.506254,163,82.551644,938.5062536120844,0.0,938.5062536120844
178.418477,62,82.602152,178.41847699022284,0.0,178.41847699022284
952.699522,164,82.71907,952.6995217015502,0.0,952.6995217015502
988.659117,163,82.835588,988.6591170081346,0.0,988.6591170081346
9.745502,28,82.859696,9.745501665194595,0.0,9.745501665194595
139.18363,52,82.896851,139.18363036668936,0.0,139.18363036668936
943.338349,174,83.020575,943.338349489574,0.0,943.338349489574
58.112446,40,83.051789,58.11244624197006,0.0,58.11244624197006
1018.525503,177,83.178543,1018.5255029036979,0.0,1018.5255029036979
970.472144,158,83.854465,970.4721443443942,0.0,970.4721443443942
119.451044,58,83.897738,119.45104442041165,0.0,119.45104442041165
-19.744047,23,83.914601,-19.74404709559562,0.0,-19.74404709559562
126.184186,54,83.954739,126.1841857412589,0.0,126.1841857412589
144.611074,64,84.002644,144.61107448598992,0.0,144.61107448598992
101.695981,50,84.041039,101.69598142110932,0.0,101.69598142110932
59.922449,38,84.06977,59.92244890147283,0.0,59.92244890147283
957.21228,154,84.178827,957.212279576165,0.0,957.212279576165
971.589873,151,84.284117,971.5898731840879,0.0,971.5898731840879
77.774314,43,84.316978,77.77431406105559,0.0,77.77431406105559
1003.844584,164,84.436502,1003.8445841964922,0.0,1003.8445841964922
968.313607,152,84.543869,968.3136069489411,0.0,968.3136069489411
115.273716,51,84.583384,115.27371615880658,0.0,115.27371615880658
68.801211,41,84.612654,68.80121099621381,0.0,68.80121099621381
961.816723,182,84.743701,961.8167231253128,0.0,961.8167231253128
139.081298,57,84.785772,139.08129779098124,0.0,139.08129779098124
953.724116,156,84.895364,953.7241163116485,0.0,953.7241163116485
1007.353578,165,85.014038,1007.353577665488,0.0,1007.353577665488
324.814098,94,85.082354,324.81409804695534,0.0,324.81409804695534
-42.919632,19,85.097349,-42.919632301526875,0.0,-42.919632301526875
965.869938,171,85.221538,965.8699383147058,0.0,965.8699383147058
998.564449,167,85.911176,998.564449415089,0.0,998.564449415089
1002.054932,152,86.016792,1002.0549320814337,0.0,1002.0549320814337
983.988011,172,86.139009,983.9880107044826,0.0,983.9880107044826
424.807431,118,86.224467,424.80743146140827,0.0,424.80743146140827
986.419827,156,86.334074,986.4198269800657,0.0,986.4198269800657
78.172874,40,86.363778,78.17287397144328,0.0,78.17287397144328
154.488771,64,86.409853,154.48877058447025,0.0,154.48877058447025
980.660981,167,86.528634,980.6609811834979,0.0,980.6609811834979
81.316208,42,86.559972,81.31620846981347,0.0,81.31620846981347
-43.317612,20,86.57584,-43.31761221937231,0.0,-43.31761221937231
961.612586,158,86.688574,961.6125856313029,0.0,961.6125856313029
411.125465,100,86.761582,411.125465330148,0.0,411.125465330148
-8.067774,27,86.781261,-8.067773883390117,0.0,-8.067773883390117
973.995925,155,86.892912,973.9959250004496,0.0,973.9959250004496
-11.326621,24,86.912909,-11.326620956820335,0.0,-11.326620956820335
961.923013,154,87.022689,961.923013060739,0.0,961.923013060739
95.103523,52,87.062562,95.10352343472636,0.0,95.10352343472636
418.501273,108,87.138917,418.5012729281333,0.0,418.5012729281333
254.870907,84,87.199135,254.870907364214,0.0,254.870907364214
66.089752,38,87.228817,66.08975189721457,0.0,66.08975189721457
402.640171,104,87.302677,402.64017130504305,0.0,402.64017130504305
983.509968,165,87.984225,983.509968222798,0.0,983.509968222798
214.319069,76,88.03881,214.31906887140195,0.0,214.31906887140195
115.397681,53,88.078107,115.39768128163061,0.0,115.39768128163061
999.836718,215,91.117842,999.8367176503017,0.0,999.8367176503017
118.498943,47,91.154963,118.49894251189416,0.0,118.49894251189416
925.8974,162,91.269667,925.8973999335444,0.0,925.8973999335444
927.422554,157,91.380167,927.4225535963112,0.0,927.4225535963112
80.022034,48,91.414945,80.022033994402,0.0,80.022033994402
177.306897,65,91.465243,177.30689699091081,0.0,177.30689699091081
990.23739,163,91.577537,990.2373896250809,0.0,990.2373896250809
3.772283,27,91.598592,3.77228348316099,0.0,3.77228348316099
997.424348,176,91.723527,997.4243475351769,0.0,997.4243475351769
955.786961,157,91.836722,955.7869606372976,0.0,955.7869606372976
942.99991,159,91.94886,942.9999103258377,0.0,942.9999103258377
922.991817,198,92.090651,922.9918169433429,0.0,922.9918169433429
996.399485,161,92.206765,996.3994854987025,0.0,996.3994854987025
953.350416,158,92.874609,953.3504158166277,0.0,953.3504158166277
981.04054,165,92.993539,981.0405399116929,0.0,981.0405399116929
344.30172,114,93.074839,344.30172035503927,0.0,344.30172035503927
964.764572,144,93.17818,964.7645718051645,0.0,964.7645718051645
924.324249,158,93.287731,924.3242492840212,0.0,924.3242492840212
142.972247,60,93.332309,142.97224668227838,0.0,142.97224668227838
930.866967,150,93.440104,930.8669672722344,0.0,930.8669672722344
94.178776,44,93.487845,94.1787762858832,0.0,94.1787762858832
946.850292,214,93.636047,946.8502924981676,0.0,946.8502924981676
155.277913,65,93.684286,155.27791333526443,0.0,155.27791333526443
997.890653,163,93.798317,997.890652629828,0.0,997.890652629828
395.788083,114,93.880027,395.78808310337445,0.0,395.78808310337445
972.519538,171,94.001279,972.5195384664132,0.0,972.5195384664132
972.047712,153,94.110455,972.0477116852131,0.0,972.0477116852131
382.244613,97,94.181147,382.24461270902805,0.0,382.24461270902805
322.027815,108,94.25747,322.0278146779134,0.0,322.0278146779134
379.871777,109,94.89004,379.87177688637024,0.0,379.87177688637024
940.190369,151,94.995853,940.190368675496,0.0,940.190368675496
939.614027,146,95.101336,939.6140270189517,0.0,939.6140270189517
-7.306953,33,95.126599,-7.306953244348449,0.0,-7.306953244348449
100.176264,55,95.165881,100.17626393496937,0.0,100.17626393496937
1006.59955,171,95.289459,1006.5995501286715,0.0,1006.5995501286715
940.189699,163,95.406835,940.1896986871925,0.0,940.1896986871925
940.317811,150,95.513796,940.3178113540996,0.0,940.3178113540996
984.103009,153,95.619799,984.1030090119625,0.0,984.1030090119625
393.540282,111,95.700581,393.54028221801536,0.0,393.54028221801536
963.726809,158,95.817229,963.7268093057309,0.0,963.7268093057309
935.113302,149,95.923637,935.1133023523872,0.0,935.1133023523872
168.920256,65,95.970382,168.9202562709072,0.0,168.9202562709072
390.836797,95,96.038396,390.83679704356024,0.0,390.83679704356024
952.401419,159,96.153318,952.4014186780231,0.0,952.4014186780231
977.195201,159,96.26653,977.1952008758924,0.0,977.1952008758924
969.8788,150,96.999666,969.8788004837153,0.0,969.8788004837153
-58.841352,16,97.014581,-58.84135178803678,0.0,-58.84135178803678
171.183707,69,97.067109,171.183706679249,0.0,171.183706679249
-24.621205,22,97.083731,-24.62120512318161,0.0,-24.62120512318161
422.039354,119,97.167605,422.03935428621605,0.0,422.03935428621605
147.828838,53,97.206341,147.8288381285767,0.0,147.8288381285767
16.443063,28,97.227675,16.443063429843733,0.0,16.443063429843733
278.059638,94,97.294854,278.05963785114767,0.0,278.05963785114767
248.423121,78,97.351718,248.42312086192737,0.0,248.42312086192737
64.541543,53,97.390766,64.54154266526473,0.0,64.54154266526473
17.472463,36,97.418964,17.472462711173733,0.0,17.472462711173733
978.348221,154,97.527318,978.348220758478,0.0,978.348220758478
87.087843,50,97.562835,87.08784347765682,0.0,87.08784347765682
961.634339,152,97.673924,961.6343391747065,0.0,961.6343391747065
985.254906,176,97.797813,985.2549061548764,0.0,985.2549061548764
135.761662,50,97.833204,135.7616623561539,0.0,135.7616623561539
971.848369,158,97.948159,971.8483685938324,0.0,971.8483685938324
936.937865,155,98.058117,936.9378648423221,0.0,936.9378648423221
126.669006,55,98.097995,126.66900554894522,0.0,126.66900554894522
957.182509,148,98.205529,957.1825085833514,0.0,957.1825085833514
994.81588,174,98.328332,994.8158802159282,0.0,994.8158802159282
935.209274,148,99.000127,935.2092735218029,0.0,935.2092735218029
260.875778,84,99.060415,260.8757782276953,0.0,260.8757782276953
329.046199,94,99.130287,329.0461986964011,0.0,329.0461986964011
942.749983,145,99.235215,942.7499827811739,0.0,942.7499827811739
-0.453506,27,99.257921,-0.45350570467635976,0.0,-0.45350570467635976
394.879319,107,99.333776,394.8793191047216,0.0,394.8793191047216
993.174783,157,99.445515,993.174783347842,0.0,993.174783347842
968.115158,158,99.561096,968.1151581029746,0.0,968.1151581029746
920.63853,141,99.661299,920.6385304305544,0.0,920.6385304305544
385.633804,99,99.732939,385.6338036606022,0.0,385.6338036606022
927.674366,163,99.853109,927.6743660853099,0.0,927.6743660853099
961.293563,147,99.957406,961.2935625345615,0.0,961.2935625345615
978.781953,148,100.062629,978.7819527561608,0.0,978.7819527561608
975.623248,158,100.177543,975.6232479889006,0.0,975.6232479889006
366.538758,97,100.248941,366.5387576370853,0.0,366.5387576370853
948.081444,163,100.36861,948.081444233562,0.0,948.081444233562
980.05933,163,101.051921,980.0593304123586,0.0,980.0593304123586
255.873001,88,104.331383,255.87300077168985,0.0,255.87300077168985
960.996628,169,104.453761,960.9966283895878,0.0,960.9966283895878
953.917503,154,104.560566,953.9175031488128,0.0,953.9175031488128
337.336366,109,104.639549,337.33636593938604,0.0,337.33636593938604
971.892141,162,104.756245,971.8921412464921,0.0,971.8921412464921
43.49229,44,104.790066,43.492289797350594,0.0,43.492289797350594
-48.232449,20,104.806579,-48.2324488501108,0.0,-48.2324488501108
-53.476439,16,104.819731,-53.47643927761416,0.0,-53.47643927761416
429.148796,109,104.899172,429.14879591959993,0.0,429.14879591959993
67.463407,47,104.935041,67.46340688198416,0.0,67.46340688198416
971.138183,152,105.045561,971.1381830900771,0.0,971.1381830900771
971.642643,158,105.156614,971.6426427568653,0.0,971.6426427568653
90.937481,48,105.193021,90.93748056964131,0.0,90.93748056964131
996.611971,150,105.301841,996.6119711816077,0.0,996.6119711816077
982.024565,154,105.411359,982.0245648464768,0.0,982.0245648464768
1026.304297,185,105.539663,1026.3042965663599,0.0,1026.3042965663599
72.836848,51,105.57997,72.83684797549026,0.0,72.83684797549026
953.041786,154,105.688135,953.0417864431397,0.0,953.0417864431397
984.381032,161,106.363651,984.381031623785,0.0,984.381031623785
982.106896,155,106.4754,982.106895859635,0.0,982.106895859635
85.145476,44,106.507188,85.14547611494064,0.0,85.14547611494064
383.866032,118,106.591177,383.866032206587,0.0,383.866032206587
129.22426,53,106.630172,129.22426035091158,0.0,129.22426035091158
88.684764,52,106.667641,88.68476409057548,0.0,88.68476409057548
984.251177,152,106.775787,984.2511774522926,0.0,984.2511774522926
368.680607,103,106.850437,368.6806072214162,0.0,368.6806072214162
920.140105,162,106.967951,920.1401050141214,0.0,920.1401050141214
985.287877,155,107.082308,985.2878766078177,0.0,985.2878766078177
958.172987,142,107.1841,958.1729871777075,0.0,958.1729871777075
991.469754,220,107.341433,991.4697541669461,0.0,991.4697541669461
921.659047,162,107.456402,921.6590474969249,0.0,921.6590474969249
998.590094,162,107.573205,998.5900935838608,0.0,998.5900935838608
993.734571,158,107.684752,993.7345710864015,0.0,993.7345710864015
77.528924,46,107.718058,77.52892408278709,0.0,77.52892408278709
981.17791,158,108.401099,981.1779102171045,0.0,981.1779102171045
981.508573,149,108.510145,981.5085725742587,0.0,981.5085725742587
-43.624443,18,108.52502,-43.624442848498745,0.0,-43.624442848498745
989.654065,161,108.639936,989.6540653200796,0.0,989.6540653200796
-17.241946,23,108.659656,-17.241946492590017,0.0,-17.241946492590017
974.628568,147,108.766151,974.6285675588538,0.0,974.6285675588538
988.500226,157,108.87862,988.5002255956881,0.0,988.5002255956881
964.568452,154,108.991551,964.5684516510024,0.0,964.5684516510024
-45.982514,19,109.006701,-45.9825142804217,0.0,-45.9825142804217
73.053119,44,109.039773,73.0531185366474,0.0,73.0531185366474
127.730144,52,109.077294,127.7301442890095,0.0,127.7301442890095
987.262862,160,109.193547,987.2628617363453,0.0,987.2628617363453
995.00207,158,109.307373,995.0020700783641,0.0,995.0020700783641
-28.377823,28,109.330159,-28.37782306986449,0.0,-28.37782306986449
965.129629,187,109.466281,965.12962872218,0.0,965.12962872218
358.089754,92,109.531222,358.0897542229842,0.0,358.0897542229842
926.969582,144,109.637908,926.9695824958195,0.0,926.9695824958195
47.414112,56,109.678904,47.41411200859045,0.0,47.41411200859045
313.638038,99,109.752187,313.63803794796013,0.0,313.63803794796013
937.797861,147,110.421871,937.7978606461403,0.0,937.7978606461403
76.339548,48,110.456936,76.33954782025349,0.0,76.33954782025349
1005.632386,162,110.572689,1005.6323862979842,0.0,1005.6323862979842
950.665917,154,110.684251,950.6659169610302,0.0,950.6659169610302
967.107417,154,110.794098,967.1074168832974,0.0,967.1074168832974
434.913757,109,110.872171,434.9137565202118,0.0,434.9137565202118
102.835462,54,110.911568,102.83546193555605,0.0,102.83546193555605
-24.064388,28,110.933711,-24.064388258333253,0.0,-24.064388258333253
963.609039,159,111.048941,963.6090385444367,0.0,963.6090385444367
115.985187,51,111.086899,115.98518689556437,0.0,115.98518689556437
966.032596,147,111.194293,966.032595980196,0.0,966.032595980196
952.457894,149,111.300486,952.4578935201645,0.0,952.4578935201645
81.830616,42,111.331942,81.83061562774958,0.0,81.83061562774958
443.855174,111,111.412389,443.8551737105437,0.0,443.8551737105437
356.089575,88,111.475734,356.0895749977424,0.0,356.0895749977424
968.078134,149,111.584032,968.0781335446962,0.0,968.0781335446962
991.697965,151,111.693671,991.6979654927567,0.0,991.6979654927567
955.178731,153,111.805109,955.1787313832913,0.0,955.1787313832913
9.997309,28,111.826393,9.997309150325023,0.0,9.997309150325023
967.51689,148,112.491145,967.5168895483423,0.0,967.5168895483423
381.45729,103,112.565238,381.4572900556585,0.0,381.4572900556585
966.578969,146,112.669455,966.5789694405712,0.0,966.5789694405712
82.855477,47,112.705542,82.85547694694009,0.0,82.85547694694009
1003.54677,155,112.81437,1003.5467701457909,0.0,1003.5467701457909
969.016977,143,112.918329,969.0169768039901,0.0,969.0169768039901
116.162056,48,112.954582,116.16205628998529,0.0,116.16205628998529
72.581493,42,112.986294,72.58149252322177,0.0,72.58149252322177
937.426943,141,113.088638,937.4269430852705,0.0,937.4269430852705
969.239215,150,113.194066,969.239215414257,0.0,969.239215414257
960.543785,151,113.298416,960.5437849431041,0.0,960.5437849431041
75.140848,44,113.331156,75.14084761720044,0.0,75.14084761720044
922.003582,143,113.434021,922.0035820877933,0.0,922.0035820877933
967.914918,159,113.544707,967.9149184899463,0.0,967.9149184899463
435.938721,110,113.622052,435.9387214505718,0.0,435.9387214505718
425.500494,105,113.696795,425.50049375760193,0.0,425.50049375760193
83.085054,44,113.728329,83.08505433084699,0.0,83.08505433084699
301.624699,88,113.792954,301.62469894856645,0.0,301.62469894856645
966.440153,164,117.175963,966.4401533111691,0.0,966.4401533111691
141.307026,58,117.21837,141.30702638362246,0.0,141.30702638362246
53.909951,35,117.243754,53.909950613497074,0.0,53.909950613497074
182.721925,68,117.292305,182.72192487751425,0.0,182.72192487751425
958.779664,156,117.407205,958.7796644326071,0.0,958.7796644326071
115.659741,46,117.442077,115.65974106814126,0.0,115.65974106814126
977.286353,156,117.552663,977.2863528675072,0.0,977.2863528675072
373.910831,98,117.623991,373.910830837572,0.0,373.910830837572
1015.082415,159,117.739187,1015.0824145438173,0.0,1015.0824145438173
133.187273,55,117.778667,133.18727258539406,0.0,133.18727258539406
935.839996,159,117.891902,935.8399959856588,0.0,935.8399959856588
425.822939,111,117.971814,425.8229388485696,0.0,425.8229388485696
104.367494,49,118.008578,104.36749415140048,0.0,104.36749415140048
17.915137,38,118.036631,17.915136501519783,0.0,17.915136501519783
88.210265,49,118.073087,88.21026507517874,0.0,88.21026507517874
936.835875,149,118.180372,936.8358747073937,0.0,936.8358747073937
347.162926,107,118.259786,347.162925539286,0.0,347.162925539286
-56.930827,16,118.271928,-56.930826794270054,0.0,-56.930826794270054
970.230031,158,118.386658,970.2300305064889,0.0,970.2300305064889
965.2826,146,118.493126,965.2826001733785,0.0,965.2826001733785
90.291842,43,118.526436,90.29184204626382,0.0,90.29184204626382
115.053906,49,118.562591,115.05390616207835,0.0,115.05390616207835
926.248589,141,119.229576,926.2485892137715,0.0,926.2485892137715
108.186544,46,119.263347,108.18654421303184,0.0,108.18654421303184
84.375998,47,119.302002,84.37599817453372,0.0,84.37599817453372
991.945442,163,119.417829,991.9454415974311,0.0,991.9454415974311
979.152796,144,119.519821,979.1527957273186,0.0,979.1527957273186
155.904011,61,119.565819,155.9040106528337,0.0,155.9040106528337
1014.203364,160,119.682073,1014.2033639099039,0.0,1014.2033639099039
371.639573,94,119.751682,371.63957269367563,0.0,371.63957269367563
-46.446037,19,119.766862,-46.446037010014464,0.0,-46.446037010014464
72.632876,49,119.80446,72.63287625997279,0.0,72.63287625997279
337.060744,91,119.870371,337.0607442949754,0.0,337.0607442949754
89.549373,44,119.903404,89.549373219391,0.0,89.549373219391
-26.670377,21,119.920171,-26.670376714099902,0.0,-26.670376714099902
87.885543,41,119.951685,87.88554337993648,0.0,87.88554337993648
989.091042,152,120.060818,989.0910422459473,0.0,989.0910422459473
935.484176,141,120.161273,935.4841762876979,0.0,935.4841762876979
-23.741391,25,120.180473,-23.74139095289283,0.0,-23.74139095289283
8.015115,35,120.207803,8.015115171186466,0.0,8.015115171186466
989.407554,161,120.324634,989.4075536318642,0.0,989.4075536318642
968.937967,154,120.432439,968.9379667887489,0.0,968.9379667887489
-6.122638,25,120.452148,-6.122637767987854,0.0,-6.122637767987854
17.222533,36,120.47986,17.222532863773353,0.0,17.222532863773353
954.151683,150,120.5907,954.1516826497033,0.0,954.1516826497033
987.642457,148,121.262665,987.6424565641231,0.0,987.6424565641231
149.686448,60,121.306889,149.68644799647473,0.0,149.68644799647473
968.714688,147,121.413206,968.7146881294246,0.0,968.7146881294246
324.660482,91,121.479423,324.6604820245062,0.0,324.6604820245062
107.978119,45,121.511611,107.97811899490621,0.0,107.97811899490621
-51.609099,17,121.527192,-51.60909938288149,0.0,-51.60909938288149
33.242335,38,121.554993,33.24233522893283,0.0,33.24233522893283
993.7291,150,121.662109,993.7290995996846,0.0,993.7290995996846
969.301127,160,121.778548,969.3011266753169,0.0,969.3011266753169
137.446144,62,121.824326,137.44614365022832,0.0,137.44614365022832
54.000477,36,121.850231,54.00047666930094,0.0,54.00047666930094
952.309028,142,121.951877,952.3090276778405,0.0,952.3090276778405
356.843199,92,122.019377,356.84319915304894,0.0,356.84319915304894
958.68957,149,122.127969,958.6895698992146,0.0,958.6895698992146
156.646683,65,122.175106,156.64668266664802,0.0,156.64668266664802
995.378834,159,122.28984,995.3788337954177,0.0,995.3788337954177
977.273919,147,122.396366,977.2739186396271,0.0,977.2739186396271
277.176537,88,122.46027,277.1765373432655,0.0,277.1765373432655
983.775278,154,122.571946,983.775278357018,0.0,983.775278357018
984.916233,145,122.676542,984.9162327916688,0.0,984.9162327916688
396.07503,101,123.318349,396.07503037645023,0.0,396.07503037645023
954.481935,150,123.422082,954.4819352688585,0.0,954.4819352688585
-32.468827,20,123.43876,-32.46882651832793,0.0,-32.46882651832793
160.144825,60,123.487428,160.1448245999064,0.0,160.1448245999064
77.057912,40,123.517954,77.05791159655975,0.0,77.05791159655975
1003.560113,151,123.624989,1003.5601133451287,0.0,1003.5601133451287
983.212696,168,123.74652,983.2126956959007,0.0,983.2126956959007
41.809477,47,123.782362,41.80947747866705,0.0,41.80947747866705
972.952916,146,123.885227,972.9529160781226,0.0,972.9529160781226
381.987277,99,123.956062,381.98727705272256,0.0,381.98727705272256
96.020258,43,123.986323,96.02025835712114,0.0,96.02025835712114
73.834387,40,124.017862,73.83438674849704,0.0,73.83438674849704
979.223589,147,124.12304,979.2235887020063,0.0,979.2235887020063
325.529967,92,124.190363,325.5299671835934,0.0,325.5299671835934
107.834485,52,124.226606,107.83448505258707,0.0,107.83448505258707
967.16481,147,124.331924,967.1648104997967,0.0,967.1648104997967
152.342135,54,124.372251,152.34213461123073,0.0,152.34213461123073
122.153153,51,124.410099,122.15315265494456,0.0,122.15315265494456
158.592535,61,124.457316,158.59253519697202,0.0,158.59253519697202
210.533378,72,124.508812,210.53337818355956,0.0,210.53337818355956
991.29566,156,124.621148,991.2956595066224,0.0,991.2956595066224
-35.415579,20,124.637338,-35.41557942502922,0.0,-35.41557942502922
-45.79641,18,124.655499,-45.7964100467688,0.0,-45.7964100467688
-8.387192,27,124.676669,-8.38719171751137,0.0,-8.38719171751137
24.165026,31,124.7001,24.165025576412148,0.0,24.165025576412148
954.464208,143,124.80531,954.4642077298588,0.0,954.4642077298588
130.858956,53,125.429356,130.85895642961003,0.0,130.85895642961003
947.08698,149,125.534073,947.0869800001844,0.0,947.0869800001844
976.069665,150,125.640796,976.0696651529889,0.0,976.0696651529889
85.822512,42,125.67113,85.82251195737982,0.0,85.82251195737982
960.467612,157,125.782856,960.4676116887531,0.0,960.4676116887531
-21.345817,22,125.801137,-21.345816702917446,0.0,-21.345816702917446
123.641267,48,125.836614,123.64126701125761,0.0,123.64126701125761
919.279029,135,125.931442,919.2790289402845,0.0,919.2790289402845
958.296372,142,126.035059,958.2963722132718,0.0,958.2963722132718
961.368101,150,126.142767,961.368100579409,0.0,961.368100579409
933.965008,147,126.24874,933.9650081134962,0.0,933.9650081134962
204.955006,71,126.301609,204.95500563982768,0.0,204.95500563982768
92.169139,45,126.33343,92.16913851118912,0.0,92.16913851118912
969.995762,147,126.439195,969.9957615821529,0.0,969.9957615821529
451.701269,114,126.521777,451.70126875551455,0.0,451.70126875551455
-24.478141,22,126.538534,-24.478141141261972,0.0,-24.478141141261972
963.912989,157,129.397574,963.9129894119577,0.0,963.9129894119577
112.206455,46,129.431296,112.20645546747396,0.0,112.20645546747396
1001.405673,163,129.546268,1001.405672766513,0.0,1001.405672766513
421.062358,110,130.194007,421.06235751909685,0.0,421.06235751909685
1000.94966,156,130.306361,1000.9496598401255,0.0,1000.9496598401255
996.530313,156,130.417958,996.5303128113554,0.0,996.5303128113554
75.874865,40,130.447673,75.87486519334925,0.0,75.87486519334925
997.196146,150,130.554889,997.1961458216724,0.0,997.1961458216724
986.108493,181,130.686753,986.1084930672783,0.0,986.1084930672783
995.452018,153,130.817461,995.4520183703828,0.0,995.4520183703828
942.579079,137,130.938352,942.5790792463674,0.0,942.5790792463674
368.722396,99,131.010218,368.7223955101781,0.0,368.7223955101781
988.422639,155,131.123552,988.4226389903066,0.0,988.4226389903066
949.159797,148,131.23016,949.1597973212627,0.0,949.1597973212627
187.180324,69,131.28199,187.18032428230603,0.0,187.18032428230603
140.338385,57,131.324685,140.3383850791732,0.0,140.3383850791732
949.439868,152,131.436773,949.4398684904579,0.0,949.4398684904579
27.613088,38,131.464702,27.613087840662303,0.0,27.613087840662303
966.695275,144,131.568727,966.6952745796394,0.0,966.6952745796394
997.149235,160,131.684511,997.1492349365074,0.0,997.1492349365074
385.683569,107,132.329679,385.6835688511836,0.0,385.6835688511836
434.856742,111,132.41165,434.8567423297827,0.0,434.8567423297827
116.944217,55,132.454253,116.9442168812424,0.0,116.9442168812424
7.541693,28,132.476243,7.541693178286266,0.0,7.541693178286266
993.795614,153,132.586192,993.7956140571973,0.0,993.7956140571973
196.34407,68,132.636414,196.3440695655078,0.0,196.3440695655078
962.383401,151,132.745948,962.3834005856621,0.0,962.3834005856621
416.266501,106,132.825147,416.2665008174689,0.0,416.2665008174689
972.380975,151,132.935425,972.3809749970819,0.0,972.3809749970819
157.633923,62,132.982344,157.6339226875917,0.0,157.6339226875917
112.067164,46,133.027588,112.06716392647249,0.0,112.06716392647249
935.920129,143,133.133751,935.9201289699374,0.0,935.9201289699374
65.345292,37,133.162612,65.34529212401044,0.0,65.34529212401044
99.486363,47,133.197996,99.48636287847661,0.0,99.48636287847661
434.17641,104,133.272865,434.17641041622727,0.0,434.17641041622727
968.696589,151,133.383055,968.6965885309346,0.0,968.6965885309346
952.857701,142,133.482671,952.8577011449845,0.0,952.8577011449845
968.431184,147,133.587394,968.4311841719341,0.0,968.4311841719341
399.688952,114,133.669997,399.6889524753537,0.0,399.6889524753537
927.174037,137,133.769871,927.1740367249727,0.0,927.1740367249727
379.225955,109,134.407568,379.22595517928914,0.0,379.22595517928914
973.381208,148,134.512191,973.3812079452567,0.0,973.3812079452567
994.148603,150,134.617411,994.1486031102984,0.0,994.1486031102984
980.934422,149,134.725519,980.9344221326567,0.0,980.9344221326567
2.949449,28,134.749261,2.9494486159949815,0.0,2.9494486159949815
81.52535,41,134.779366,81.52535016669931,0.0,81.52535016669931
155.673421,56,134.818727,155.6734208980276,0.0,155.6734208980276
354.973966,88,134.881475,354.97396604401894,0.0,354.97396604401894
399.799067,110,134.960205,399.79906682741836,0.0,399.79906682741836
79.908772,42,134.990655,79.90877198631878,0.0,79.90877198631878
109.71669,51,135.027654,109.71669021917222,0.0,109.71669021917222
-38.510063,20,135.042124,-38.51006255665261,0.0,-38.51006255665261
979.551462,150,135.1503,979.5514618892937,0.0,979.5514618892937
105.82356,47,135.184532,105.823560270579,0.0,105.823560270579
934.248947,162,135.299804,934.2489468814642,0.0,934.2489468814642
155.581921,61,135.345505,155.58192094460364,0.0,155.58192094460364
983.443054,168,135.46599,983.4430541919328,0.0,983.4430541919328
985.264501,150,135.573544,985.2645012249459,0.0,985.2645012249459
-9.246474,24,135.593906,-9.246474427589462,0.0,-9.246474427589462
-49.270607,17,135.607552,-49.27060712738185,0.0,-49.27060712738185
191.065414,67,135.653497,191.065413720352,0.0,191.065413720352
952.322375,148,135.760145,952.3223747474274,0.0,952.3223747474274
982.71423,153,136.430196,982.7142298062101,0.0,982.7142298062101
-5.360017,25,136.448567,-5.360017045908947,0.0,-5.360017045908947
944.606941,142,136.549879,944.606941413538,0.0,944.606941413538
83.842077,41,136.580087,83.8420770341148,0.0,83.8420770341148
409.580351,113,136.662926,409.58035063237935,0.0,409.58035063237935
82.979645,42,136.69385,82.9796446371913,0.0,82.9796446371913
278.425033,88,136.758198,278.4250329329253,0.0,278.4250329329253
88.802614,50,136.79606,88.80261395994657,0.0,88.80261395994657
937.685141,146,136.899973,937.6851410925242,0.0,937.6851410925242
69.729458,38,136.928867,69.72945781762891,0.0,69.72945781762891
98.338457,43,136.960732,98.338456690665,0.0,98.338456690665
135.28028,52,136.998265,135.28027959814767,0.0,135.28027959814767
34.639801,34,137.024086,34.639800757562796,0.0,34.639800757562796
993.426226,150,137.136438,993.4262258534785,0.0,993.4262258534785
-36.226459,20,137.152738,-36.2264587241134,0.0,-36.2264587241134
44.759949,33,137.177127,44.75994871384984,0.0,44.75994871384984
988.986747,147,137.280376,988.9867474495107,0.0,988.9867474495107
948.716668,146,137.383394,948.7166678160961,0.0,948.7166678160961
103.446699,47,137.417976,103.44669884253902,0.0,103.44669884253902
955.83691,157,137.528621,955.8369100106106,0.0,955.8369100106106
1001.744277,159,137.640957,1001.7442769820914,0.0,1001.7442769820914
119.423065,54,137.680201,119.42306531598888,0.0,119.42306531598888
950.33377,148,137.787234,950.3337700743782,0.0,950.3337700743782
404.131924,100,137.859007,404.1319237815207,0.0,404.1319237815207
983.01712,155,138.525533,983.0171195079545,0.0,983.0171195079545
79.870896,52,138.564903,79.87089584823318,0.0,79.87089584823318
426.281802,104,138.639286,426.2818017973657,0.0,426.2818017973657
119.693795,53,138.679254,119.6937945262708,0.0,119.6937945262708
913.693729,140,138.77766,913.6937294511658,0.0,913.6937294511658
-15.341626,24,138.795832,-15.341626166969604,0.0,-15.341626166969604
945.760983,139,138.895993,945.7609825371419,0.0,945.7609825371419
968.295749,147,138.99885,968.2957485597203,0.0,968.2957485597203
75.676181,44,139.030434,75.67618100541034,0.0,75.67618100541034
926.072676,144,139.135598,926.0726764260887,0.0,926.0726764260887
407.9523,104,139.210624,407.9522996727338,0.0,407.9522996727338
-9.54053,24,139.230411,-9.54052982873182,0.0,-9.54052982873182
266.178541,85,139.293455,266.178541141958,0.0,266.178541141958
84.668042,42,139.323928,84.66804226351536,0.0,84.66804226351536
271.949952,90,139.38979,271.9499524722215,0.0,271.9499524722215
929.725266,139,141.994776,929.725266211799,0.0,929.725266211799
-8.127904,33,142.019187,-8.127904283352336,0.0,-8.127904283352336
415.822221,109,142.09792,415.82222143878676,0.0,415.82222143878676
918.663192,147,142.206802,918.6631919495134,0.0,918.6631919495134
91.466032,43,142.237486,91.4660316085954,0.0,91.4660316085954
972.229193,149,142.343713,972.2291933773213,0.0,972.2291933773213
-25.939314,21,142.36,-25.939313674499175,0.0,-25.939313674499175
198.274316,68,142.969235,198.2743160657605,0.0,198.2743160657605
83.619041,41,143.000253,83.61904085256394,0.0,83.61904085256394
951.475629,146,143.10455,951.4756286615623,0.0,951.4756286615623
84.801233,43,143.137949,84.80123306166382,0.0,84.80123306166382
920.18816,140,143.240162,920.1881601342161,0.0,920.1881601342161
391.848221,102,143.31298,391.84822137855576,0.0,391.84822137855576
76.019266,40,143.343546,76.01926567373789,0.0,76.01926567373789
86.890162,41,143.375144,86.89016178077294,0.0,86.89016178077294
367.928999,90,143.440062,367.9289990274938,0.0,367.9289990274938
-35.190335,20,143.455219,-35.19033455466163,0.0,-35.19033455466163
93.874759,46,143.490259,93.874759437737,0.0,93.874759437737
976.849579,157,143.601146,976.849579062472,0.0,976.849579062472
61.525144,36,143.628518,61.525144253168506,0.0,61.525144253168506
10.70641,36,143.656748,10.70641006345761,0.0,10.70641006345761
-2.089125,26,143.67763,-2.0891252518786416,0.0,-2.0891252518786416
974.874869,163,143.795253,974.8748694132538,0.0,974.8748694132538
97.328089,45,143.830235,97.32808912210666,0.0,97.32808912210666
-19.79681,24,143.849638,-19.796810048790803,0.0,-19.796810048790803
94.317444,44,143.882348,94.31744376138185,0.0,94.31744376138185
968.25328,148,143.989244,968.2532798561579,0.0,968.2532798561579
67.807453,40,144.019759,67.80745333031986,0.0,67.80745333031986
-46.876605,18,144.033504,-46.876605212835514,0.0,-46.876605212835514
960.345643,150,144.140568,960.3456434474408,0.0,960.3456434474408
-9.734668,25,144.160575,-9.734668441349385,0.0,-9.734668441349385
958.139679,175,144.285309,958.1396794980583,0.0,958.1396794980583
989.451541,149,144.393315,989.451541442103,0.0,989.451541442103
-8.281237,32,144.417605,-8.281236951726726,0.0,-8.281236951726726
-43.60847,19,144.431246,-43.60846970275516,0.0,-43.60846970275516
996.058825,157,145.106812,996.0588250971155,0.0,996.0588250971155
984.784872,145,145.209033,984.7848722862368,0.0,984.7848722862368
85.799454,41,145.240141,85.79945361534415,0.0,85.79945361534415
960.998599,158,145.350325,960.9985993018494,0.0,960.9985993018494
90.333534,42,145.381911,90.33353362925672,0.0,90.33353362925672
959.685047,148,145.487906,959.6850471295588,0.0,959.6850471295588
362.355861,97,145.55887,362.3558608929165,0.0,362.3558608929165
988.005012,158,145.669237,988.0050118563815,0.0,988.0050118563815
82.813729,42,145.700108,82.81372911575713,0.0,82.81372911575713
-34.197563,20,145.716448,-34.19756262967519,0.0,-34.19756262967519
-21.581411,29,145.737789,-21.581410547534617,0.0,-21.581410547534617
380.64925,95,145.805373,380.64925012029687,0.0,380.64925012029687
50.687009,36,145.831057,50.68700946332844,0.0,50.68700946332844
997.106718,155,145.938986,997.1067179914348,0.0,997.1067179914348
947.044129,138,146.046304,947.0441293507411,0.0,947.0441293507411
113.4367,46,146.084357,113.43669974081668,0.0,113.43669974081668
-9.151471,26,146.104118,-9.151470612603788,0.0,-9.151470612603788
122.581349,49,146.139109,122.58134920271878,0.0,122.58134920271878
930.864153,138,146.240714,930.864152668335,0.0,930.864152668335
185.722153,68,146.290755,185.72215308260934,0.0,185.72215308260934
962.642529,150,146.396768,962.6425287669376,0.0,962.6425287669376
349.098344,89,146.460917,349.0983441013899,0.0,349.0983441013899
143.378858,59,146.502917,143.3788578491197,0.0,143.3788578491197
435.801341,111,147.141777,435.8013408660943,0.0,435.8013408660943
961.473331,148,147.24912,961.4733308110859,0.0,961.4733308110859
972.561497,153,147.358973,972.5614973331488,0.0,972.5614973331488
-49.398611,17,147.374079,-49.39861142218845,0.0,-49.39861142218845
373.821638,92,147.440705,373.82163753287193,0.0,373.82163753287193
154.604762,53,147.480026,154.60476183147833,0.0,154.60476183147833
-58.785241,15,147.493669,-58.78524112409821,0.0,-58.78524112409821
970.44223,149,147.599528,970.442230056764,0.0,970.442230056764
204.117085,80,147.659726,204.117084537254,0.0,204.117084537254
385.846979,100,147.730794,385.8469792249289,0.0,385.8469792249289
-14.759611,23,147.750585,-14.759610591850716,0.0,-14.759610591850716
90.745404,49,147.78633,90.7454043705641,0.0,90.7454043705641
32.434904,38,147.816418,32.43490427779858,0.0,32.43490427779858
10.673715,28,147.839112,10.673714819934801,0.0,10.673714819934801
953.927528,147,147.94319,953.9275283233872,0.0,953.9275283233872
67.245845,38,147.971928,67.24584547913166,0.0,67.24584547913166
961.21215,189,148.107018,961.2121501960767,0.0,961.2121501960767
89.991289,43,148.138767,89.99128949588078,0.0,89.99128949588078
-34.088203,21,148.175216,-34.088202656340485,0.0,-34.088202656340485
336.113586,96,148.264538,336.1135860388897,0.0,336.1135860388897
129.875717,50,148.299873,129.87571715340633,0.0,129.87571715340633
55.992613,45,148.333144,55.992613038429454,0.0,55.992613038429454
958.831191,144,148.434659,958.831190580856,0.0,958.831190580856
67.879636,39,148.463357,67.87963627597107,0.0,67.87963627597107
101.384555,52,148.50228,101.38455523016736,0.0,101.38455523016736
414.794956,103,148.575689,414.79495558763807,0.0,414.79495558763807
1006.758108,149,149.260962,1006.7581083396253,0.0,1006.7581083396253
81.957185,43,149.292695,81.95718495399362,0.0,81.95718495399362
116.500268,49,149.329938,116.50026831011455,0.0,116.50026831011455
219.479788,77,149.389132,219.47978799854167,0.0,219.47978799854167
973.206798,149,149.499701,973.2067978821327,0.0,973.2067978821327
260.175562,78,149.558053,260.175562323788,0.0,260.175562323788
983.363163,157,149.673386,983.363162763062,0.0,983.363162763062
972.513062,162,149.789843,972.5130621672029,0.0,972.5130621672029
322.373287,110,149.871859,322.373287247687,0.0,322.373287247687
140.803981,57,149.914322,140.80398088492453,0.0,140.80398088492453
939.521149,140,150.01361,939.5211486289038,0.0,939.5211486289038
404.351486,107,150.093398,404.3514863904808,0.0,404.3514863904808
1009.587638,161,150.210262,1009.5876376154772,0.0,1009.5876376154772
972.892371,150,150.323141,972.892370775956,0.0,972.892370775956
60.643603,36,150.351551,60.643603024115066,0.0,60.643603024115066
-21.156176,23,150.36926,-21.156175528321725,0.0,-21.156175528321725
941.762086,143,150.4723,941.7620863966396,0.0,941.7620863966396
953.814734,153,150.583373,953.8147344259268,0.0,953.8147344259268
990.279728,159,151.263739,990.279728053253,0.0,990.279728053253
952.967732,143,151.371524,952.9677324611264,0.0,952.9677324611264
-23.604355,23,151.38969,-23.6043545427962,0.0,-23.6043545427962
362.946357,97,151.461087,362.94635740203876,0.0,362.94635740203876
960.714224,154,151.574856,960.7142242337966,0.0,960.7142242337966
109.801854,47,151.611243,109.80185360234604,0.0,109.80185360234604
12.338602,29,151.632528,12.338602395950488,0.0,12.338602395950488
942.389821,150,151.744473,942.3898212414443,0.0,942.3898212414443
939.05035,149,151.853682,939.0503498538494,0.0,939.0503498538494
4.068872,26,151.874502,4.068872260609112,0.0,4.068872260609112
955.360956,154,151.986268,955.3609560111158,0.0,955.3609560111158
378.80638,100,152.058668,378.8063797416993,0.0,378.8063797416993
95.913797,44,152.094398,95.9137970537414,0.0,95.9137970537414
84.483493,41,152.126329,84.48349311518078,0.0,84.48349311518078
955.825987,143,154.948039,955.8259871216977,0.0,955.8259871216977
1012.407958,161,155.062391,1012.4079575545832,0.0,1012.4079575545832
982.186695,152,155.172181,982.1866951659295,0.0,982.1866951659295
95.435114,53,155.211531,95.43511353653136,0.0,95.43511353653136
380.849765,100,155.286724,380.8497651732006,0.0,380.8497651732006
913.996574,223,155.444976,913.9965741561225,0.0,913.9965741561225
956.318241,145,156.113063,956.3182408072893,0.0,956.3182408072893
223.1545,78,156.16825,223.15449968954752,0.0,223.15449968954752
21.729292,37,156.196924,21.729291825173817,0.0,21.729291825173817
54.280033,38,156.225798,54.280032513727875,0.0,54.280032513727875
329.057495,90,156.292127,329.05749495689594,0.0,329.05749495689594
991.15405,161,156.40868,991.1540501767278,0.0,991.1540501767278
-41.726872,20,156.423851,-41.72687190151788,0.0,-41.72687190151788
940.55229,143,156.525774,940.5522896474349,0.0,940.5522896474349
950.290082,159,156.644471,950.2900817170249,0.0,950.2900817170249
1007.093438,171,156.763636,1007.0934378615034,0.0,1007.0934378615034
958.685018,148,156.872433,958.6850183557908,0.0,958.6850183557908
956.41667,146,156.97621,956.4166703051629,0.0,956.4166703051629
995.453816,151,157.08531,995.4538161747354,0.0,995.4538161747354
995.701514,149,157.192092,995.7015138395187,0.0,995.7015138395187
102.075367,49,157.227787,102.07536728092441,0.0,102.07536728092441
935.883148,142,157.328953,935.8831481558324,0.0,935.8831481558324
89.782944,44,157.360325,89.78294396374459,0.0,89.78294396374459
328.550995,93,157.428262,328.5509949794539,0.0,328.5509949794539
926.396881,144,158.094543,926.3968806370515,0.0,926.3968806370515
1016.836799,159,158.207124,1016.8367992987762,0.0,1016.8367992987762
930.417199,138,158.306556,930.417198679065,0.0,930.417198679065
973.684578,158,158.420823,973.6845776511857,0.0,973.6845776511857
410.382294,107,158.494786,410.38229394062074,0.0,410.38229394062074
64.370137,39,158.525276,64.37013677546281,0.0,64.37013677546281
102.718327,50,158.562756,102.7183270580961,0.0,102.7183270580961
947.226909,151,158.672302,947.2269088963845,0.0,947.2269088963845
132.867274,54,158.712957,132.86727436315135,0.0,132.86727436315135
162.954054,60,158.756365,162.9540542992261,0.0,162.9540542992261
985.806103,148,158.862639,985.8061033652878,0.0,985.8061033652878
366.806273,101,158.935559,366.80627256636626,0.0,366.80627256636626
967.676561,144,159.03628,967.6765607083025,0.0,967.6765607083025
75.83354,49,159.072593,75.83354028259967,0.0,75.83354028259967
999.922665,152,159.180365,999.9226647090791,0.0,999.9226647090791
423.878926,104,159.25399,423.8789262529175,0.0,423.8789262529175
932.345597,152,159.36388,932.3455967385792,0.0,932.3455967385792
460.646795,110,159.444487,460.6467952999315,0.0,460.6467952999315
974.163024,144,159.549628,974.1630235264407,0.0,974.1630235264407
384.746689,95,160.18602,384.7466887891987,0.0,384.7466887891987
20.075547,35,160.211674,20.075546795497786,0.0,20.075546795497786
454.931558,111,160.290723,454.9315581221729,0.0,454.9315581221729
969.32966,159,160.405354,969.3296603316938,0.0,969.3296603316938
959.477858,147,160.513098,959.4778576846918,0.0,959.4778576846918
388.582391,106,160.59094,388.5823912856434,0.0,388.5823912856434
1005.287246,163,160.709567,1005.2872459865858,0.0,1005.2872459865858
-2.322298,27,160.730754,-2.3222979185217554,0.0,-2.3222979185217554
970.272545,173,160.853024,970.2725451003205,0.0,970.2725451003205
942.089257,150,160.960832,942.0892571726777,0.0,942.0892571726777
957.379313,151,161.0696,957.3793126328817,0.0,957.3793126328817
118.999304,55,161.111065,118.9993040608988,0.0,118.9993040608988
216.559457,72,161.163669,216.5594569786521,0.0,216.5594569786521
248.191657,88,161.226998,248.19165732861515,0.0,248.19165732861515
9.662542,29,161.249648,9.662541802662162,0.0,9.662541802662162
1008.035819,156,161.359345,1008.0358187417293,0.0,1008.0358187417293
991.869104,146,161.463751,991.8691035401184,0.0,991.8691035401184
973.831422,151,161.570141,973.8314215130761,0.0,973.8314215130761
411.770233,101,162.20274,411.77023268960085,0.0,411.77023268960085
417.488293,105,162.278964,417.48829340491596,0.0,417.48829340491596
994.620179,161,162.392602,994.620179169759,0.0,994.620179169759
77.09903,41,162.423573,77.09903001438236,0.0,77.09903001438236
85.836471,40,162.455742,85.83647103645114,0.0,85.83647103645114
911.564155,201,162.598835,911.5641551444339,0.0,911.5641551444339
396.182221,98,162.672123,396.1822212033452,0.0,396.1822212033452
89.335542,42,162.703843,89.33554164810698,0.0,89.33554164810698
43.161967,35,162.731377,43.1619668860568,0.0,43.1619668860568
964.287709,146,162.837232,964.2877090623394,0.0,964.2877090623394
-1.211586,25,162.85699,-1.211585863839801,0.0,-1.211585863839801
979.284366,150,162.966088,979.2843662592352,0.0,979.2843662592352
916.211303,145,163.070409,916.2113026947591,0.0,916.2113026947591
954.702758,143,163.170182,954.7027577332316,0.0,954.7027577332316
54.31338,36,163.197922,54.31337951847138,0.0,54.31337951847138
123.068828,48,163.2314,123.06882794693186,0.0,123.06882794693186
88.957948,41,163.262263,88.95794758254685,0.0,88.95794758254685
442.280614,107,163.341488,442.2806137875393,0.0,442.2806137875393
967.795035,159,163.456742,967.7950347965574,0.0,967.7950347965574
99.076808,52,163.496244,99.07680761318136,0.0,99.07680761318136
949.92804,140,163.597704,949.9280404528553,0.0,949.9280404528553
10.360029,28,163.621524,10.360028726386034,0.0,10.360028726386034
962.059188,160,164.297393,962.0591875746269,0.0,962.0591875746269
50.794012,34,164.323363,50.79401204374918,0.0,50.79401204374918
447.898749,108,164.413218,447.89874918338126,0.0,447.89874918338126
-24.161044,22,164.431337,-24.161044122848338,0.0,-24.161044122848338
958.805648,150,164.541463,958.805648226152,0.0,958.805648226152
126.336708,53,164.582959,126.3367075209197,0.0,126.3367075209197
971.486177,158,164.696261,971.4861771249973,0.0,971.4861771249973
-21.424772,23,164.713804,-21.42477202435454,0.0,-21.42477202435454
1001.392842,167,164.834215,1001.3928415049976,0.0,1001.3928415049976
950.449619,142,164.935579,950.4496194962142,0.0,950.4496194962142
116.321257,48,167.742691,116.32125653661961,0.0,116.32125653661961
79.243849,39,167.771553,79.24384906822073,0.0,79.24384906822073
86.821524,41,167.801938,86.82152440970262,0.0,86.82152440970262
-31.606503,20,167.818391,-31.606502756214425,0.0,-31.606502756214425
989.679967,153,167.930371,989.6799672970185,0.0,989.6799672970185
1030.978438,157,168.046006,1030.9784377584585,0.0,1030.9784377584585
957.168356,146,168.152656,957.1683562364235,0.0,957.1683562364235
398.52749,97,168.220989,398.52749003902954,0.0,398.52749003902954
-41.92206,19,168.237362,-41.92206001122159,0.0,-41.92206001122159
985.675428,153,168.347371,985.6754279717272,0.0,985.6754279717272
935.650299,145,168.456995,935.6502987435967,0.0,935.6502987435967
959.329107,148,169.135812,959.3291067335189,0.0,959.3291067335189
1026.397486,167,169.255215,1026.397485954888,0.0,1026.397485954888
962.663611,145,169.357697,962.6636112340399,0.0,962.6636112340399
988.221896,159,169.473701,988.2218957743729,0.0,988.2218957743729
74.339334,38,169.502455,74.33933351279606,0.0,74.33933351279606
124.329859,48,169.537445,124.3298591936798,0.0,124.3298591936798
461.937395,115,169.621294,461.9373945548365,0.0,461.9373945548365
212.217095,81,169.681767,212.2170949122636,0.0,212.2170949122636
98.364954,45,169.71758,98.3649540901702,0.0,98.3649540901702
946.52349,139,169.820769,946.5234898380371,0.0,946.5234898380371
939.195226,145,169.925357,939.1952255122878,0.0,939.1952255122878
972.709959,153,170.039493,972.7099592476143,0.0,972.7099592476143
995.07171,152,170.149075,995.0717096712497,0.0,995.0717096712497
180.771337,64,170.198468,180.77133741589316,0.0,180.77133741589316
57.534078,40,170.228004,57.5340782493991,0.0,57.5340782493991
440.123538,110,170.30621,440.1235377865429,0.0,440.1235377865429
423.017814,103,170.382084,423.0178143634812,0.0,423.0178143634812
968.50257,161,170.497305,968.5025701853863,0.0,968.5025701853863
-45.519454,18,170.512501,-45.51945350496496,0.0,-45.51945350496496
8.078197,28,170.532239,8.078197245580142,0.0,8.078197245580142
125.137847,48,170.568841,125.13784685129501,0.0,125.13784685129501
-11.211488,25,171.169324,-11.21148768935295,0.0,-11.21148768935295
960.164424,153,171.280429,960.1644238861613,0.0,960.1644238861613
140.199622,61,171.326338,140.1996223977937,0.0,140.1996223977937
972.954058,146,171.433464,972.9540576449876,0.0,972.9540576449876
391.956663,104,171.508632,391.9566626910897,0.0,391.9566626910897
975.561256,154,171.621367,975.5612561215653,0.0,975.5612561215653
13.30692,28,171.644014,13.306920347480471,0.0,13.306920347480471
1011.214448,156,171.755024,1011.2144476007841,0.0,1011.2144476007841
88.14493,42,171.787323,88.14493030958006,0.0,88.14493030958006
-12.087755,25,171.806972,-12.087754512824418,0.0,-12.087754512824418
326.215964,96,171.878261,326.21596441140326,0.0,326.21596441140326
977.209751,148,171.9849,977.2097512448004,0.0,977.2097512448004
118.282325,46,172.01978,118.28232506216987,0.0,118.28232506216987
54.009094,36,172.047198,54.00909418251294,0.0,54.00909418251294
104.461722,45,172.080436,104.46172235681573,0.0,104.46172235681573
87.893371,43,172.113424,87.89337076665053,0.0,87.89337076665053
915.959091,145,172.21834,915.9590905594517,0.0,915.9590905594517
371.601941,107,172.296572,371.6019406895766,0.0,371.6019406895766
385.330959,97,172.367515,385.330958501092,0.0,385.330958501092
946.465532,157,172.481937,946.4655323989423,0.0,946.4655323989423
89.781973,50,172.521888,89.78197316044219,0.0,89.78197316044219
28.664543,36,172.55209,28.664543243769216,0.0,28.664543243769216
134.643612,52,172.589653,134.64361176210758,0.0,134.64361176210758
115.929406,50,172.628623,115.92940579493617,0.0,115.92940579493617
80.047379,42,172.658602,80.04737940940456,0.0,80.04737940940456
978.272092,148,173.333002,978.272091536053,0.0,978.272091536053
406.549411,98,173.403934,406.5494108494711,0.0,406.5494108494711
977.162392,154,173.515371,977.1623917769853,0.0,977.1623917769853
-32.200014,20,173.532154,-32.200014193496415,0.0,-32.200014193496415
960.781846,149,173.636596,960.7818462972284,0.0,960.7818462972284
936.465525,143,173.740485,936.4655246095489,0.0,936.4655246095489
128.053265,54,173.783274,128.05326530619647,0.0,128.05326530619647
72.404968,39,173.812438,72.40496789206288,0.0,72.40496789206288
-52.644085,16,173.825331,-52.64408535827553,0.0,-52.64408535827553
953.101096,151,173.932953,953.1010956279481,0.0,953.1010956279481
427.842303,107,174.010463,427.84230274497867,0.0,427.84230274497867
64.564167,37,174.037675,64.564166799724,0.0,64.564166799724
952.186023,156,174.148295,952.1860234912534,0.0,952.1860234912534
15.651688,29,174.172209,15.65168781580465,0.0,15.65168781580465
1008.855233,157,174.282529,1008.8552331497133,0.0,1008.8552331497133
966.481471,148,174.38938,966.4814710662062,0.0,966.4814710662062
980.302343,155,174.501357,980.3023425059016,0.0,980.3023425059016
1003.505775,165,174.621788,1003.5057749383833,0.0,1003.5057749383833
93.278142,49,174.658049,93.27814179671256,0.0,93.27814179671256
991.049186,160,175.335314,991.0491855645821,0.0,991.0491855645821
967.66485,148,175.44153,967.6648502422037,0.0,967.6648502422037
332.582526,93,175.511168,332.582526388621,0.0,332.582526388621
921.91329,140,175.612321,921.9132901375208,0.0,921.9132901375208
966.696395,143,175.71508,966.6963947613381,0.0,966.6963947613381
943.157244,170,175.840925,943.1572438604596,0.0,943.1572438604596
953.078144,157,175.954162,953.0781444720706,0.0,953.0781444720706
985.671342,149,176.062631,985.6713419066526,0.0,985.6713419066526
130.08411,55,176.103818,130.08410962690948,0.0,130.08410962690948
84.097015,41,176.134472,84.09701468505081,0.0,84.09701468505081
947.346926,141,176.239903,947.3469258072333,0.0,947.3469258072333
994.344238,163,176.354909,994.3442380196155,0.0,994.3442380196155
81.733607,40,176.385373,81.7336066299239,0.0,81.7336066299239
167.511335,66,176.434155,167.51133533962098,0.0,167.51133533962098
61.05609,36,176.461514,61.05609012845859,0.0,61.05609012845859
988.082341,152,176.574164,988.082341338086,0.0,988.082341338086
330.845246,98,176.644066,330.84524613249596,0.0,330.84524613249596
931.418061,190,177.349336,931.418060704939,0.0,931.418060704939
927.79498,158,177.46184,927.794979583073,0.0,927.794979583073
981.114385,158,177.576818,981.1143846334106,0.0,981.1143846334106
967.277537,148,177.684675,967.2775371080236,0.0,967.2775371080236
79.37037,45,177.719303,79.3703703100751,0.0,79.3703703100751
420.14512,103,177.79223,420.14511993210715,0.0,420.14511993210715
-41.890326,18,177.807376,-41.89032581824482,0.0,-41.89032581824482
-33.353279,21,177.825584,-33.35327938132154,0.0,-33.35327938132154
911.815629,134,180.571115,911.8156291807311,0.0,911.8156291807311
382.312647,102,180.642659,382.3126470068043,0.0,382.3126470068043
92.868761,41,180.672973,92.8687607990857,0.0,92.8687607990857
937.540762,140,180.775722,937.5407616913876,0.0,937.5407616913876
362.567418,114,180.858846,362.5674181702682,0.0,362.5674181702682
920.066154,140,180.957285,920.0661541000802,0.0,920.0661541000802
974.395389,141,181.057541,974.3953886931547,0.0,974.3953886931547
1003.136667,155,181.169779,1003.1366673175551,0.0,1003.1366673175551
966.022333,146,181.275288,966.0223333367235,0.0,966.0223333367235
85.908296,42,181.306243,85.90829628990004,0.0,85.90829628990004
944.950705,141,181.40772,944.9507052527795,0.0,944.9507052527795
981.278453,167,182.082385,981.2784530441637,0.0,981.2784530441637
928.480924,139,182.180896,928.4809239752808,0.0,928.4809239752808
-41.168726,18,182.196095,-41.16872637992708,0.0,-41.16872637992708
-35.53936,20,182.211323,-35.5393596827096,0.0,-35.5393596827096
21.941284,35,182.238782,21.941283879290694,0.0,21.941283879290694
985.327209,150,182.345838,985.3272094173534,0.0,985.3272094173534
124.923848,53,182.384753,124.92384805035366,0.0,124.92384805035366
935.968923,136,182.481775,935.9689234226219,0.0,935.9689234226219
70.42404,41,182.530711,70.42403952527859,0.0,70.42403952527859
310.628106,88,182.620005,310.62810634447794,0.0,310.62810634447794
957.271902,149,182.72409,957.2719022657585,0.0,957.2719022657585
206.104142,67,182.772777,206.10414158629774,0.0,206.10414158629774
-41.352305,19,182.787929,-41.35230494093102,0.0,-41.35230494093102
372.787684,95,182.85633,372.7876837276028,0.0,372.7876837276028
60.354512,37,182.883336,60.35451167843348,0.0,60.35451167843348
936.168187,142,182.984962,936.1681867335122,0.0,936.1681867335122
326.863657,106,183.063128,326.86365657825945,0.0,326.86365657825945
956.704156,148,183.17051,956.7041562946764,0.0,956.7041562946764
977.076235,144,183.273679,977.0762345800362,0.0,977.0762345800362
951.391475,142,183.377311,951.391475243453,0.0,951.391475243453
3.070718,26,183.396115,3.0707182809197064,0.0,3.0707182809197064
24.986619,31,183.42195,24.98661918947407,0.0,24.98661918947407
92.192668,44,183.466529,92.19266830335852,0.0,92.19266830335852
-2.19463,25,183.48776,-2.19462994107721,0.0,-2.19462994107721
392.075607,110,183.565709,392.07560686178863,0.0,392.07560686178863
927.82315,143,184.219271,927.8231501407936,0.0,927.8231501407936
965.641478,154,184.32993,965.6414777871414,0.0,965.6414777871414
933.09987,152,184.44153,933.0998703238972,0.0,933.0998703238972
85.024967,40,184.471727,85.02496741347102,0.0,85.02496741347102
420.99497,106,184.548665,420.9949702780222,0.0,420.9949702780222
-51.764654,18,184.563842,-51.764654393583356,0.0,-51.764654393583356
-55.160779,16,184.575955,-55.16077895886339,0.0,-55.16077895886339
56.968714,44,184.608467,56.96871425932122,0.0,56.96871425932122
980.284096,143,184.709272,980.2840956930069,0.0,980.2840956930069
59.905766,43,184.742447,59.90576579003945,0.0,59.90576579003945
99.911239,45,184.775196,99.91123918485592,0.0,99.91123918485592
982.558457,149,184.880939,982.5584573694747,0.0,982.5584573694747
961.226694,147,184.986928,961.2266935641926,0.0,961.2266935641926
946.353186,144,185.091167,946.3531858250311,0.0,946.3531858250311
-58.573725,15,185.101821,-58.57372498022085,0.0,-58.57372498022085
915.132324,134,185.196584,915.1323240952366,0.0,915.1323240952366
990.88192,146,185.301616,990.8819196362431,0.0,990.8819196362431
-26.466411,22,185.31993,-26.466410668922407,0.0,-26.466410668922407
158.539399,63,185.36472,158.5393991350937,0.0,158.5393991350937
-53.622285,16,185.378893,-53.622285089274826,0.0,-53.622285089274826
996.757388,153,185.485334,996.7573876616229,0.0,996.7573876616229
935.723636,142,185.584137,935.7236363847468,0.0,935.7236363847468
126.306557,49,186.180243,126.30655709630356,0.0,126.30655709630356
105.024169,44,186.211911,105.02416892412243,0.0,105.02416892412243
966.503248,162,186.32747,966.5032484704584,0.0,966.5032484704584
152.888802,57,186.370101,152.88880248557203,0.0,152.88880248557203
98.320123,49,186.40621,98.32012288334812,0.0,98.32012288334812
957.632523,150,186.513946,957.6325231111912,0.0,957.6325231111912
939.602539,147,186.620567,939.6025391933276,0.0,939.6025391933276
967.865288,161,186.737385,967.8652884213404,0.0,967.8652884213404
925.379977,146,186.843052,925.3799773639118,0.0,925.3799773639118
977.194426,153,186.954924,977.1944264967851,0.0,977.1944264967851
943.913275,176,187.081957,943.9132745179072,0.0,943.9132745179072
-24.618415,21,187.098769,-24.61841538204419,0.0,-24.61841538204419
396.678505,97,187.169676,396.67850462057885,0.0,396.67850462057885
968.863216,158,187.281842,968.8632163691155,0.0,968.8632163691155
1007.562859,152,187.395518,1007.562859099454,0.0,1007.562859099454
969.210456,143,187.498472,969.2104560999261,0.0,969.2104560999261
941.018693,152,187.609091,941.0186929206131,0.0,941.0186929206131
52.431979,36,187.635034,52.4319792975289,0.0,52.4319792975289
974.166818,152,188.299723,974.1668182795679,0.0,974.1668182795679
1007.821059,155,188.414877,1007.8210591075785,0.0,1007.8210591075785
124.738562,48,188.450505,124.73856223096156,0.0,124.73856223096156
-42.299848,19,188.465569,-42.2998479174332,0.0,-42.2998479174332
943.253655,139,188.567092,943.2536553386797,0.0,943.2536553386797
68.99316,43,188.599699,68.99316029770766,0.0,68.99316029770766
983.973018,158,188.713409,983.9730183240533,0.0,983.9730183240533
356.640715,91,188.779897,356.6407151631845,0.0,356.6407151631845
357.39598,95,188.847747,357.3959795550991,0.0,357.3959795550991
910.483125,185,188.979638,910.4831253356479,0.0,910.4831253356479
-45.27691,20,188.995388,-45.276909585646706,0.0,-45.276909585646706
948.237565,151,189.105028,948.2375649284626,0.0,948.2375649284626
95.983251,43,189.13535,95.98325115946933,0.0,95.98325115946933
940.614911,144,189.240403,940.614910525895,0.0,940.614910525895
122.050285,48,189.275917,122.05028488762275,0.0,122.05028488762275
397.207897,103,189.351065,397.20789711423305,0.0,397.20789711423305
360.613905,91,189.415581,360.61390485936636,0.0,360.61390485936636
950.681108,141,189.5141,950.6811076941178,0.0,950.6811076941178
107.491978,44,189.545958,107.49197819595797,0.0,107.49197819595797
112.584809,45,189.580688,112.58480905245266,0.0,112.58480905245266
996.197419,153,190.255719,996.1974185271243,0.0,996.1974185271243
938.354665,150,190.361682,938.3546654511085,0.0,938.3546654511085
961.967101,150,190.469923,961.9671014277153,0.0,961.9671014277153
119.1745,46,190.503957,119.17450030357202,0.0,119.17450030357202
-5.774871,27,190.525243,-5.77487143551501,0.0,-5.77487143551501
982.493606,151,193.327231,982.4936060074713,0.0,982.4936060074713
1009.763602,154,193.436034,1009.7636021377573,0.0,1009.7636021377573
0.46345,26,193.455839,0.4634504331801992,0.0,0.4634504331801992
117.152767,46,193.488766,117.15276724624871,0.0,117.15276724624871
397.985921,105,193.562901,397.9859205606027,0.0,397.9859205606027
983.155385,167,193.681561,983.1553846860191,0.0,983.1553846860191
415.1114,101,193.75344,415.11139951745054,0.0,415.11139951745054
-51.44506,17,193.768603,-51.44505968594418,0.0,-51.44505968594418
-38.355684,19,193.783615,-38.35568394740656,0.0,-38.35568394740656
16.834664,28,193.805783,16.834664399252503,0.0,16.834664399252503
329.665004,113,193.885567,329.6650041411722,0.0,329.6650041411722
968.874423,145,193.989963,968.874423484654,0.0,968.874423484654
25.470734,37,194.01725,25.470734103836747,0.0,25.470734103836747
929.56644,148,194.122927,929.5664400713068,0.0,929.5664400713068
139.708117,60,194.165408,139.70811676787585,0.0,139.70811676787585
955.840998,154,194.275992,955.8409982455372,0.0,955.8409982455372
973.864176,152,194.384425,973.8641761351037,0.0,973.8641761351037
957.646802,147,195.060571,957.6468020912781,0.0,957.6468020912781
959.535128,147,195.165988,959.5351284576988,0.0,959.5351284576988
993.87896,151,195.273427,993.8789603201981,0.0,993.8789603201981
925.636056,139,195.373068,925.6360557539499,0.0,925.6360557539499
-48.017421,18,195.391498,-48.01742119928946,0.0,-48.01742119928946
54.599198,35,195.417733,54.59919787682627,0.0,54.59919787682627
7.252387,27,195.437597,7.252387476068435,0.0,7.252387476068435
354.032414,95,195.506249,354.03241395274995,0.0,354.03241395274995
142.896148,59,195.550316,142.89614836552383,0.0,142.89614836552383
961.671284,141,195.652905,961.6712843144595,0.0,961.6712843144595
990.652197,148,195.759235,990.6521972551225,0.0,990.6521972551225
951.63216,195,195.895191,951.6321599123858,0.0,951.6321599123858
930.934599,147,195.998142,930.9345990360321,0.0,930.9345990360321
978.288029,157,196.109826,978.2880290934002,0.0,978.2880290934002
67.617438,37,196.1375,67.61743774694041,0.0,67.61743774694041
943.522117,144,196.238871,943.5221165326838,0.0,943.5221165326838
1013.609491,154,196.348316,1013.6094914821398,0.0,1013.6094914821398
345.941104,104,196.422308,345.9411035059361,0.0,345.9411035059361
23.38017,30,196.444061,23.380170298632606,0.0,23.380170298632606
92.180831,42,197.042994,92.1808314514707,0.0,92.1808314514707
994.06905,151,197.16547,994.0690503481459,0.0,994.0690503481459
55.377127,37,197.19291,55.3771265226293,0.0,55.3771265226293
966.325483,148,197.303372,966.325483226014,0.0,966.325483226014
983.756652,214,197.454874,983.7566521810436,0.0,983.7566521810436
64.989792,44,197.486459,64.98979199719344,0.0,64.98979199719344
75.829652,38,197.513614,75.82965192052566,0.0,75.82965192052566
77.013656,41,197.544077,77.0136564276978,0.0,77.0136564276978
304.748326,100,197.617789,304.7483260057688,0.0,304.7483260057688
424.807059,110,197.742231,424.8070588472964,0.0,424.8070588472964
990.257976,160,197.856484,990.257976270507,0.0,990.257976270507
953.576725,143,197.962383,953.5767249451183,0.0,953.5767249451183
979.008229,150,198.073153,979.0082294302028,0.0,979.0082294302028
992.525843,157,198.186693,992.5258425595379,0.0,992.5258425595379
95.28328,56,198.227323,95.28328044503671,0.0,95.28328044503671
976.764102,156,198.339179,976.7641016504504,0.0,976.7641016504504
1020.52811,158,198.453339,1020.5281101890005,0.0,1020.5281101890005
916.413142,140,198.553273,916.4131424904948,0.0,916.4131424904948
936.439718,145,199.221658,936.4397175266839,0.0,936.4397175266839
61.833333,36,199.24897,61.83333338444403,0.0,61.83333338444403
936.116196,145,199.353405,936.1161958372924,0.0,936.1161958372924
-26.765995,21,199.370165,-26.765995097375338,0.0,-26.765995097375338
-39.530914,20,199.386782,-39.53091395451047,0.0,-39.53091395451047
112.623096,46,199.421345,112.62309563899684,0.0,112.62309563899684
914.537648,145,199.527198,914.5376481999394,0.0,914.5376481999394
993.160943,149,199.634949,993.1609428449764,0.0,993.1609428449764
949.010648,138,199.733424,949.0106482387727,0.0,949.0106482387727
967.993604,141,199.833351,967.9936037129565,0.0,967.9936037129565
79.823147,41,199.864689,79.82314653795399,0.0,79.82314653795399
79.757949,40,199.894008,79.75794856423133,0.0,79.75794856423133
942.825404,148,200.001701,942.8254044539254,0.0,942.8254044539254
1001.441658,152,200.113394,1001.4416582056,0.0,1001.4416582056
984.171261,156,200.225733,984.1712609462621,0.0,984.1712609462621
-6.014084,27,200.245622,-6.014083946031846,0.0,-6.014083946031846
1009.342469,153,200.35652,1009.3424693436949,0.0,1009.3424693436949
-19.085932,22,200.373272,-19.085932305843286,0.0,-19.085932305843286
-43.412793,19,200.389054,-43.412792900815205,0.0,-43.412792900815205
988.742563,156,200.502508,988.7425627548134,0.0,988.7425627548134
271.453084,101,200.577067,271.4530843084865,0.0,271.4530843084865
968.361518,154,201.259733,968.361518069381,0.0,968.361518069381
12.381915,35,201.287189,12.381914654905131,0.0,12.381914654905131
428.95877,106,201.360312,428.9587704425034,0.0,428.9587704425034
109.3284,52,201.401392,109.32839974102936,0.0,109.32839974102936
977.882751,151,201.506274,977.8827505536132,0.0,977.8827505536132
977.973517,145,201.609395,977.9735165687371,0.0,977.9735165687371
12.87925,29,201.630568,12.879249802737178,0.0,12.879249802737178
998.049675,157,201.741295,998.0496747890509,0.0,998.0496747890509
-23.678995,24,201.759428,-23.678994844336742,0.0,-23.678994844336742
994.729406,155,201.871333,994.7294064177504,0.0,994.7294064177504
984.309148,148,201.97521,984.3091482814223,0.0,984.3091482814223
67.836691,39,202.005327,67.83669082977346,0.0,67.83669082977346
933.842246,141,202.102053,933.8422457078799,0.0,933.8422457078799
52.022526,37,202.127814,52.0225264865967,0.0,52.0225264865967
964.036374,144,202.230368,964.0363737564379,0.0,964.0363737564379
359.429779,108,202.308193,359.42977885534145,0.0,359.42977885534145
956.985833,139,202.407638,956.985833061978,0.0,956.985833061978
958.737162,152,202.516274,958.7371617037247,0.0,958.7371617037247
980.977768,161,202.630123,980.977767655289,0.0,980.977767655289
-16.972268,30,202.652315,-16.97226773497121,0.0,-16.97226773497121
336.872969,101,203.282001,336.87296916111865,0.0,336.87296916111865
939.992464,150,203.388583,939.9924640060772,0.0,939.9924640060772
988.974502,148,206.095295,988.9745016003791,0.0,988.9745016003791
420.458833,104,206.171485,420.4588330476315,0.0,420.4588330476315
982.978486,162,206.288358,982.9784863677852,0.0,982.9784863677852
57.834513,36,206.316557,57.834513172557095,0.0,57.834513172557095
167.856737,62,206.360984,167.8567366902502,0.0,167.8567366902502
999.11497,158,206.473838,999.1149698042692,0.0,999.1149698042692
924.355111,147,206.580427,924.355110787215,0.0,924.355110787215
342.746182,98,206.653258,342.7461816404206,0.0,342.7461816404206
980.831242,161,206.767991,980.8312415039277,0.0,980.8312415039277
973.603328,151,206.87749,973.6033276585276,0.0,973.6033276585276
77.499528,39,206.906189,77.49952845477185,0.0,77.49952845477185
-27.293899,22,206.924418,-27.293899250604937,0.0,-27.293899250604937
449.106863,107,207.001335,449.1068628038226,0.0,449.1068628038226
930.577878,142,207.104865,930.5778779670037,0.0,930.5778779670037
943.164703,151,207.212263,943.1647030679703,0.0,943.1647030679703
-40.469164,22,207.231738,-40.469163910225575,0.0,-40.469163910225575
98.319084,52,207.272718,98.319084362913,0.0,98.319084362913
386.286959,100,207.910448,386.2869590910087,0.0,386.2869590910087
8.942524,27,207.931735,8.942524053221561,0.0,8.942524053221561
976.210935,148,208.039112,976.210934989095,0.0,976.210934989095
971.775921,149,208.146551,971.7759212654943,0.0,971.7759212654943
923.789237,141,208.248196,923.7892372410925,0.0,923.7892372410925
69.992773,43,208.281072,69.99277264961523,0.0,69.99277264961523
961.718253,154,208.388679,961.718252536832,0.0,961.718252536832
-0.896692,26,208.408322,-0.8966917079536643,0.0,-0.8966917079536643
384.019934,109,208.489753,384.01993361559255,0.0,384.01993361559255
1013.141174,149,208.600049,1013.1411737191823,0.0,1013.1411737191823
56.236877,36,208.627355,56.236876777363136,0.0,56.236876777363136
85.318157,44,208.660432,85.3181573602427,0.0,85.3181573602427
1015.412675,154,208.775374,1015.4126751527958,0.0,1015.4126751527958
1002.718781,151,208.88251,1002.7187805055214,0.0,1002.7187805055214
934.179937,151,208.995445,934.1799366252193,0.0,934.1799366252193
937.207306,140,209.098714,937.2073062131864,0.0,937.2073062131864
944.964359,138,209.198838,944.9643589984674,0.0,944.9643589984674
105.513854,45,209.235372,105.51385366065176,0.0,105.51385366065176
952.409564,149,209.356805,952.4095642389643,0.0,952.4095642389643
14.140755,28,209.378244,14.140755396140705,0.0,14.140755396140705
118.279824,55,209.982001,118.2798242604193,0.0,118.2798242604193
959.839123,146,210.090171,959.8391225180187,0.0,959.8391225180187
414.787558,103,210.164088,414.78755773730217,0.0,414.78755773730217
980.485912,146,210.2705,980.4859122074831,0.0,980.4859122074831
941.614527,154,210.383154,941.6145265440717,0.0,941.6145265440717
988.278482,145,210.488386,988.2784819824,0.0,988.2784819824
930.659203,152,210.597304,930.6592026794872,0.0,930.6592026794872
130.109037,52,210.636503,130.10903667811866,0.0,130.10903667811866
987.254608,148,210.745488,987.2546075132459,0.0,987.2546075132459
990.802011,149,210.854393,990.8020105890156,0.0,990.8020105890156
319.898659,91,210.922145,319.8986591602968,0.0,319.8986591602968
-39.185508,19,210.936477,-39.1855077873184,0.0,-39.1855077873184
365.526391,99,211.010211,365.5263907022562,0.0,365.5263907022562
129.964407,49,211.046617,129.9644068270863,0.0,129.9644068270863
93.035558,42,211.080009,93.03555756121172,0.0,93.03555756121172
985.969387,152,211.188922,985.9693870688515,0.0,985.9693870688515
968.352179,149,211.296072,968.3521790443864,0.0,968.3521790443864
66.580743,38,211.324967,66.58074329310955,0.0,66.58074329310955
937.989803,140,211.425387,937.989803424941,0.0,937.989803424941
954.23285,150,212.100334,954.2328499297448,0.0,954.2328499297448
1004.189127,154,212.209908,1004.1891273273262,0.0,1004.1891273273262
138.998199,58,212.252265,138.99819935332823,0.0,138.99819935332823
967.009943,152,212.361192,967.0099428944458,0.0,967.0099428944458
1011.546593,222,212.518816,1011.5465933215705,0.0,1011.5465933215705
78.875526,39,212.547588,78.87552577581515,0.0,78.87552577581515
987.399348,158,212.659568,987.3993476440237,0.0,987.3993476440237
1.575028,26,212.679333,1.5750281938606179,0.0,1.5750281938606179
965.8065,152,212.793676,965.8064997770414,0.0,965.8064997770414
991.353508,149,212.899791,991.3535078541681,0.0,991.3535078541681
969.74994,147,213.003893,969.749940039785,0.0,969.749940039785
942.756804,190,213.140951,942.7568044837353,0.0,942.7568044837353
973.184077,150,213.247973,973.1840774096584,0.0,973.1840774096584
1001.909013,157,213.361526,1001.9090132271574,0.0,1001.9090132271574
1003.367699,179,214.050079,1003.3676986849264,0.0,1003.3676986849264
272.097667,84,214.109322,272.097667353869,0.0,272.097667353869
956.202244,153,214.220053,956.2022442759662,0.0,956.2022442759662
130.63961,55,214.261125,130.63961043789104,0.0,130.63961043789104
994.90418,151,214.369928,994.9041797628058,0.0,994.9041797628058
-21.127655,24,214.388074,-21.127654905619906,0.0,-21.127654905619906
436.450187,107,214.466344,436.4501868891185,0.0,436.4501868891185
971.258325,144,214.569528,971.2583250400244,0.0,971.2583250400244
969.984203,146,214.674414,969.9842034863991,0.0,969.9842034863991
971.92252,148,214.782953,971.9225204116283,0.0,971.9225204116283
1013.573618,147,214.929456,1013.573618443708,0.0,1013.573618443708
371.970556,104,215.012456,371.9705561904847,0.0,371.9705561904847
944.137952,141,215.110847,944.1379516490234,0.0,944.1379516490234
931.071421,140,215.212378,931.0714205191789,0.0,931.0714205191789
158.94131,63,215.257889,158.94131024505427,0.0,158.94131024505427
0.642542,26,215.279186,0.6425419484525037,0.0,0.6425419484525037
84.543117,42,215.309501,84.54311722389404,0.0,84.54311722389404
272.158158,81,215.370094,272.1581578020098,0.0,272.1581578020098
982.921892,151,215.476473,982.9218916079665,0.0,982.9218916079665
951.961406,147,218.860712,951.9614060824291,0.0,951.9614060824291
380.212786,93,218.928752,380.212785897218,0.0,380.212785897218
99.308586,42,218.959411,99.30858557294218,0.0,99.30858557294218
153.313259,63,219.004111,153.31325899556688,0.0,153.31325899556688
997.533412,157,219.117502,997.533411792847,0.0,997.533411792847
368.141182,99,219.188561,368.1411815700077,0.0,368.1411815700077
144.540857,51,219.224024,144.5408566587282,0.0,144.5408566587282
954.380053,149,219.330891,954.3800528437902,0.0,954.3800528437902
132.514858,50,219.368747,132.5148584639255,0.0,132.5148584639255
991.245175,158,219.482863,991.2451748915329,0.0,991.2451748915329
938.33768,144,219.585972,938.3376802163294,0.0,938.3376802163294
-24.708251,21,219.603031,-24.70825050830969,0.0,-24.70825050830969
345.967309,101,219.67421,345.9673090581425,0.0,345.9673090581425
96.740236,43,219.705531,96.74023597595966,0.0,96.74023597595966
964.61146,144,219.808982,964.6114604597369,0.0,964.6114604597369
937.541286,144,219.913405,937.54128583141,0.0,937.54128583141
992.38298,147,220.019936,992.382979917656,0.0,992.382979917656
356.536892,104,220.093678,356.5368920212612,0.0,356.5368920212612
947.375131,147,220.198253,947.3751306893333,0.0,947.3751306893333
959.917833,151,220.309538,959.9178331822045,0.0,959.9178331822045
363.041542,107,220.954289,363.04154217209043,0.0,363.04154217209043
958.999,142,221.057393,958.9989996627667,0.0,958.9989996627667
113.569421,48,221.093997,113.56942078684685,0.0,113.56942078684685
2.123037,26,221.114637,2.123036802599657,0.0,2.123036802599657
1015.717879,155,221.223578,1015.7178790827021,0.0,1015.7178790827021
348.877733,96,221.294467,348.8777329708743,0.0,348.8777329708743
363.495897,102,221.365498,363.4958974702708,0.0,363.4958974702708
18.31053,30,221.38826,18.310530008516224,0.0,18.310530008516224
438.495201,109,221.469435,438.49520133133734,0.0,438.49520133133734
260.924016,79,221.524479,260.92401638021636,0.0,260.92401638021636
950.255761,151,221.627941,950.2557613937298,0.0,950.2557613937298
55.582998,35,221.652138,55.5829975187264,0.0,55.5829975187264
-26.394386,28,221.673344,-26.39438579870034,0.0,-26.39438579870034
978.982519,149,221.778726,978.9825194905353,0.0,978.9825194905353
93.914162,50,221.813518,93.914161793349,0.0,93.914161793349
426.815958,113,221.895767,426.81595791717274,0.0,426.81595791717274
955.83737,160,222.00908,955.8373702967804,0.0,955.8373702967804
966.457028,156,222.122878,966.4570278381318,0.0,966.4570278381318
971.045128,147,222.227192,971.0451276874498,0.0,971.0451276874498
980.041413,144,222.329655,980.0414129665,0.0,980.0414129665
346.532173,102,222.96724,346.53217310231764,0.0,346.53217310231764
438.549184,109,223.045999,438.54918391792023,0.0,438.54918391792023
962.72205,149,223.15211,962.7220498641071,0.0,962.7220498641071
407.220834,108,223.230504,407.22083442347736,0.0,407.22083442347736
32.348992,34,223.257006,32.34899150008145,0.0,32.34899150008145
1005.920416,178,223.384687,1005.920416235482,0.0,1005.920416235482
973.381536,150,223.493605,973.3815362758626,0.0,973.3815362758626
987.653174,160,223.608638,987.6531740774084,0.0,987.6531740774084
947.894034,141,223.71142,947.8940343272103,0.0,947.8940343272103
966.530701,149,223.821081,966.5307009126426,0.0,966.5307009126426
121.092567,47,223.857108,121.0925669941247,0.0,121.0925669941247
77.938252,40,223.88782,77.9382518711397,0.0,77.9382518711397
1006.385853,175,224.016062,1006.385853357536,0.0,1006.385853357536
369.096495,96,224.085699,369.0964948063789,0.0,369.0964948063789
996.371003,151,224.194971,996.3710027296554,0.0,996.3710027296554
-1.206505,27,224.217772,-1.2065047902373323,0.0,-1.2065047902373323
82.960171,41,224.246672,82.96017075538677,0.0,82.96017075538677
261.445007,80,224.307112,261.4450072666831,0.0,261.4450072666831
14.940489,39,224.346811,14.940488550771335,0.0,14.940488550771335
29.017858,32,224.371794,29.017858192091268,0.0,29.017858192091268
954.784704,141,225.046788,954.7847038178429,0.0,954.7847038178429
942.393018,138,225.146895,942.393018243644,0.0,942.393018243644
963.674354,155,225.260505,963.674354421772,0.0,963.674354421772
53.808475,35,225.286311,53.80847457485379,0.0,53.80847457485379
261.390639,79,225.347116,261.3906391466902,0.0,261.3906391466902
113.411465,46,225.380466,113.41146476183228,0.0,113.41146476183228
-15.056565,23,225.39863,-15.056565363391641,0.0,-15.056565363391641
223.388612,79,225.456362,223.3886124488328,0.0,223.3886124488328
1002.821719,161,225.571482,1002.8217185280611,0.0,1002.8217185280611
420.057462,103,225.644177,420.05746169547143,0.0,420.05746169547143
218.470432,72,225.697989,218.47043225837183,0.0,218.47043225837183
278.009722,80,225.756488,278.0097215908488,0.0,278.0097215908488
116.615833,52,225.795886,116.61583322831638,0.0,116.61583322831638
-30.713887,22,225.812562,-30.713886603658977,0.0,-30.713886603658977
925.321156,159,225.929507,925.3211555643879,0.0,925.3211555643879
99.966385,51,225.967437,99.96638517249431,0.0,99.96638517249431
-39.26163,19,225.982643,-39.261629520631445,0.0,-39.261629520631445
442.538717,107,226.061175,442.5387169055741,0.0,442.5387169055741
963.63898,145,226.169444,963.6389797285879,0.0,963.6389797285879
991.075522,151,226.27878,991.075521961708,0.0,991.075521961708
254.508369,87,226.34253,254.50836882452413,0.0,254.50836882452413
980.173724,147,226.473316,980.1737240126972,0.0,980.1737240126972
958.442057,149,227.256186,958.4420568658418,0.0,958.4420568658418
973.84648,144,227.369161,973.8464798221921,0.0,973.8464798221921
188.575348,64,227.422329,188.57534773405,0.0,188.57534773405
931.605614,167,227.552062,931.6056137536816,0.0,931.6056137536816
-6.909018,24,227.575147,-6.909018026568333,0.0,-6.909018026568333
362.253025,103,227.656781,362.25302493842037,0.0,362.25302493842037
-38.635566,19,227.67498,-38.635565936086905,0.0,-38.635565936086905
78.696238,50,227.715693,78.69623788012223,0.0,78.69623788012223
6.737092,28,227.739594,6.737092306624604,0.0,6.737092306624604
401.595708,103,227.819216,401.59570752454454,0.0,401.59570752454454
133.967125,50,227.859582,133.96712539208352,0.0,133.96712539208352
945.881423,150,227.96733,945.881423159288,0.0,945.881423159288
928.76378,145,228.071472,928.7637797640184,0.0,928.7637797640184
965.497066,149,228.177923,965.4970663704127,0.0,965.4970663704127
936.020354,147,228.28231,936.0203535362207,0.0,936.0203535362207
174.649866,66,228.329224,174.64986566871397,0.0,174.64986566871397
987.775039,169,228.452515,987.7750390649054,0.0,987.7750390649054
97.062123,49,228.488827,97.06212328324673,0.0,97.06212328324673
-46.058656,18,228.503964,-46.05865567175951,0.0,-46.05865567175951
955.461697,148,231.149047,955.4616969226774,0.0,955.4616969226774
49.188091,35,231.174782,49.18809136066933,0.0,49.18809136066933
424.573121,113,231.256746,424.5731208459406,0.0,424.5731208459406
992.222586,177,231.948802,992.2225860737487,0.0,992.2225860737487
287.90873,91,232.052573,287.9087303490462,0.0,287.9087303490462
78.925244,41,232.086023,78.92524371088408,0.0,78.92524371088408
113.061032,48,232.119284,113.06103166713066,0.0,113.06103166713066
977.155377,145,232.221167,977.1553767916159,0.0,977.1553767916159
42.048458,34,232.246905,42.048458213070376,0.0,42.048458213070376
101.721541,47,232.281671,101.72154136058892,0.0,101.72154136058892
988.129934,147,232.385781,988.1299343271216,0.0,988.1299343271216
949.927913,164,232.503628,949.9279126903491,0.0,949.9279126903491
-55.189259,17,232.519829,-55.18925869773916,0.0,-55.18925869773916
950.764511,139,232.61852,950.7645108404319,0.0,950.7645108404319
946.626328,140,232.718236,946.6263283762364,0.0,946.6263283762364
967.639587,161,232.833557,967.6395867670375,0.0,967.6395867670375
155.119788,62,232.878266,155.11978812318446,0.0,155.11978812318446
143.021262,59,232.921324,143.02126166182464,0.0,143.02126166182464
966.961186,171,233.04578,966.961185896166,0.0,966.961185896166
50.155519,34,233.073032,50.155519217194,0.0,50.155519217194
236.151526,74,233.127606,236.15152574549077,0.0,236.15152574549077
-53.275605,16,233.141244,-53.275605138270315,0.0,-53.275605138270315
986.456018,155,233.255193,986.4560184769208,0.0,986.4560184769208
935.80347,146,233.361451,935.8034695004081,0.0,935.8034695004081
436.610725,104,234.000499,436.61072483194465,0.0,436.61072483194465
934.752978,143,234.104733,934.7529783194042,0.0,934.7529783194042
76.734235,39,234.133011,76.73423533328953,0.0,76.73423533328953
1008.804909,165,234.251344,1008.8049090628376,0.0,1008.8049090628376
980.091028,147,234.357481,980.0910281111824,0.0,980.0910281111824
947.417093,146,234.46371,947.4170932542463,0.0,947.4170932542463
293.007477,90,234.529678,293.0074768651731,0.0,293.0074768651731
1003.974082,147,234.636832,1003.9740817015277,0.0,1003.9740817015277
364.452714,102,234.710455,364.45271380521876,0.0,364.45271380521876
965.469536,149,234.817119,965.469536396486,0.0,965.469536396486
973.20928,164,234.939004,973.2092796760205,0.0,973.2092796760205
954.66271,149,235.048275,954.6627102770393,0.0,954.6627102770393
130.181362,54,235.087811,130.18136207117894,0.0,130.18136207117894
102.974792,50,235.12529,102.9747920265014,0.0,102.9747920265014
928.004117,145,235.2311,928.004117193691,0.0,928.004117193691
961.646937,193,235.374676,961.6469374509427,0.0,961.6469374509427
953.868507,147,236.066101,953.868507473257,0.0,953.868507473257
132.675351,57,236.10713,132.6753510439827,0.0,132.6753510439827
937.629186,143,236.211654,937.6291859609241,0.0,937.6291859609241
1006.130707,158,236.325185,1006.130707003133,0.0,1006.130707003133
-49.400995,18,236.340395,-49.40099540615596,0.0,-49.40099540615596
1011.26541,154,236.456469,1011.2654096497283,0.0,1011.2654096497283
930.773202,141,236.556875,930.7732024015133,0.0,930.7732024015133
124.922156,48,236.592697,124.92215565373151,0.0,124.92215565373151
72.370589,40,236.622493,72.37058923024237,0.0,72.37058923024237
945.289127,147,236.729381,945.2891272261722,0.0,945.2891272261722
124.108179,54,236.770509,124.1081787535615,0.0,124.1081787535615
967.053646,154,236.880196,967.0536463649531,0.0,967.0536463649531
1015.26587,160,236.996253,1015.265869854017,0.0,1015.265869854017
952.835424,156,237.109542,952.8354240642187,0.0,952.8354240642187
998.973089,157,237.224325,998.9730889705053,0.0,998.9730889705053
359.97069,101,237.298363,359.97069047076087,0.0,359.97069047076087
975.613904,145,237.403412,975.6139037490639,0.0,975.6139037490639
918.708632,149,238.07237,918.7086321991675,0.0,918.7086321991675
913.404131,140,238.17331,913.4041313933739,0.0,913.4041313933739
409.01411,97,238.244269,409.0141096207527,0.0,409.0141096207527
940.493727,153,238.353698,940.4937265312474,0.0,940.4937265312474
998.318547,144,238.456074,998.3185472243157,0.0,998.3185472243157
948.810053,163,238.56917,948.8100533287944,0.0,948.8100533287944
996.158283,151,238.678175,996.1582831284222,0.0,996.1582831284222
964.170465,156,238.788792,964.1704654381447,0.0,964.1704654381447
962.722863,145,238.89079,962.7228626852308,0.0,962.7228626852308
936.283385,152,238.999314,936.28338469127,0.0,936.28338469127
961.563337,163,239.11554,961.5633373712283,0.0,961.5633373712283
166.554199,61,239.158946,166.55419907567628,0.0,166.55419907567628
956.750986,211,239.307957,956.7509859586705,0.0,956.7509859586705
1003.460145,148,239.4147,1003.4601446486704,0.0,1003.4601446486704
260.51128,77,239.473666,260.51128043700703,0.0,260.51128043700703
329.83865,94,240.104393,329.8386500183565,0.0,329.8386500183565
100.016984,51,240.142582,100.0169838481022,0.0,100.0169838481022
-26.393574,21,240.157868,-26.393574227149273,0.0,-26.393574227149273
994.664716,155,240.268599,994.6647164844464,0.0,994.6647164844464
126.560069,50,240.306276,126.56006926989689,0.0,126.56006926989689
969.145358,147,240.410735,969.1453576486186,0.0,969.1453576486186
943.170128,142,240.513119,943.1701282767893,0.0,943.1701282767893
931.547342,137,240.611657,931.5473417383255,0.0,931.5473417383255
82.529924,46,240.644937,82.52992399372098,0.0,82.52992399372098
931.251037,142,240.746689,931.2510373649334,0.0,931.2510373649334
49.003294,34,240.772417,49.00329368722572,0.0,49.00329368722572
965.704927,144,240.877367,965.7049272591092,0.0,965.7049272591092
73.968919,49,240.912296,73.96891881731094,0.0,73.96891881731094
983.188751,151,241.020652,983.1887509621426,0.0,983.1887509621426
41.971053,43,241.052454,41.971053157854726,0.0,41.971053157854726
948.121432,147,241.157749,948.1214322937603,0.0,948.1214322937603
966.226624,199,244.458075,966.2266244182872,0.0,966.2266244182872
988.198102,151,244.573611,988.1981021333576,0.0,988.1981021333576
440.574266,107,244.653992,440.5742659047188,0.0,440.5742659047188
374.958021,112,244.741519,374.9580210555033,0.0,374.9580210555033
938.709011,144,245.46199,938.7090106062459,0.0,938.7090106062459
939.864724,158,245.574175,939.8647236339478,0.0,939.8647236339478
979.775121,164,245.690454,979.7751209361664,0.0,979.7751209361664
232.13136,78,245.748553,232.13135996547746,0.0,232.13135996547746
108.367659,44,245.781495,108.3676594558469,0.0,108.3676594558469
-0.82589,33,245.805774,-0.8258900518744667,0.0,-0.8258900518744667
117.209934,46,245.842205,117.20993409871544,0.0,117.20993409871544
263.552383,87,245.906753,263.55238343498513,0.0,263.55238343498513
963.296242,192,246.046895,963.2962424370866,0.0,963.2962424370866
180.732899,69,246.098686,180.73289887953152,0.0,180.73289887953152
373.660276,99,246.171685,373.66027625537265,0.0,373.66027625537265
1001.583174,195,246.311257,1001.5831741476741,0.0,1001.5831741476741
85.108263,43,246.343177,85.10826255359643,0.0,85.10826255359643
341.611205,97,246.413337,341.6112046123209,0.0,341.6112046123209
357.279582,107,246.492264,357.27958167375607,0.0,357.27958167375607
75.219797,39,246.521915,75.21979743713175,0.0,75.21979743713175
64.194664,37,246.549304,64.19466351116657,0.0,64.19466351116657
936.076218,140,246.650926,936.0762178446425,0.0,936.0762178446425
942.765885,149,246.758254,942.7658854689829,0.0,942.7658854689829
951.516669,139,247.419531,951.5166686256503,0.0,951.5166686256503
967.439994,143,247.523296,967.439993784466,0.0,967.439993784466
436.416444,111,247.603195,436.41644448728954,0.0,436.41644448728954
-36.261787,19,247.618449,-36.261786702098135,0.0,-36.261786702098135
86.713217,44,247.653539,86.7132169955045,0.0,86.7132169955045
97.211345,42,247.685561,97.21134464908044,0.0,97.21134464908044
97.253557,43,247.715731,97.25355690963363,0.0,97.25355690963363
965.889502,142,247.818833,965.8895016261158,0.0,965.8895016261158
1017.24175,164,247.9395,1017.2417501575321,0.0,1017.2417501575321
979.745643,155,248.051692,979.7456433838718,0.0,979.7456433838718
398.481611,116,248.136857,398.4816111751253,0.0,398.4816111751253
987.937808,158,248.254101,987.9378083578548,0.0,987.9378083578548
386.961796,102,248.328291,386.9617956996657,0.0,386.9617956996657
952.461546,146,248.433336,952.4615456475923,0.0,952.4615456475923
971.94658,152,248.544644,971.9465796199856,0.0,971.9465796199856
218.844082,73,248.596933,218.8440816560988,0.0,218.8440816560988
348.18174,102,248.670886,348.1817398391073,0.0,348.1817398391073
420.346626,104,248.745363,420.34662596506115,0.0,420.34662596506115
1000.864535,160,248.911591,1000.8645349580344,0.0,1000.8645349580344
-10.327523,30,248.934392,-10.32752341004172,0.0,-10.32752341004172
943.108663,141,249.59755,943.1086632921163,0.0,943.1086632921163
979.840356,148,249.70346,979.8403561201621,0.0,979.8403561201621
-53.848718,16,249.715269,-53.848717910547975,0.0,-53.848717910547975
1026.124709,157,249.828267,1026.1247090500062,0.0,1026.1247090500062
980.99186,156,249.94092,980.9918596316077,0.0,980.9918596316077
969.666157,148,250.047074,969.6661571778859,0.0,969.6661571778859
401.524952,103,250.122688,401.52495229280345,0.0,401.52495229280345
1001.90214,189,250.254131,1001.9021395277582,0.0,1001.9021395277582
940.289253,143,250.356883,940.2892525267771,0.0,940.2892525267771
-41.49764,18,250.370161,-41.497640358555444,0.0,-41.497640358555444
104.807455,45,250.401727,104.80745479332123,0.0,104.80745479332123
990.051594,149,250.507548,990.0515943695888,0.0,990.0515943695888
975.552177,146,250.611467,975.5521770710186,0.0,975.5521770710186
-50.35753,18,250.627705,-50.35753044092108,0.0,-50.35753044092108
1011.008948,171,250.750195,1011.0089477019292,0.0,1011.0089477019292
368.768075,95,250.817171,368.7680751974288,0.0,368.7680751974288
970.410227,164,250.932662,970.4102274263684,0.0,970.4102274263684
947.01468,139,251.5918,947.0146798966828,0.0,947.0146798966828
346.865719,96,251.660016,346.86571862767516,0.0,346.86571862767516
1004.158663,159,251.774409,1004.158663217639,0.0,1004.158663217639
75.503989,40,251.80314,75.50398931200408,0.0,75.50398931200408
955.56878,157,251.915513,955.5687801869453,0.0,955.5687801869453
940.395566,148,252.019672,940.3955658491263,0.0,940.3955658491263
953.492414,140,252.119395,953.4924138481182,0.0,953.4924138481182
389.711167,111,252.196678,389.7111669043387,0.0,389.7111669043387
130.503764,59,252.240002,130.5037639597005,0.0,130.5037639597005
230.525621,85,252.302192,230.52562139154264,0.0,230.52562139154264
-49.70491,17,252.31434,-49.704909789063635,0.0,-49.704909789063635
100.947741,43,252.346133,100.94774052844411,0.0,100.94774052844411
944.132079,148,252.453132,944.1320792287847,0.0,944.1320792287847
970.180169,144,252.555371,970.1801685623127,0.0,970.1801685623127
977.016444,160,252.669968,977.0164438071856,0.0,977.0164438071856
-15.819766,23,252.686608,-15.819765580462871,0.0,-15.819765580462871
985.318525,158,252.799478,985.3185253171453,0.0,985.3185253171453
88.023886,44,252.831262,88.02388570160915,0.0,88.02388570160915
931.05876,145,252.937705,931.0587595265025,0.0,931.0587595265025
951.875307,153,253.609571,951.8753073287126,0.0,951.8753073287126
956.391271,150,253.713416,956.3912708921482,0.0,956.3912708921482
963.230229,202,253.859129,963.2302289180138,0.0,963.2302289180138
104.989276,50,253.895295,104.98927594647199,0.0,104.98927594647199
96.341915,46,253.928744,96.34191477254977,0.0,96.34191477254977
917.188668,135,254.028663,917.1886677762601,0.0,917.1886677762601
981.039876,165,254.14796,981.0398758524241,0.0,981.0398758524241
176.788641,65,254.196685,176.78864142687476,0.0,176.78864142687476
958.531055,155,254.310494,958.5310553758799,0.0,958.5310553758799
963.483292,158,254.425139,963.4832923349072,0.0,963.4832923349072
-35.577616,20,254.441324,-35.57761551554687,0.0,-35.57761551554687
124.615966,49,254.477799,124.6159660812463,0.0,124.6159660812463
140.377337,57,254.519292,140.37733677773056,0.0,140.37733677773056
952.904067,149,257.81549,952.9040673867536,0.0,952.9040673867536
927.375592,144,257.921742,927.3755916226833,0.0,927.3755916226833
964.570798,144,258.028378,964.5707977165893,0.0,964.5707977165893
-45.758494,21,258.04416,-45.75849386945299,0.0,-45.75849386945299
259.746968,79,258.10187,259.7469679465928,0.0,259.7469679465928
927.424093,140,258.203715,927.4240925314022,0.0,927.4240925314022
16.407768,29,258.228217,16.407768090008787,0.0,16.407768090008787
