#{"t_start": 1788917245.2614894, "env_id": "None"}
r,l,t,episode_base_return,episode_risk_return,episode_training_return
-223.39967,233,0.997424,-223.3996699361967,0.0,-223.3996699361967
-247.577343,368,1.198697,-247.577343393638,0.0,-247.577343393638
44.556288,298,1.361706,44.55628764897388,0.0,44.55628764897388
-223.024009,130,1.431735,-223.02400858609508,0.0,-223.02400858609508
-160.920892,235,1.56156,-160.9208924868196,0.0,-160.9208924868196
-120.156219,221,1.681722,-120.15621859477673,0.0,-120.15621859477673
-275.584043,331,1.861897,-275.58404250550734,0.0,-275.58404250550734
90.632576,77,1.906759,90.63257569758689,0.0,90.63257569758689
408.96688,600,2.784506,408.96688036797707,0.0,408.96688036797707
240.383888,141,2.863049,240.38388845986694,0.0,240.38388845986694
76.912667,103,2.920105,76.91266692426638,0.0,76.91266692426638
78.242233,74,2.962473,78.24223313316628,0.0,78.24223313316628
377.972368,188,3.06466,377.9723676605168,0.0,377.9723676605168
160.222006,226,3.187784,160.22200636460926,0.0,160.22200636460926
346.73119,549,3.486353,346.73119028947167,0.0,346.73119028947167
111.925839,76,3.530202,111.92583869071058,0.0,111.92583869071058
951.650954,330,4.260031,951.6509542236802,0.0,951.6509542236802
95.990411,89,4.307155,95.99041108417323,0.0,95.99041108417323
139.641773,118,4.370614,139.64177298495915,0.0,139.64177298495915
595.264311,285,4.526058,595.2643112237753,0.0,595.2643112237753
343.898214,499,4.79731,343.89821358226095,0.0,343.89821358226095
640.991196,600,5.119014,640.9911958369398,0.0,640.9911958369398
278.896938,234,5.248379,278.89693821561406,0.0,278.89693821561406
122.29903,74,5.289546,122.29902999964648,0.0,122.29902999964648
102.160611,104,5.89498,102.16061067347326,0.0,102.16061067347326
285.25325,145,5.976136,285.2532500870762,0.0,285.2532500870762
627.962639,600,6.301334,627.9626388803883,0.0,627.9626388803883
103.485382,71,6.339714,103.48538154089178,0.0,103.48538154089178
978.789654,321,6.524939,978.7896539646766,0.0,978.7896539646766
65.547417,76,6.566196,65.54741745041505,0.0,65.54741745041505
398.089653,153,6.651118,398.0896533832629,0.0,398.0896533832629
653.702211,600,6.996637,653.7022108956726,0.0,653.7022108956726
404.110678,171,7.640656,404.11067764577604,0.0,404.11067764577604
340.617982,185,7.742792,340.61798199480154,0.0,340.61798199480154
934.380767,442,7.985451,934.3807669453224,0.0,934.3807669453224
956.625621,306,8.153053,956.6256214272502,0.0,956.6256214272502
401.594684,172,8.249457,401.59468396643723,0.0,401.59468396643723
923.607036,587,12.642407,923.6070360423794,0.0,923.6070360423794
943.929603,273,13.394423,943.9296027350657,0.0,943.9296027350657
979.079566,315,13.559891,979.079566177277,0.0,979.079566177277
403.975111,187,13.65884,403.97511060817044,0.0,403.97511060817044
508.833045,367,13.852662,508.8330452141711,0.0,508.8330452141711
160.170688,91,13.903602,160.17068810467129,0.0,160.17068810467129
995.070318,230,14.028378,995.0703177200967,0.0,995.0703177200967
982.985147,267,14.178651,982.9851469027857,0.0,982.9851469027857
142.16037,90,14.242357,142.16037018236133,0.0,142.16037018236133
460.0118,225,14.390315,460.011800344593,0.0,460.011800344593
78.131306,66,14.434223,78.13130570990131,0.0,78.13130570990131
64.210754,53,14.470574,64.21075350688861,0.0,64.21075350688861
377.049604,152,15.151881,377.04960437784484,0.0,377.04960437784484
261.843444,122,15.216357,261.8434443341845,0.0,261.8434443341845
437.321096,228,15.338191,437.3210956529665,0.0,437.3210956529665
944.13235,271,15.485319,944.1323498814841,0.0,944.1323498814841
940.769133,470,15.736538,940.7691325540311,0.0,940.7691325540311
328.828103,129,15.804997,328.8281027489481,0.0,328.8281027489481
931.181225,242,15.943655,931.1812251466596,0.0,931.1812251466596
968.074624,442,16.231644,968.0746235602348,0.0,968.0746235602348
605.384076,306,16.989463,605.3840759500958,0.0,605.3840759500958
363.190347,159,17.075202,363.190346724667,0.0,363.190346724667
68.05048,61,17.108365,68.05048005304371,0.0,68.05048005304371
969.259679,265,17.25088,969.25967904746,0.0,969.25967904746
998.663637,275,17.400858,998.663637200429,0.0,998.663637200429
408.556493,336,17.579856,408.5564928370896,0.0,408.5564928370896
249.887558,104,17.639492,249.8875579079491,0.0,249.8875579079491
109.40306,58,17.680548,109.40305985052164,0.0,109.40305985052164
282.835489,167,17.787234,282.8354887387516,0.0,282.8354887387516
96.215257,69,17.829657,96.21525670140059,0.0,96.21525670140059
311.674033,135,17.921418,311.6740331574582,0.0,311.6740331574582
84.37824,73,17.971047,84.37823975064498,0.0,84.37823975064498
76.888069,72,18.016433,76.88806900441011,0.0,76.88806900441011
315.020797,143,18.687808,315.02079679041793,0.0,315.02079679041793
145.764512,76,18.729529,145.76451245604858,0.0,145.76451245604858
971.711564,241,18.857683,971.7115641131575,0.0,971.7115641131575
1000.432016,226,18.981314,1000.4320163885887,0.0,1000.4320163885887
231.527885,104,19.038954,231.52788492719725,0.0,231.52788492719725
74.641992,60,19.073222,74.64199245726428,0.0,74.64199245726428
982.366844,209,19.193388,982.366844369255,0.0,982.366844369255
47.476466,59,19.225203,47.47646592392803,0.0,47.47646592392803
972.316157,241,19.358904,972.3161565586214,0.0,972.3161565586214
63.105355,46,19.383105,63.10535527752421,0.0,63.10535527752421
58.970713,68,19.420915,58.970712684846006,0.0,58.970712684846006
88.364285,72,19.458563,88.3642847716102,0.0,88.3642847716102
934.19555,170,19.550556,934.1955499177268,0.0,934.1955499177268
944.660106,204,19.66089,944.6601063266208,0.0,944.6601063266208
294.165742,102,19.715991,294.1657419499854,0.0,294.1657419499854
374.418425,138,20.405863,374.4184251791587,0.0,374.4184251791587
98.886746,63,20.444146,98.88674638756893,0.0,98.88674638756893
395.168662,164,20.53305,395.1686621017558,0.0,395.1686621017558
928.196636,388,20.738139,928.1966364287426,0.0,928.1966364287426
165.670635,92,20.788147,165.67063473011743,0.0,165.67063473011743
404.002589,154,20.873225,404.0025888742198,0.0,404.0025888742198
978.504213,228,20.994824,978.5042129901574,0.0,978.5042129901574
950.012284,203,21.103604,950.012284189466,0.0,950.012284189466
344.622063,130,21.175508,344.62206286994365,0.0,344.62206286994365
386.178015,145,25.687493,386.17801497188316,0.0,386.17801497188316
105.884782,53,25.720776,105.88478184002842,0.0,105.88478184002842
927.771816,243,25.847799,927.7718163526858,0.0,927.7718163526858
410.452432,137,25.921306,410.45243166317516,0.0,410.45243166317516
455.655403,152,26.60924,455.6554034230492,0.0,455.6554034230492
959.853108,208,26.740389,959.8531076293347,0.0,959.8531076293347
966.198066,191,26.866943,966.198066115918,0.0,966.198066115918
398.873537,121,26.942305,398.87353740484383,0.0,398.87353740484383
938.978844,259,27.113129,938.9788443946054,0.0,938.9788443946054
127.554444,64,27.158113,127.55444414590491,0.0,127.55444414590491
351.454487,145,27.245121,351.45448693364824,0.0,351.45448693364824
347.851931,178,27.360456,347.8519307122482,0.0,347.8519307122482
89.999231,64,27.405441,89.99923079328732,0.0,89.99923079328732
355.858013,140,27.497911,355.8580131968299,0.0,355.8580131968299
959.661328,215,27.628685,959.6613276597038,0.0,959.6613276597038
942.726616,213,27.743864,942.7266156726347,0.0,942.7266156726347
379.557007,122,28.40408,379.5570065706857,0.0,379.5570065706857
948.931015,192,28.527023,948.9310153007692,0.0,948.9310153007692
950.052279,231,28.694076,950.0522785457903,0.0,950.0522785457903
95.588266,58,28.735155,95.58826559812945,0.0,95.58826559812945
-39.258005,38,28.757575,-39.258005459777834,0.0,-39.258005459777834
947.166671,207,28.885918,947.1666714595455,0.0,947.1666714595455
118.731185,72,28.938447,118.73118450538774,0.0,118.73118450538774
351.344223,107,29.003871,351.34422306517797,0.0,351.34422306517797
409.916486,124,29.079851,409.916486233751,0.0,409.916486233751
-33.029828,25,29.099536,-33.029828262761015,0.0,-33.029828262761015
119.182367,50,29.132385,119.18236705647973,0.0,119.18236705647973
77.988106,51,29.165772,77.98810596242873,0.0,77.98810596242873
375.460676,140,29.256771,375.4606755967382,0.0,375.4606755967382
104.559135,56,29.29066,104.55913494000528,0.0,104.55913494000528
923.653516,300,29.481704,923.6535162744775,0.0,923.6535162744775
956.815271,183,29.580897,956.8152712927232,0.0,956.8152712927232
437.22819,145,29.658259,437.22818971296226,0.0,437.22818971296226
102.836214,61,30.380417,102.83621399352617,0.0,102.83621399352617
79.43229,57,30.415927,79.43229009643336,0.0,79.43229009643336
954.168916,190,30.537197,954.1689164470756,0.0,954.1689164470756
971.134239,185,30.636096,971.1342392330097,0.0,971.1342392330097
976.789483,224,30.754792,976.7894833547588,0.0,976.7894833547588
98.599801,53,30.784777,98.59980060507749,0.0,98.59980060507749
956.143677,203,30.912427,956.1436772722625,0.0,956.1436772722625
45.5648,46,30.943235,45.56480035571985,0.0,45.56480035571985
328.204214,126,31.029723,328.20421362375697,0.0,328.20421362375697
948.93601,187,31.146473,948.9360102496048,0.0,948.9360102496048
451.54089,138,31.238296,451.5408899623741,0.0,451.5408899623741
934.108812,193,31.38069,934.108811889287,0.0,934.108811889287
905.500867,193,31.501346,905.5008671376809,0.0,905.5008671376809
997.43255,287,32.29881,997.432549793021,0.0,997.432549793021
127.600984,61,32.33126,127.60098412202262,0.0,127.60098412202262
948.470945,281,32.478672,948.470945053111,0.0,948.470945053111
977.488078,228,32.598441,977.4880779120274,0.0,977.4880779120274
-38.749677,24,32.613539,-38.74967679144466,0.0,-38.74967679144466
958.082118,227,32.732829,958.0821182932978,0.0,958.0821182932978
918.834056,160,32.818467,918.8340562314625,0.0,918.8340562314625
-39.194623,26,32.833593,-39.194623158829714,0.0,-39.194623158829714
163.143599,67,32.870979,163.14359930985256,0.0,163.14359930985256
984.810056,236,32.999815,984.8100562723276,0.0,984.8100562723276
328.304141,108,33.056495,328.3041414192386,0.0,328.3041414192386
-36.380644,25,33.072741,-36.380643683749966,0.0,-36.380643683749966
962.375545,187,33.170064,962.3755449816897,0.0,962.3755449816897
945.229047,191,33.272851,945.229046970027,0.0,945.229046970027
256.516466,111,33.3329,256.5164663575561,0.0,256.5164663575561
363.597475,111,34.07794,363.5974746456786,0.0,363.5974746456786
981.760961,174,34.217721,981.7609605668679,0.0,981.7609605668679
965.806012,175,34.324834,965.8060122932968,0.0,965.8060122932968
951.145628,215,34.459669,951.1456284266178,0.0,951.1456284266178
92.83514,53,34.492592,92.83513991551855,0.0,92.83513991551855
198.943557,86,34.544868,198.94355731867998,0.0,198.94355731867998
950.312534,161,34.646892,950.312534135838,0.0,950.312534135838
-40.044237,24,34.663498,-40.04423747947665,0.0,-40.04423747947665
347.445208,105,34.727418,347.44520805951134,0.0,347.44520805951134
128.164559,61,34.763307,128.16455879278115,0.0,128.16455879278115
-3.744711,27,34.77852,-3.744711116716843,0.0,-3.744711116716843
914.344619,180,34.875208,914.3446190837819,0.0,914.3446190837819
973.625375,187,38.508263,973.6253753601497,0.0,973.6253753601497
135.521019,76,38.558226,135.5210185434614,0.0,135.5210185434614
972.854939,217,38.70267,972.854938792517,0.0,972.854938792517
42.345652,58,38.738565,42.3456515063958,0.0,42.3456515063958
121.375338,65,38.784381,121.37533778141463,0.0,121.37533778141463
956.888966,179,39.530277,956.8889662872057,0.0,956.8889662872057
-4.286014,27,39.546952,-4.2860144939006375,0.0,-4.2860144939006375
396.399526,114,39.609011,396.3995264414336,0.0,396.3995264414336
950.40506,156,39.692064,950.4050601447937,0.0,950.4050601447937
-29.67485,22,39.70625,-29.67484951137888,0.0,-29.67484951137888
-22.371204,25,39.721417,-22.37120368580692,0.0,-22.37120368580692
400.496509,106,39.777942,400.49650910229417,0.0,400.49650910229417
12.391738,29,39.794067,12.391737653226372,0.0,12.391737653226372
220.58988,96,39.845461,220.589879917261,0.0,220.589879917261
383.141042,110,39.90591,383.141041588657,0.0,383.141041588657
117.074977,65,39.940346,117.0749769522908,0.0,117.0749769522908
972.022819,164,40.027091,972.0228190156201,0.0,972.0228190156201
59.298045,42,40.051257,59.29804512016685,0.0,59.29804512016685
372.333151,108,40.109705,372.33315113857054,0.0,372.33315113857054
385.006414,116,40.17595,385.0064138367842,0.0,385.0064138367842
386.5505,117,40.255936,386.55050041924227,0.0,386.55050041924227
963.964051,220,40.395912,963.964050925736,0.0,963.964050925736
960.135041,165,40.503835,960.135040610521,0.0,960.135040610521
1009.998901,171,40.619867,1009.9989010953293,0.0,1009.9989010953293
936.306182,163,40.7225,936.3061816842774,0.0,936.3061816842774
53.321778,51,41.389903,53.3217782904639,0.0,53.3217782904639
975.718429,173,41.481562,975.7184294960498,0.0,975.7184294960498
973.335881,177,41.575503,973.3358814414499,0.0,973.3358814414499
386.779653,116,41.636142,386.77965312119943,0.0,386.77965312119943
957.433234,190,41.738429,957.4332344772948,0.0,957.4332344772948
406.622767,113,41.798492,406.62276737140473,0.0,406.62276737140473
101.420183,52,41.827187,101.42018286047119,0.0,101.42018286047119
932.290249,153,41.907295,932.2902494664836,0.0,932.2902494664836
952.430259,163,41.994618,952.4302588567564,0.0,952.4302588567564
930.950452,165,42.099695,930.9504518512159,0.0,930.9504518512159
404.096767,111,42.169084,404.0967672922561,0.0,404.0967672922561
437.882098,116,42.24443,437.88209836738906,0.0,437.88209836738906
982.48396,186,42.381333,982.4839597442008,0.0,982.4839597442008
164.155434,69,42.41989,164.15543383266584,0.0,164.15543383266584
-41.459614,22,42.434497,-41.45961415554888,0.0,-41.45961415554888
983.708076,166,42.536792,983.7080762333061,0.0,983.7080762333061
905.32213,164,43.252503,905.3221295499386,0.0,905.3221295499386
959.188311,172,43.343188,959.1883113307238,0.0,959.1883113307238
181.947429,87,43.391258,181.94742922994683,0.0,181.94742922994683
257.633201,90,43.440666,257.63320122521236,0.0,257.63320122521236
964.418087,161,43.526404,964.4180874877884,0.0,964.4180874877884
974.585916,162,43.610453,974.5859155781628,0.0,974.5859155781628
944.751757,219,43.729058,944.751757052149,0.0,944.751757052149
426.923963,116,43.790862,426.9239632161355,0.0,426.9239632161355
351.313928,107,43.850335,351.31392811307205,0.0,351.31392811307205
974.672959,179,43.965936,974.6729588232366,0.0,974.6729588232366
935.865493,151,44.060247,935.8654933212015,0.0,935.8654933212015
106.610918,57,44.094208,106.61091819064954,0.0,106.61091819064954
931.08752,182,44.213824,931.0875201473625,0.0,931.0875201473625
992.005276,181,44.328465,992.0052756940438,0.0,992.0052756940438
943.979496,167,45.02253,943.9794959473357,0.0,943.9794959473357
96.073213,62,45.056615,96.07321344648166,0.0,96.07321344648166
205.53821,82,45.102085,205.5382103840795,0.0,205.5382103840795
99.570158,51,45.131165,99.57015760291658,0.0,99.57015760291658
924.51916,154,45.212507,924.5191595102609,0.0,924.5191595102609
932.581116,186,45.311772,932.5811161944079,0.0,932.5811161944079
354.673029,122,45.37569,354.67302948581226,0.0,354.67302948581226
1005.916071,177,45.468012,1005.9160713425157,0.0,1005.9160713425157
923.787081,150,45.549446,923.7870811632636,0.0,923.7870811632636
951.135622,167,45.638647,951.1356221035156,0.0,951.1356221035156
84.814543,45,45.663881,84.81454334322066,0.0,84.81454334322066
137.7743,64,45.699802,137.7742998255726,0.0,137.7742998255726
163.058751,77,45.739974,163.05875135475486,0.0,163.05875135475486
279.001695,91,45.788951,279.0016954952493,0.0,279.0016954952493
-28.158394,22,45.803632,-28.15839373752442,0.0,-28.15839373752442
186.12715,80,45.846783,186.12715027376382,0.0,186.12715027376382
1009.96617,190,45.948293,1009.9661699670744,0.0,1009.9661699670744
958.605684,171,46.042501,958.6056841226098,0.0,958.6056841226098
325.939944,101,46.701277,325.939944290013,0.0,325.939944290013
989.481115,184,46.80338,989.4811154306955,0.0,989.4811154306955
973.498274,173,46.896152,973.498273941842,0.0,973.498273941842
31.491503,38,46.916768,31.491503237118195,0.0,31.491503237118195
991.133592,187,47.015392,991.1335921001671,0.0,991.1335921001671
360.773007,121,47.080067,360.7730073080702,0.0,360.7730073080702
941.690741,172,47.168863,941.6907413321562,0.0,941.6907413321562
378.712458,103,47.225705,378.7124578105872,0.0,378.7124578105872
937.138035,158,50.906542,937.1380345348921,0.0,937.1380345348921
90.687179,43,50.929297,90.68717856948541,0.0,90.68717856948541
-19.322955,27,50.950094,-19.322954572975377,0.0,-19.322954572975377
46.306858,34,50.972836,46.30685803933561,0.0,46.30685803933561
924.744759,155,51.07314,924.7447591356158,0.0,924.7447591356158
1007.70224,165,51.170076,1007.7022404721826,0.0,1007.7022404721826
958.010348,170,51.259012,958.0103478774407,0.0,958.0103478774407
990.986854,220,51.377168,990.9868542520992,0.0,990.9868542520992
353.786599,101,52.017026,353.7865987942067,0.0,353.7865987942067
228.128079,86,52.066519,228.12807915203567,0.0,228.12807915203567
975.645218,223,52.209679,975.6452181970592,0.0,975.6452181970592
952.462093,165,52.318299,952.4620929397411,0.0,952.4620929397411
329.005131,110,52.396446,329.00513072306757,0.0,329.00513072306757
98.660144,48,52.432761,98.66014431546567,0.0,98.66014431546567
399.08283,112,52.516287,399.0828302953638,0.0,399.0828302953638
943.618675,172,52.634468,943.6186748500754,0.0,943.6186748500754
992.327996,191,52.75764,992.327995539449,0.0,992.327995539449
956.404587,157,52.859665,956.4045873898938,0.0,956.4045873898938
1004.350754,176,52.952845,1004.3507544363725,0.0,1004.3507544363725
983.788051,179,53.048054,983.7880509555333,0.0,983.7880509555333
963.343889,157,53.131437,963.3438893965294,0.0,963.3438893965294
439.916609,123,53.194901,439.91660924206246,0.0,439.91660924206246
371.346974,104,53.844115,371.3469743277058,0.0,371.3469743277058
200.604776,89,53.89102,200.6047762116014,0.0,200.6047762116014
958.4583,174,54.005993,958.4583001488464,0.0,958.4583001488464
957.217263,159,54.119318,957.2172628374042,0.0,957.2172628374042
406.907726,110,54.205207,406.90772567461767,0.0,406.90772567461767
388.969675,107,54.2793,388.9696747043767,0.0,388.9696747043767
991.553578,176,54.404087,991.5535779456509,0.0,991.5535779456509
980.916485,161,54.513067,980.916485458568,0.0,980.916485458568
402.363723,105,54.575762,402.3637228632391,0.0,402.3637228632391
956.574687,161,54.672961,956.5746871892711,0.0,956.5746871892711
375.402771,110,54.737509,375.4027705577867,0.0,375.4027705577867
465.097374,119,54.800733,465.09737448285586,0.0,465.09737448285586
78.913024,49,54.827911,78.91302355749772,0.0,78.91302355749772
72.833968,45,54.853581,72.83396763936778,0.0,72.83396763936778
955.480548,170,54.94432,955.4805478586825,0.0,955.4805478586825
409.935999,107,55.00251,409.93599907607563,0.0,409.93599907607563
-48.241131,22,55.015696,-48.24113112931185,0.0,-48.24113112931185
148.501967,69,55.052947,148.50196662372687,0.0,148.50196662372687
384.396796,102,55.712235,384.39679556712696,0.0,384.39679556712696
962.213503,158,55.819428,962.2135032079904,0.0,962.2135032079904
1002.837045,166,55.924368,1002.837045088664,0.0,1002.837045088664
-25.592236,29,55.947166,-25.592235894111866,0.0,-25.592235894111866
982.068072,173,56.076984,982.0680718700402,0.0,982.0680718700402
936.054467,147,56.182584,936.0544673821677,0.0,936.0544673821677
916.236237,158,56.291222,916.2362372627483,0.0,916.2362372627483
971.013805,158,56.3907,971.0138048491514,0.0,971.0138048491514
992.102958,183,56.505526,992.1029582589213,0.0,992.1029582589213
242.863113,89,56.560098,242.86311331770816,0.0,242.86311331770816
1018.533811,173,56.650931,1018.5338109905499,0.0,1018.5338109905499
70.413051,55,56.679747,70.41305076095983,0.0,70.41305076095983
418.065116,112,56.742833,418.06511564811836,0.0,418.06511564811836
978.435006,161,56.829713,978.4350055578506,0.0,978.4350055578506
920.988606,164,56.917018,920.988606434245,0.0,920.988606434245
402.164769,111,56.979084,402.1647689519481,0.0,402.1647689519481
1015.692901,190,57.670416,1015.6929012434035,0.0,1015.6929012434035
-51.822331,19,57.682674,-51.82233073027203,0.0,-51.82233073027203
-23.270406,23,57.695266,-23.270405836907017,0.0,-23.270405836907017
101.506724,49,57.722958,101.50672394668989,0.0,101.50672394668989
407.670823,106,57.781502,407.6708230583888,0.0,407.6708230583888
267.346235,90,57.830343,267.3462345877215,0.0,267.3462345877215
959.719461,158,57.913927,959.7194607414453,0.0,959.7194607414453
32.678535,33,57.933695,32.67853465305187,0.0,32.67853465305187
921.915781,166,58.021395,921.9157806282528,0.0,921.9157806282528
56.160022,40,58.043633,56.16002168926174,0.0,56.16002168926174
103.827247,48,58.069283,103.8272472898365,0.0,103.8272472898365
376.901149,109,58.128762,376.9011487647539,0.0,376.9011487647539
957.466922,164,58.21591,957.4669216573324,0.0,957.4669216573324
453.183953,116,58.282277,453.1839532695415,0.0,453.1839532695415
952.479658,153,58.36244,952.479657864652,0.0,952.479657864652
935.97526,154,58.445865,935.9752601557617,0.0,935.9752601557617
986.460832,165,58.536323,986.4608317711172,0.0,986.4608317711172
118.675343,49,58.563509,118.6753426420231,0.0,118.6753426420231
950.107449,153,58.646012,950.1074493803559,0.0,950.1074493803559
124.616594,54,58.676128,124.61659405960118,0.0,124.61659405960118
409.16755,112,59.375365,409.16754965953226,0.0,409.16754965953226
214.94674,76,59.417802,214.94673967911237,0.0,214.94673967911237
991.471692,177,59.513037,991.4716923288319,0.0,991.4716923288319
970.141874,165,59.602667,970.1418741108439,0.0,970.1418741108439
-34.526798,20,59.616326,-34.52679777044487,0.0,-34.52679777044487
965.134159,167,59.704115,965.1341587595907,0.0,965.1341587595907
-6.145358,28,59.720765,-6.145358016110677,0.0,-6.145358016110677
39.188862,33,59.739971,39.18886198708742,0.0,39.18886198708742
9.668966,29,59.758131,9.668966269153643,0.0,9.668966269153643
167.97208,68,63.420348,167.97207995079873,0.0,167.97207995079873
261.869819,87,63.467783,261.8698190975214,0.0,261.8698190975214
391.883659,109,63.526664,391.8836594003926,0.0,391.8836594003926
10.858541,29,63.543344,10.858540554274327,0.0,10.858540554274327
218.539841,83,63.588722,218.53984149399128,0.0,218.53984149399128
931.495948,168,63.677928,931.4959479402808,0.0,931.4959479402808
984.627604,155,63.760781,984.6276041161951,0.0,984.6276041161951
942.785781,153,63.840914,942.7857812868294,0.0,942.7857812868294
940.964603,152,63.922053,940.9646031995399,0.0,940.9646031995399
174.672388,68,63.959927,174.6723876021691,0.0,174.6723876021691
964.514545,170,64.052206,964.514545059619,0.0,964.514545059619
173.864786,66,64.699646,173.8647856021478,0.0,173.8647856021478
952.914819,159,64.81096,952.9148191765996,0.0,952.9148191765996
961.030346,184,64.94044,961.0303462238905,0.0,961.0303462238905
382.434934,112,65.023412,382.43493421745455,0.0,382.43493421745455
965.687329,169,65.130521,965.6873289008118,0.0,965.6873289008118
463.172997,116,65.196278,463.1729973248324,0.0,463.1729973248324
918.888278,145,65.273463,918.8882783323819,0.0,918.8882783323819
86.946235,56,65.303793,86.94623495655487,0.0,86.94623495655487
987.64128,175,65.396886,987.6412801649486,0.0,987.6412801649486
983.471168,171,65.488459,983.4711681567408,0.0,983.4711681567408
374.265,113,65.548515,374.2650004098186,0.0,374.2650004098186
992.06898,165,65.639165,992.0689799234839,0.0,992.0689799234839
1010.58533,180,65.736375,1010.5853295482812,0.0,1010.5853295482812
396.885112,117,65.8006,396.88511156528176,0.0,396.88511156528176
940.869721,153,66.496731,940.8697211696979,0.0,940.8697211696979
443.013738,121,66.575536,443.0137384890294,0.0,443.0137384890294
429.83635,106,66.643753,429.83635009390593,0.0,429.83635009390593
923.775777,150,66.748616,923.7757765807496,0.0,923.7757765807496
954.159962,163,66.868765,954.159961867742,0.0,954.159961867742
371.685693,102,66.943513,371.68569301880063,0.0,371.68569301880063
960.560632,148,67.033235,960.560632367285,0.0,960.560632367285
406.764711,105,67.094108,406.7647110536306,0.0,406.7647110536306
997.068948,166,67.192526,997.0689476629559,0.0,997.0689476629559
-25.724958,22,67.207886,-25.724957527742276,0.0,-25.724957527742276
954.472654,156,67.299639,954.4726537214818,0.0,954.4726537214818
965.91027,149,67.385209,965.9102697491267,0.0,965.9102697491267
137.671199,57,67.420072,137.6711991026864,0.0,137.6711991026864
-16.812272,23,67.435735,-16.812271995238106,0.0,-16.812271995238106
-47.858212,18,67.446299,-47.85821187095007,0.0,-47.85821187095007
1013.27207,170,67.53666,1013.2720704960648,0.0,1013.2720704960648
347.332363,97,67.591865,347.3323629168046,0.0,347.3323629168046
989.385809,154,67.673198,989.3858089405282,0.0,989.3858089405282
973.445053,169,68.37177,973.4450532720441,0.0,973.4450532720441
139.20922,53,68.408106,139.20921971489486,0.0,139.20921971489486
115.842302,49,68.442487,115.84230240265695,0.0,115.84230240265695
909.693202,140,68.531452,909.6932022942403,0.0,909.6932022942403
384.187253,101,68.596635,384.1872529992081,0.0,384.1872529992081
993.554537,168,68.709214,993.5545371342446,0.0,993.5545371342446
993.901138,166,68.806034,993.9011380256491,0.0,993.9011380256491
317.895575,91,68.854507,317.8955749037076,0.0,317.8955749037076
966.482402,162,68.938627,966.4824023040352,0.0,966.4824023040352
114.709016,50,68.967316,114.70901585282958,0.0,114.70901585282958
960.540894,153,69.049466,960.5408942239096,0.0,960.5408942239096
958.081315,150,69.130666,958.0813149213568,0.0,958.0813149213568
1005.728197,175,69.224669,1005.7281967068503,0.0,1005.7281967068503
332.610066,98,69.275701,332.6100662941958,0.0,332.6100662941958
973.284625,170,69.3661,973.2846251032934,0.0,973.2846251032934
204.640312,73,69.405486,204.64031193836203,0.0,204.64031193836203
-35.006449,20,69.419117,-35.00644919498906,0.0,-35.00644919498906
150.739433,64,69.453922,150.73943322991897,0.0,150.73943322991897
451.432109,119,70.117823,451.43210940566667,0.0,451.43210940566667
363.458529,101,70.171806,363.4585289736397,0.0,363.4585289736397
56.638938,40,70.194443,56.63893814928677,0.0,56.63893814928677
1014.077324,169,70.284988,1014.0773242250433,0.0,1014.0773242250433
357.927993,101,70.340199,357.92799258925305,0.0,357.92799258925305
412.697183,109,70.39905,412.69718288767126,0.0,412.69718288767126
1007.062215,168,70.501092,1007.0622154471985,0.0,1007.0622154471985
953.734284,157,70.587338,953.734284140372,0.0,953.734284140372
984.99068,156,70.671125,984.9906804870105,0.0,984.9906804870105
384.748113,106,70.727069,384.7481127227686,0.0,384.7481127227686
352.080459,113,70.790677,352.08045868258307,0.0,352.08045868258307
955.241106,148,70.868695,955.2411056049436,0.0,955.2411056049436
995.826196,157,70.951628,995.826195698404,0.0,995.826195698404
999.79325,181,71.049033,999.7932502889306,0.0,999.7932502889306
944.256387,166,71.137225,944.2563865197466,0.0,944.2563865197466
952.586223,161,71.223581,952.5862227978948,0.0,952.5862227978948
938.408621,150,71.90109,938.4086208635314,0.0,938.4086208635314
343.304508,97,71.953678,343.3045084553196,0.0,343.3045084553196
967.69886,190,72.056592,967.6988601982849,0.0,967.6988601982849
918.551277,141,72.131867,918.5512772282077,0.0,918.5512772282077
953.403063,156,76.13237,953.4030633868826,0.0,953.4030633868826
971.368178,154,76.214099,971.3681780844526,0.0,971.3681780844526
987.215002,156,76.296427,987.2150024811974,0.0,987.2150024811974
982.966964,187,76.396099,982.9669637021931,0.0,982.9669637021931
918.066747,167,76.484559,918.0667470085466,0.0,918.0667470085466
977.905223,158,76.568833,977.9052233688651,0.0,977.9052233688651
967.896874,168,76.658253,967.8968737180803,0.0,967.8968737180803
180.902804,83,76.703706,180.90280433761586,0.0,180.90280433761586
973.251578,155,76.783959,973.2515777862402,0.0,973.2515777862402
945.320274,147,77.500524,945.3202740595589,0.0,945.3202740595589
145.282505,70,77.542572,145.2825053603985,0.0,145.2825053603985
338.754543,95,77.599695,338.75454286727336,0.0,338.75454286727336
378.817365,111,77.663013,378.81736507593445,0.0,378.81736507593445
988.751002,158,77.750344,988.751002270767,0.0,988.751002270767
364.486673,108,77.80934,364.4866731416849,0.0,364.4866731416849
992.301016,162,77.898067,992.3010161219302,0.0,992.3010161219302
187.421824,75,77.936679,187.42182381957645,0.0,187.42182381957645
964.190788,156,78.019344,964.1907878379544,0.0,964.1907878379544
21.194532,37,78.039993,21.194532255383137,0.0,21.194532255383137
372.545411,95,78.091427,372.5454109886581,0.0,372.5454109886581
969.311802,160,78.176856,969.31180166847,0.0,969.31180166847
954.75292,153,78.258096,954.7529202250673,0.0,954.7529202250673
996.390025,159,78.344413,996.3900251926639,0.0,996.3900251926639
1024.661034,172,78.43373,1024.661034375031,0.0,1024.661034375031
958.47207,161,78.518524,958.4720695152862,0.0,958.4720695152862
987.883533,163,79.224957,987.8835328218372,0.0,987.8835328218372
990.910135,160,79.318573,990.9101349324009,0.0,990.9101349324009
974.428424,151,79.411883,974.4284240886486,0.0,974.4284240886486
1015.391167,213,79.530479,1015.3911667658693,0.0,1015.3911667658693
946.911439,149,79.608765,946.9114390424073,0.0,946.9114390424073
933.59888,228,79.730572,933.5988795793155,0.0,933.5988795793155
135.006478,56,79.761892,135.00647786245491,0.0,135.00647786245491
79.573347,58,79.793639,79.57334744289,0.0,79.57334744289
939.550717,151,79.873002,939.5507173179503,0.0,939.5507173179503
369.215918,105,79.930787,369.21591763105243,0.0,369.21591763105243
924.139775,165,80.018969,924.1397749113278,0.0,924.1397749113278
971.326439,155,80.101311,971.3264388511568,0.0,971.3264388511568
82.189141,60,80.134279,82.18914066944407,0.0,82.18914066944407
193.717566,80,80.177421,193.7175661025369,0.0,193.7175661025369
-39.088196,20,80.188956,-39.08819614053459,0.0,-39.08819614053459
996.356016,154,80.271019,996.356015872168,0.0,996.356015872168
949.783645,143,80.986967,949.7836453712158,0.0,949.7836453712158
64.287833,45,81.014284,64.28783336965597,0.0,64.28783336965597
972.127243,158,81.11266,972.1272433645217,0.0,972.1272433645217
104.771553,54,81.147116,104.7715533634831,0.0,104.7715533634831
973.086169,152,81.235299,973.0861691650495,0.0,973.0861691650495
128.993377,62,81.266742,128.9933772947666,0.0,128.9933772947666
408.141341,114,81.326802,408.141340715238,0.0,408.141340715238
1000.502838,163,81.413057,1000.5028378873425,0.0,1000.5028378873425
115.85578,55,81.441461,115.85578042466355,0.0,115.85578042466355
968.415085,158,81.526371,968.4150846570778,0.0,968.4150846570778
946.331993,148,81.604889,946.3319932843247,0.0,946.3319932843247
972.262459,172,81.699081,972.2624592194712,0.0,972.2624592194712
67.095957,48,81.724353,67.09595686976874,0.0,67.09595686976874
108.863146,48,81.750629,108.86314607664407,0.0,108.86314607664407
417.135247,104,81.80744,417.13524726759255,0.0,417.13524726759255
378.70488,102,81.862965,378.7048800671614,0.0,378.7048800671614
980.720732,153,81.945173,980.7207315787801,0.0,980.7207315787801
65.836726,40,81.968241,65.83672561473111,0.0,65.83672561473111
923.658749,147,82.047396,923.6587487741212,0.0,923.6587487741212
393.798032,104,82.740252,393.7980316934645,0.0,393.7980316934645
-28.440284,21,82.752365,-28.440283755658484,0.0,-28.440283755658484
950.350143,200,82.857869,950.3501427582057,0.0,950.3501427582057
978.135528,150,82.937584,978.13552786583,0.0,978.13552786583
963.214943,158,83.023013,963.2149434435789,0.0,963.2149434435789
200.538766,73,83.064492,200.5387658635565,0.0,200.5387658635565
421.401886,111,83.123045,421.4018864077522,0.0,421.4018864077522
948.121621,149,83.202804,948.1216208857556,0.0,948.1216208857556
988.032313,165,83.292444,988.0323130646132,0.0,988.0323130646132
959.895461,147,83.370535,959.8954608610075,0.0,959.8954608610075
370.620848,93,83.422028,370.62084835797236,0.0,370.62084835797236
-36.463516,20,83.433704,-36.46351646355768,0.0,-36.46351646355768
953.68044,148,83.510914,953.6804397451326,0.0,953.6804397451326
962.516638,153,83.590951,962.5166378719799,0.0,962.5166378719799
964.112906,157,83.674236,964.112905859521,0.0,964.112905859521
984.502086,158,83.760493,984.5020860667049,0.0,984.5020860667049
411.581572,110,83.820069,411.58157228235325,0.0,411.58157228235325
982.959638,147,84.495079,982.9596375313197,0.0,982.9596375313197
140.443851,59,84.526848,140.44385079260306,0.0,140.44385079260306
1002.128904,158,84.610011,1002.1289036679677,0.0,1002.1289036679677
254.613823,81,88.37299,254.61382281768974,0.0,254.61382281768974
987.106008,158,88.455755,987.1060083225248,0.0,987.1060083225248
955.390257,162,88.541231,955.3902569672158,0.0,955.3902569672158
201.884596,74,88.580961,201.88459565910205,0.0,201.88459565910205
980.230482,156,88.663771,980.2304821011212,0.0,980.2304821011212
-29.994007,24,88.677383,-29.994007225918722,0.0,-29.994007225918722
976.03273,148,88.755701,976.0327297967057,0.0,976.0327297967057
2.625812,29,88.773848,2.6258124688888813,0.0,2.6258124688888813
123.780232,56,88.805188,123.78023210583851,0.0,123.78023210583851
987.342674,163,88.892629,987.3426740598185,0.0,987.3426740598185
941.474267,146,88.971299,941.4742668735333,0.0,941.4742668735333
949.32509,151,89.054198,949.3250898872944,0.0,949.3250898872944
957.218796,153,89.137845,957.2187957967362,0.0,957.2187957967362
263.424902,98,89.193639,263.4249023901898,0.0,263.4249023901898
82.336994,49,89.228079,82.33699387225042,0.0,82.33699387225042
407.779825,112,89.916904,407.7798246027366,0.0,407.7798246027366
192.770452,74,89.963279,192.77045174565995,0.0,192.77045174565995
-21.075278,27,89.980628,-21.07527836322393,0.0,-21.07527836322393
-0.005664,27,89.997535,-0.005663655811972035,0.0,-0.005663655811972035
895.594604,141,90.084029,895.5946036638098,0.0,895.5946036638098
85.736074,54,90.119612,85.73607404172776,0.0,85.73607404172776
957.390535,145,90.201513,957.3905354231125,0.0,957.3905354231125
366.75476,94,90.252671,366.7547596509262,0.0,366.7547596509262
1020.520513,162,90.338905,1020.5205127426021,0.0,1020.5205127426021
119.238739,49,90.36865,119.2387390171311,0.0,119.2387390171311
950.578726,162,90.456291,950.5787263458548,0.0,950.5787263458548
445.592061,112,90.516881,445.59206125358725,0.0,445.59206125358725
392.444433,104,90.571393,392.44443346930154,0.0,392.44443346930154
1013.112205,155,90.654085,1013.1122053299976,0.0,1013.1122053299976
108.389964,48,90.679803,108.38996398779712,0.0,108.38996398779712
376.302119,101,90.736244,376.3021187448205,0.0,376.3021187448205
987.498272,155,90.819222,987.498272341547,0.0,987.498272341547
962.981762,148,90.899673,962.9817623688367,0.0,962.9817623688367
125.337785,56,90.929493,125.33778523321627,0.0,125.33778523321627
989.45493,153,91.023017,989.4549298903164,0.0,989.4549298903164
964.352335,150,91.735307,964.3523352456758,0.0,964.3523352456758
938.82052,158,91.830608,938.8205198260702,0.0,938.8205198260702
963.221604,155,91.927101,963.2216036830346,0.0,963.2216036830346
972.730435,150,92.011795,972.730435446961,0.0,972.730435446961
998.752248,152,92.091483,998.7522479314339,0.0,998.7522479314339
971.829965,146,92.169613,971.8299646825632,0.0,971.8299646825632
1002.741337,155,92.25089,1002.7413371517257,0.0,1002.7413371517257
973.742333,154,92.334831,973.7423326189519,0.0,973.7423326189519
190.236996,73,92.373283,190.23699632138272,0.0,190.23699632138272
81.100467,41,92.395451,81.10046743388743,0.0,81.10046743388743
452.25371,113,92.457095,452.2537104596099,0.0,452.2537104596099
21.102657,31,92.473398,21.1026568377237,0.0,21.1026568377237
-4.154418,27,92.490057,-4.15441812657825,0.0,-4.15441812657825
128.020611,51,92.518839,128.02061122372092,0.0,128.02061122372092
947.363541,143,92.596049,947.3635410854055,0.0,947.3635410854055
257.979342,83,92.641486,257.9793417776679,0.0,257.9793417776679
956.018876,153,92.723465,956.0188761981584,0.0,956.0188761981584
981.502141,148,93.448061,981.5021410582789,0.0,981.5021410582789
134.543993,63,93.487438,134.54399265030872,0.0,134.54399265030872
359.118513,96,93.548156,359.1185126560744,0.0,359.1185126560744
-8.597995,24,93.564856,-8.597995455555136,0.0,-8.597995455555136
78.414786,42,93.60542,78.41478629249454,0.0,78.41478629249454
8.490586,30,93.626635,8.490585787344358,0.0,8.490585787344358
992.746996,157,93.722831,992.7469958504943,0.0,992.7469958504943
981.666891,152,93.809363,981.6668913457547,0.0,981.6668913457547
943.415035,143,93.886705,943.4150349480149,0.0,943.4150349480149
977.175454,156,93.97172,977.1754540185226,0.0,977.1754540185226
339.745434,90,94.020261,339.74543380703693,0.0,339.74543380703693
958.523933,151,94.101982,958.5239331032802,0.0,958.5239331032802
115.044455,54,94.131823,115.04445516602433,0.0,115.04445516602433
925.32468,142,94.209322,925.3246795730001,0.0,925.3246795730001
-18.691601,23,94.222925,-18.69160103621236,0.0,-18.69160103621236
1001.932654,154,94.30656,1001.93265390395,0.0,1001.93265390395
105.219141,53,94.335288,105.21914071950891,0.0,105.21914071950891
996.105453,161,94.423625,996.1054528661127,0.0,996.1054528661127
979.289562,147,94.504108,979.2895618422549,0.0,979.2895618422549
968.592279,157,94.587324,968.5922790589752,0.0,968.5922790589752
962.369763,147,95.261329,962.3697634957598,0.0,962.3697634957598
386.310565,97,95.31507,386.3105649251678,0.0,386.3105649251678
109.074143,47,95.340761,109.07414294521506,0.0,109.07414294521506
987.507128,159,95.426144,987.5071282679993,0.0,987.5071282679993
1031.723068,167,95.515107,1031.723068471318,0.0,1031.723068471318
937.265638,144,95.591332,937.2656380818166,0.0,937.2656380818166
445.412527,111,95.650413,445.41252668834704,0.0,445.41252668834704
158.234046,63,95.685203,158.23404632295077,0.0,158.23404632295077
2.950377,27,95.701838,2.9503770278022046,0.0,2.9503770278022046
414.213416,107,95.75881,414.21341604099763,0.0,414.21341604099763
224.176658,76,95.801151,224.17665801035557,0.0,224.17665801035557
963.963082,147,95.87841,963.9630824412569,0.0,963.9630824412569
965.134688,146,95.955254,965.1346880152562,0.0,965.1346880152562
958.493016,150,96.036828,958.4930164009008,0.0,958.4930164009008
-14.105083,23,96.051471,-14.105083085308522,0.0,-14.105083085308522
969.178694,155,96.135743,969.1786943182163,0.0,969.1786943182163
962.282987,145,96.212978,962.2829865035379,0.0,962.2829865035379
995.48627,155,96.295481,995.4862697635352,0.0,995.4862697635352
969.610291,154,100.913137,969.6102908067287,0.0,969.6102908067287
966.51524,146,100.995966,966.5152398916695,0.0,966.5152398916695
975.005975,149,101.08778,975.0059753347155,0.0,975.0059753347155
176.8289,69,101.131994,176.82890021913025,0.0,176.82890021913025
118.019387,50,101.165152,118.01938722739135,0.0,118.01938722739135
989.038207,151,101.265863,989.0382072321403,0.0,989.0382072321403
210.406451,79,101.318638,210.4064511857555,0.0,210.4064511857555
1008.985255,151,101.411038,1008.9852552254077,0.0,1008.9852552254077
927.699587,144,101.503651,927.699586823142,0.0,927.699586823142
-43.613149,18,101.514285,-43.61314892359724,0.0,-43.61314892359724
951.797467,149,101.609153,951.7974672696928,0.0,951.7974672696928
184.506817,68,101.643959,184.50681691346205,0.0,184.50681691346205
950.588871,154,101.728274,950.5888707845247,0.0,950.5888707845247
993.385341,165,101.817122,993.3853409353301,0.0,993.3853409353301
44.723605,42,101.839133,44.72360471774141,0.0,44.72360471774141
75.503617,41,101.861329,75.50361681114177,0.0,75.50361681114177
-42.549712,20,101.873469,-42.549712096775295,0.0,-42.549712096775295
58.784334,36,101.894743,58.78433436645683,0.0,58.78433436645683
441.329035,106,101.951476,441.3290352879402,0.0,441.3290352879402
988.517084,149,102.029794,988.5170844468828,0.0,988.5170844468828
443.536726,105,102.711712,443.5367260173638,0.0,443.5367260173638
963.944947,147,102.78921,963.9449467023778,0.0,963.9449467023778
911.264967,145,102.869343,911.2649671018349,0.0,911.2649671018349
431.55599,110,102.945052,431.5559903414146,0.0,431.5559903414146
956.88515,150,103.043067,956.8851497383768,0.0,956.8851497383768
82.52633,41,103.069841,82.5263302153692,0.0,82.5263302153692
1018.193067,163,103.177234,1018.1930673053857,0.0,1018.1930673053857
1001.033876,147,103.26966,1001.0338762635178,0.0,1001.0338762635178
945.971252,147,103.367193,945.9712519171289,0.0,945.9712519171289
987.328063,150,103.458167,987.3280627587507,0.0,987.3280627587507
941.760527,147,103.545529,941.7605268694365,0.0,941.7605268694365
951.715671,150,103.626154,951.7156710038103,0.0,951.7156710038103
955.5629,146,103.704873,955.5628995656454,0.0,955.5628995656454
986.338394,154,103.788609,986.3383940969624,0.0,986.3383940969624
974.197352,147,103.865674,974.1973518530842,0.0,974.1973518530842
1005.174689,159,104.560953,1005.1746885178841,0.0,1005.1746885178841
79.495839,41,104.583607,79.4958390629654,0.0,79.4958390629654
938.845937,140,104.65821,938.8459365113882,0.0,938.8459365113882
361.475233,103,104.715659,361.4752334589993,0.0,361.4752334589993
987.043893,150,104.810966,987.0438931480539,0.0,987.0438931480539
974.497654,152,104.908879,974.4976538263845,0.0,974.4976538263845
179.200679,67,104.953905,179.20067909592308,0.0,179.20067909592308
971.435587,165,105.061328,971.4355873135427,0.0,971.4355873135427
967.170807,194,105.184374,967.1708070767817,0.0,967.1708070767817
371.499379,101,105.251087,371.49937932037597,0.0,371.49937932037597
997.477581,152,105.34264,997.4775806896469,0.0,997.4775806896469
408.139908,107,105.398216,408.1399083862828,0.0,408.1399083862828
972.304369,149,105.478745,972.3043689506173,0.0,972.3043689506173
961.40918,143,105.554257,961.4091802268047,0.0,961.4091802268047
975.375915,166,105.642583,975.3759149863432,0.0,975.3759149863432
978.766699,149,106.33398,978.766698565371,0.0,978.766698565371
156.741236,65,106.368742,156.74123573332105,0.0,156.74123573332105
963.891757,153,106.451755,963.8917567993207,0.0,963.8917567993207
366.949635,104,106.508694,366.9496349621242,0.0,366.9496349621242
999.743286,165,106.597361,999.7432864807254,0.0,999.7432864807254
316.686471,108,106.654879,316.68647056683517,0.0,316.68647056683517
1001.634728,169,106.745017,1001.6347281724933,0.0,1001.6347281724933
979.773831,148,106.823574,979.7738305872801,0.0,979.7738305872801
974.87533,156,106.908347,974.8753304856612,0.0,974.8753304856612
962.569363,154,106.989782,962.5693629152559,0.0,962.5693629152559
991.231371,164,107.07648,991.2313707360593,0.0,991.2313707360593
947.30448,149,107.15456,947.3044795691559,0.0,947.3044795691559
945.465739,144,107.233038,945.4657391089129,0.0,945.4657391089129
376.999218,107,107.29077,376.9992181279592,0.0,376.9992181279592
383.77348,103,107.345169,383.7734802172786,0.0,383.7734802172786
993.168412,154,108.028566,993.1684119018978,0.0,993.1684119018978
930.044927,150,108.108961,930.0449268848374,0.0,930.0449268848374
79.994001,48,108.134209,79.99400074259641,0.0,79.99400074259641
992.200642,155,108.218783,992.2006424934385,0.0,992.2006424934385
974.041431,146,108.297712,974.041430764414,0.0,974.041430764414
378.511958,105,108.353539,378.5119584194265,0.0,378.5119584194265
-35.917798,20,108.366636,-35.917798172258614,0.0,-35.917798172258614
101.464449,45,108.390797,101.4644490816325,0.0,101.4644490816325
376.135937,100,108.44564,376.13593748076886,0.0,376.13593748076886
1023.435594,158,108.530138,1023.4355943925136,0.0,1023.4355943925136
428.484217,111,108.590854,428.4842174550189,0.0,428.4842174550189
73.640901,56,108.622567,73.64090117793165,0.0,73.64090117793165
88.339479,57,108.654254,88.33947911073767,0.0,88.33947911073767
969.816173,149,108.732889,969.8161731408779,0.0,969.8161731408779
952.233295,147,108.813212,952.2332951927251,0.0,952.2332951927251
941.114742,145,108.891188,941.1147420880866,0.0,941.1147420880866
399.252618,104,108.945565,399.2526181185016,0.0,399.2526181185016
938.081417,158,109.030191,938.0814169663322,0.0,938.0814169663322
992.54362,157,113.941058,992.5436198382729,0.0,992.5436198382729
1007.753348,150,114.031348,1007.7533476988868,0.0,1007.7533476988868
970.467492,149,114.122684,970.4674918930624,0.0,970.4674918930624
239.373705,80,114.166552,239.3737054533372,0.0,239.3737054533372
973.761795,149,114.246628,973.7617950091201,0.0,973.7617950091201
444.507561,109,114.305772,444.5075612789616,0.0,444.5075612789616
966.983388,149,114.385259,966.9833876344748,0.0,966.9833876344748
927.075624,139,114.459298,927.0756235731063,0.0,927.0756235731063
953.249846,148,114.537636,953.2498456149276,0.0,953.2498456149276
912.055508,139,114.617412,912.0555075028891,0.0,912.0555075028891
956.327841,168,114.728218,956.3278413312121,0.0,956.3278413312121
48.438914,35,114.753718,48.438914317962684,0.0,48.438914317962684
938.470154,142,114.84546,938.4701544975168,0.0,938.4701544975168
384.987967,95,114.908246,384.98796687706226,0.0,384.98796687706226
965.041285,172,115.022152,965.0412845683934,0.0,965.0412845683934
-25.690106,23,115.037311,-25.690106339714646,0.0,-25.690106339714646
977.020883,153,115.133914,977.0208828820122,0.0,977.0208828820122
1016.252083,182,115.849558,1016.2520830787447,0.0,1016.2520830787447
34.771094,48,115.881326,34.77109351113265,0.0,34.77109351113265
947.785433,143,115.968854,947.7854325141209,0.0,947.7854325141209
239.321435,78,116.009867,239.32143515245434,0.0,239.32143515245434
952.588052,153,116.090627,952.5880517934908,0.0,952.5880517934908
-39.792657,19,116.102926,-39.7926566317994,0.0,-39.7926566317994
983.862095,155,116.186188,983.8620950976659,0.0,983.8620950976659
981.54042,150,116.265246,981.5404196830295,0.0,981.5404196830295
33.642729,38,116.286286,33.64272944430621,0.0,33.64272944430621
99.441457,51,116.314798,99.44145694363512,0.0,99.44145694363512
122.932584,47,116.340048,122.93258411535369,0.0,122.93258411535369
1014.22353,156,116.423911,1014.2235302530871,0.0,1014.2235302530871
987.669385,153,116.521237,987.6693846161211,0.0,987.6693846161211
1001.792778,154,116.621167,1001.7927780804026,0.0,1001.7927780804026
170.531381,73,116.670027,170.53138060629595,0.0,170.53138060629595
116.76587,56,116.703309,116.76586985118699,0.0,116.76586985118699
224.35328,74,116.752554,224.35328036711414,0.0,224.35328036711414
972.592535,154,116.853261,972.5925350354728,0.0,972.5925350354728
965.358697,147,116.950552,965.3586965334795,0.0,965.3586965334795
337.1124,93,117.602205,337.112399702174,0.0,337.112399702174
985.655282,149,117.679848,985.6552818364443,0.0,985.6552818364443
942.525019,141,117.75688,942.5250185889854,0.0,942.5250185889854
968.250853,156,117.841066,968.2508530910382,0.0,968.2508530910382
999.931114,162,117.929678,999.9311142464984,0.0,999.9311142464984
952.122374,142,118.004039,952.1223739177497,0.0,952.1223739177497
969.111429,150,118.086068,969.1114292978201,0.0,969.1114292978201
964.507459,145,118.164938,964.5074590473483,0.0,964.5074590473483
965.357485,144,118.243023,965.3574850750128,0.0,965.3574850750128
937.79118,146,118.364742,937.7911796235494,0.0,937.7911796235494
101.952773,45,118.394692,101.95277310827068,0.0,101.95277310827068
321.11189,97,118.453852,321.1118895909406,0.0,321.1118895909406
978.565037,157,118.552202,978.565037247367,0.0,978.565037247367
992.756818,160,118.650874,992.7568180542621,0.0,992.7568180542621
967.888044,154,118.746443,967.8880438824272,0.0,967.8880438824272
946.294359,146,119.440295,946.294358811375,0.0,946.294358811375
973.655879,145,119.516484,973.6558792625153,0.0,973.6558792625153
960.945753,152,119.59764,960.9457525953903,0.0,960.9457525953903
961.893479,140,119.677714,961.8934788605491,0.0,961.8934788605491
966.042091,142,119.754257,966.0420913612872,0.0,966.0420913612872
981.584479,151,119.835319,981.5844788211214,0.0,981.5844788211214
1006.630786,152,119.918698,1006.6307855051468,0.0,1006.6307855051468
958.000159,142,119.997685,958.0001591882007,0.0,958.0001591882007
938.573548,146,120.076251,938.5735483249241,0.0,938.5735483249241
420.186519,113,120.137497,420.18651889764374,0.0,420.18651889764374
922.96228,144,120.21408,922.9622803314027,0.0,922.9622803314027
940.256714,137,120.287927,940.2567141370379,0.0,940.2567141370379
991.896211,151,120.368858,991.8962105446464,0.0,991.8962105446464
151.002716,62,120.402138,151.00271620264843,0.0,151.00271620264843
945.249927,138,120.479458,945.2499269888947,0.0,945.2499269888947
939.125509,142,121.179236,939.1255092961248,0.0,939.1255092961248
-50.120298,19,121.192875,-50.1202980777779,0.0,-50.1202980777779
1005.518147,162,121.296442,1005.518146736082,0.0,1005.518146736082
979.030312,152,121.386373,979.030311846929,0.0,979.030311846929
-20.210863,24,121.401151,-20.210862753125795,0.0,-20.210862753125795
968.234519,147,121.480417,968.2345188864681,0.0,968.2345188864681
391.589575,100,121.533365,391.58957461890157,0.0,391.58957461890157
926.929194,140,121.60947,926.9291941762143,0.0,926.9291941762143
985.156854,152,121.690785,985.1568544370559,0.0,985.1568544370559
966.621138,146,121.768934,966.6211376834784,0.0,966.6211376834784
961.62944,146,121.847976,961.6294401467933,0.0,961.6294401467933
938.548809,146,121.926044,938.5488088098175,0.0,938.5488088098175
1012.137859,154,122.00895,1012.1378592053909,0.0,1012.1378592053909
958.210261,151,126.245488,958.210261474778,0.0,958.210261474778
993.332804,158,126.343241,993.3328037636966,0.0,993.3328037636966
915.704902,147,126.438606,915.7049015740268,0.0,915.7049015740268
390.468323,103,127.103008,390.46832325818355,0.0,390.46832325818355
997.191888,154,127.18404,997.1918880125426,0.0,997.1918880125426
950.843388,139,127.259677,950.843388348873,0.0,950.843388348873
946.826725,152,127.342189,946.8267247329437,0.0,946.8267247329437
929.612598,144,127.435504,929.6125979990592,0.0,929.6125979990592
220.875182,77,127.487824,220.87518188849,0.0,220.87518188849
950.501168,145,127.581293,950.5011684491117,0.0,950.5011684491117
370.070358,98,127.647167,370.0703583522372,0.0,370.0703583522372
989.291266,155,127.747979,989.2912663916823,0.0,989.2912663916823
953.325906,146,127.844104,953.3259061505919,0.0,953.3259061505919
957.522537,145,127.935848,957.522536647447,0.0,957.522536647447
985.174126,157,128.024951,985.1741263146554,0.0,985.1741263146554
956.169507,144,128.120277,956.1695073987015,0.0,956.1695073987015
985.357199,150,128.214724,985.3571990180805,0.0,985.3571990180805
254.824449,83,128.267643,254.82444934598806,0.0,254.82444934598806
993.970917,156,128.962159,993.9709169530067,0.0,993.9709169530067
926.171685,140,129.039798,926.1716852860785,0.0,926.1716852860785
986.545881,151,129.12095,986.5458810242411,0.0,986.5458810242411
-44.549618,19,129.134545,-44.549617758101334,0.0,-44.549617758101334
358.308682,98,129.188862,358.3086816258864,0.0,358.3086816258864
989.582238,154,129.281414,989.5822382402899,0.0,989.5822382402899
100.618221,46,129.314301,100.61822096304061,0.0,100.61822096304061
228.172192,77,129.362626,228.17219228498828,0.0,228.17219228498828
995.826328,154,129.456432,995.8263279890076,0.0,995.8263279890076
931.296159,141,129.548332,931.2961589025098,0.0,931.2961589025098
372.655142,93,129.608373,372.65514167851217,0.0,372.65514167851217
951.335669,146,129.704782,951.3356686667224,0.0,951.3356686667224
194.667314,72,129.753506,194.66731385137155,0.0,194.66731385137155
1000.007407,155,129.840508,1000.0074067726014,0.0,1000.0074067726014
993.150999,154,129.921764,993.1509987263183,0.0,993.1509987263183
968.940997,150,130.002217,968.9409969436101,0.0,968.9409969436101
-19.43866,27,130.01838,-19.438659917875214,0.0,-19.438659917875214
122.495077,50,130.045552,122.49507725891173,0.0,122.49507725891173
980.610449,148,130.759254,980.6104492227295,0.0,980.6104492227295
937.715203,149,130.838616,937.7152032839653,0.0,937.7152032839653
970.136871,146,130.916941,970.1368706770477,0.0,970.1368706770477
224.834933,78,130.959328,224.83493254176858,0.0,224.83493254176858
978.775241,150,131.038961,978.7752414512778,0.0,978.7752414512778
950.245126,151,131.119972,950.2451255218091,0.0,950.2451255218091
938.79045,149,131.200317,938.7904498049325,0.0,938.7904498049325
938.501749,138,131.27276,938.5017485906349,0.0,938.5017485906349
981.234711,158,131.356897,981.2347110314663,0.0,981.2347110314663
384.000886,100,131.410934,384.00088561109067,0.0,384.00088561109067
321.097478,93,131.460903,321.0974783161037,0.0,321.0974783161037
978.543208,149,131.539049,978.5432075951301,0.0,978.5432075951301
960.583406,145,131.615018,960.5834062134156,0.0,960.5834062134156
370.898935,99,131.669646,370.8989346026637,0.0,370.8989346026637
417.325223,105,131.726236,417.3252234432297,0.0,417.3252234432297
995.304117,159,131.813065,995.3041174923958,0.0,995.3041174923958
989.382422,149,132.486027,989.3824218399469,0.0,989.3824218399469
939.464828,147,132.56421,939.4648275108043,0.0,939.4648275108043
383.768521,100,132.618321,383.76852126457,0.0,383.76852126457
980.636302,146,132.696817,980.6363018581834,0.0,980.6363018581834
204.957044,79,132.739211,204.95704416211962,0.0,204.95704416211962
982.754415,150,132.820385,982.7544153000282,0.0,982.7544153000282
981.854954,150,132.901561,981.8549539050557,0.0,981.8549539050557
-55.706156,16,132.912131,-55.706155555397025,0.0,-55.706155555397025
923.88031,141,132.989236,923.8803096645838,0.0,923.8803096645838
382.878476,100,133.043413,382.8784763092543,0.0,382.8784763092543
977.715792,148,133.123309,977.7157923248988,0.0,977.7157923248988
994.127719,149,133.20358,994.1277187497013,0.0,994.1277187497013
-45.264561,20,133.215671,-45.264560651311115,0.0,-45.264560651311115
975.106442,152,133.298308,975.106441645567,0.0,975.106441645567
946.725886,144,133.39052,946.7258860115547,0.0,946.7258860115547
967.293891,146,133.485857,967.2938906960968,0.0,967.2938906960968
977.261642,157,133.590304,977.2616422834533,0.0,977.2616422834533
949.23559,147,134.275134,949.2355900738644,0.0,949.2355900738644
965.34211,143,134.350034,965.3421099440213,0.0,965.3421099440213
976.725148,160,134.435249,976.7251480347478,0.0,976.7251480347478
978.31436,146,134.513178,978.3143597286013,0.0,978.3143597286013
969.909773,143,134.589199,969.909772840224,0.0,969.909772840224
931.137961,144,134.667784,931.1379608284618,0.0,931.1379608284618
114.902844,56,134.69798,114.90284418540702,0.0,114.90284418540702
987.038563,150,134.78013,987.0385628417048,0.0,987.0385628417048
959.446085,142,134.856336,959.4460848677863,0.0,959.4460848677863
1016.882332,161,134.945798,1016.8823319002527,0.0,1016.8823319002527
972.960567,149,139.182512,972.9605668975429,0.0,972.9605668975429
375.731009,100,139.237152,375.7310093811942,0.0,375.7310093811942
72.168815,47,139.262552,72.16881536947163,0.0,72.16881536947163
981.53221,152,139.344691,981.532210411573,0.0,981.532210411573
986.45295,147,139.424285,986.4529495221585,0.0,986.4529495221585
383.449677,97,140.072147,383.4496772310338,0.0,383.4496772310338
991.330549,152,140.152497,991.3305488090414,0.0,991.3305488090414
961.695648,143,140.230184,961.6956478767119,0.0,961.6956478767119
949.419604,146,140.322347,949.4196038091792,0.0,949.4196038091792
965.308175,147,140.42581,965.3081750787297,0.0,965.3081750787297
994.242223,152,140.542765,994.242223031568,0.0,994.242223031568
221.254416,79,140.603589,221.25441648191904,0.0,221.25441648191904
976.6572,150,140.703263,976.6571997709103,0.0,976.6571997709103
931.715083,138,140.795768,931.7150828421927,0.0,931.7150828421927
953.033762,146,140.899192,953.0337616941721,0.0,953.0337616941721
972.727042,151,141.000785,972.7270419570995,0.0,972.7270419570995
268.728191,80,141.043242,268.7281912549742,0.0,268.7281912549742
998.648287,157,141.125714,998.6482868697422,0.0,998.6482868697422
989.230631,154,141.208622,989.2306311147183,0.0,989.2306311147183
993.847227,149,141.288654,993.8472270046102,0.0,993.8472270046102
962.301899,146,141.959387,962.3018993079606,0.0,962.3018993079606
399.8363,99,142.011809,399.83629966981414,0.0,399.83629966981414
371.921695,102,142.066171,371.9216946463565,0.0,371.9216946463565
946.178355,144,142.161411,946.1783547454169,0.0,946.1783547454169
941.91274,140,142.256268,941.912740370007,0.0,941.912740370007
-24.416882,24,142.275507,-24.416881640435477,0.0,-24.416881640435477
942.211047,143,142.365423,942.2110465557049,0.0,942.2110465557049
1005.775822,156,142.467916,1005.7758223745908,0.0,1005.7758223745908
1015.295357,152,142.56892,1015.295357476273,0.0,1015.295357476273
4.668114,28,142.5901,4.668114376263674,0.0,4.668114376263674
957.604223,144,142.680215,957.6042232673984,0.0,957.6042232673984
981.508806,147,142.757075,981.5088061781709,0.0,981.5088061781709
952.245764,141,142.835191,952.2457641608585,0.0,952.2457641608585
992.008118,150,142.915707,992.0081182270012,0.0,992.0081182270012
-52.645074,18,142.926255,-52.645074324597914,0.0,-52.645074324597914
968.408911,144,143.003741,968.4089107833349,0.0,968.4089107833349
171.399055,66,143.03916,171.39905507795874,0.0,171.39905507795874
957.579675,140,143.113831,957.5796745092059,0.0,957.5796745092059
949.581861,145,143.794417,949.5818614445827,0.0,949.5818614445827
203.532433,72,143.833548,203.53243266671643,0.0,203.53243266671643
954.211036,147,143.910567,954.2110357819199,0.0,954.2110357819199
999.288174,156,143.992172,999.2881743222724,0.0,999.2881743222724
1021.878341,159,144.081671,1021.87834136004,0.0,1021.87834136004
937.04727,146,144.161364,937.0472695116971,0.0,937.0472695116971
942.539782,135,144.234912,942.5397815448629,0.0,942.5397815448629
969.126551,192,144.338344,969.1265510127328,0.0,969.1265510127328
952.392583,138,144.412387,952.3925826645756,0.0,952.3925826645756
985.000061,151,144.493901,985.000061229386,0.0,985.000061229386
904.738094,137,144.567383,904.7380936857699,0.0,904.7380936857699
992.59482,152,144.648713,992.5948200131975,0.0,992.5948200131975
24.980124,35,144.668401,24.98012370887112,0.0,24.98012370887112
999.963233,157,144.751634,999.963233413074,0.0,999.963233413074
947.196339,151,144.835114,947.1963393716554,0.0,947.1963393716554
92.235664,55,145.464115,92.2356641757294,0.0,92.2356641757294
966.167949,144,145.539704,966.1679491646426,0.0,966.1679491646426
966.494057,148,145.618853,966.4940565803549,0.0,966.4940565803549
986.231375,151,145.698472,986.231375385028,0.0,986.231375385028
402.571063,107,145.757349,402.5710633682413,0.0,402.5710633682413
987.289973,156,145.840952,987.2899731873106,0.0,987.2899731873106
935.371792,137,145.915016,935.371791675051,0.0,935.371791675051
998.407877,150,145.993016,998.4078773774993,0.0,998.4078773774993
999.173137,153,146.074822,999.1731365886958,0.0,999.1731365886958
364.990944,93,146.127678,364.99094357969136,0.0,364.99094357969136
929.175151,148,146.227113,929.1751511404211,0.0,929.1751511404211
281.185015,93,146.289901,281.1850147873616,0.0,281.1850147873616
956.97167,145,146.378725,956.9716702452719,0.0,956.9716702452719
930.081362,142,146.475628,930.0813621612726,0.0,930.0813621612726
939.967852,144,146.570973,939.9678516473184,0.0,939.9678516473184
955.186977,142,147.253826,955.1869770641908,0.0,955.1869770641908
929.640079,137,147.327012,929.640079193181,0.0,929.640079193181
-28.021549,22,147.339082,-28.021549175627158,0.0,-28.021549175627158
928.921837,141,147.416019,928.9218367958438,0.0,928.9218367958438
931.525661,144,147.491937,931.52566098556,0.0,931.52566098556
976.802003,145,147.574525,976.8020025234242,0.0,976.8020025234242
121.998059,56,147.605592,121.99805934146298,0.0,121.99805934146298
284.56054,85,147.661198,284.5605401446957,0.0,284.5605401446957
964.849046,149,147.752279,964.849046234403,0.0,964.849046234403
952.274974,136,147.828624,952.2749743202093,0.0,952.2749743202093
910.038383,133,147.918004,910.0383827173418,0.0,910.0383827173418
78.851074,39,151.721695,78.85107410202086,0.0,78.85107410202086
934.397366,140,151.824328,934.3973655212362,0.0,934.3973655212362
113.519803,58,151.86187,113.51980329354016,0.0,113.51980329354016
951.359212,140,151.952116,951.3592121725603,0.0,951.3592121725603
261.189133,85,152.009223,261.1891332748321,0.0,261.1891332748321
988.947025,149,152.093809,988.9470253374402,0.0,988.9470253374402
947.207846,140,152.167612,947.2078461190912,0.0,947.2078461190912
991.920612,151,152.851886,991.9206122776627,0.0,991.9206122776627
949.533858,142,152.928979,949.5338578505924,0.0,949.5338578505924
433.463787,105,152.984419,433.4637870638542,0.0,433.4637870638542
980.465111,151,153.064827,980.4651106549122,0.0,980.4651106549122
979.530492,151,153.149025,979.5304920063467,0.0,979.5304920063467
2.719218,27,153.167179,2.719218156736247,0.0,2.719218156736247
967.725665,148,153.263367,967.7256652004222,0.0,967.7256652004222
969.689233,149,153.37201,969.6892334284614,0.0,969.6892334284614
1016.807836,154,153.489709,1016.8078362920713,0.0,1016.8078362920713
969.100588,142,153.587554,969.1005882626943,0.0,969.1005882626943
918.701518,137,153.685877,918.7015180688295,0.0,918.7015180688295
969.119659,142,153.78166,969.1196591615025,0.0,969.1196591615025
91.589818,48,153.812174,91.58981756400823,0.0,91.58981756400823
111.942116,62,153.851542,111.94211573468176,0.0,111.94211573468176
948.083025,143,153.931164,948.0830246871997,0.0,948.0830246871997
985.051145,146,154.009353,985.0511449688254,0.0,985.0511449688254
14.031463,29,154.026038,14.031462742269966,0.0,14.031462742269966
996.34769,145,154.699599,996.3476898287001,0.0,996.3476898287001
460.197527,111,154.758004,460.1975274198794,0.0,460.1975274198794
-6.731944,34,154.77921,-6.731944411831165,0.0,-6.731944411831165
1003.523365,149,154.858708,1003.5233653653902,0.0,1003.5233653653902
962.547349,152,154.94389,962.5473486148276,0.0,962.5473486148276
137.334337,53,154.980218,137.3343371441436,0.0,137.3343371441436
969.04591,143,155.075597,969.0459098766182,0.0,969.0459098766182
96.486187,46,155.105494,96.48618686067272,0.0,96.48618686067272
944.760726,143,155.19515,944.7607259026909,0.0,944.7607259026909
145.774481,59,155.231453,145.77448058439734,0.0,145.77448058439734
964.263284,144,155.32586,964.2632844434513,0.0,964.2632844434513
188.970723,66,155.372529,188.97072273539789,0.0,188.97072273539789
-32.327113,24,155.390666,-32.32711308894574,0.0,-32.32711308894574
323.217443,83,155.443578,323.21744327201924,0.0,323.21744327201924
191.780914,70,155.487505,191.78091356363473,0.0,191.78091356363473
948.418662,142,155.576817,948.4186617121774,0.0,948.4186617121774
942.520516,144,155.653412,942.5205159758791,0.0,942.5205159758791
975.771655,143,155.727527,975.7716547626859,0.0,975.7716547626859
974.919171,144,155.803367,974.9191705050255,0.0,974.9191705050255
1013.642707,156,155.886137,1013.6427066746309,0.0,1013.6427066746309
955.49652,153,156.577777,955.4965204678517,0.0,955.4965204678517
414.692635,102,156.63132,414.6926348998285,0.0,414.6926348998285
986.201342,154,156.712949,986.2013419575958,0.0,986.2013419575958
996.353999,149,156.792085,996.3539991933092,0.0,996.3539991933092
-29.814225,23,156.805665,-29.81422505899326,0.0,-29.81422505899326
970.449988,144,156.882445,970.4499880993221,0.0,970.4499880993221
352.568975,92,156.934645,352.56897534980845,0.0,352.56897534980845
987.944111,153,157.014976,987.9441110448915,0.0,987.9441110448915
929.730461,139,157.089357,929.7304614204373,0.0,929.7304614204373
118.681641,47,157.11655,118.68164062610519,0.0,118.68164062610519
-27.293851,22,157.131222,-27.293851225771945,0.0,-27.293851225771945
960.155919,145,157.208999,960.1559194020151,0.0,960.1559194020151
-14.974198,24,157.222573,-14.974198183687108,0.0,-14.974198183687108
971.339284,145,157.301368,971.3392843705476,0.0,971.3392843705476
966.19009,150,157.381039,966.1900900146446,0.0,966.1900900146446
-12.49536,24,157.395664,-12.495360152389651,0.0,-12.495360152389651
958.637037,142,157.469731,958.6370367560243,0.0,958.6370367560243
244.008191,79,157.511686,244.0081907539262,0.0,244.0081907539262
954.909265,142,157.588219,954.9092653715134,0.0,954.9092653715134
961.125438,150,158.268854,961.1254377744132,0.0,961.1254377744132
969.926013,145,158.347565,969.9260132927765,0.0,969.9260132927765
969.38403,145,158.4254,969.3840304326966,0.0,969.3840304326966
-26.941629,21,158.437512,-26.941629408413746,0.0,-26.941629408413746
957.722677,143,158.514751,957.7226766888615,0.0,957.7226766888615
-48.425637,18,158.525317,-48.42563726079234,0.0,-48.42563726079234
1001.058679,151,158.608485,1001.0586788110942,0.0,1001.0586788110942
951.004759,145,158.687936,951.0047590237546,0.0,951.0047590237546
24.876496,32,158.706247,24.87649577274351,0.0,24.87649577274351
940.630579,140,158.780337,940.6305793847141,0.0,940.6305793847141
420.136281,106,158.836516,420.13628118190167,0.0,420.13628118190167
972.419738,143,158.912261,972.4197378201965,0.0,972.4197378201965
969.77168,140,158.987418,969.7716796111372,0.0,969.7716796111372
978.633467,146,159.084058,978.6334667933721,0.0,978.6334667933721
-52.613451,18,159.097673,-52.61345086107791,0.0,-52.61345086107791
366.312153,94,159.160952,366.3121530033738,0.0,366.3121530033738
970.776739,147,159.254724,970.7767386431487,0.0,970.7767386431487
-48.870444,17,159.26683,-48.8704441660681,0.0,-48.8704441660681
936.459856,140,159.356784,936.4598559162039,0.0,936.4598559162039
938.174989,135,160.030362,938.1749886217613,0.0,938.1749886217613
995.781526,149,160.109851,995.7815256531095,0.0,995.7815256531095
418.268734,105,160.166803,418.268734082624,0.0,418.268734082624
58.663097,37,160.186447,58.66309673827921,0.0,58.66309673827921
945.131577,144,160.266054,945.1315773009701,0.0,945.1315773009701
950.135787,142,160.343598,950.1357872675421,0.0,950.1357872675421
389.87845,97,160.396852,389.8784502724152,0.0,389.8784502724152
188.835685,64,160.430137,188.8356854300567,0.0,188.8356854300567
925.017908,134,160.50107,925.0179077016923,0.0,925.0179077016923
973.212333,147,164.203127,973.212333180027,0.0,973.212333180027
980.466071,148,164.298332,980.46607099726,0.0,980.46607099726
420.496781,102,164.362603,420.4967809581161,0.0,420.4967809581161
-13.58677,23,164.379286,-13.586769705592232,0.0,-13.586769705592232
955.123935,147,164.480423,955.1239346631269,0.0,955.1239346631269
999.251288,153,164.578911,999.2512877942172,0.0,999.2512877942172
946.434162,139,164.668361,946.4341624726287,0.0,946.4341624726287
957.392671,144,164.758189,957.3926709405112,0.0,957.3926709405112
412.746388,100,165.426295,412.74638838305646,0.0,412.74638838305646
-20.309577,27,165.441482,-20.30957695209588,0.0,-20.30957695209588
-43.526643,20,165.454854,-43.52664336112066,0.0,-43.52664336112066
944.134393,146,165.532951,944.1343926430422,0.0,944.1343926430422
976.645393,153,165.614486,976.6453929690372,0.0,976.6453929690372
976.746937,153,165.698099,976.7469371236422,0.0,976.7469371236422
211.355395,73,165.73706,211.35539536089343,0.0,211.35539536089343
149.226319,57,165.768615,149.22631906279392,0.0,149.22631906279392
942.845634,143,165.845316,942.8456335983794,0.0,942.8456335983794
154.972634,63,165.879672,154.97263410039216,0.0,154.97263410039216
962.184666,142,165.971011,962.1846661987765,0.0,962.1846661987765
219.370807,77,166.019472,219.37080676876533,0.0,219.37080676876533
985.080931,159,166.125345,985.0809313057255,0.0,985.0809313057255
209.905845,73,166.179202,209.90584487773424,0.0,209.90584487773424
964.779481,141,166.276368,964.7794814007782,0.0,964.7794814007782
390.890898,99,166.35161,390.89089841260903,0.0,390.89089841260903
274.817606,82,166.413696,274.8176062634441,0.0,274.8176062634441
939.014456,142,166.515286,939.0144557166319,0.0,939.0144557166319
1005.719957,154,166.610679,1005.7199569429888,0.0,1005.7199569429888
1008.257864,156,167.307422,1008.2578637948972,0.0,1008.2578637948972
943.786119,139,167.381082,943.7861189536648,0.0,943.7861189536648
44.914437,41,167.404948,44.91443719544003,0.0,44.91443719544003
1028.053441,157,167.488738,1028.0534412813163,0.0,1028.0534412813163
960.108783,140,167.563853,960.1087829505288,0.0,960.1087829505288
956.742535,142,167.640336,956.7425345807612,0.0,956.7425345807612
976.972055,148,167.718903,976.9720552720562,0.0,976.9720552720562
17.402835,42,167.750193,17.40283471148041,0.0,17.40283471148041
63.040331,40,167.778501,63.04033128570023,0.0,63.04033128570023
156.483748,65,167.822392,156.483748368103,0.0,156.483748368103
960.935745,151,167.924042,960.9357454593531,0.0,960.9357454593531
990.775906,151,168.026467,990.7759064930384,0.0,990.7759064930384
1005.410819,152,168.119908,1005.410819107334,0.0,1005.410819107334
970.979784,146,168.211401,970.9797839028827,0.0,970.9797839028827
980.908917,148,168.306908,980.9089172832884,0.0,980.9089172832884
147.068472,61,168.338603,147.06847177170414,0.0,147.06847177170414
186.821209,64,168.37194,186.82120860476942,0.0,186.82120860476942
961.301285,144,168.450585,961.301285021905,0.0,961.301285021905
248.938623,84,168.49604,248.93862347541148,0.0,248.93862347541148
982.369305,146,169.170204,982.369304587042,0.0,982.369304587042
933.303284,142,169.245512,933.3032838103129,0.0,933.3032838103129
929.248538,141,169.321499,929.2485381216969,0.0,929.2485381216969
979.236107,147,169.401123,979.2361071021608,0.0,979.2361071021608
22.324495,37,169.422267,22.324494655011165,0.0,22.324494655011165
373.921588,95,169.474418,373.92158768635545,0.0,373.92158768635545
940.72766,137,169.546034,940.7276601084151,0.0,940.7276601084151
961.224893,141,169.621761,961.2248934703908,0.0,961.2248934703908
962.640404,151,169.702883,962.6404043503687,0.0,962.6404043503687
190.578014,71,169.74193,190.57801446914107,0.0,190.57801446914107
948.112823,145,169.81954,948.1128232072905,0.0,948.1128232072905
963.169405,146,169.898056,963.1694048072618,0.0,963.1694048072618
978.515413,147,169.978921,978.5154125000136,0.0,978.5154125000136
962.097462,143,170.05449,962.097461653563,0.0,962.097461653563
948.328728,144,170.133819,948.3287275545822,0.0,948.3287275545822
934.110294,140,170.806476,934.1102944683972,0.0,934.1102944683972
215.937136,78,170.849002,215.93713612231466,0.0,215.93713612231466
955.426651,148,170.92859,955.4266511532528,0.0,955.4266511532528
389.848742,97,170.979154,389.84874150728774,0.0,389.84874150728774
360.816619,93,171.030147,360.8166193477225,0.0,360.8166193477225
984.499247,143,171.106742,984.4992471504315,0.0,984.4992471504315
978.967657,144,171.183507,978.9676568532336,0.0,978.9676568532336
979.912866,145,171.261562,979.9128656685609,0.0,979.9128656685609
938.616491,141,171.337351,938.6164910081699,0.0,938.6164910081699
-9.710661,27,171.35252,-9.710661036387364,0.0,-9.710661036387364
270.158427,85,171.400929,270.15842704790737,0.0,270.15842704790737
946.136343,143,171.47675,946.1363430144447,0.0,946.1363430144447
983.779682,157,171.570048,983.7796822337405,0.0,983.7796822337405
968.812895,148,171.667686,968.8128950053771,0.0,968.8128950053771
1026.349831,156,171.766926,1026.3498306663137,0.0,1026.3498306663137
413.637526,107,171.836479,413.6375256032077,0.0,413.6375256032077
353.71671,91,171.893475,353.7167103206309,0.0,353.7167103206309
95.884226,43,171.923999,95.88422557746183,0.0,95.88422557746183
140.229868,52,171.958851,140.22986818302377,0.0,140.22986818302377
948.678154,151,172.647185,948.6781540235819,0.0,948.6781540235819
928.767279,141,172.72077,928.7672788881532,0.0,928.7672788881532
946.259264,140,172.797276,946.2592635621851,0.0,946.2592635621851
107.654587,45,172.822983,107.65458717129825,0.0,107.65458717129825
-48.392771,19,172.833568,-48.392771217345555,0.0,-48.392771217345555
352.754412,91,172.883529,352.7544121399209,0.0,352.7544121399209
973.878306,150,172.960654,973.8783059717736,0.0,973.8783059717736
932.940415,134,176.658226,932.9404149524142,0.0,932.9404149524142
-53.940593,18,176.670341,-53.94059316617675,0.0,-53.94059316617675
169.107301,69,176.709183,169.10730108502122,0.0,169.10730108502122
965.017837,150,176.805521,965.0178371958045,0.0,965.0178371958045
416.174291,107,176.871221,416.174291196232,0.0,416.174291196232
-22.836023,25,176.890872,-22.836022708614877,0.0,-22.836022708614877
387.079442,97,176.954449,387.0794420367832,0.0,387.0794420367832
-24.105296,23,176.974173,-24.105295534488363,0.0,-24.105295534488363
955.462339,150,177.087903,955.4623392259455,0.0,955.4623392259455
936.700855,140,177.1909,936.7008546438333,0.0,936.7008546438333
1016.877826,153,177.296865,1016.8778256324108,0.0,1016.8778256324108
996.402782,150,177.393291,996.4027823952263,0.0,996.4027823952263
196.813105,73,177.43977,196.81310518947723,0.0,196.81310518947723
952.992839,141,178.111362,952.9928387167126,0.0,952.9928387167126
1030.848524,153,178.193084,1030.8485235469057,0.0,1030.8485235469057
1005.067286,156,178.274354,1005.0672861646294,0.0,1005.0672861646294
991.390652,150,178.355313,991.3906519490647,0.0,991.3906519490647
956.091062,141,178.431423,956.0910616207905,0.0,956.0910616207905
983.84333,149,178.511886,983.8433304515656,0.0,983.8433304515656
976.424226,150,178.601018,976.4242263842424,0.0,976.4242263842424
922.985146,139,178.693149,922.9851461896433,0.0,922.9851461896433
16.077617,28,178.712249,16.07761683434242,0.0,16.07761683434242
992.284082,147,178.832363,992.2840824278384,0.0,992.2840824278384
402.336648,102,178.904437,402.3366478121993,0.0,402.3366478121993
85.015669,55,178.93903,85.01566944478071,0.0,85.01566944478071
183.539019,67,178.980855,183.539018967722,0.0,183.539018967722
959.001154,144,179.073126,959.0011536569715,0.0,959.0011536569715
986.255906,146,179.164784,986.255906133878,0.0,986.255906133878
929.227737,140,179.250547,929.2277366199946,0.0,929.2277366199946
961.446058,142,179.945108,961.4460579760546,0.0,961.4460579760546
971.497195,142,180.019007,971.4971945450196,0.0,971.4971945450196
953.726316,144,180.098053,953.7263156878195,0.0,953.7263156878195
19.231527,32,180.115785,19.231526797155396,0.0,19.231526797155396
925.628961,137,180.189218,925.6289606064391,0.0,925.6289606064391
974.653071,143,180.266635,974.6530711349211,0.0,974.6530711349211
387.259782,96,180.319398,387.2597818898086,0.0,387.2597818898086
-33.906121,21,180.332985,-33.90612128529335,0.0,-33.90612128529335
953.918521,142,180.405833,953.9185208628134,0.0,953.9185208628134
107.243043,52,180.435641,107.24304317271884,0.0,107.24304317271884
203.591276,70,180.473842,203.59127627386547,0.0,203.59127627386547
959.442302,141,180.550208,959.4423016792692,0.0,959.4423016792692
-55.778826,18,180.560777,-55.77882642114117,0.0,-55.77882642114117
934.285842,140,180.642397,934.2858420038094,0.0,934.2858420038094
351.44592,91,180.700132,351.44592032917694,0.0,351.44592032917694
412.180473,104,180.76671,412.1804733066216,0.0,412.1804733066216
88.7668,50,180.802258,88.76679999687855,0.0,88.76679999687855
941.546592,133,180.889402,941.5465916842796,0.0,941.5465916842796
103.302983,45,180.920762,103.3029827225143,0.0,103.3029827225143
982.76851,146,181.016625,982.7685095566512,0.0,982.7685095566512
973.683653,149,181.110481,973.6836531725439,0.0,973.6836531725439
932.447231,134,181.786295,932.4472309482724,0.0,932.4472309482724
995.623773,148,181.864775,995.6237729052986,0.0,995.6237729052986
374.559445,95,181.915113,374.5594447957915,0.0,374.5594447957915
158.579942,61,181.950435,158.57994160693087,0.0,158.57994160693087
990.23906,147,182.029799,990.2390604516047,0.0,990.2390604516047
82.291029,41,182.052414,82.29102902977078,0.0,82.29102902977078
974.298933,146,182.129771,974.2989329280415,0.0,974.2989329280415
301.742061,89,182.179943,301.742060837824,0.0,301.742060837824
256.817581,77,182.221684,256.8175808540864,0.0,256.8175808540864
1018.838602,151,182.301016,1018.8386022811262,0.0,1018.8386022811262
379.600142,93,182.353234,379.6001415497832,0.0,379.6001415497832
986.955771,143,182.428862,986.955770923932,0.0,986.955770923932
928.989177,139,182.504508,928.9891773684658,0.0,928.9891773684658
115.926179,51,182.532322,115.92617899152626,0.0,115.92617899152626
-48.812196,20,182.544432,-48.8121960969175,0.0,-48.8121960969175
-48.027737,20,182.557647,-48.027737350108225,0.0,-48.027737350108225
410.215911,102,182.61265,410.2159109273812,0.0,410.2159109273812
977.427195,144,182.68814,977.4271947347208,0.0,977.4271947347208
982.326354,142,182.765213,982.3263542369607,0.0,982.3263542369607
936.31535,138,183.431176,936.3153501654912,0.0,936.3153501654912
176.024324,64,183.465615,176.0243235746726,0.0,176.0243235746726
956.108769,141,183.541141,956.1087692235224,0.0,956.1087692235224
981.601153,141,183.621328,981.6011533219073,0.0,981.6011533219073
978.627693,157,183.706792,978.6276934394332,0.0,978.6276934394332
-46.109102,20,183.719906,-46.109102218657014,0.0,-46.109102218657014
64.0434,39,183.742194,64.04340015331724,0.0,64.04340015331724
968.23374,144,183.818241,968.233740476597,0.0,968.233740476597
243.308293,77,183.860637,243.308292838716,0.0,243.308292838716
933.640683,139,183.934749,933.6406832798899,0.0,933.6406832798899
200.388473,69,183.972725,200.38847345923907,0.0,200.38847345923907
983.898832,147,184.057559,983.8988320484973,0.0,983.8988320484973
982.574157,145,184.154667,982.5741572807473,0.0,982.5741572807473
142.612058,60,184.190978,142.61205841450206,0.0,142.61205841450206
950.17913,146,184.287173,950.1791295745813,0.0,950.1791295745813
8.211843,28,184.307471,8.211842582931425,0.0,8.211842582931425
103.53713,43,184.336245,103.53712985926026,0.0,103.53712985926026
984.497705,143,184.428568,984.4977049116491,0.0,984.4977049116491
5.172269,27,184.449319,5.172269109075046,0.0,5.172269109075046
381.440087,103,184.51221,381.4400866649471,0.0,381.4400866649471
435.928022,108,184.583323,435.92802166775346,0.0,435.92802166775346
199.71472,71,184.62631,199.71471968661348,0.0,199.71471968661348
79.727469,39,185.241788,79.72746945608117,0.0,79.72746945608117
116.934074,54,185.271999,116.93407435005236,0.0,116.93407435005236
111.364317,45,185.296865,111.36431724454631,0.0,111.36431724454631
371.387985,94,185.347413,371.3879851939657,0.0,371.3879851939657
969.596231,151,185.429143,969.5962312398472,0.0,969.5962312398472
-48.167325,19,185.439711,-48.16732516098831,0.0,-48.16732516098831
937.933256,141,188.951143,937.9332561370718,0.0,937.9332561370718
44.312535,41,188.973818,44.31253452791739,0.0,44.31253452791739
1001.530788,149,189.05239,1001.5307879623731,0.0,1001.5307879623731
-25.311309,22,189.06597,-25.311308869964805,0.0,-25.311308869964805
974.811042,149,189.145295,974.8110423278122,0.0,974.8110423278122
995.307142,148,189.223014,995.3071417586776,0.0,995.3071417586776
108.66617,48,189.250178,108.66617011283694,0.0,108.66617011283694
958.399412,148,189.329947,958.3994121233964,0.0,958.3994121233964
962.086296,153,189.413732,962.0862957296905,0.0,962.0862957296905
999.180151,149,189.506033,999.1801511486877,0.0,999.1801511486877
429.299588,105,189.571125,429.2995883241379,0.0,429.2995883241379
240.401207,75,189.622474,240.40120718115452,0.0,240.40120718115452
975.208491,151,189.722494,975.208490944223,0.0,975.208490944223
923.696615,137,189.806735,923.6966147807748,0.0,923.6966147807748
995.947388,149,190.507396,995.9473877000295,0.0,995.9473877000295
163.85996,64,190.546731,163.85996042276687,0.0,163.85996042276687
994.965912,147,190.62598,994.965912308745,0.0,994.965912308745
968.170134,145,190.703282,968.1701335783712,0.0,968.1701335783712
978.806784,149,190.78267,978.8067837261412,0.0,978.8067837261412
282.126532,85,190.830688,282.12653208410575,0.0,282.12653208410575
-29.775868,22,190.844318,-29.775867688096767,0.0,-29.775867688096767
-10.828268,27,190.860937,-10.828267767910347,0.0,-10.828267767910347
210.293054,71,190.899782,210.29305379996404,0.0,210.29305379996404
82.066535,42,190.924003,82.0665347164653,0.0,82.0665347164653
1004.996749,152,191.005641,1004.9967491488085,0.0,1004.9967491488085
51.526519,35,191.024749,51.52651905164562,0.0,51.52651905164562
962.214308,140,191.100233,962.214307794737,0.0,962.214307794737
1016.155255,153,191.183764,1016.155254786411,0.0,1016.155254786411
923.14936,139,191.2664,923.1493599222105,0.0,923.1493599222105
-20.586343,25,191.285649,-20.586342986431376,0.0,-20.586342986431376
942.369724,138,191.376474,942.3697236005211,0.0,942.3697236005211
235.006445,75,191.42643,235.00644475420023,0.0,235.00644475420023
91.747788,51,191.464422,91.74778790148187,0.0,91.74778790148187
1002.733977,151,191.558392,1002.7339771838582,0.0,1002.7339771838582
989.173765,150,192.269782,989.1737648099975,0.0,989.1737648099975
986.826952,156,192.367193,986.8269517899375,0.0,986.8269517899375
978.857772,150,192.447871,978.8577715924538,0.0,978.8577715924538
5.238239,34,192.466,5.238238997860606,0.0,5.238238997860606
971.23159,143,192.541461,971.2315898833423,0.0,971.2315898833423
-37.053856,21,192.553566,-37.05385572926211,0.0,-37.05385572926211
-25.745832,23,192.567162,-25.745832102575548,0.0,-25.745832102575548
964.559772,142,192.641817,964.5597717495397,0.0,964.5597717495397
972.186196,143,192.7174,972.1861955310305,0.0,972.1861955310305
397.231565,98,192.771256,397.2315645014877,0.0,397.2315645014877
279.446879,89,192.818076,279.4468786612449,0.0,279.4468786612449
142.544032,60,192.853253,142.54403189758892,0.0,142.54403189758892
225.698689,75,192.894034,225.69868882439013,0.0,225.69868882439013
133.651815,52,192.921307,133.6518146519561,0.0,133.6518146519561
-19.585489,22,192.934942,-19.585489128345714,0.0,-19.585489128345714
976.273149,147,193.015126,976.2731494597235,0.0,976.2731494597235
4.833985,29,193.031281,4.833985005921576,0.0,4.833985005921576
1010.234016,149,193.110553,1010.2340161624418,0.0,1010.2340161624418
980.621815,146,193.188902,980.6218152705553,0.0,980.6218152705553
964.777195,143,193.265541,964.7771948567106,0.0,964.7771948567106
209.481574,73,193.305488,209.48157383436117,0.0,209.48157383436117
200.936513,74,193.344865,200.93651256816875,0.0,200.93651256816875
411.326284,101,194.018917,411.3262836039138,0.0,411.3262836039138
407.692341,101,194.085115,407.69234136482885,0.0,407.69234136482885
-59.710665,15,194.097225,-59.7106647249239,0.0,-59.7106647249239
967.141958,146,194.177513,967.1419583236111,0.0,967.1419583236111
955.47905,149,194.255858,955.4790504113587,0.0,955.4790504113587
-34.728438,22,194.269478,-34.72843802196334,0.0,-34.72843802196334
966.1848,147,194.346951,966.184799593306,0.0,966.184799593306
983.012701,148,194.426958,983.0127013895524,0.0,983.0127013895524
965.072662,145,194.503973,965.0726620623576,0.0,965.0726620623576
102.035587,44,194.52732,102.03558740731629,0.0,102.03558740731629
964.441923,140,194.602525,964.4419228495276,0.0,964.4419228495276
385.351497,96,194.653922,385.3514972706484,0.0,385.3514972706484
939.602198,134,194.729032,939.6021983005539,0.0,939.6021983005539
357.6657,88,194.775044,357.6657000599984,0.0,357.6657000599984
976.794709,146,194.853112,976.7947089606687,0.0,976.7947089606687
944.294035,141,194.930497,944.294034579001,0.0,944.294034579001
401.288081,100,194.98456,401.28808058722046,0.0,401.28808058722046
981.259784,148,195.063812,981.2597838934689,0.0,981.2597838934689
973.18343,150,195.74169,973.1834297021894,0.0,973.1834297021894
975.549254,146,195.820181,975.5492538483453,0.0,975.5492538483453
400.235487,99,195.873502,400.2354874969435,0.0,400.2354874969435
970.980428,152,195.955608,970.980427767026,0.0,970.980427767026
957.018741,143,196.031896,957.0187413634587,0.0,957.0187413634587
395.276101,97,196.084353,395.27610083176,0.0,395.27610083176
-45.201303,19,196.09647,-45.201303028126276,0.0,-45.201303028126276
138.57117,57,196.12664,138.57116952833033,0.0,138.57116952833033
248.487581,81,196.171624,248.48758072742967,0.0,248.48758072742967
1019.890069,150,196.252868,1019.8900692394006,0.0,1019.8900692394006
962.544004,143,196.329495,962.5440042846385,0.0,962.5440042846385
967.994866,149,196.409493,967.9948661303795,0.0,967.9948661303795
934.153113,134,196.48206,934.1531127541544,0.0,934.1531127541544
274.023991,81,196.526335,274.0239910383352,0.0,274.0239910383352
941.121937,135,196.598301,941.121937078571,0.0,941.121937078571
963.414097,141,196.676749,963.4140970954215,0.0,963.4140970954215
950.401264,145,196.767149,950.4012636095925,0.0,950.4012636095925
234.145169,74,196.820182,234.14516920728053,0.0,234.14516920728053
983.623991,148,197.525374,983.6239906765438,0.0,983.6239906765438
960.70754,150,197.605267,960.7075400220235,0.0,960.7075400220235
983.56291,155,201.482168,983.5629098697318,0.0,983.5629098697318
947.801925,136,201.553858,947.8019252460492,0.0,947.8019252460492
83.693235,44,201.578057,83.69323470818281,0.0,83.69323470818281
995.651836,149,201.659804,995.6518358771549,0.0,995.6518358771549
991.086498,146,201.739235,991.0864978810057,0.0,991.0864978810057
972.392111,154,201.820886,972.3921109012374,0.0,972.3921109012374
1006.420489,156,201.902977,1006.4204889408148,0.0,1006.4204889408148
976.391746,143,201.985343,976.3917455943379,0.0,976.3917455943379
944.836339,178,202.102675,944.836339398207,0.0,944.836339398207
2.130798,26,202.117501,2.1307982724713668,0.0,2.1307982724713668
432.516199,106,202.188107,432.51619928532944,0.0,432.51619928532944
959.167096,144,202.28283,959.167095934749,0.0,959.167095934749
951.810196,140,202.373561,951.8101962745321,0.0,951.8101962745321
411.561412,99,202.446048,411.56141178467783,0.0,411.56141178467783
94.462114,44,203.084621,94.46211374358484,0.0,94.46211374358484
981.344614,146,203.161295,981.344614208544,0.0,981.344614208544
930.163973,143,203.238668,930.1639734707237,0.0,930.1639734707237
952.420838,144,203.317406,952.420838098838,0.0,952.420838098838
68.800051,47,203.344571,68.80005061800074,0.0,68.80005061800074
958.420943,144,203.423615,958.4209433421572,0.0,958.4209433421572
998.992922,183,203.521128,998.992922370745,0.0,998.992922370745
385.162164,96,203.573026,385.16216397133394,0.0,385.16216397133394
994.785048,155,203.658998,994.7850482637095,0.0,994.7850482637095
973.352797,146,203.73789,973.35279730349,0.0,973.35279730349
969.121285,143,203.830133,969.1212848635378,0.0,969.1212848635378
931.328509,133,203.917701,931.3285091699765,0.0,931.3285091699765
-23.739323,22,203.934357,-23.739322615485122,0.0,-23.739322615485122
924.036033,136,204.017299,924.0360333468857,0.0,924.0360333468857
999.487047,149,204.113131,999.487046527352,0.0,999.487046527352
952.49527,142,204.222397,952.4952698702878,0.0,952.4952698702878
963.592548,141,204.939313,963.5925476960306,0.0,963.5925476960306
53.499582,42,204.962028,53.49958231693108,0.0,53.49958231693108
983.069161,145,205.037828,983.0691608811713,0.0,983.0691608811713
168.536857,62,205.071321,168.53685739569823,0.0,168.53685739569823
424.350867,104,205.128803,424.35086734291906,0.0,424.35086734291906
916.186059,132,205.200127,916.1860585195053,0.0,916.1860585195053
995.847734,155,205.282362,995.8477339264878,0.0,995.8477339264878
926.867781,180,205.390519,926.8677813600713,0.0,926.8677813600713
398.252302,97,205.443497,398.2523023072694,0.0,398.2523023072694
936.649949,146,205.520316,936.6499488899244,0.0,936.6499488899244
926.122452,139,205.59761,926.1224518250092,0.0,926.1224518250092
1001.450818,153,205.681127,1001.4508178750392,0.0,1001.4508178750392
400.714579,99,205.735652,400.71457914442675,0.0,400.71457914442675
969.034168,152,205.81657,969.0341682412734,0.0,969.0341682412734
84.537464,42,205.840281,84.53746394609972,0.0,84.53746394609972
-23.165785,22,205.856711,-23.165785168490345,0.0,-23.165785168490345
922.697627,138,205.950129,922.6976272127357,0.0,922.6976272127357
293.025211,93,206.00753,293.0252110167784,0.0,293.0252110167784
962.173385,144,206.702036,962.1733846719195,0.0,962.1733846719195
952.095901,139,206.777077,952.0959007085789,0.0,952.0959007085789
67.613878,46,206.802178,67.6138783121968,0.0,67.6138783121968
1000.227634,152,206.885432,1000.2276340824155,0.0,1000.2276340824155
939.24254,134,206.956051,939.2425399787336,0.0,939.2425399787336
957.806666,142,207.035102,957.8066657559634,0.0,957.8066657559634
931.172668,136,207.108277,931.1726684497063,0.0,931.1726684497063
4.975559,26,207.123947,4.975558597003811,0.0,4.975558597003811
-25.20548,21,207.136032,-25.205480046117813,0.0,-25.205480046117813
122.312637,46,207.163168,122.312637055737,0.0,122.312637055737
71.382448,39,207.18508,71.38244805161679,0.0,71.38244805161679
971.876022,140,207.260764,971.8760217674385,0.0,971.8760217674385
101.982722,44,207.286013,101.98272155420673,0.0,101.98272155420673
927.367044,139,207.359549,927.3670443099918,0.0,927.3670443099918
-53.039312,19,207.371634,-53.039311537658584,0.0,-53.039311537658584
68.791299,38,207.392757,68.79129900705628,0.0,68.79129900705628
968.126443,143,207.469091,968.126443241852,0.0,968.126443241852
403.411199,99,207.521274,403.41119907379135,0.0,403.41119907379135
995.96429,151,207.605086,995.9642895131673,0.0,995.9642895131673
965.57729,140,207.682302,965.5772898741906,0.0,965.5772898741906
961.850692,149,207.763516,961.8506921882854,0.0,961.8506921882854
79.642198,40,207.786298,79.64219800759882,0.0,79.64219800759882
59.362529,36,208.401059,59.36252918502622,0.0,59.36252918502622
460.792358,112,208.461014,460.7923577447086,0.0,460.7923577447086
337.305623,91,208.509478,337.3056228410252,0.0,337.3056228410252
96.929379,42,208.534601,96.92937920723814,0.0,96.92937920723814
220.545342,72,208.574222,220.54534185674981,0.0,220.54534185674981
-44.000413,19,208.58487,-44.00041315291601,0.0,-44.00041315291601
84.865002,41,208.608673,84.86500227499403,0.0,84.86500227499403
958.560251,140,208.682074,958.5602511855783,0.0,958.5602511855783
113.038232,56,208.714793,113.03823211918396,0.0,113.03823211918396
968.251153,142,208.790583,968.2511533042639,0.0,968.2511533042639
63.031049,43,208.814976,63.03104909481107,0.0,63.03104909481107
192.026048,68,208.853422,192.0260483108168,0.0,192.0260483108168
942.536882,139,208.929428,942.5368822072403,0.0,942.5368822072403
145.763944,52,208.956674,145.76394360663377,0.0,145.76394360663377
189.700939,66,208.992247,189.70093916393046,0.0,189.70093916393046
1018.760959,160,209.077102,1018.760958635306,0.0,1018.760958635306
65.107842,46,209.102481,65.10784215087634,0.0,65.10784215087634
951.982584,142,209.18157,951.9825841868362,0.0,951.9825841868362
48.073363,43,209.205717,48.073362762018775,0.0,48.073362762018775
944.552077,136,209.278179,944.5520774434257,0.0,944.5520774434257
964.837042,140,209.354065,964.837042335349,0.0,964.837042335349
964.854646,144,209.432591,964.8546463049038,0.0,964.8546463049038
956.514267,140,210.127719,956.5142673493901,0.0,956.5142673493901
955.00194,142,213.91022,955.0019403107206,0.0,955.0019403107206
127.681996,54,213.939979,127.68199637418422,0.0,127.68199637418422
966.342449,152,214.019826,966.3424490316496,0.0,966.3424490316496
993.25223,151,214.10163,993.2522301029662,0.0,993.2522301029662
949.182281,146,214.178535,949.1822809024995,0.0,949.1822809024995
961.160429,152,214.259678,961.1604291308241,0.0,961.1604291308241
959.739626,142,214.3361,959.739625990585,0.0,959.739625990585
908.988562,139,214.411235,908.9885620176087,0.0,908.9885620176087
966.830926,146,214.490243,966.8309262778957,0.0,966.8309262778957
12.461653,28,214.506344,12.461653143289851,0.0,12.461653143289851
79.745142,47,214.532698,79.74514170989758,0.0,79.74514170989758
247.144107,80,214.576504,247.14410698526805,0.0,247.14410698526805
925.2056,140,214.65447,925.2056003171976,0.0,925.2056003171976
407.081647,103,214.722426,407.08164723449374,0.0,407.08164723449374
161.360311,67,214.764451,161.36031110307923,0.0,161.36031110307923
961.873095,158,214.878477,961.8730951530888,0.0,961.8730951530888
915.191947,140,214.978326,915.1919467654692,0.0,915.1919467654692
1014.345315,154,215.693363,1014.3453152078835,0.0,1014.3453152078835
994.976344,149,215.772069,994.9763436325165,0.0,994.9763436325165
1008.60258,151,215.85358,1008.6025804241161,0.0,1008.6025804241161
959.116084,141,215.929116,959.1160844104439,0.0,959.1160844104439
955.255083,143,216.005945,955.2550826707982,0.0,955.2550826707982
146.147238,68,216.044792,146.14723778805418,0.0,146.14723778805418
975.797052,148,216.125143,975.7970520678459,0.0,975.7970520678459
1004.34524,154,216.208211,1004.345239790523,0.0,1004.345239790523
1030.798,153,216.302019,1030.7980001350327,0.0,1030.7980001350327
-39.058451,21,216.315322,-39.058451425469045,0.0,-39.058451425469045
952.725429,138,216.390123,952.7254291331193,0.0,952.7254291331193
970.921334,145,216.482532,970.9213344986587,0.0,970.9213344986587
374.608925,96,216.547494,374.6089245562231,0.0,374.6089245562231
983.909097,149,216.647061,983.9090970619822,0.0,983.9090970619822
971.511344,145,216.750348,971.5113440726376,0.0,971.5113440726376
400.256516,106,216.83015,400.25651648609755,0.0,400.25651648609755
375.169718,97,217.505952,375.1697181990836,0.0,375.1697181990836
953.790054,143,217.582299,953.7900541427784,0.0,953.7900541427784
950.096327,143,217.657922,950.0963266578126,0.0,950.0963266578126
962.512458,143,217.735127,962.5124579753556,0.0,962.5124579753556
960.082646,139,217.811023,960.082645968469,0.0,960.082645968469
981.339089,143,217.887594,981.3390886673292,0.0,981.3390886673292
987.924715,151,217.970106,987.9247151961471,0.0,987.9247151961471
959.225674,144,218.048549,959.2256742774579,0.0,959.2256742774579
70.076058,40,218.071179,70.07605771584493,0.0,70.07605771584493
965.024348,147,218.150337,965.0243477764678,0.0,965.0243477764678
974.282372,144,218.235359,974.2823715982671,0.0,974.2823715982671
1008.272682,150,218.333122,1008.2726815166222,0.0,1008.2726815166222
942.691161,143,218.421767,942.6911606190253,0.0,942.6911606190253
403.59656,100,218.487181,403.5965602360854,0.0,403.5965602360854
961.053602,142,218.577831,961.0536017532105,0.0,961.0536017532105
-47.285132,20,218.59448,-47.28513226517887,0.0,-47.28513226517887
998.438442,149,219.281972,998.4384423197519,0.0,998.4384423197519
943.453509,146,219.356557,943.4535086612581,0.0,943.4535086612581
956.299046,142,219.433704,956.2990462333074,0.0,956.2990462333074
44.724083,35,219.453395,44.72408331287596,0.0,44.72408331287596
989.629744,154,219.537038,989.6297444119434,0.0,989.6297444119434
-59.603596,15,219.546623,-59.60359571627901,0.0,-59.60359571627901
366.336577,91,219.597547,366.3365771613925,0.0,366.3365771613925
82.114157,49,219.625328,82.11415676369835,0.0,82.11415676369835
985.204468,144,219.703972,985.2044683470956,0.0,985.2044683470956
104.076769,45,219.72894,104.07676873019841,0.0,104.07676873019841
315.258824,95,219.779471,315.2588239303708,0.0,315.2588239303708
994.308009,165,219.867819,994.3080087844638,0.0,994.3080087844638
990.390751,150,219.949186,990.3907514550014,0.0,990.3907514550014
959.079846,147,220.028173,959.0798455951708,0.0,959.0798455951708
1010.549676,162,220.116248,1010.549676275648,0.0,1010.549676275648
300.49906,86,220.162347,300.49906014657876,0.0,300.49906014657876
73.120908,38,220.183474,73.1209081554085,0.0,73.1209081554085
953.819979,141,220.260739,953.8199790825649,0.0,953.8199790825649
371.760378,99,220.314549,371.76037841801417,0.0,371.76037841801417
127.591897,57,220.345716,127.59189659697867,0.0,127.59189659697867
965.391597,147,221.032761,965.391596917294,0.0,965.391596917294
938.859345,138,221.106671,938.8593446229888,0.0,938.8593446229888
394.503463,100,221.162511,394.50346341017604,0.0,394.50346341017604
954.816518,143,221.238,954.8165176343723,0.0,954.8165176343723
410.809641,102,221.293317,410.8096408287563,0.0,410.8096408287563
98.933656,50,221.320526,98.93365631084134,0.0,98.93365631084134
934.991415,145,221.398024,934.9914146684904,0.0,934.9914146684904
452.937004,108,221.459082,452.93700374716,0.0,452.93700374716
-52.459174,17,221.471244,-52.4591743536456,0.0,-52.4591743536456
-36.449796,21,221.483366,-36.44979639013128,0.0,-36.44979639013128
96.602266,43,221.510628,96.60226637357904,0.0,96.60226637357904
118.176379,53,221.539402,118.17637934597569,0.0,118.17637934597569
955.601636,140,221.616657,955.6016364714357,0.0,955.6016364714357
927.966105,140,221.691329,927.9661054207822,0.0,927.9661054207822
923.678925,138,221.770144,923.6789247633188,0.0,923.6789247633188
237.772508,81,221.812713,237.77250800973937,0.0,237.77250800973937
933.483212,136,221.886461,933.483211754997,0.0,933.483211754997
961.624662,143,221.963596,961.624661549394,0.0,961.624661549394
70.99065,40,225.691189,70.99064996264133,0.0,70.99064996264133
996.542791,149,225.780987,996.542791431621,0.0,996.542791431621
134.835838,54,225.816143,134.8358375912108,0.0,134.8358375912108
938.286787,140,226.526093,938.2867868573744,0.0,938.2867868573744
926.25759,147,226.603185,926.2575901884368,0.0,926.2575901884368
990.970381,143,226.679699,990.9703810121066,0.0,990.9703810121066
998.811064,143,226.755629,998.8110641493846,0.0,998.8110641493846
99.904008,45,226.779169,99.90400791007816,0.0,99.90400791007816
989.832857,151,226.862225,989.8328569461592,0.0,989.8328569461592
983.59409,147,226.940109,983.5940898630411,0.0,983.5940898630411
359.871678,91,226.98929,359.8716781557739,0.0,359.8716781557739
927.431083,135,227.06585,927.4310830055601,0.0,927.4310830055601
981.574439,150,227.146799,981.5744392884269,0.0,981.5744392884269
362.441964,98,227.200849,362.44196436189986,0.0,362.44196436189986
964.490439,147,227.294391,964.4904387475533,0.0,964.4904387475533
-2.531578,28,227.316168,-2.531578294099731,0.0,-2.531578294099731
1004.873786,150,227.41554,1004.8737857317433,0.0,1004.8737857317433
961.678651,143,227.50792,961.6786510033849,0.0,961.6786510033849
205.108933,76,227.557218,205.10893335753832,0.0,205.10893335753832
995.753721,150,228.268571,995.7537207397313,0.0,995.7537207397313
98.203597,54,228.30142,98.20359700906877,0.0,98.20359700906877
926.615108,136,228.374073,926.6151082006145,0.0,926.6151082006145
354.001269,93,228.423208,354.0012694097795,0.0,354.0012694097795
981.872017,147,228.503996,981.8720166606789,0.0,981.8720166606789
98.098449,54,228.535324,98.09844889497165,0.0,98.09844889497165
91.867221,43,228.56052,91.86722056041668,0.0,91.86722056041668
1022.719847,157,228.647204,1022.7198469353805,0.0,1022.7198469353805
173.282136,69,228.685449,173.28213610288213,0.0,173.28213610288213
-18.993002,23,228.69979,-18.993002255421956,0.0,-18.993002255421956
959.639781,145,228.776265,959.6397808308823,0.0,959.6397808308823
967.137344,148,228.858109,967.1373435196465,0.0,967.1373435196465
953.309545,141,228.933987,953.3095449470235,0.0,953.3095449470235
938.551501,142,229.018968,938.551500587349,0.0,938.551500587349
110.322477,46,229.049319,110.32247728085486,0.0,110.32247728085486
358.144745,90,229.109267,358.1447450242491,0.0,358.1447450242491
946.665122,139,229.195711,946.6651219633284,0.0,946.6651219633284
967.384462,144,229.287601,967.3844621058856,0.0,967.3844621058856
985.781479,147,229.381045,985.781479362322,0.0,985.781479362322
1015.392132,160,230.070002,1015.3921316674472,0.0,1015.3921316674472
402.349517,99,230.124422,402.3495167788524,0.0,402.3495167788524
196.242404,74,230.164437,196.2424041685246,0.0,196.2424041685246
942.40352,147,230.242747,942.403519826089,0.0,942.403519826089
998.809079,149,230.322531,998.8090789437631,0.0,998.8090789437631
935.450528,134,230.393147,935.4505280248316,0.0,935.4505280248316
90.94576,49,230.422152,90.94575952426044,0.0,90.94575952426044
-41.292665,19,230.433291,-41.292664765172646,0.0,-41.292664765172646
961.146589,144,230.509741,961.1465894053847,0.0,961.1465894053847
253.821078,82,230.554287,253.82107763321974,0.0,253.82107763321974
109.568118,44,230.578774,109.56811841952461,0.0,109.56811841952461
423.7809,107,230.635854,423.7808999348804,0.0,423.7808999348804
417.587845,98,230.688077,417.5878452640811,0.0,417.5878452640811
957.108068,143,230.772904,957.1080677615271,0.0,957.1080677615271
950.044946,145,230.867556,950.0449464304725,0.0,950.0449464304725
951.586937,140,230.962039,951.586937185786,0.0,951.586937185786
995.862094,147,231.048057,995.862093649462,0.0,995.862093649462
113.012541,46,231.078789,113.01254096074784,0.0,113.01254096074784
104.889012,44,231.108935,104.88901170279877,0.0,104.88901170279877
950.291144,145,231.201927,950.2911441393837,0.0,950.2911441393837
972.209243,147,231.894526,972.2092433997565,0.0,972.2092433997565
983.925139,152,231.975534,983.9251392662517,0.0,983.9251392662517
971.961239,148,232.053787,971.961238544183,0.0,971.961238544183
15.491529,31,232.071495,15.491528995576232,0.0,15.491528995576232
989.801755,148,232.151502,989.8017546549015,0.0,989.8017546549015
919.880273,148,232.230312,919.8802730519085,0.0,919.8802730519085
21.973489,32,232.24948,21.973488837686872,0.0,21.973488837686872
982.044787,149,232.32787,982.0447870744873,0.0,982.0447870744873
1007.126778,154,232.40946,1007.1267781380726,0.0,1007.1267781380726
972.011876,143,232.489002,972.0118761799,0.0,972.0118761799
997.559151,161,232.575825,997.5591506267384,0.0,997.5591506267384
465.468338,109,232.639737,465.4683378945685,0.0,465.4683378945685
417.750393,107,232.696695,417.75039308752457,0.0,417.75039308752457
966.994105,151,232.779212,966.9941050844966,0.0,966.9941050844966
967.851304,149,232.859339,967.8513041116342,0.0,967.8513041116342
75.743471,41,232.881156,75.7434714741964,0.0,75.7434714741964
997.41391,162,233.58395,997.4139099563708,0.0,997.4139099563708
938.135422,146,233.673264,938.1354220111187,0.0,938.1354220111187
448.244602,110,233.745688,448.2446024047987,0.0,448.2446024047987
929.896445,144,233.838352,929.8964450896376,0.0,929.8964450896376
965.150087,144,233.930922,965.1500869910809,0.0,965.1500869910809
990.323547,148,234.010175,990.3235474749592,0.0,990.3235474749592
945.554098,139,234.084638,945.5540976485244,0.0,945.5540976485244
70.668793,46,234.110884,70.66879327440117,0.0,70.66879327440117
918.933184,138,234.184557,918.9331842820575,0.0,918.9331842820575
12.940253,28,234.201043,12.94025322910224,0.0,12.94025322910224
417.972064,103,234.258676,417.97206405612314,0.0,417.97206405612314
1003.158801,147,234.336492,1003.1588010282082,0.0,1003.1588010282082
986.855383,148,234.416215,986.8553830559331,0.0,986.8553830559331
2.369276,30,234.434799,2.3692756874145005,0.0,2.3692756874145005
999.049719,151,238.420677,999.0497191185018,0.0,999.0497191185018
999.842711,153,238.523825,999.8427112545453,0.0,999.8427112545453
1019.369707,156,238.626345,1019.3697070589848,0.0,1019.3697070589848
-12.820322,25,238.648138,-12.820321538861137,0.0,-12.820321538861137
382.088699,108,239.35657,382.08869906028906,0.0,382.08869906028906
967.187254,146,239.433295,967.1872540794475,0.0,967.1872540794475
1002.638146,149,239.51549,1002.6381458358156,0.0,1002.6381458358156
108.525101,47,239.539693,108.52510145952489,0.0,108.52510145952489
947.510395,144,239.617217,947.5103951659198,0.0,947.5103951659198
948.474616,141,239.692862,948.4746161114003,0.0,948.4746161114003
929.656613,144,239.772244,929.6566128780764,0.0,929.6566128780764
-42.670588,18,239.783449,-42.670588143947654,0.0,-42.670588143947654
918.750301,136,239.855845,918.7503010882438,0.0,918.7503010882438
1009.964479,156,239.939122,1009.964478678668,0.0,1009.964478678668
968.297509,141,240.018524,968.2975090405675,0.0,968.2975090405675
926.07849,137,240.092217,926.0784899339507,0.0,926.0784899339507
995.951395,154,240.200819,995.9513954014656,0.0,995.9513954014656
87.678351,41,240.239483,87.67835117855046,0.0,87.67835117855046
-58.934951,17,240.250493,-58.934950825038186,0.0,-58.934950825038186
421.33759,111,240.320052,421.33758961937815,0.0,421.33758961937815
1015.216355,153,240.421463,1015.2163549634226,0.0,1015.2163549634226
963.266627,150,241.155154,963.2666272641624,0.0,963.2666272641624
404.342961,100,241.207093,404.34296137158026,0.0,404.34296137158026
983.844284,152,241.289335,983.8442844618148,0.0,983.8442844618148
950.931207,146,241.370032,950.9312066907013,0.0,950.9312066907013
939.423189,145,241.449313,939.4231891123388,0.0,939.4231891123388
954.841519,147,241.529169,954.8415186594513,0.0,954.8415186594513
967.31239,145,241.60684,967.3123901610653,0.0,967.3123901610653
933.016246,148,241.686094,933.0162462767078,0.0,933.0162462767078
973.11314,156,241.771153,973.1131399748564,0.0,973.1131399748564
997.542914,153,241.852757,997.5429140838085,0.0,997.5429140838085
402.83668,100,241.907934,402.8366798858332,0.0,402.8366798858332
958.935693,145,241.996272,958.9356933947079,0.0,958.9356933947079
961.962222,147,242.087756,961.9622224718322,0.0,961.9622224718322
941.856468,150,242.183662,941.8564679495789,0.0,941.8564679495789
965.242242,144,242.278697,965.2422417932248,0.0,965.2422417932248
66.939525,40,242.306733,66.93952527424807,0.0,66.93952527424807
977.029427,149,242.990305,977.0294270057557,0.0,977.0294270057557
990.628476,154,243.07099,990.6284756876096,0.0,990.6284756876096
424.416154,113,243.133157,424.4161542995263,0.0,424.4161542995263
964.785671,154,243.224244,964.7856709071476,0.0,964.7856709071476
166.40793,61,243.257406,166.40792975705313,0.0,166.40792975705313
-32.260671,20,243.269098,-32.26067112428605,0.0,-32.26067112428605
933.688926,148,243.349756,933.6889258639785,0.0,933.6889258639785
981.670091,151,243.430332,981.6700910217085,0.0,981.6700910217085
-39.698338,21,243.443954,-39.69833787728071,0.0,-39.69833787728071
408.816056,103,243.499317,408.81605628011073,0.0,408.81605628011073
1011.360106,151,243.588784,1011.360106431456,0.0,1011.360106431456
1004.647303,158,243.674367,1004.6473030283616,0.0,1004.6473030283616
927.639761,141,243.750113,927.6397608579482,0.0,927.6397608579482
406.88483,103,243.804757,406.8848299277925,0.0,406.8848299277925
1007.001663,151,243.886096,1007.0016628769674,0.0,1007.0016628769674
989.025287,147,243.965712,989.0252873816773,0.0,989.0252873816773
984.907621,142,244.04022,984.9076207674434,0.0,984.9076207674434
970.519845,148,244.714836,970.5198445429603,0.0,970.5198445429603
376.190762,103,244.772922,376.1907623672902,0.0,376.1907623672902
976.032371,149,244.850343,976.0323707362268,0.0,976.0323707362268
999.029779,151,244.933916,999.0297786479657,0.0,999.0297786479657
913.981628,145,245.012093,913.9816284867028,0.0,913.9816284867028
0.670581,29,245.029799,0.6705805501041624,0.0,0.6705805501041624
397.383686,101,245.083908,397.38368642200686,0.0,397.38368642200686
950.010653,143,245.161154,950.0106525157407,0.0,950.0106525157407
-6.975277,27,245.177104,-6.975276518575598,0.0,-6.975276518575598
988.571202,152,245.255942,988.5712020596823,0.0,988.5712020596823
424.967236,109,245.315733,424.9672360165677,0.0,424.9672360165677
974.621948,152,245.396526,974.6219479172369,0.0,974.6219479172369
945.152489,141,245.472334,945.1524891411106,0.0,945.1524891411106
935.228646,141,245.548137,935.2286455544212,0.0,935.2286455544212
1001.539706,156,245.631867,1001.5397056462184,0.0,1001.5397056462184
982.201513,156,245.715934,982.201513399814,0.0,982.201513399814
343.23277,92,246.373196,343.23276974280424,0.0,343.23276974280424
231.424742,83,246.425911,231.42474232745994,0.0,231.42474232745994
944.582277,152,246.521656,944.5822768867313,0.0,944.5822768867313
939.089749,142,246.610715,939.0897485398036,0.0,939.0897485398036
961.679454,167,246.715781,961.6794537805617,0.0,961.6794537805617
387.476645,99,246.770071,387.47664503148815,0.0,387.47664503148815
985.87817,164,246.856378,985.8781696968787,0.0,985.8781696968787
359.037455,97,246.909079,359.0374549680391,0.0,359.0374549680391
924.168323,139,246.982409,924.1683228758701,0.0,924.1683228758701
959.95899,146,247.060397,959.9589903740804,0.0,959.9589903740804
950.774827,146,251.216869,950.7748266196306,0.0,950.7748266196306
962.970253,151,251.314415,962.9702532649981,0.0,962.9702532649981
957.293837,149,251.412098,957.2938368708774,0.0,957.2938368708774
357.641138,96,251.477748,357.6411381032033,0.0,357.6411381032033
960.409385,143,251.568018,960.4093853154112,0.0,960.4093853154112
420.1491,111,251.640928,420.149100244591,0.0,420.149100244591
