#{"t_start": 1788917528.6531856, "env_id": "None"}
r,l,t,episode_base_return,episode_risk_return,episode_training_return
24.700869,499,1.120543,25.90843982425129,-1.2075706007917404,24.700869223459563
-271.994125,288,1.271951,-271.9941249674737,0.0,-271.9941249674737
-231.602309,182,1.369811,-231.60230864788673,0.0,-231.60230864788673
-208.716142,275,1.515117,-206.10750778748672,-2.608634606128134,-208.7161423936148
-235.361315,565,1.808196,-235.36131533788688,0.0,-235.36131533788688
-85.980753,43,1.832349,-25.671405729772772,-60.309347571528484,-85.98075330130125
65.324109,102,1.888787,122.05554438858631,-56.73143521966362,65.32410916892273
-50.266365,437,2.740084,-42.58189571593094,-7.6844692819585685,-50.2663649978895
147.300058,160,2.823832,200.7546247997419,-53.454566879138596,147.30005792060328
75.85717,356,3.012579,121.8228633430142,-45.96569355406919,75.85716978894538
238.913366,190,3.112618,284.9827328840397,-46.069366524362486,238.91336635967718
299.373118,397,3.331545,344.93744708606323,-45.56432909557557,299.3731179904877
313.316299,252,3.464657,351.4076937351192,-38.09139513331925,313.3162986018
297.719765,532,4.377298,373.3181551049566,-75.59838993596347,297.7197651689932
477.956521,600,4.693344,508.1399579063824,-30.18343724173024,477.95652066465243
395.333242,455,4.970044,438.9084365205387,-43.57519438070782,395.3332421398308
684.448548,600,5.346658,738.7168170467597,-54.268268619797055,684.4485484269627
115.916717,128,5.418495,165.408499067636,-49.49178198259782,115.91671708503814
249.590351,214,6.163473,322.10289124133703,-72.51254014722508,249.5903510941121
529.817093,306,6.321233,529.8170930044538,0.0,529.8170930044538
302.682467,250,6.453354,393.51179731333195,-90.82933076525234,302.68246654807956
977.675249,400,6.677762,978.7175280154247,-1.0422791380647123,977.67524887736
274.230766,600,7.059147,284.60910904735624,-10.378342996610682,274.23076605074556
-69.558122,28,7.079298,-30.886666136496572,-38.67145605770902,-69.55812219420562
233.557904,152,7.172435,278.600658051033,-45.042753855208275,233.5579041958248
317.907399,212,7.883603,397.13962560884545,-79.23222647221732,317.90739913662816
406.254378,186,7.981425,431.8475010701309,-25.593123366391332,406.25437770373946
22.217026,80,8.025199,57.27759898071852,-35.06057286952634,22.21702611119224
323.142772,294,8.181251,366.76151913863094,-43.618746985429965,323.14277215320095
483.857165,348,8.366659,485.48850618920926,-1.6313414502089012,483.8571647390004
376.415157,226,8.492409,410.5256755619077,-34.110518803542774,376.4151567583649
288.887828,191,8.616702,330.78382320847743,-41.89599537583222,288.88782783264537
525.201173,420,8.889997,525.2011729688313,0.0,525.2011729688313
104.334011,85,14.160732,139.17429068193638,-34.840279872298765,104.33401080963768
274.529644,209,14.86359,346.6309234738662,-72.10127922339757,274.5296442504686
-2.612091,66,14.897842,28.225591104627398,-30.83768195597981,-2.612090851352434
922.707839,464,15.145294,927.4360423374369,-4.72820348503961,922.7078388523973
317.81299,163,15.236289,345.6290964302703,-27.81610641994643,317.8129900103239
315.686345,200,15.361543,385.9136009336911,-70.22725623195751,315.6863447017337
193.426755,148,15.454053,248.01703915920154,-54.590284242273384,193.42675491692825
351.915453,161,15.557349,387.088825713906,-35.17337242641275,351.9154532874932
87.83416,127,15.640594,175.87640772951528,-88.04224732070851,87.8341604088069
907.17293,298,15.832211,936.5572856349193,-29.38435532788752,907.1729303070318
284.135376,184,15.937036,317.160757542561,-33.02538171439084,284.1353758281702
32.622465,67,15.971781,87.38634733378261,-54.76388254733908,32.62246478644359
97.97927,79,16.016219,125.70345288663877,-27.724182978354875,97.97926990828397
358.465703,178,16.760184,403.23737890248066,-44.77167595307211,358.4657029494086
767.58924,346,16.947531,880.2390223463385,-112.64978188920975,767.5892404571293
300.582987,194,17.051474,343.79215846583486,-43.20917188104363,300.5829865847911
57.902554,68,17.089777,105.35258648093233,-47.450032790036175,57.902553690896184
975.250163,401,17.339013,979.0568875563454,-3.8067246825907537,975.2501628737546
386.270981,245,17.496948,424.0699004624779,-37.79891933855781,386.27098112391997
-48.40891,35,17.522198,-5.254702926229527,-43.15420709369434,-48.408910019923866
933.276961,305,17.722268,961.9975823294819,-28.720621099674492,933.2769612298074
18.716687,55,17.757714,61.935498615665864,-43.21881134652058,18.716687269145382
107.604855,97,17.814064,153.50999232312796,-45.90513684722518,107.60485547590278
-52.199781,46,17.845313,-0.9376762992830407,-51.262104308569704,-52.19978060785277
294.446883,209,18.576941,370.0100117960943,-75.56312888102251,294.44688291507174
45.969367,64,18.612455,86.27338899075974,-40.304021759742525,45.96936723101729
-81.240126,22,18.626039,-46.92691573115532,-34.3132099346773,-81.24012566583264
369.260128,150,18.705799,407.2838464806041,-38.02371800025331,369.26012848035094
995.284686,261,18.848075,998.0377677514566,-2.7530813893126043,995.2846863621442
885.99409,419,19.105452,942.9560846354356,-56.96199461958301,885.9940900158524
921.554462,370,19.339247,958.3335705174391,-36.779108477537456,921.5544620399016
101.536478,99,19.404697,137.93010414009603,-36.393626374188415,101.53647776590762
929.739475,253,19.577884,942.5020071942275,-12.762532599693735,929.7394745945339
962.207114,265,19.748518,968.3646479743958,-6.15753409959172,962.2071138748039
378.896943,292,20.514099,427.8596588026379,-48.96271610779516,378.89694269484295
395.074846,178,20.611773,419.64568153238906,-24.570835385978164,395.074846146411
574.758548,294,20.76436,574.7585480787628,0.0,574.7585480787628
91.49943,74,20.806237,120.99070342465541,-29.49127357571366,91.49942984894173
310.120962,144,20.881835,353.400751092953,-43.27978925280949,310.1209618401435
-82.403737,23,20.895439,-47.323161386311796,-35.08057587796941,-82.40373726428122
889.113097,291,21.050112,912.978761231227,-23.865663908478147,889.1130973227487
205.212426,120,21.115118,221.56497620087075,-16.352549889967275,205.21242631090345
71.755843,62,21.150096,107.08907155917885,-35.33322816387471,71.7558433953042
981.058836,408,21.400481,988.242280423029,-7.183444690261452,981.0588357327675
305.487173,141,21.493868,354.0957078855923,-48.608534665539025,305.4871732200534
375.801153,155,22.199278,422.89558000406987,-47.094427243000524,375.80115276106943
67.052553,61,22.231405,104.3755220245274,-37.32296923511724,67.0525527894102
303.170441,157,22.312344,349.481273196819,-46.31083200966354,303.1704411871555
310.278866,145,22.391841,344.31758726385635,-34.038721037225486,310.278866226631
400.897556,224,22.511345,446.5586588876696,-45.66110333405014,400.8975555536191
325.479321,163,22.597498,381.1493494679103,-55.67002883114455,325.4793206367658
922.443135,307,22.761602,922.443134593405,0.0,922.443134593405
114.385812,68,22.798692,137.50643649112772,-23.1206246971235,114.38581179400425
287.401993,142,22.874771,334.83701933151207,-47.43502676360984,287.4019925679022
405.099531,306,27.113991,405.0995310507276,0.0,405.0995310507276
990.312637,295,27.271485,990.3126372439017,0.0,990.3126372439017
355.854701,178,27.961385,430.8934634714493,-75.03876295206413,355.8547005193853
304.632674,133,28.032408,352.2069209901066,-47.574246942451936,304.6326740476547
948.332672,285,28.197772,996.1647121404744,-47.83204029083719,948.3326718496373
281.214244,162,28.302584,349.73258080899814,-68.51833638426186,281.2142444247362
27.633604,64,28.346131,55.77173820592489,-28.13813404739183,27.633604158533103
179.126565,97,28.410375,213.82440466162103,-34.69783932928814,179.1265653323328
918.685862,244,28.562622,1002.4169946414372,-83.73113239132608,918.6858622501112
275.356289,190,28.687558,359.7976997118874,-84.44141115457042,275.35628855731693
353.158791,152,28.769285,399.4366123598289,-46.27782125756075,353.1587911022681
820.110476,303,28.932747,925.2465268800792,-105.13605131844635,820.1104755616335
945.569869,268,29.07754,945.569868563969,0.0,945.569868563969
376.107372,169,29.769763,414.76855982035295,-38.66118758467884,376.1073722356742
-79.978942,35,29.792051,-32.355631966700074,-47.6233104971305,-79.9789424638306
914.114693,322,30.003355,959.0833586568019,-44.968665559016756,914.114693097785
-17.462972,41,30.036212,3.0749802221123446,-20.53795266416774,-17.462972442055445
129.898254,83,30.09865,151.0046489864646,-21.106395481428645,129.89825350503585
-65.697892,25,30.119612,-35.69878949264975,-29.999102973960014,-65.69789246660977
968.373647,230,30.284713,968.3736472924718,0.0,968.3736472924718
868.561275,277,30.471653,938.042071065074,-69.48079602838457,868.5612750366895
-55.626734,29,30.490844,-16.98277375218433,-38.64396018228521,-55.62673393446954
920.735025,237,30.621855,946.1062666469294,-25.37124211694115,920.7350245299884
330.301858,154,30.704185,378.2229238548308,-47.92106568542984,330.30185816940116
220.075569,150,30.786874,261.22618027866247,-41.15061079630615,220.07556948235631
348.864147,143,30.862115,407.6781112034313,-58.813964580664056,348.8641466227673
914.140362,268,31.606953,961.5258798175945,-47.38551816784184,914.1403616497528
55.859104,62,31.640045,91.65002760626852,-35.79092323766476,55.85910436860378
83.680883,64,31.682953,111.08397506337616,-27.403092419421508,83.68088264395465
10.147689,40,31.710899,58.18422908813656,-48.036539957926294,10.147689130210324
253.279506,127,31.797736,297.3671182651737,-44.08761213674498,253.27950612842875
84.416665,65,31.846846,109.14870678136279,-24.732041655952273,84.41666512541056
73.223123,53,31.887829,121.04900525013264,-47.82588192183998,73.22312332829267
218.151787,109,31.971243,273.2939173788318,-55.14213082367698,218.15178655515484
-51.833061,25,31.990501,-16.7507327150861,-35.082328629379916,-51.83306134446602
113.610196,68,32.041775,140.22027283067032,-26.610076523235705,113.61019630743462
-60.704902,25,32.059037,-26.545615976441027,-34.15928553152154,-60.70490150796255
300.201335,149,32.164925,335.8912069097077,-35.68987152273199,300.2013353869757
-22.330467,31,32.191406,3.1157504786681756,-25.44621796026518,-22.33046748159704
949.848871,224,32.340137,949.8488710321412,0.0,949.8488710321412
249.988607,148,32.420999,304.11231561570867,-54.12370910663127,249.98860650907756
966.229159,276,32.565712,995.2510356860598,-29.02187706211099,966.229158623949
941.520627,202,32.671846,941.5206270905919,0.0,941.5206270905919
154.314731,91,32.723894,203.40947309599082,-49.09474255680226,154.3147305391885
917.022815,213,32.838415,955.2149585174368,-38.19214347733464,917.0228150401019
-69.660894,25,32.854501,-31.449915273052,-38.210978443038684,-69.66089371609073
129.383882,88,33.538198,177.2148933897206,-47.83101177491218,129.38388161480856
29.804137,57,33.576518,68.65700234391389,-38.85286530476063,29.80413703915329
241.544694,113,33.646225,280.6057087242764,-39.06101434277397,241.54469438150247
8.103032,50,33.680559,54.32464788864172,-46.221616282168945,8.103031606472825
-79.459012,27,33.697593,-48.16986840954419,-31.28914375299172,-79.45901216253591
49.803548,51,33.733066,95.38537867653717,-45.581830744109844,49.803547932427406
945.280695,375,33.971104,945.2806947862562,0.0,945.2806947862562
20.25634,53,34.007343,57.27694678539146,-37.02060672825104,20.25634005714042
216.390803,114,34.081105,249.1163068888334,-32.725503492970056,216.39080339586317
946.618718,215,34.205109,971.6331969881987,-25.014479079194565,946.6187179090041
37.98341,53,34.235345,80.77529110805506,-42.791880930579495,37.983410177475605
68.273803,65,34.271195,120.32154616615885,-52.047743496658654,68.2738026695002
-52.102595,39,34.293603,-5.2379667142406845,-46.86462852095325,-52.102595235193924
51.119684,70,34.334029,89.82939400247915,-38.709710049019705,51.11968395345946
971.681163,306,34.521924,971.6811626069656,0.0,971.6811626069656
975.134838,187,34.633776,975.1348382077592,0.0,975.1348382077592
894.787989,211,34.751585,948.1476268050067,-53.35963771744812,894.7879890875585
259.076208,133,35.472605,344.04852176145977,-84.9723139166353,259.0762078448246
891.553088,266,35.643723,949.1396626232392,-57.58657512087436,891.5530875023645
138.33387,97,35.705917,188.24112238949868,-49.90725189603306,138.33387049346584
951.533317,265,35.874154,972.1874215902994,-20.654104572709368,951.5333170175903
937.982844,269,36.037786,959.5252771497749,-21.54243346982836,937.9828436799465
895.44687,243,36.164353,956.3591870494092,-60.91231700351463,895.4468700458949
-56.194572,28,36.180034,-22.281103734020803,-33.91346846403705,-56.194572198057855
931.631857,239,40.239308,959.0268885816645,-27.39503199367757,931.6318565879868
-35.586569,41,40.263205,-1.15809670713368,-34.428471881427825,-35.58656858856152
-45.529824,29,40.279778,-3.60339539176276,-41.92642821340007,-45.529823605162846
21.708395,52,40.307617,62.703575762007944,-40.995180266413925,21.70839549559409
915.350182,228,40.446699,915.3501816532618,0.0,915.3501816532618
954.302033,227,41.204374,954.6120528368583,-0.3100195984001113,954.3020332384582
385.0303,139,41.278408,424.8754506413254,-39.84515102216037,385.03029961916525
349.185618,195,41.383097,420.939648188648,-71.75403045988587,349.1856177287621
959.883593,207,41.494813,959.8835925854685,0.0,959.8835925854685
988.440857,242,41.621998,1023.6399906886161,-35.19913343403359,988.4408572545824
968.348131,207,41.73087,968.3481311081484,0.0,968.3481311081484
37.247894,57,41.761488,76.57657634699481,-39.32868228333997,37.24789406365491
967.860135,206,41.871303,967.8601351517677,0.0,967.8601351517677
46.280433,58,41.902715,96.63985974502106,-50.35942700282405,46.28043274219701
985.951947,242,42.040042,989.0677183070768,-3.115771630159439,985.9519466769175
-78.570258,22,42.055375,-47.1662998709278,-31.403957886836064,-78.57025775776387
223.59991,121,42.130708,266.9937926618153,-43.393882247325834,223.5999104144894
55.371977,56,42.165364,89.01390459099648,-33.64192753191411,55.37197705908241
239.532657,115,42.24293,280.38151978883013,-40.84886237842224,239.5326574104079
193.904153,110,42.324405,231.85799613386007,-37.953843148442104,193.9041529854179
33.595011,55,42.996141,80.9619509201813,-47.36693993275982,33.595010987421546
911.144509,193,43.101686,957.7503955204837,-46.605886880049695,911.1445086404337
48.850957,60,43.133279,93.59944069307386,-44.748483627077796,48.850957065996084
67.543788,56,43.164793,113.5019936970798,-45.95820582309162,67.54378787398821
50.17128,48,43.190954,86.24513363486325,-36.07385360421362,50.17128003064967
78.78876,60,43.224741,100.76717357218313,-21.978413582511898,78.78875998967119
842.616687,214,43.339442,898.1096287610379,-55.49294133359108,842.6166874274469
-72.899853,28,43.355483,-37.35707299190595,-35.542780220324964,-72.89985321223095
324.331763,153,43.436766,403.7981171621001,-79.46635452015889,324.331762641941
990.274348,250,43.572305,990.2743481115285,0.0,990.2743481115285
-78.119846,26,43.587019,-43.04483857054096,-35.07500737760578,-78.11984594814675
151.906179,89,43.634892,178.65972379279228,-26.75354521606767,151.9061785767246
958.335066,214,43.747795,961.1861221613888,-2.8510561294271124,958.3350660319617
-35.025858,30,43.765693,-2.9908270507457786,-32.03503107110785,-35.02585812185363
173.346916,86,43.811998,209.83871494358414,-36.491798571933046,173.34691637165105
59.828216,57,43.842368,88.32870880944932,-28.500493270234976,59.82821553921437
991.434861,205,43.959528,991.4348609346005,0.0,991.4348609346005
962.629212,242,44.758312,962.6292117287642,0.0,962.6292117287642
-67.545611,28,44.776464,-32.05384423125514,-35.49176699651301,-67.54561122776816
27.125098,81,44.818573,95.78514457055425,-68.66004643473966,27.12509813581468
148.933647,91,44.867707,179.73028821026824,-30.79664071882294,148.93364749144527
959.604242,223,44.98669,976.5275296431744,-16.923287922227534,959.6042417209469
33.178825,58,45.019769,75.18127311702432,-42.00244836598056,33.178824751043805
963.571809,206,45.128882,963.5718091845363,0.0,963.5718091845363
271.315086,163,45.215364,318.2140021654209,-46.89891579712028,271.3150863683006
862.289182,215,45.329682,899.6816094609854,-37.39242746458501,862.2891819964005
111.049495,81,45.373589,164.08485710977476,-53.03536162938473,111.04949548039001
893.420146,198,45.478396,931.1194523878744,-37.69930624671949,893.4201461411552
982.274031,185,45.576423,982.2740310788084,0.0,982.2740310788084
964.140799,215,45.690046,964.14079854119,0.0,964.14079854119
331.065524,130,45.760771,387.6462204925052,-56.58069691504649,331.06552357745875
315.011025,135,45.841172,383.8419543957866,-68.83092957889093,315.01102481689577
931.290355,186,46.558874,931.2903553047836,0.0,931.2903553047836
46.044922,67,46.594227,92.78170658153505,-46.73678449514616,46.04492208638891
950.952829,232,46.717517,950.9528289327573,0.0,950.9528289327573
69.014574,68,46.755853,113.8416304419903,-44.82705678797563,69.01457365401467
333.605715,132,46.825698,383.68306199285746,-50.07734709342121,333.60571489943635
980.525819,175,46.919753,980.5258185851297,0.0,980.5258185851297
978.944789,225,47.036402,978.9447887527701,0.0,978.9447887527701
-53.514344,44,47.060692,-3.9028181223347502,-49.611525585568394,-53.51434370790315
23.632178,67,47.097958,73.40612407560528,-49.773945742585155,23.632178333020164
-7.922187,46,47.124775,51.03978279516126,-58.96197027421475,-7.922187479053434
208.303573,128,47.193938,292.8423603868205,-84.53878786835416,208.3035725184664
174.743833,107,47.252841,217.90832958845982,-43.16449635579009,174.74383323266989
963.829408,176,47.347936,966.0098035263085,-2.1803952940632705,963.8294082322452
231.75685,111,47.410378,276.6525780402355,-44.89572764936767,231.75685039086784
159.785236,92,47.462838,204.46981685645474,-44.68458074000877,159.785236116446
65.272378,63,47.498828,117.27312742384817,-52.00074934818832,65.27237807565984
106.827393,90,47.546079,191.48491644669156,-84.65752295381884,106.82739349287286
938.367041,187,48.27025,938.3670414661837,0.0,938.3670414661837
49.499346,66,48.307571,80.40735037337448,-30.908004341500572,49.499346031874
960.346593,184,48.40339,960.346592970061,0.0,960.346592970061
317.752489,119,48.467541,358.75774928965376,-41.005260434255874,317.75248885539787
147.100512,79,48.510936,187.12888252739126,-40.02837026792517,147.10051225946611
904.411474,189,48.613136,951.5973995989102,-47.18592596326737,904.4114736356432
206.190717,104,48.669092,253.4061581815726,-47.21544103601009,206.19071714556253
361.654366,130,48.757391,396.63283506283824,-34.97846902400354,361.6543660388347
29.678538,48,48.789169,62.8349446472637,-33.15640653312365,29.678538114140125
61.869937,56,52.377942,87.87069728242497,-26.000759797557762,61.869937484867194
37.30393,47,52.407475,71.08197039059473,-33.778040221389034,37.30393016920573
980.448805,191,52.531423,980.4488046598248,0.0,980.4488046598248
337.61689,147,52.623986,377.1613573326133,-39.54446758553493,337.6168897470784
938.799919,182,52.739467,938.7999193572067,0.0,938.7999193572067
36.527568,52,52.775008,69.70179721614863,-33.17422894212045,36.527568274028226
929.496163,175,52.876567,936.0032000542911,-6.507037128761711,929.4961629255296
999.974985,206,53.581533,999.9749850225415,0.0,999.9749850225415
875.756469,178,53.674248,911.1169042792214,-35.36043493368829,875.7564693455329
987.136554,194,53.778865,987.1365538403086,0.0,987.1365538403086
297.071205,129,53.848338,339.4044284918775,-42.33322311021078,297.07120538166674
981.970467,199,53.953409,981.9704666539725,0.0,981.9704666539725
328.451278,133,54.028417,360.1714266114051,-31.72014887431847,328.4512777370866
72.779727,71,54.077107,113.55201271233551,-40.77228550871262,72.77972720362297
-68.768086,20,54.090756,-43.32100668930552,-25.447079024922573,-68.7680857142281
969.982679,172,54.205268,969.9826791817859,0.0,969.9826791817859
929.443699,207,54.347051,956.4037385685525,-26.960039971511254,929.4436985970415
-66.5251,28,54.372074,-27.037210931823978,-39.48788935841833,-66.52510029024232
945.350167,168,54.498463,945.3501666195205,0.0,945.3501666195205
317.809822,133,54.595667,365.03047857260435,-47.22065703650313,317.80982153610137
218.200292,105,54.660165,263.06193976495484,-44.861647723085625,218.2002920418692
33.865095,50,54.68958,80.14017567479242,-46.2750807966534,33.86509487813909
218.186151,118,54.759981,253.0833778506024,-34.89722715560144,218.18615069500112
906.493526,172,55.462324,943.0740141471753,-36.58048789679868,906.4935262503764
959.875293,177,55.558816,976.5048305005507,-16.629537505906637,959.8752929946438
-72.279214,23,55.572537,-37.77485127161931,-34.50436297836426,-72.2792142499836
-44.90272,32,55.591418,-0.9923487725641422,-43.910371464891846,-44.902720237455995
996.704269,206,55.699214,996.7042693973349,0.0,996.7042693973349
302.974277,106,55.756421,329.5634507085125,-26.589173628093732,302.9742770804188
90.652366,71,55.794256,131.43052930263315,-40.7781632615556,90.65236604107764
308.527291,132,55.866939,406.85878070231934,-98.33148986075298,308.5272908415666
323.508101,116,55.939264,406.9006359608431,-83.39253497533966,323.5081009855034
870.430418,183,56.059485,914.0290424767136,-43.598624570054675,870.4304179066589
946.465222,163,56.16888,952.4683111887198,-6.003088957098127,946.4652222316217
64.435756,72,56.22221,109.20018392023903,-44.76442755161706,64.43575636862198
919.151074,178,56.352546,954.3278306741221,-35.176756898301356,919.1510737758209
414.194326,137,56.457291,440.32584274809545,-26.131517206732653,414.19432554136284
932.172642,148,56.553208,939.0356130190463,-6.86297085136485,932.1726421676815
90.733385,82,56.605741,132.5993412609693,-41.865955802179705,90.73338545878968
-43.294952,31,56.626162,-5.501862805357604,-37.79308919778674,-43.294952003144346
-70.788021,32,56.648854,-29.268146719035514,-41.51987422258553,-70.78802094162106
1001.667717,193,57.361576,1001.6677174406376,0.0,1001.6677174406376
163.420656,77,57.403964,204.39002048599258,-40.969364018424784,163.42065646756788
938.817242,159,57.489276,938.8172422264654,0.0,938.8172422264654
85.865693,83,57.533094,153.98112445611739,-68.11543180430647,85.865692651811
102.578875,78,57.575797,167.75227725046912,-65.17340213435793,102.5788751161113
966.318416,203,57.685277,993.6408032429028,-27.322387339780366,966.3184159031225
912.998092,182,57.78635,942.467476044663,-29.46938418032179,912.9980918643411
11.039456,42,57.80845,34.694724484524144,-23.655268617455395,11.039455867068696
620.855878,186,57.907143,620.8558776873562,0.0,620.8558776873562
952.583928,168,58.020472,968.2174745739512,-15.633546844152491,952.583927729799
-79.855027,19,58.036806,-53.186884896015,-26.668142345066535,-79.85502724108153
972.716813,184,58.152025,972.7168128115909,0.0,972.7168128115909
175.173162,83,58.20695,210.39717153062568,-35.224009692645225,175.17316183798053
-58.275928,28,58.226811,-22.161787346353933,-36.11414087191537,-58.27592821826933
927.968382,172,58.333888,957.2123229183117,-29.24394085048938,927.9683820678222
959.05752,181,58.451794,994.916990729415,-35.85947079422147,959.0575199351937
29.108896,45,58.479099,72.076879499417,-42.96798398287406,29.108895516543015
1013.02674,204,59.1994,1013.0267404154157,0.0,1013.0267404154157
-85.680401,24,59.213628,-51.94306096499948,-33.73733990572391,-85.68040087072342
5.280634,52,59.242424,56.72844887542968,-51.447815358654104,5.280633516775595
990.923364,180,59.341224,990.9233635999137,0.0,990.9233635999137
938.252364,205,59.452204,938.2523640403402,0.0,938.2523640403402
939.929987,189,59.552623,991.4661931780125,-51.53620625633644,939.9299869216761
34.003789,48,59.579351,71.28917795442075,-37.28538909015762,34.003788864263186
383.48045,116,59.63978,414.5577503054613,-31.07729994171558,383.4804503637458
200.138706,91,59.701349,262.7565703210886,-62.61786427609265,200.13870604499607
956.142667,182,59.810426,992.2254183185785,-36.082751007808056,956.1426673107703
31.147921,47,59.842835,65.56431979717058,-34.416398828089285,31.147920969081326
14.258782,43,59.873814,54.77379371234544,-40.51501140453331,14.258782307812183
998.647437,201,59.999202,998.6474374628845,0.0,998.6474374628845
166.547169,91,60.064775,226.30738234092314,-59.760213228750814,166.54716911217236
298.071485,105,60.1348,346.4680827235453,-48.396597894838614,298.07148482870673
289.254151,116,60.208743,338.26410673978097,-49.009955314383944,289.254151425397
977.106222,168,60.315551,977.1062224193047,0.0,977.1062224193047
978.332254,183,61.016458,978.3322537102778,0.0,978.3322537102778
-52.37639,24,61.030567,-21.43409370516048,-30.942296583271897,-52.37639028843237
49.264875,64,61.066348,94.3211596594874,-45.05628484830582,49.264874811181656
20.443627,58,61.097585,57.39811608943441,-36.954489005569556,20.443627083864897
141.816042,83,61.142238,185.10087518089284,-43.284833297560425,141.8160418833324
895.93353,184,61.240554,928.667308623659,-32.73377877002945,895.9335298536298
-36.77244,41,61.262991,15.706261787211403,-52.47870158497615,-36.77243979776475
918.456502,184,61.360646,932.1866305667384,-13.730128283495251,918.4565022832433
73.367926,74,64.885911,116.34503129330898,-42.97710557462042,73.36792571868855
202.818776,97,64.939471,228.94869842710273,-26.129922669668964,202.81877575743374
954.903016,201,65.050491,986.8472551746718,-31.9442388974908,954.9030162771809
-35.651911,33,65.086505,-2.5220337985625463,-33.12987705760693,-35.65191085616949
924.953855,160,65.186077,944.6368940087812,-19.68303937259444,924.9538546361866
90.806797,61,65.226944,114.58985542771818,-23.78305849293799,90.8067969347802
-63.918326,22,65.242243,-35.00765690246742,-28.910668958192044,-63.918325860659465
3.390446,49,65.273391,32.39898912098643,-29.00854288100416,3.3904462399822393
-74.098366,26,65.289593,-40.83506823048694,-33.26329819236372,-74.09836642285069
145.182044,84,65.34555,195.51619386532008,-50.33415014982175,145.18204371549837
981.646987,192,65.470778,996.067423468062,-14.420436309746561,981.6469871583154
5.298426,41,65.49424,53.501770666223834,-48.20334420430295,5.29842646192094
895.762699,167,65.600124,932.0930069521849,-36.33030788495534,895.7626990672293
-25.591291,46,65.629925,17.47876269545054,-43.07005391908537,-25.59129122363484
369.160512,112,66.295506,408.22896832506075,-39.06845664530162,369.1605116797592
1004.198076,193,66.396684,1004.1980757219399,0.0,1004.1980757219399
933.327676,194,66.498877,953.6582582224241,-20.330582155873525,933.3276760665506
392.10467,121,66.564854,440.33705620633737,-48.23238633083432,392.104669875503
-35.150617,34,66.587584,2.7055972854590777,-37.85621426831448,-35.15061698285541
-46.95421,33,66.606576,-18.81509852961473,-28.1391109801913,-46.954209509806034
-76.477958,26,66.623232,-43.246928360263766,-33.23102915664644,-76.47795751691022
33.954881,62,66.657048,62.69633176547839,-28.74145075603676,33.954881009441664
71.158877,52,66.687328,104.48999070523206,-33.331113979788064,71.158876725444
116.970433,81,66.729603,147.1814637825571,-30.211030857573533,116.97043292498358
957.697979,185,66.839139,957.6979786933892,0.0,957.6979786933892
-71.027584,31,66.8644,-35.76733175280465,-35.260252222700295,-71.02758397550498
215.917443,103,66.931073,262.83319746175516,-46.915754896932874,215.91744256482227
34.059266,51,66.972358,70.17586858814155,-36.11660257548746,34.05926601265412
41.209127,56,67.011741,89.44515434058607,-48.236027423233324,41.20912691735276
134.450341,81,67.077555,176.8564549777227,-42.406113823546875,134.45034115417587
910.341139,151,67.188272,910.3411385737593,0.0,910.3411385737593
-23.056439,35,67.217648,15.939130773066992,-38.995569517674355,-23.05643874460739
372.01007,149,67.319405,413.6100604046536,-41.599990300745716,372.010070103908
7.821152,45,67.349448,47.300696367047095,-39.47954388631096,7.821152480736188
20.306059,54,67.389628,81.8604809702557,-61.55442187475736,20.306059095498497
344.308121,114,67.4633,390.8386277627138,-46.53050652195052,344.30812124076334
26.669857,48,67.495949,71.44312989897645,-44.77327265677419,26.66985724220237
937.876653,178,68.192635,957.3331293047784,-19.456476280337487,937.8766530244408
101.370099,81,68.23559,149.56504038159585,-48.19494091535302,101.37009946624283
45.6411,53,68.26451,86.89702165509415,-41.25592141895798,45.64110023613618
55.446659,69,68.301816,74.99210800428637,-19.545449469889185,55.446658534397216
875.15721,167,68.396241,913.4828266046674,-38.325616802631004,875.1572098020363
946.195068,209,68.507735,946.1950682912336,0.0,946.1950682912336
915.461008,189,68.611665,943.4425953171365,-27.981587176413708,915.4610081407229
978.223653,187,68.735402,978.223652974911,0.0,978.223652974911
-15.233405,44,68.763088,25.83704947338552,-41.070454001680474,-15.233404528294955
15.521222,43,68.788532,60.125079108681575,-44.60385737411386,15.521221734567803
944.926617,180,68.920525,962.6557836123654,-17.72916693867967,944.9266166736858
250.014466,108,68.999756,285.23049748833625,-35.216031032835176,250.0144664555011
145.927884,85,69.068686,186.33455007303812,-40.40666596109651,145.92788411194167
88.130207,58,69.113459,130.10198462218074,-41.97177726001056,88.13020736217022
-88.683118,24,69.133823,-54.92385008303657,-33.75926765161113,-88.68311773464771
958.605633,189,69.259745,958.6056332314527,0.0,958.6056332314527
334.883151,105,69.325907,357.7930089345024,-22.909858199829298,334.883150734673
-71.205981,18,69.339077,-45.499877221592556,-25.70610342755396,-71.20598064914653
960.267912,186,70.050716,984.8231968908888,-24.55528530973076,960.2679115811583
9.001034,45,70.077181,59.12565413032701,-50.124620338692004,9.001033791635109
22.796012,44,70.103013,63.35173389703064,-40.55572237809994,22.796011518930726
-84.294837,19,70.114684,-54.919000385460116,-29.375836376916503,-84.29483676237663
63.533121,63,70.14862,101.99576423328404,-38.46264336314155,63.53312087014254
892.369113,186,70.248074,957.6894527196001,-65.32033931763769,892.3691134019625
7.861102,50,70.27641,52.12869795758269,-44.26759592702315,7.861102030559522
956.753329,188,70.376753,1008.3693988111453,-51.616070014307596,956.7533287968375
985.718103,186,70.484482,985.7181032152912,0.0,985.7181032152912
33.072447,52,70.519285,76.51603071894519,-43.443583698894784,33.07244702005042
-58.379909,23,70.532284,-30.748068283682827,-27.631840217873833,-58.37990850155664
976.886524,177,70.645462,976.8865235041818,0.0,976.8865235041818
179.465378,105,70.715979,217.27288193309505,-37.80750373780537,179.46537819528982
36.14582,46,70.748201,71.5593379520101,-35.41351832417832,36.14581962783181
214.679403,112,70.823561,268.68686359908054,-54.007460370988746,214.67940322809176
982.271533,177,70.930894,983.5956035923178,-1.3240704122391902,982.2715331800787
362.690591,136,71.016634,406.2405708450631,-43.54997998864896,362.690590856414
186.7037,98,71.075732,242.03271561750475,-55.32901581402112,186.70369980348372
61.37735,70,71.114152,91.0359877558007,-29.658637556626772,61.37735019917403
974.888233,177,71.210573,993.9032480612271,-19.0150150969163,974.8882329643114
950.610139,163,71.894035,950.6101391944271,0.0,950.6101391944271
34.518408,52,71.93507,82.85723037296194,-48.338822497681726,34.51840787528022
38.521747,48,71.960855,82.00006906328726,-43.47832211621011,38.521746947077204
996.453271,168,72.052082,996.4532710615704,0.0,996.4532710615704
40.520365,54,72.084631,87.35794595705919,-46.8375813826193,40.52036457443994
127.066085,107,72.142752,177.1910422635194,-50.124957284873446,127.06608497864593
923.634855,188,72.242907,991.9093491749397,-68.27449418096265,923.6348549939773
49.192691,70,72.279608,100.64142135609686,-51.44873024839914,49.1926911076977
928.511549,166,72.386869,928.511549331092,0.0,928.511549331092
91.883547,63,72.42698,121.80624452059146,-29.92269724805883,91.88354727253267
986.193267,186,72.551679,1008.2153970005606,-22.022129647184684,986.1932673533763
979.228555,166,72.657576,979.2285548027103,0.0,979.2285548027103
998.005813,179,72.773166,1028.2930965297558,-30.28728362229818,998.0058129074574
970.746161,167,72.879193,970.7461607122725,0.0,970.7461607122725
977.19006,175,72.971229,990.6162351302278,-13.426174971273678,977.1900601589542
952.719831,169,73.665685,952.7198311755376,0.0,952.7198311755376
554.015791,240,73.792548,578.9044743491334,-24.888683467527766,554.0157908816054
-7.821971,34,73.811253,14.008087671539045,-21.830058867219584,-7.821971195680561
59.082948,65,73.845627,103.0952307390921,-44.0122826229415,59.08294811615062
980.980411,172,73.938939,1010.0622667995526,-29.081855471644005,980.9804113279087
59.220524,60,77.431157,92.87141525056882,-33.6508914165871,59.22052383398176
963.97974,170,77.521135,963.979740362801,0.0,963.979740362801
50.647989,62,77.555347,93.96523988231773,-43.317250997910286,50.64798888440744
915.722058,178,77.651501,944.8976541070537,-29.17559585099172,915.7220582560619
948.870691,180,77.747882,948.8706907966881,0.0,948.8706907966881
294.599989,117,77.809647,343.5636970292291,-48.96370851976475,294.5999885094644
343.132828,119,77.875847,401.78917015538883,-58.65634189700762,343.1328282583814
969.590066,172,77.966086,969.7816068306194,-0.19154071280261054,969.5900661178167
943.462592,173,78.058116,958.4516811803358,-14.989089242305695,943.46259193803
78.759747,67,78.095875,114.51014664030009,-35.75039920210057,78.75974743819955
371.242496,119,78.161311,412.8777715000209,-41.63527505887469,371.2424964411463
49.14066,55,78.191211,88.0800769131644,-38.939417035833316,49.140659877331146
24.263666,44,78.83851,59.81167296493115,-35.54800675929444,24.263666205636753
34.139483,50,78.869579,72.96892352192667,-38.82944040752648,34.13948311440025
817.844932,197,78.983505,933.7970999208179,-115.95216768334177,817.844932237476
-81.029561,17,78.994078,-56.314707432896874,-24.714853894266433,-81.0295613271633
-25.646106,34,79.01421,0.09574072623271945,-25.741847054589034,-25.646106328356353
944.809683,160,79.098867,944.809683434598,0.0,944.809683434598
63.241535,45,79.124544,99.41996348988842,-36.178428525083454,63.24153496480493
60.607521,53,79.154324,105.488030662525,-44.88051004534336,60.60752061718168
68.269371,51,79.181384,96.01009636711714,-27.740725216781314,68.26937115033584
933.819607,178,79.27731,958.2572400817544,-24.437633253131985,933.8196068286227
-20.288792,49,79.306679,30.30854004716076,-50.5973319345521,-20.28879188739134
943.688568,159,79.391258,943.6885675875097,0.0,943.6885675875097
989.517892,197,79.49501,989.5178919677059,0.0,989.5178919677059
940.139423,160,79.582645,940.1394226544267,0.0,940.1394226544267
86.122551,85,79.635027,133.74820306527343,-47.625652019257174,86.12255104601616
68.791314,55,79.671991,109.36627363348514,-40.5749599558693,68.79131367761589
342.955907,118,79.747688,374.99012166450166,-32.034214841461136,342.9559068230405
241.361173,102,79.810341,281.23823661047425,-39.87706352935261,241.36117308112168
51.835991,58,79.850806,96.16980317936859,-44.333811806189544,51.83599137317904
73.65171,60,79.888278,118.11081766182629,-44.459107589650074,73.65171007217624
62.555667,51,79.925137,104.57127451941122,-42.01560778824063,62.55566673117059
930.004013,164,80.649451,955.096553107207,-25.09253984608024,930.0040132611269
340.885964,112,80.72157,403.3830870342681,-62.49712272937716,340.88596430489105
56.573338,45,80.745325,101.82661412497144,-45.253276031210106,56.573338093761365
962.68103,182,80.843073,962.681030410199,0.0,962.681030410199
71.647713,56,80.877515,101.12316686707405,-29.475453819479682,71.64771304759444
932.625251,168,80.964704,932.6252513068621,0.0,932.6252513068621
955.043575,167,81.053207,955.0435745018148,0.0,955.0435745018148
962.765353,179,81.150149,966.083316629266,-3.317964016959868,962.7653526123062
303.567623,116,81.212474,350.11818140338454,-46.55055810558895,303.56762329779554
14.57956,41,81.236229,54.37198741452502,-39.79242757741753,14.579559837107553
-72.546719,28,81.253782,-28.347203948483582,-44.19951465373773,-72.54671860222132
933.604029,179,81.34878,933.6040291820572,0.0,933.6040291820572
977.91267,181,81.457575,978.0241091356442,-0.11143869365667403,977.9126704419875
-60.845342,24,81.475779,-27.835883033182995,-33.00945899022068,-60.84534202340367
958.651586,166,81.585995,958.6515857293086,0.0,958.6515857293086
956.90355,190,81.706126,956.9035497687064,0.0,956.9035497687064
-35.957171,31,81.724807,-1.0214071471037869,-34.93576345696101,-35.9571706040648
974.70912,161,82.442118,974.7091198351765,0.0,974.7091198351765
907.351904,193,82.563016,956.3396731681772,-48.98776887063575,907.3519042975415
938.433254,176,82.661919,999.1647669385059,-60.73151256664296,938.433254371863
938.235515,160,82.745463,938.2355149040916,0.0,938.2355149040916
101.553263,64,82.780455,150.62412792355912,-49.07086532171868,101.55326260184044
364.262701,110,82.839148,407.61310589756545,-43.35040526850099,364.2627006290645
-63.734075,23,82.852764,-31.119328189774393,-32.614746348403955,-63.73407453817834
-13.407152,35,82.87547,23.386499924056366,-36.793651994942515,-13.407152070886156
997.132464,168,82.965327,997.1324643938711,0.0,997.1324643938711
885.977949,158,83.047141,941.1510001921099,-55.17305083595198,885.977949356158
15.241035,38,83.06816,57.36377270082612,-42.12273809868475,15.241034602141426
999.294203,173,83.160653,1013.6897856387335,-14.395583110570897,999.2942025281627
16.207581,42,83.183688,59.68617638619271,-43.478595689892,16.20758069630081
83.933065,62,83.217297,125.17170265102637,-41.23863720209357,83.93306544893282
939.647442,154,83.306956,961.7005555215661,-22.053113308312096,939.6474422132542
81.970379,53,83.342533,122.32314131013904,-40.352762387829415,81.9703789223097
85.775195,69,83.389546,132.10511485530208,-46.329920080154295,85.77519477514787
107.448636,66,83.43576,149.9120046701355,-42.463368229057295,107.4486364410783
911.05952,171,83.545262,945.1661806313455,-34.106660548369426,911.059520082976
86.950431,65,83.589379,123.61959913279989,-36.669167751543434,86.95043138125666
937.110514,176,84.307556,965.5927388696512,-28.48222528667697,937.1105135829744
925.365514,155,84.38997,954.7399230136399,-29.3744087811034,925.3655142325362
977.833362,175,84.48631,1000.5919892351556,-22.758627144278485,977.8333620908771
960.730151,178,84.580011,965.4763729780875,-4.746221556186877,960.7301514219005
183.938347,85,84.625648,220.21678717200052,-36.278440641671736,183.93834653032877
30.440815,40,84.647861,69.19647828476785,-38.755663364992394,30.440814919775462
965.476848,178,84.741708,965.4768484735386,0.0,965.4768484735386
141.424102,81,84.786479,231.6160825765431,-90.19198010147468,141.4241024750684
937.577925,158,84.871956,946.5328140537277,-8.95488912648608,937.5779249272416
1004.597404,170,84.962051,1008.7795824555695,-4.182178065430144,1004.5974043901393
47.586233,55,84.99344,95.04258599222672,-47.45635279232281,47.586233199903916
-78.645741,17,85.004196,-53.875499998711916,-24.770240756481947,-78.64574075519387
93.912363,53,85.031531,117.61148537390542,-23.699122464657204,93.91236290924829
-53.325335,27,85.0497,-13.95908736640763,-39.36624717091561,-53.32533453732323
1003.060094,183,85.16737,1003.060094439005,0.0,1003.060094439005
987.450083,184,85.294768,987.4500829814172,0.0,987.4500829814172
307.704525,114,85.367778,392.6311735343942,-84.92664865067276,307.7045248837218
984.299528,162,86.157554,984.2995275382884,0.0,984.2995275382884
49.089245,45,86.183095,89.50804230513685,-40.418796900499586,49.089245404637296
91.958505,68,86.220814,129.25560503647407,-37.2970999512209,91.95850508525325
-70.400534,24,86.235926,-36.387458552877476,-34.01307546042446,-70.40053401330192
31.415915,46,86.260906,67.71575776488186,-36.299843227625146,31.415914537256754
904.366195,189,89.216509,951.3200704981771,-46.95387584433698,904.3661946538404
929.049146,189,89.321753,950.6801970381391,-21.631051023068466,929.0491460150708
959.973779,183,89.454418,963.9262891019619,-3.9525098704589148,959.9737792315028
888.041283,155,89.537225,935.4868209180379,-47.44553794613244,888.0412829719053
206.636683,101,89.593269,243.15718489597378,-36.520502360332955,206.6366825356409
-47.07668,30,89.611393,-12.220741660107166,-34.8559379370688,-47.07667959717597
318.438923,107,89.670857,340.32074561330046,-21.881823010756992,318.4389226025436
965.926141,169,89.761025,965.9261407978013,0.0,965.9261407978013
93.184184,69,89.798642,135.98206475798756,-42.797880904049066,93.18418385393855
58.710275,57,89.836337,100.34038215498693,-41.630106742586655,58.710275412400236
32.643423,43,89.866652,64.35061014905651,-31.707186730092843,32.643423418963664
420.283085,122,89.949975,448.98546044425126,-28.702375169665224,420.28308527458597
981.541227,190,90.086994,981.5412270667165,0.0,981.5412270667165
973.063066,172,90.21399,1005.1117479717008,-32.048681893479454,973.0630660782217
43.558971,43,90.858414,83.79517825357665,-40.23620754332871,43.558970710247976
1004.061567,162,90.943754,1004.0615669475628,0.0,1004.0615669475628
94.287627,57,90.975538,133.52606513653478,-39.238437763429445,94.28762737310545
927.487119,158,91.059431,927.4871193987784,0.0,927.4871193987784
17.821904,38,91.08059,48.40539779600489,-30.583494285908664,17.82190351009622
37.049402,49,91.108392,76.40067762009784,-39.351275784283516,37.04940183581431
915.491713,163,91.196075,963.8238234628295,-48.33211070435607,915.4917127584735
983.50619,166,91.283668,987.950128291608,-4.443938520684496,983.5061897709236
24.830226,42,91.307839,37.071367947921885,-12.24114216206534,24.8302257858565
252.855302,96,91.359478,292.70584750224464,-39.85054594953993,252.85530155270467
893.356783,172,91.451572,948.3465751915152,-54.98979185711567,893.3567833343993
942.147985,158,91.537224,942.1479850100799,0.0,942.1479850100799
284.393749,100,91.591635,327.282579494209,-42.88883046568387,284.3937490285251
111.172989,67,91.637066,156.52184875265792,-45.348859419043876,111.17298933361408
952.371902,165,91.742641,952.3719019123854,0.0,952.3719019123854
982.478413,161,91.8629,982.478413016176,0.0,982.478413016176
1026.231111,168,91.979298,1026.2311105137305,0.0,1026.2311105137305
963.704584,155,92.700047,963.704583501667,0.0,963.704583501667
925.052786,149,92.779074,925.0527862758423,0.0,925.0527862758423
328.295027,100,92.833937,377.62217879274874,-49.32715197519307,328.29502681755594
925.742331,151,92.914823,925.979245173376,-0.23691413545405648,925.7423310379219
46.427127,43,92.940537,86.87001876240757,-40.442891888731644,46.427126873675945
56.411447,53,92.969255,105.21955815375875,-48.808111028955835,56.41144712480295
75.229955,55,92.999539,125.58182475221072,-50.35186980479082,75.22995494741998
991.878655,177,93.094507,991.8786552995236,0.0,991.8786552995236
971.971276,169,93.186177,990.6223981363644,-18.65112200392088,971.9712761324437
952.633993,170,93.277111,965.5484046662837,-12.914411958325369,952.6339927079583
970.064892,159,93.359603,970.0648917915759,0.0,970.0648917915759
330.654348,110,93.428735,369.75655488325253,-39.10220675130689,330.65434813194565
29.662467,46,93.460557,76.58216710326214,-46.919699973709896,29.662467129552354
972.076875,163,93.564756,975.9378002805586,-3.8609252365229914,972.0768750440355
33.3852,46,93.598814,80.29935128558185,-46.914151677547125,33.38519960803475
931.945733,167,93.721117,935.7166403566591,-3.7709070053070803,931.945733351352
-35.12121,38,93.750671,-2.937165334186915,-32.18404441393834,-35.12120974812525
322.77969,108,93.831501,362.9314812901557,-40.1517908913028,322.77969039885284
28.83555,51,93.872,71.92045384018337,-43.08490357517263,28.835550265010795
928.937152,160,94.606032,940.8064423683226,-11.86929006504673,928.9371523032758
24.352854,41,94.63039,70.94311629978492,-46.59026224003374,24.352854059751223
973.939783,170,94.727173,981.6727565474038,-7.732973587366975,973.939782960037
918.272508,167,94.823698,975.5287869495896,-57.256278868780264,918.2725080808098
910.35584,162,94.918694,949.8199016206662,-39.46406157469377,910.3558400459726
933.928658,156,95.006116,933.9286582373895,0.0,933.9286582373895
941.203225,168,95.099477,971.9062832936677,-30.703058691398216,941.2032246022694
335.505569,102,95.157601,381.36759028762253,-45.862021765411384,335.5055685222112
66.64457,47,95.181747,92.04483184898847,-25.400262051638496,66.64456979735003
14.692912,41,95.203849,62.189706842611756,-47.49679496270272,14.69291187990909
366.638258,109,95.262132,400.9574713713323,-34.31921356220644,366.6382578091259
-81.291882,21,95.275706,-55.85415293626633,-25.437729302844257,-81.2918822391106
943.249525,171,95.371526,978.0122608653992,-34.76273623838405,943.2495246270153
937.873175,170,95.471224,958.705807171795,-20.83263258753186,937.8731745842633
959.171282,166,95.582028,987.2823186631874,-28.111036908126156,959.1712817550615
87.79007,62,95.620902,133.01134508194218,-45.2212747675936,87.79007031434865
-15.429078,34,95.645167,17.319762755132217,-32.74884107985653,-15.429078324724301
245.929807,106,95.713338,285.6047527442845,-39.674945326833516,245.9298074174512
75.736351,53,96.358597,120.18027053513924,-44.44391973762934,75.73635079750994
210.829937,84,96.403193,246.05128510128677,-35.22134838938388,210.8299367119029
-3.198771,43,96.427329,34.88875979732478,-38.08753117287631,-3.19877137555153
175.489374,74,96.469393,217.32078308084567,-41.831409417908176,175.48937366293745
999.324998,169,96.55766,999.3249975486774,0.0,999.3249975486774
954.928605,159,96.645768,954.9286048859437,0.0,954.9286048859437
136.032351,76,96.686671,176.92255032410714,-40.89019940690617,136.03235091720097
372.305078,114,96.749488,416.77151747637356,-44.466439239048626,372.3050782373249
971.517396,164,96.839832,971.5173956809301,0.0,971.5173956809301
933.759582,165,96.933319,933.7595821525028,0.0,933.7595821525028
58.808562,54,96.963124,98.67487194075017,-39.86631035197474,58.80856158877546
189.577991,89,97.01263,231.697281076934,-42.11929023398521,189.57799084294876
996.984081,159,97.097339,997.0687481780901,-0.08466754880701899,996.984080629283
899.39301,147,97.178795,927.5110665630434,-28.118056841554218,899.3930097214891
962.016255,176,97.281374,962.0162551046701,0.0,962.0162551046701
1000.732048,178,97.39681,1000.7320483639007,0.0,1000.7320483639007
927.698836,160,97.503408,938.0172119469662,-10.318376317059212,927.6988356299071
-18.005701,27,98.135747,5.556757287268624,-23.56245812793428,-18.005700840665668
54.982435,60,98.168797,102.42112742029758,-47.43869274073429,54.98243467956334
995.70472,163,101.677944,995.7047197913985,0.0,995.7047197913985
922.928085,157,101.764351,958.7444286524753,-35.81634412081092,922.9280845316644
918.397317,157,101.847732,920.0728964701489,-1.6755794237044919,918.3973170464444
960.087198,178,101.942856,986.8461777666813,-26.758980055141766,960.0871977115397
205.744044,83,101.989565,245.27870378442697,-39.5346597243552,205.74404406007176
962.684386,158,102.073835,962.684385544924,0.0,962.684385544924
462.76496,125,102.141982,481.99832783681666,-19.233367859979282,462.7649599768374
65.635426,45,102.166215,108.05728227874233,-42.42185667537659,65.63542560336585
33.589489,47,102.193116,78.73019888341068,-45.140710190205525,33.58948869320517
916.002266,161,102.29803,952.9128145591396,-36.910548567035804,916.0022659921037
41.806923,41,102.327178,75.74160028770939,-33.934677003266486,41.806923284442945
939.877609,166,102.435816,976.9858751196741,-37.108266539582424,939.8776085800916
962.880568,151,102.534882,962.8805676701556,0.0,962.8805676701556
880.226384,168,102.644915,943.4917297033683,-63.26534612094693,880.2263835824215
974.448587,160,102.761015,996.6003051016928,-22.15171834759542,974.4485867540976
416.80808,125,103.442549,455.2931989464847,-38.485118713720325,416.80808023276427
871.341144,157,103.527469,951.7874575285657,-80.44631394790225,871.3411435806635
-76.613793,16,103.536527,-53.816108181139754,-22.797684919234875,-76.61379310037464
-76.958943,19,103.548613,-47.9896244436986,-28.969318997618828,-76.95894344131742
343.998917,110,103.60926,402.7090407443061,-58.71012388763012,343.99891685667626
905.577784,156,103.693685,926.236199507984,-20.65841530355261,905.5777842044314
957.734685,158,103.778769,971.4308772046414,-13.696192413252922,957.7346847913885
975.301161,170,103.871276,976.694955038558,-1.3937938896917998,975.3011611488662
966.08518,167,103.961012,966.0851798802388,0.0,966.0851798802388
997.82172,163,104.053377,997.8217195531374,0.0,997.8217195531374
981.736214,163,104.157321,981.7362135186671,0.0,981.7362135186671
1014.121634,184,104.285039,1025.1823600794517,-11.060726280560718,1014.1216337988909
34.158767,46,104.317834,72.27613078373903,-38.11736420878887,34.15876657495025
96.499319,51,104.348098,117.0227500188742,-20.523430868649932,96.4993191502243
436.052454,122,104.428112,472.89952794101475,-36.84707420107096,436.05245373994364
941.622861,160,104.545384,983.9094528386978,-42.286591747436596,941.6228610912613
959.74904,157,105.265572,959.7490402790961,0.0,959.7490402790961
994.209872,169,105.357617,994.2098716181317,0.0,994.2098716181317
960.395282,168,105.446431,960.8462406845235,-0.4509591517882514,960.3952815327355
921.939697,158,105.533388,953.4360257878708,-31.49632833424019,921.9396974536307
349.475643,110,105.591483,398.5627680912799,-49.08712551748664,349.4756425737933
324.544161,105,105.648513,361.47297739373334,-36.92881629715771,324.5441610965757
876.219322,153,105.729738,925.4237854280689,-49.20446380016645,876.2193216279023
964.763235,160,105.815248,985.3821863653695,-20.618951084645616,964.7632352807241
955.312544,168,105.910709,955.9114634477052,-0.5989194183618523,955.3125440293433
934.098871,164,106.017245,983.5467341275001,-49.44786326781991,934.09887085968
42.59471,39,106.044509,63.90503282588206,-21.310322876868,42.594709949014046
164.642736,79,106.09754,206.64273604068546,-42.0,164.64273604068546
988.438574,160,106.205816,992.0869919676708,-3.648418422012063,988.4385735456588
924.714746,166,106.316082,944.4492195064654,-19.734473036630114,924.7147464698353
983.209588,172,106.441891,983.2095881072635,0.0,983.2095881072635
980.417112,160,107.142514,984.7991190142212,-4.382006891353651,980.4171121228676
-65.04543,25,107.15763,-33.125178751258204,-31.920251319925377,-65.04543007118359
948.563913,158,107.240609,989.6522470006133,-41.088333997500655,948.563913003113
-48.228689,25,107.255904,-14.851310787897077,-33.37737827814342,-48.228689066040474
973.990145,160,107.33931,973.9901452355082,0.0,973.9901452355082
49.554781,48,107.373105,99.05468059547597,-49.499899823692814,49.5547807717832
938.795728,162,107.459238,958.3976128727254,-19.601884638845874,938.7957282338793
-69.138291,19,107.472833,-45.26394923032507,-23.874341589534215,-69.1382908198593
919.706837,153,107.553713,936.1949716189954,-16.488134469098043,919.7068371498974
148.073189,75,107.593035,200.13652094959178,-52.06333226718625,148.0731886824056
989.560581,173,107.685154,989.5605814734793,0.0,989.5605814734793
948.83604,162,107.782947,982.8584415834968,-34.02240183465102,948.8360397488457
901.762442,162,107.888642,984.6423324385357,-82.87989025714495,901.7624421813906
58.113228,44,107.920034,103.58091188099785,-45.46768350951206,58.11322837148582
300.372437,92,107.981655,342.10550678725457,-41.73306932037568,300.3724374668789
151.980052,86,108.041772,211.23291108662264,-59.25285895937433,151.98005212724829
18.457065,47,108.068998,58.04083521518612,-39.583770057593334,18.457065157592808
28.267583,40,108.096241,73.39479941946635,-45.127216465301,28.26758295416542
78.209053,52,108.13251,129.0613000691868,-50.85224714316701,78.2090529260198
42.433142,46,108.162793,86.18174562465471,-43.74860331550853,42.43314230914622
1006.056401,163,108.271144,1006.0564005959931,0.0,1006.0564005959931
947.251492,146,108.9507,947.2514921018526,0.0,947.2514921018526
969.390292,160,109.036891,969.3902920056984,0.0,969.3902920056984
359.826448,118,109.100354,392.78173548126836,-32.955287109374396,359.826448371894
922.367407,144,109.1785,934.9056609042273,-12.53825369313201,922.3674072110953
916.011313,148,109.258656,937.2846062779091,-21.27329289086765,916.0113133870415
136.3417,69,109.296045,175.358857159442,-39.01715746311788,136.34169969632424
73.896335,49,109.32427,111.10149329628396,-37.20515828768701,73.89633500859694
966.691292,142,109.398071,966.6912917156267,0.0,966.6912917156267
64.998724,50,109.426842,106.21992130815082,-41.22119742310626,64.99872388504457
48.426995,41,109.449483,81.16183085887317,-32.73483623286396,48.42699462600922
426.270863,123,109.517581,457.9268076319086,-31.655944845903132,426.27086278600547
955.115964,165,109.619912,965.9184555494797,-10.802492034968573,955.1159635145112
956.443503,173,109.732881,966.8564792688522,-10.412975896921235,956.4435033719311
990.523054,160,109.836721,994.5865052963862,-4.063451469439243,990.5230538269471
952.366737,155,109.935745,952.3667366175157,0.0,952.3667366175157
-9.086626,30,109.956956,14.819637662512662,-23.906263947944236,-9.086626285431564
967.007919,159,113.42236,967.0079191602251,0.0,967.0079191602251
977.636766,176,114.144142,977.636766243801,0.0,977.636766243801
964.892144,159,114.243198,966.7161396655399,-1.823995349986503,964.8921443155534
289.864719,104,114.321931,375.6127454099077,-85.74802638328838,289.8647190266191
1003.578407,159,114.434956,1003.5784067573245,0.0,1003.5784067573245
966.199918,148,114.544415,970.1976389292448,-3.9977207875098424,966.1999181417349
84.824708,53,114.582366,119.4636444132629,-34.638936579092416,84.82470783417051
23.023806,39,114.611139,61.775114166115486,-38.751308522661105,23.023805643454466
35.133739,46,114.641429,79.86373380374108,-44.729994993204656,35.13373881053643
967.509959,154,114.737936,970.7898490800698,-3.279890516053981,967.5099585640157
958.655388,162,114.831034,958.6553884830819,0.0,958.6553884830819
949.01513,157,114.915473,954.3474271162953,-5.332297516922857,949.0151295993725
918.044622,156,114.997339,918.0446217392833,0.0,918.0446217392833
65.515983,85,115.042838,107.90236052102878,-42.38637789088492,65.5159826301439
42.119668,49,115.070185,80.47057396314929,-38.350905852654286,42.119668110494985
112.802886,66,115.106027,157.78860536900885,-44.985719031916005,112.80288633709284
19.907758,50,115.134635,60.69529156334532,-40.78753384876869,19.907757714576704
979.142193,167,115.221716,986.8879696823702,-7.745776511175098,979.1421931711953
968.280714,155,115.910587,968.2807139514848,0.0,968.2807139514848
895.385418,144,116.000826,944.1561700187455,-48.770751729990735,895.3854182887547
898.170658,155,116.105344,935.9790754198539,-37.80841703028004,898.170658389574
390.531831,113,116.193862,428.67468722777517,-38.1428566632888,390.5318305644864
956.813052,149,116.30336,958.1432665517646,-1.3302144975929497,956.8130520541717
950.306363,157,116.417929,978.4074491848255,-28.10108616697766,950.3063630178478
918.023483,166,116.529459,978.0912079264552,-60.06772492233931,918.0234830041161
910.269127,158,116.629962,940.1934642325185,-29.924336831774603,910.2691274007439
86.131493,55,116.664783,120.81848227321106,-34.68698886056767,86.13149341264341
942.869489,155,116.764402,963.8749022994,-21.00541325608658,942.8694890433136
918.901339,158,116.847656,933.0236723493564,-14.122332900147894,918.9013394492084
392.341364,114,116.909012,432.7748837368872,-40.43351995499893,392.34136378188816
1003.19328,172,117.000467,1003.2638953132234,-0.07061536234867027,1003.1932799508749
33.463123,47,117.027167,63.62426259410219,-30.161139284666845,33.46312330943536
965.526278,163,117.11284,996.9929805054078,-31.466702953909945,965.526277551498
861.729509,171,117.820212,928.2009514582204,-66.4714427812636,861.7295086769569
932.743661,160,117.922504,954.8873388354722,-22.143677556504823,932.7436612789674
-79.261794,16,117.934516,-56.43380764075283,-22.82798623779257,-79.2617938785454
974.515853,156,118.04827,976.5126691875714,-1.9968161219753062,974.5158530655963
241.30726,89,118.106019,281.4845534486647,-40.17729338957093,241.30726005909378
997.213692,156,118.207414,997.3609627657383,-0.1472707550187815,997.2136920107196
61.977092,49,118.240343,108.26520644219451,-46.28811448158621,61.977091960608334
884.217581,151,118.336591,924.9096677502226,-40.69208667419305,884.2175810760298
985.492418,167,118.441465,985.4924184362033,0.0,985.4924184362033
949.028052,156,118.545995,973.4565708479311,-24.428518701041426,949.0280521468896
984.174494,151,118.632326,994.9842852263663,-10.809791421125443,984.174493805241
366.034377,105,118.686785,412.47783585976015,-46.44345892169315,366.0343769380671
375.419527,108,118.745067,410.1663348707029,-34.74680760976767,375.4195272609351
108.483161,77,118.78694,152.2065861096352,-43.723425068048826,108.48316104158633
389.948061,117,118.848929,426.6764130947266,-36.72835210486981,389.94806098985674
-72.509442,18,118.85954,-47.62284169874533,-24.886600247326456,-72.5094419460718
927.192623,150,118.938206,964.256054096082,-37.06343112072686,927.1926229753552
94.328849,60,118.971523,132.86432818678526,-38.53547899605855,94.32884919072671
1003.614646,166,119.662265,1020.0783940531192,-16.463748268642217,1003.614645784477
884.802731,150,119.753201,941.4883198293177,-56.685588482717115,884.8027313466006
985.996441,157,119.852458,985.996440714753,0.0,985.996440714753
989.396436,152,119.963101,989.3964359106267,0.0,989.3964359106267
910.934639,154,120.065558,927.9112895668902,-16.976650670221552,910.9346388966687
-28.948822,70,120.11609,67.37212689595847,-96.32094853116993,-28.948821635211345
-13.420295,39,120.144393,24.688205999761834,-38.10850097686837,-13.420294977106494
995.651562,162,120.244403,995.6515619478652,0.0,995.6515619478652
968.410781,144,120.335472,968.4107807986181,0.0,968.4107807986181
-45.122278,25,120.350622,-11.416492987704785,-33.70578515693228,-45.122278144637065
71.74566,51,120.385425,109.49843340508838,-37.75277298016266,71.74566042492572
968.206494,159,120.475556,969.0771176606945,-0.8706237067332543,968.2064939539612
988.708529,160,120.559361,988.7085290168195,0.0,988.7085290168195
109.356826,66,120.594108,160.0742926418142,-50.71746616754186,109.35682647427242
945.058884,162,120.680824,963.888281357139,-18.829397305441155,945.0588840516979
980.271315,169,120.77036,980.2713154637732,0.0,980.2713154637732
44.656728,44,120.794481,89.2554014610851,-44.598673374100386,44.656728086984785
-78.966077,17,120.805394,-53.83424392610667,-25.13183297481522,-78.96607690092189
910.820222,152,121.484746,947.2819345320809,-36.46171284539466,910.8202216866861
993.354387,158,121.572133,993.3543870536851,0.0,993.3543870536851
972.088512,153,121.651918,972.0885122916875,0.0,972.0885122916875
87.881896,58,121.689799,123.65126504938368,-35.769368995061555,87.88189605432214
969.69771,159,121.792893,976.1542987418098,-6.456588664504011,969.6977100773059
943.033821,143,121.887522,953.2311779406562,-10.197356971452198,943.0338209692038
973.932772,147,121.983963,976.0981639049012,-2.1653917353316414,973.9327721695697
959.581068,141,122.075517,959.5810680800836,0.0,959.5810680800836
24.89164,39,122.101599,67.1687659887098,-42.277126246506114,24.891639742203722
992.413517,173,122.213054,992.4135169124842,0.0,992.4135169124842
230.70699,104,122.278096,276.343801362235,-45.63681109043513,230.70699027179992
217.856717,90,122.326272,268.0226649198172,-50.16594781217251,217.85671710764464
166.077535,74,122.366361,203.53317560312394,-37.455640556053034,166.07753504707085
65.907472,52,122.393543,118.37629698176167,-52.468825161921416,65.90747181984031
295.682384,99,122.447652,355.4315700532441,-59.74918614743045,295.6823839058137
930.300481,160,125.815589,945.7684067192656,-15.467926055293352,930.3004806639722
-63.535177,22,125.829171,-34.7638151335088,-28.77136151826169,-63.53517665177052
969.308465,165,125.919343,969.9147093867034,-0.6062448740219626,969.3084645126814
964.396957,156,126.60799,967.2856930155602,-2.8887359954697116,964.3969570200906
1003.721896,156,126.705779,1003.7218963573282,0.0,1003.7218963573282
963.947702,156,126.803259,974.9594720625742,-11.011770451309143,963.9477016112651
905.082886,145,126.911565,917.0265358584718,-11.94364967020902,905.0828861882628
973.693187,144,127.007039,973.6931873416099,0.0,973.6931873416099
929.153834,155,127.101997,962.595455084944,-33.44162066811971,929.1538344168246
59.317598,46,127.132256,104.62866145106436,-45.31106308173795,59.31759836932643
19.286869,38,127.157019,64.81594520950522,-45.52907666910319,19.28686854040204
976.075712,144,127.243925,976.1678341327084,-0.09212175275661583,976.0757123799518
259.109952,110,127.31402,300.6476170265819,-41.537665052830846,259.109951973751
974.413394,157,127.416065,974.4133939589437,0.0,974.4133939589437
965.650664,152,127.509732,965.650664283864,0.0,965.650664283864
122.447566,60,127.550575,152.34242534603152,-29.89485919479515,122.4475661512364
54.167739,60,127.590013,104.3364086573786,-50.16867010667808,54.167738550700534
932.341004,149,127.683051,946.076819857443,-13.735816311522056,932.3410035459209
79.216831,49,127.711764,119.94438684028734,-40.727556132248594,79.21683070803874
974.404719,153,127.792639,988.5353252461799,-14.130606255212633,974.4047189909672
915.174483,158,128.481338,967.8909795214115,-52.71649632664741,915.1744831947642
-81.72656,17,128.496452,-58.66818913803488,-23.058371246592618,-81.7265603846275
972.29791,153,128.594336,978.7412842306917,-6.443374203237303,972.2979100274545
-30.815393,27,128.612507,5.951578299107155,-36.766971570132604,-30.815393271025457
38.4917,50,128.648463,85.66638151618939,-47.17468163469325,38.49169988149619
86.248481,51,128.683172,132.40017908445935,-46.1516984122551,86.24848067220427
-5.422647,45,128.713061,34.127859702472875,-39.55050657977564,-5.422646877302782
382.955037,106,128.784876,422.8959311451465,-39.94089386929795,382.95503727584867
996.067409,166,128.888247,996.960385429426,-0.8929765967557426,996.0674088326703
961.156318,148,128.980085,961.1563181441734,0.0,961.1563181441734
-49.532757,26,128.999318,-10.418417302173026,-39.114339361240525,-49.532756663413565
135.125139,69,129.040142,176.53388355995227,-41.40874429047841,135.12513926947386
916.660511,170,129.148611,916.6605108538548,0.0,916.6605108538548
956.114565,146,129.245859,956.1145654380113,0.0,956.1145654380113
962.648773,145,129.345073,962.6487728388755,0.0,962.6487728388755
47.414563,40,129.366234,79.44224121763487,-32.02767850859522,47.41456270903966
949.400567,155,129.467298,972.7834720586901,-23.382905176153272,949.4005668825369
51.404282,48,129.502476,89.11098190332339,-37.70669954911389,51.4042823542095
970.251891,152,129.597876,970.3176266951639,-0.06573589281646885,970.2518908023476
950.678818,166,129.68552,1008.0602151349597,-57.38139695019006,950.6788181847696
371.51645,111,130.342559,416.1484866923094,-44.63203630172323,371.51645039058616
953.22157,150,130.437974,965.9170446809969,-12.695474433531146,953.2215702474659
990.440821,170,130.544451,990.4408207095223,0.0,990.4408207095223
990.922232,153,130.641622,1002.4387765770007,-11.516544517183078,990.9222320598176
370.673891,106,130.706355,416.47196573097176,-45.79807472267366,370.673891008298
988.396528,157,130.802909,995.7980419642782,-7.401513568355189,988.3965283959232
404.052433,108,130.871443,446.64085231676466,-42.588418879744026,404.0524334370206
44.713123,41,130.901395,79.52983240030274,-34.816709536461225,44.71312286384155
997.660674,150,130.994905,997.6606739278992,0.0,997.6606739278992
988.44103,152,131.092864,988.4410295515153,0.0,988.4410295515153
986.147328,160,131.199372,995.8193559361459,-9.672027442998576,986.1473284931474
942.945682,136,131.290967,942.9456821402161,0.0,942.9456821402161
956.473405,160,131.391255,956.4734047739506,0.0,956.4734047739506
950.067606,156,131.489055,986.4220012499458,-36.354395554439314,950.0676056955065
61.34464,49,131.516232,101.66549244585363,-40.320852499715016,61.344639946138585
51.045957,59,131.547912,85.97645322536087,-34.93049601160192,51.04595721375898
958.608755,155,132.230374,1003.6789355604222,-45.07018037102408,958.6087551893984
947.812931,141,132.310656,947.8129311085145,0.0,947.8129311085145
979.829742,157,132.408451,1015.2862428316403,-35.45650100669302,979.8297418249472
59.834496,51,132.441797,105.97544306650471,-46.14094674025204,59.83449632625272
989.224393,168,132.549938,992.6267218852771,-3.4023285783266015,989.2243933069506
67.258407,46,132.581801,99.55237482961101,-32.29396754179196,67.25840728781907
371.724316,108,132.653111,414.49104460237095,-42.76672867587082,371.72431592650014
81.132106,59,132.694026,121.68136290337341,-40.54925683344346,81.13210606992993
962.908302,200,132.810682,962.9103284602442,-0.002026110768746925,962.9083023494753
58.315939,43,132.837636,98.08443371818392,-39.76849448461928,58.31593923356466
984.082045,145,132.933184,984.0820450938099,0.0,984.0820450938099
963.336457,146,133.033624,963.3364566593764,0.0,963.3364566593764
109.457697,59,133.069998,147.67855627451044,-38.22085902965908,109.4576972448514
26.617584,41,133.100015,75.55234533385227,-48.934760991818614,26.617584342033737
85.391676,59,133.14142,136.7526580454416,-51.36098160952856,85.39167643591301
72.946842,48,133.171725,110.49159041296046,-37.544748371595986,72.94684204136449
13.525774,43,133.203498,56.71943943732332,-43.193665352724395,13.525774084599007
926.31334,163,133.312542,974.3280048907711,-48.01466461732574,926.3133402734454
115.17371,71,133.360215,185.0468113267313,-69.87310164565476,115.17370968107662
351.961973,107,133.419122,419.4924181318688,-67.53044487501396,351.961973256855
965.718585,153,133.501864,965.7185850419149,0.0,965.7185850419149
954.057078,143,134.19022,954.0570779377326,0.0,954.0570779377326
968.15714,141,134.280271,968.1571404378043,0.0,968.1571404378043
950.633926,158,134.381236,990.6824205862051,-40.04849413514624,950.6339264510591
931.491591,141,134.472047,931.4915912789703,0.0,931.4915912789703
48.950614,45,134.502483,99.17073687555315,-50.22012245444362,48.95061442110959
972.222001,150,134.599587,972.2220011114042,0.0,972.2220011114042
996.508532,147,134.696184,996.508532283161,0.0,996.508532283161
977.446078,146,134.775359,977.4460783955044,0.0,977.4460783955044
927.160311,159,134.861404,969.9283888883077,-42.76807814242929,927.1603107458785
928.420724,154,134.943657,946.8633417780516,-18.44261743370068,928.420724344351
939.478369,143,138.270808,955.7587838406823,-16.280414497851496,939.4783693428308
951.948589,163,138.364322,959.7176572170629,-7.769068070570506,951.9485891464923
943.187887,156,138.466701,965.4788686489252,-22.290981802322875,943.1878868466025
922.88671,151,138.568074,965.6685842745454,-42.7818745896368,922.8867096849083
353.390237,100,139.25054,396.42241715147634,-43.03218058133565,353.3902365701407
1005.957039,153,139.341373,1007.2036457867263,-1.2466068982117822,1005.9570388885145
36.50021,50,139.369662,77.31513608275988,-40.814926130376776,36.500209952383145
952.632043,151,139.449201,952.6320431925496,0.0,952.6320431925496
942.789212,154,139.529321,942.7892117434487,0.0,942.7892117434487
999.470822,153,139.610582,999.4708224087468,0.0,999.4708224087468
984.006687,205,139.718796,984.0066870957309,0.0,984.0066870957309
66.039814,56,139.748442,112.0685603613601,-46.0287468565279,66.03981350483225
-43.214487,25,139.763618,-8.286552356671933,-34.927934797021486,-43.214487153693426
-74.501411,23,139.778724,-40.97372499081591,-33.52768620020305,-74.50141119101897
987.974167,156,139.859513,987.9741674403507,0.0,987.9741674403507
349.781309,104,139.915672,393.5258492147146,-43.74454044228231,349.7813087724323
985.978208,154,139.996718,985.9782080960696,0.0,985.9782080960696
937.786703,164,140.08586,975.350476953783,-37.56377398113287,937.7867029726503
165.08728,97,140.142818,232.4469645335138,-67.35968483795429,165.08727969555972
957.900505,146,140.239576,957.9005048876913,0.0,957.9005048876913
976.463758,148,140.339285,994.8699746049191,-18.406216831911976,976.4637577730072
967.696552,154,141.045667,982.2662331539657,-14.569681368717724,967.6965517852482
912.358474,153,141.141321,975.6206672000368,-63.262193636426346,912.3584735636105
991.275391,154,141.222914,996.1797521505491,-4.904360788617382,991.2753913619317
924.629927,146,141.305287,938.8001744229737,-14.17024716096972,924.629927262004
26.157463,37,141.326413,62.8354600366786,-36.67799695318489,26.157463083493724
68.722347,45,141.350568,112.95861582746676,-44.23626857321149,68.72234725425528
1009.806119,167,141.440088,1009.8061185283868,0.0,1009.8061185283868
-22.157567,29,141.456215,12.476427129652109,-34.633993704299435,-22.157566574647333
992.976407,147,141.535918,992.9764070617414,0.0,992.9764070617414
-68.540108,22,141.549531,-36.7499900676621,-31.790117533782006,-68.54010760144413
911.143907,149,141.629591,950.9982744864503,-39.85436761598257,911.1439068704678
989.481341,148,141.706339,989.4813406665413,0.0,989.4813406665413
935.890082,151,141.787682,953.570269891725,-17.68018765600731,935.890082235718
920.344414,148,141.868669,971.9513044991077,-51.606890660583254,920.3444138385247
958.582389,140,141.955471,958.582388540579,0.0,958.582388540579
343.5924,106,142.026563,380.50055648361234,-36.90815628741535,343.59240019619705
951.438298,158,142.127287,1003.874739255438,-52.4364410148234,951.4382982406146
907.191604,148,142.836198,956.0845277340038,-48.892923705450215,907.1916040285536
326.702769,92,142.891575,370.07963075188195,-43.376862167160844,326.70276858472107
985.392366,154,142.988434,985.3923658310555,0.0,985.3923658310555
923.420411,143,143.065062,924.3300242602174,-0.9096134157608011,923.4204108444569
983.430899,156,143.149348,983.4308988207808,0.0,983.4308988207808
950.472729,142,143.226156,955.1345665808052,-4.661837257692023,950.4727293231132
69.648405,56,143.255893,112.10207748294471,-42.45367289428867,69.64840458865606
933.623511,141,143.330013,939.3358052251115,-5.712294310518012,933.6235109145937
945.81478,134,143.401567,945.814779701129,0.0,945.814779701129
968.366831,140,143.476992,970.1413949460315,-1.7745637746176808,968.3668311714139
936.234428,151,143.558468,977.9400810094796,-41.70565343208178,936.2344275773978
926.723428,135,143.628905,926.7234278673152,0.0,926.7234278673152
986.456034,155,143.719187,988.4029323755044,-1.9468984802813196,986.4560338952232
-42.208515,27,143.73805,-15.35322960845832,-26.855285451880174,-42.2085150603385
259.511749,97,143.79864,301.3336057590207,-41.821857123835855,259.5117486351849
999.053034,161,143.90424,999.0530342960485,0.0,999.0530342960485
229.936158,91,143.965281,277.56740641577056,-47.63124852346809,229.93615789230245
283.106294,93,144.638048,331.03375937419685,-47.92746566011805,283.1062937140788
932.925088,146,144.730039,939.0676175150147,-6.142529551675962,932.9250879633389
906.324553,145,144.812418,954.0940501966404,-47.76949728824132,906.3245529083991
32.174266,56,144.842589,75.31987627623872,-43.1456101186359,32.1742661576028
133.352156,72,144.880822,170.35843193141844,-37.00627609892483,133.3521558324937
970.696046,156,144.961975,970.6960462819591,0.0,970.6960462819591
976.344472,159,145.048475,985.592916586472,-9.248444140413152,976.3444724460588
988.44314,155,145.131646,989.4868219989504,-1.0436823406606566,988.4431396582897
49.347994,42,145.15491,86.27969862867562,-36.93170508738042,49.34799354129524
949.076339,154,145.238226,950.1082426444223,-1.031903432588213,949.076339211834
47.19912,42,145.260886,79.39224882067121,-32.19312832844372,47.19912049222752
80.409368,50,145.289582,113.74228116670783,-33.33291311672918,80.40936804997868
158.98097,97,145.341654,202.93542604299748,-43.95445568731236,158.98097035568512
950.182516,150,145.420588,950.1825161737802,0.0,950.1825161737802
377.225754,117,145.483526,416.56583138108806,-39.34007707826636,377.22575430282154
330.635773,93,145.546092,374.2224133183885,-43.58664059019476,330.63577272819373
-65.992036,21,145.561223,-39.027232744547064,-26.964803130668958,-65.99203587521603
919.054625,174,145.670751,933.8834031093618,-14.828777825515557,919.0546252838462
971.390252,153,146.375638,971.3902518650557,0.0,971.3902518650557
971.957513,147,146.468607,971.9575130249009,0.0,971.9575130249009
850.0246,141,146.559685,902.4495346643253,-52.42493452673368,850.0246001375917
321.975745,114,146.624744,367.1378734113951,-45.16212875826247,321.9757446531326
73.170373,72,146.666532,112.3222894986825,-39.15191610116579,73.17037339751673
963.762828,162,146.755447,963.7628281748448,0.0,963.7628281748448
927.774277,157,146.839795,955.2307174248972,-27.456440464897874,927.7742769599993
958.998238,149,146.920294,958.9982383637195,0.0,958.9982383637195
67.948854,47,146.944437,107.19870616988675,-39.24985251244106,67.94885365744571
963.526826,151,147.024679,1001.6003627185565,-38.07353719396824,963.5268255245882
-71.483078,21,147.03827,-39.15023748631383,-32.3328402521713,-71.48307773848512
952.748562,143,150.359674,960.1673124719134,-7.418750696199797,952.7485617757138
969.404738,151,150.44149,987.4417504993042,-18.037012882002426,969.4047376173021
952.497498,153,150.528544,958.6253450663918,-6.127846566536304,952.4974984998556
993.059512,151,150.622137,993.0595120416334,0.0,993.0595120416334
936.348408,143,150.713088,948.3385935220653,-11.99018579047771,936.3484077315876
-71.813121,21,150.727855,-42.86547832975762,-28.94764313035974,-71.81312146011737
994.841429,156,151.441299,994.8414293135535,0.0,994.8414293135535
984.726504,144,151.529721,984.7265038428066,0.0,984.7265038428066
328.065622,105,151.598969,357.92337384728773,-29.857751946245564,328.06562190104233
925.416206,156,151.697624,958.1396204647672,-32.723414345292944,925.4162061194743
997.990705,154,151.783017,997.9907047074345,0.0,997.9907047074345
960.97358,158,151.865877,960.9735803513324,0.0,960.9735803513324
179.450043,97,151.920559,223.55063127711594,-44.100588680030626,179.45004259708537
27.351146,48,151.946245,73.40562651762157,-46.054480881513626,27.351145636108086
315.99658,106,152.003742,353.3755468796979,-37.378966904881295,315.9965799748165
921.426563,142,152.07894,941.5577713271025,-20.13120791187761,921.4265634152248
941.340109,148,152.157703,970.7719102124086,-29.431801188335754,941.3401090240728
183.475286,89,152.20468,224.7951677662745,-41.31988143153798,183.47528633473652
861.739591,154,152.288097,911.8549850262788,-50.115394370645326,861.7395906556336
997.588638,148,152.372866,997.5886380561375,0.0,997.5886380561375
949.617274,142,152.467577,949.6172738276448,0.0,949.6172738276448
978.383443,157,152.566368,978.3834433382649,0.0,978.3834433382649
927.571476,151,153.262331,940.5388483385359,-12.96737225724015,927.5714760812958
925.007368,146,153.354877,949.2997356698002,-24.29236781955461,925.0073678502456
354.573352,97,153.417444,397.1500958616466,-42.57674363733488,354.57335222431175
45.976666,52,153.451885,82.60605008367423,-36.6293841936442,45.97666589003006
962.153902,155,153.558168,962.153902378562,0.0,962.153902378562
142.111487,80,153.603712,185.13333009906833,-43.02184308017116,142.11148701889718
414.743378,119,153.668847,455.52047927212334,-40.77710124759409,414.7433780245293
60.893429,64,153.702876,104.59026589896064,-43.6968366727145,60.89342922624621
49.982573,58,153.734336,94.39594412907266,-44.41337064278262,49.98257348629008
956.502595,150,153.814148,978.6181849341677,-22.115590245875307,956.5025946882924
892.932406,150,153.893662,936.743516263808,-43.811110346296836,892.932405917511
880.568982,148,153.97149,957.3502888975157,-76.78130737666598,880.5689815208499
61.330715,44,153.995661,102.25775942711485,-40.92704408739433,61.33071533972057
-72.081806,23,154.009311,-37.80273344219691,-34.27907216519344,-72.08180560739032
33.780817,44,154.035002,78.7972996413292,-45.016483129449924,33.78081651187935
161.938313,86,154.082547,200.87798770316093,-38.93967423276609,161.93831347039495
351.26793,111,154.141633,426.6585012788833,-75.39057093959808,351.2679303392852
1000.457592,152,154.234636,1000.4575922817623,0.0,1000.4575922817623
295.850923,94,154.299226,340.1338576467857,-44.2829350512789,295.85092259550674
821.235975,137,154.389447,893.5132417120406,-72.27726670269593,821.2359750093449
-11.8753,32,155.023745,17.985134419134667,-29.86043404851385,-11.8752996293792
942.246569,147,155.114255,951.8890306843363,-9.642461789393263,942.246568894943
977.14405,151,155.209797,981.1870120335592,-4.042961575645509,977.1440504579136
965.859905,152,155.30948,965.8599050654473,0.0,965.8599050654473
946.603449,154,155.412927,953.8168547937084,-7.2134055221762825,946.6034492715322
878.362947,148,155.510651,919.8413830540437,-41.47843582967303,878.3629472243706
896.946139,152,155.593595,960.8026553435799,-63.856516152244495,896.9461391913354
976.96698,160,155.678812,993.8057684921672,-16.83878876614927,976.9669797260178
918.194319,155,155.761116,968.8235615001902,-50.629242842162036,918.1943186580284
959.166643,143,155.83795,959.1666429730697,0.0,959.1666429730697
975.434516,156,155.922439,975.434515654075,0.0,975.434515654075
978.515952,156,156.00475,978.5159523177806,0.0,978.5159523177806
366.161337,105,156.062261,423.2123476015755,-57.05101030714233,366.16133729443357
1007.145376,146,156.159303,1007.1453762110314,0.0,1007.1453762110314
935.846071,147,156.862047,935.8460711152368,0.0,935.8460711152368
122.450498,53,156.897561,147.04399436440076,-24.5934960074264,122.45049835697442
1014.124905,166,157.006389,1014.1249050005583,0.0,1014.1249050005583
52.22787,45,157.033706,96.31042620488064,-44.08255578833901,52.22787041654165
1007.540704,161,157.133833,1007.5407042037871,0.0,1007.5407042037871
956.409451,146,157.228314,984.0656164989501,-27.65616502941813,956.409451469532
116.016712,71,157.271323,169.2377941064827,-53.221082581143406,116.01671152533933
282.681953,104,157.33956,321.0360247016338,-38.354071784498124,282.68195291713573
78.931955,55,157.371,127.19611185228136,-48.26415691944561,78.93195493283581
940.040977,134,157.441547,940.0409770184154,0.0,940.0409770184154
25.745264,47,157.468456,62.44666925468805,-36.70140553923957,25.74526371544853
969.763266,153,157.549019,1006.9072013856394,-37.1439349770684,969.7632664085709
969.254206,188,157.64897,973.4996100187708,-4.245404502731004,969.2542055160399
938.820048,156,157.731146,956.1298028565258,-17.309755259130277,938.8200475973954
-47.979788,26,157.747358,-12.5675085072413,-35.41227977339261,-47.979788280633926
945.355746,143,157.82456,945.8949153065582,-0.5391688697017001,945.3557464368566
70.617442,52,157.854877,119.79199394962636,-49.1745514962467,70.6174424533797
958.704903,164,157.958252,983.5292526131584,-24.82434979394662,958.7049028192118
944.636877,140,158.044263,956.4838364249454,-11.846958993259603,944.6368774316859
976.558378,157,158.753115,1014.6779533674884,-38.11957519845836,976.55837816903
19.573588,52,158.789531,80.55231787758319,-60.978729743079754,19.57358813450344
52.728785,50,158.822758,98.38879361283439,-45.66000842049424,52.7287851923402
39.633561,54,158.860031,84.00090562910205,-44.367344540609224,39.63356108849288
-25.61596,29,158.876698,10.787762467663,-36.403722655813475,-25.61596018815048
942.825033,143,158.969947,942.8250331269849,0.0,942.8250331269849
200.038055,98,159.033234,228.84539509271414,-28.807340417049463,200.03805467566465
965.38216,160,159.12957,965.3821599395092,0.0,965.3821599395092
955.989716,149,159.222853,955.9897155012814,0.0,955.9897155012814
51.02866,58,159.25414,94.82746358926867,-43.79880341500453,51.028660174264175
934.775335,145,162.656694,967.4951140239333,-32.719779362541495,934.7753346613919
243.9593,96,162.72194,333.98655399884586,-90.02725433015408,243.95929966869187
946.910116,148,162.816097,954.9317404940255,-8.021624500521082,946.9101159935044
1012.87963,158,162.917405,1014.1174506587878,-1.2378203585929182,1012.8796303001949
970.824791,149,163.014396,981.8469770117626,-11.022185636053646,970.8247913757091
913.610528,151,163.115194,963.8181702303922,-50.207641730446454,913.6105284999461
95.389671,59,163.151069,123.27229240768628,-27.88262111677799,95.38967129090838
920.615439,135,163.227296,920.6154390475792,0.0,920.6154390475792
954.941563,138,163.895349,954.9415630098031,0.0,954.9415630098031
937.543278,150,163.973967,954.9319936832325,-17.38871549484536,937.543278188387
929.708046,144,164.055372,935.1864581336616,-5.478411943245796,929.7080461904158
970.830085,156,164.138311,971.359126660072,-0.5290418199166345,970.8300848401552
921.825807,143,164.215627,951.6380946345372,-29.812287308290554,921.8258073262466
957.772455,149,164.299083,987.504086793253,-29.73163229242987,957.7724545008234
-69.885917,20,164.313786,-41.479616667710275,-28.406299965339954,-69.88591663305024
936.72236,142,164.40425,936.7223596952712,0.0,936.7223596952712
127.21948,69,164.454211,162.29139231610822,-35.07191218799582,127.21948012811242
1007.817603,156,164.573914,1007.8176025269167,0.0,1007.8176025269167
357.918492,108,164.649166,400.1188454896071,-42.20035351222242,357.9184919773845
18.799678,51,164.685598,57.546258877670994,-38.74658130814085,18.79967756953016
984.742932,157,164.797996,1000.0269650178975,-15.284033429171355,984.7429315887262
994.77238,153,164.907861,994.7723803118724,0.0,994.7723803118724
273.791186,102,164.970923,360.0356982737421,-86.24451212614005,273.79118614760205
936.186183,146,165.052704,936.1861828047156,0.0,936.1861828047156
64.317532,46,165.078388,93.90154958991766,-29.584017609230724,64.31753198068694
103.533635,57,165.108647,144.6698924406275,-41.1362576226649,103.53363481796258
930.906321,137,165.782756,930.9063213378383,0.0,930.9063213378383
1015.503986,154,165.866236,1016.8888386957262,-1.384852668085034,1015.5039860276411
933.883145,138,165.93919,933.8831449488671,0.0,933.8831449488671
971.325112,141,166.016061,971.3251119832289,0.0,971.3251119832289
363.30785,106,166.073568,402.69485591205597,-39.387006194806276,363.30784971724967
950.884752,152,166.163016,984.6947399466909,-33.8099875420072,950.8847524046836
89.028077,57,166.200967,134.97279679740754,-45.94471998672882,89.02807681067875
956.399342,152,166.305745,956.4469963954645,-0.0476544416039939,956.3993419538605
948.470461,154,166.41952,970.8566817708402,-22.386221244747695,948.4704605260926
949.6482,153,166.53673,960.2394189687716,-10.591219252453538,949.6481997163182
983.532254,147,166.635395,983.5322540735139,0.0,983.5322540735139
29.312708,46,166.671357,79.53445300115695,-50.221744615038915,29.31270838611809
967.79953,145,166.764439,967.7995299365355,0.0,967.7995299365355
967.296559,152,166.861468,984.6115857630907,-17.315027020616654,967.2965587424742
1000.28025,149,166.939187,1001.9148444085743,-1.6345945355504625,1000.2802498730239
89.997512,65,166.97537,137.03968790310756,-47.042175694022674,89.99751220908493
355.937436,95,167.63153,383.69808161284993,-27.76064512985895,355.93743648299096
370.305374,96,167.683017,406.8329172473565,-36.52754317762463,370.30537406973195
83.48162,47,167.708768,120.50819305544033,-37.026573228597854,83.48161982684249
946.481476,145,167.788058,973.3355164424278,-26.854040453877186,946.481475988551
42.452315,50,167.813869,69.77310170452182,-27.320786302210323,42.45231540231154
415.306632,112,167.874383,465.10793895333234,-49.80130711319711,415.3066318401352
969.209056,147,167.955899,969.2090557996374,0.0,969.2090557996374
945.952138,145,168.04559,962.0665935261372,-16.11445546777255,945.952138058365
330.06382,101,168.109473,371.0671649311738,-41.00334515591183,330.063819775262
1007.352668,154,168.223431,1007.3526680749322,0.0,1007.3526680749322
-23.872084,31,168.247782,6.404681007853426,-30.276765042416002,-23.872084034562604
972.172291,151,168.36236,972.2285070777148,-0.05621597163481962,972.1722911060799
857.897941,151,168.465858,935.863632327847,-77.96569162742138,857.8979407004258
950.26861,145,168.563977,957.1966683701639,-6.9280586496872605,950.2686097204769
365.37594,101,168.630732,408.85530536827895,-43.47936562526256,365.37593974301643
864.501973,141,168.720908,932.6719710161897,-68.16999772099969,864.50197329519
977.085053,152,168.799609,977.0850529741945,0.0,977.0850529741945
-35.68237,26,168.816234,-2.937914236946213,-32.74445576903105,-35.68237000597726
994.510727,159,169.499852,1009.5317852588221,-15.021058362425714,994.5107268963966
987.201615,150,169.57773,987.2016150959904,0.0,987.2016150959904
960.419248,158,169.662476,974.6114997296343,-14.192251804919554,960.4192479247147
20.379464,46,169.688196,68.3399046618754,-47.96044080817303,20.37946385370246
961.217409,147,169.767243,975.6066325903502,-14.389223095130124,961.2174094952201
1002.755637,165,169.869931,1002.755636814198,0.0,1002.755636814198
884.357052,160,169.978357,979.9665603356716,-95.6095080584393,884.3570522772325
936.384393,150,170.084092,989.1373118064422,-52.75291832137072,936.3843934850719
284.494334,91,170.146394,324.78269307621264,-40.2883592659035,284.4943338103091
360.172819,100,170.219289,403.73786746188637,-43.56504825690839,360.17281920497794
955.338338,146,170.325607,964.3420434545069,-9.003705581690799,955.3383378728163
2.192284,36,170.354404,44.0190044500023,-41.826720913372085,2.192283536630228
32.574026,49,170.392361,76.88604049921766,-44.31201454503061,32.57402595418715
956.689641,151,170.48511,977.6645160029657,-20.974875320841072,956.6896406821245
980.973951,147,170.578721,981.0181803949288,-0.04422970288822903,980.9739506920405
369.83935,105,170.636225,411.78852986444696,-41.94917947116957,369.8393503932773
900.522292,147,170.714366,960.6897315866574,-60.16743981468213,900.5222917719755
9.148409,36,171.340205,50.85165538773933,-41.70324624225836,9.148409145480983
952.2968,150,171.419559,956.288324491452,-3.991524014160981,952.2968004772911
52.261753,48,171.445936,103.34723328924069,-51.085479822132946,52.26175346710782
956.549315,172,171.537382,996.9133066880831,-40.36399194598146,956.5493147421018
966.032915,143,171.612985,967.4304170187843,-1.3975023643151365,966.0329146544693
933.965952,145,171.701945,957.9087097981651,-23.94275735908996,933.9659524390753
896.750628,138,175.245484,944.6999715649013,-47.94934321506573,896.7506283498357
-24.983102,29,175.266702,8.42442199319352,-33.40752444959972,-24.9831024564062
964.145279,142,175.351048,964.1452791379219,0.0,964.1452791379219
814.544863,138,175.426644,893.0302402485954,-78.48537764645639,814.5448626021387
106.490208,61,175.459558,141.86492509721614,-35.37471672192539,106.49020837529086
-54.832062,21,175.471634,-26.718264558909794,-28.113797887290048,-54.83206244619984
948.512427,143,175.548711,958.301296910517,-9.788869615727235,948.5124272947897
935.844287,151,175.631466,988.3440897048865,-52.49980250469522,935.8442872001912
968.452721,139,175.70602,968.4527210581105,0.0,968.4527210581105
967.373423,152,175.788787,996.7844334324368,-29.41101019891634,967.3734232335205
-2.943954,40,175.809984,33.644164278639835,-36.58811834424523,-2.9439540656054106
951.499035,135,175.882202,951.4990351951632,0.0,951.4990351951632
73.695602,55,175.913129,114.27500300479744,-40.579401458394905,73.69560154640254
21.98875,42,175.935816,58.37187103483983,-36.383120632093956,21.988750402745936
967.650439,156,176.629832,972.006590274859,-4.356151535065962,967.6504387397931
-66.904564,20,176.644988,-38.96045105844625,-27.9441131764106,-66.90456423485685
917.713155,150,176.743728,973.7389868815569,-56.02583235042873,917.7131545311283
81.335397,59,176.786383,120.56320284462313,-39.227805835730386,81.33539700889273
373.886338,110,176.863639,417.6880355880808,-43.801697622677175,373.8863379654036
346.035936,100,176.921993,389.30213613286907,-43.266200442704054,346.035935690165
-73.486172,22,176.937209,-43.67193725091096,-29.814234376555618,-73.48617162746659
954.8578,151,177.032225,982.130237899769,-27.272437716326454,954.8578001834427
925.48831,137,177.119451,935.7284684885793,-10.240158633309562,925.4883098552698
963.356652,140,177.198225,963.3566524784192,0.0,963.3566524784192
1023.587028,156,177.280564,1023.587027805116,0.0,1023.587027805116
971.428946,144,177.364956,971.4289456087671,0.0,971.4289456087671
972.85917,148,177.461612,989.5600287797541,-16.70085885470707,972.8591699250472
155.127015,78,177.514592,230.24604734159155,-75.1190318662222,155.1270154753694
331.799813,103,177.583942,373.7654988790175,-41.965685742329846,331.79981313668765
969.060914,156,177.680369,1010.4839995905481,-41.42308532640823,969.0609142641397
124.159984,76,177.732762,213.25505826727394,-89.09507450325525,124.15998376401879
847.702467,144,177.828024,910.9841345237448,-63.281667920353144,847.7024666033919
924.22093,143,178.551425,948.3372475551648,-24.116317938763565,924.2209296164012
-68.96754,20,178.566617,-40.796162512320606,-28.17137699980252,-68.96753951212312
935.885505,146,178.664269,962.4247602984638,-26.539255112056253,935.8855051864075
996.908871,164,178.767381,997.6255908435251,-0.7167201222777999,996.9088707212472
71.825467,55,178.805253,110.7214450212045,-38.89597826257625,71.82546675862834
25.146252,45,178.835526,71.18121174709258,-46.03496024451913,25.14625150257349
960.762843,155,178.933056,998.2029077123353,-37.44006438193893,960.7628433303965
391.116132,103,179.001211,427.4650934755979,-36.34896123555311,391.1161322400445
956.962761,151,179.089256,972.6963017461137,-15.73354100137192,956.9627607447418
-70.900571,20,179.10134,-48.43903221478294,-22.46153860981817,-70.90057082460112
984.226517,155,179.1845,994.1558473648009,-9.929329982689652,984.2265173821114
118.17701,54,179.213233,140.6750373750121,-22.49802755515687,118.17700981985527
-46.616651,23,179.229851,-15.719544048527197,-30.897107105321723,-46.61665115384892
960.188637,144,179.320642,960.1886368348358,0.0,960.1886368348358
996.311705,154,179.419115,996.3117047359093,0.0,996.3117047359093
969.842829,147,179.514893,969.8428285809141,0.0,969.8428285809141
387.97787,102,179.583008,414.0380259808549,-26.06015592156936,387.9778700592855
973.901303,148,179.683571,973.9013028287586,0.0,973.9013028287586
948.15649,146,180.36578,974.6135310661515,-26.457041222087724,948.1564898440638
985.318597,154,180.461153,1014.0508172514552,-28.732220119571927,985.3185971318832
984.442508,163,180.564959,984.4425078637684,0.0,984.4425078637684
-35.309265,30,180.585874,0.307473730860508,-35.6167387643139,-35.3092650334534
949.011992,142,180.678757,961.0330407072598,-12.021048537919967,949.0119921693401
92.132364,58,180.712003,140.0459092980847,-47.91354559735835,92.13236370072642
119.274878,54,180.749422,148.0111438291957,-28.7362656956623,119.27487813353352
30.830864,38,180.776719,65.20937401551805,-34.37850982458245,30.830864190935586
55.090256,54,180.809987,109.16737151761306,-54.077115460739385,55.090256056873685
61.152891,45,180.841822,98.70563921326449,-37.55274812142385,61.15289109184066
-3.315232,34,180.865685,32.6232286026609,-35.93846102882628,-3.315232426165366
934.945995,145,180.961581,939.0638089941139,-4.117813773031644,934.9459952210823
905.182327,145,181.044404,954.9552065133744,-49.772879582887285,905.1823269304871
947.864647,149,181.125178,947.8646467968998,0.0,947.8646467968998
986.343381,154,181.227295,986.3433812340407,0.0,986.3433812340407
-81.565091,18,181.242436,-55.17485261831123,-26.39023880540905,-81.56509142372028
967.643468,155,181.345204,999.9793274866955,-32.33585965066402,967.6434678360313
932.887464,149,181.440656,936.2307659408503,-3.3433023024374977,932.8874636384129
934.778869,150,181.537662,967.3103612555389,-32.53149225131241,934.7788690042265
8.801163,37,181.561904,54.30453130431722,-45.50336796349497,8.801163340822328
358.086189,102,181.628176,401.1475903978542,-43.061401822982106,358.08618857487204
957.731365,148,182.311876,968.9526677580442,-11.221302327796575,957.7313654302476
-55.0599,22,182.326356,-26.371152866101454,-28.688747275327298,-55.05990014142875
143.865383,69,182.373416,187.52454551275264,-43.6591620594517,143.86538345330098
923.495863,146,182.465179,937.9248633999737,-14.429000521558272,923.4958628784154
881.490714,140,182.557009,903.2576508180675,-21.76693656417654,881.4907142538909
940.784218,164,182.663351,940.7842181979618,0.0,940.7842181979618
895.109815,146,182.759702,917.6613970929238,-22.551581731190154,895.1098153617336
31.854592,48,182.788416,77.82996260875458,-45.9753707939257,31.854591814828893
269.258812,99,182.853529,312.42716071713517,-43.16834885029062,269.25881186684467
862.316179,149,182.9403,957.0848864395502,-94.76870707656414,862.3161793629858
950.328127,142,183.017366,950.328126827281,0.0,950.328126827281
-9.317174,33,183.037117,30.32310336140739,-39.64027732799111,-9.31717396658371
80.445877,47,183.070029,125.00286394084681,-44.556987176758746,80.44587676408808
928.523754,143,183.158982,965.0860899854965,-36.562335677022425,928.523754308474
980.906352,155,183.263269,980.9063522930011,0.0,980.9063522930011
1007.397714,158,183.361593,1007.3977137002772,0.0,1007.3977137002772
883.568916,139,183.45086,930.3773089286979,-46.80839269622724,883.5689162324709
367.761531,105,183.520897,410.14205205533653,-42.38052083876944,367.76153121656716
966.450129,148,184.197508,966.4501290190065,0.0,966.4501290190065
909.143736,143,184.273211,941.8334795783911,-32.689743455053026,909.1437361233382
175.661531,82,184.316499,225.39966178378194,-49.73813099161937,175.66153079216258
970.487774,139,184.391238,970.487774383914,0.0,970.487774383914
938.369626,149,188.114113,938.8239644920393,-0.45433892642983853,938.3696255656093
952.134666,167,188.206029,952.1346664116496,0.0,952.1346664116496
983.320739,180,188.3038,983.3778974780383,-0.057158542446184235,983.3207389355922
912.837143,166,188.392984,958.0498715986771,-45.21272853859703,912.8371430600802
39.071616,39,188.41587,76.29798513879736,-37.22636930300746,39.071615835789956
948.395455,139,188.491194,948.3954553886131,0.0,948.3954553886131
991.725306,154,188.573947,991.7253055772379,0.0,991.7253055772379
185.738333,89,188.622549,228.554087266618,-42.81575389905423,185.738333367564
884.666922,148,188.699988,940.2619668931907,-55.59504510483408,884.666921788357
974.69293,156,188.784388,997.4675038446254,-22.774573864580432,974.6929299800448
963.929133,150,188.864936,996.0587751281483,-32.12964190630195,963.9291332218462
957.578323,146,189.559714,961.1220320043738,-3.543708868444159,957.5783231359298
935.062672,147,189.642685,935.0626719125562,0.0,935.0626719125562
361.818319,104,189.6976,397.2893003024754,-35.47098176147229,361.8183185410031
374.735096,98,189.751669,417.27652744004274,-42.54143182047848,374.7350956195643
72.986331,49,189.777452,104.23401335957816,-31.247682179606322,72.98633117997188
978.346614,149,189.859079,978.3466138772453,0.0,978.3466138772453
919.943464,150,189.940412,958.2657636548583,-38.322299981256016,919.9434636736023
-67.415012,22,189.954,-34.871539665943644,-32.543472203895455,-67.4150118698391
-64.421107,22,189.967563,-34.928468587987865,-29.492638737477854,-64.42110732546573
915.563658,135,190.039208,915.5636581852532,0.0,915.5636581852532
912.651398,143,190.113454,939.268111068151,-26.61671273571686,912.6513983324342
974.672037,159,190.198162,976.2443272756698,-1.5722904809789613,974.6720367946907
32.05685,46,190.225393,60.118177776336154,-28.06132741601392,32.056850360322244
955.689832,157,190.309595,1001.7853581799452,-46.09552589884952,955.6898322810956
846.755349,144,190.387209,920.675112027373,-73.91976300868379,846.7553490186892
933.245893,160,190.47343,971.601499430296,-38.35560610170594,933.2458933285903
70.026323,54,190.503376,109.91576683360915,-39.88944367157244,70.02632316203673
169.533606,72,190.544583,211.46930286735247,-41.9356965024908,169.53360636486175
299.107603,99,190.600878,346.0514283547152,-46.943825800332064,299.1076025543832
905.311622,142,191.316561,934.6955955948133,-29.383973866330997,905.3116217284824
989.482324,159,191.4059,989.4823237470238,0.0,989.4823237470238
925.090779,137,191.479464,925.0907786977593,0.0,925.0907786977593
-52.892388,26,191.49413,-26.178375039811797,-26.71401282447044,-52.89238786428224
-61.805591,22,191.506227,-29.9689513991014,-31.836639823145738,-61.805591222247116
900.640739,149,191.586791,934.5728214943853,-33.93208206595045,900.6407394284349
988.707143,149,191.667896,989.0688194634954,-0.36167628064410806,988.7071431828513
936.02293,154,191.748729,972.587813522345,-36.56488349032814,936.0229300320167
937.241966,141,191.824233,937.8753275751756,-0.6333615178442678,937.2419660573314
961.620451,159,191.90953,986.3889835911195,-24.768532795101812,961.6204507960178
900.55652,138,191.98298,930.154461419376,-29.597941315189516,900.5565201041868
957.40701,140,192.058514,959.9451591711268,-2.5381492648566963,957.4070099062701
67.367341,56,192.091071,108.14517435704016,-40.77783327856731,67.36734107847286
-70.018238,22,192.105712,-39.85875943044742,-30.1594787174661,-70.01823814791352
307.400033,95,192.157332,349.8212209189667,-42.42118751948476,307.4000333994819
939.718593,142,192.231727,953.9122160467541,-14.193622895987058,939.7185931507671
945.310143,136,192.308557,945.3101433169422,0.0,945.3101433169422
994.044399,155,193.035418,994.0443991846431,0.0,994.0443991846431
956.93915,140,193.121642,956.9391499335361,0.0,956.9391499335361
977.126852,155,193.204382,977.1268519023419,0.0,977.1268519023419
953.398627,141,193.282511,953.3986274282331,0.0,953.3986274282331
978.434652,153,193.365553,989.908773725474,-11.474121466452901,978.4346522590213
901.686935,144,193.443392,945.9354595618499,-44.248524703516864,901.6869348583332
361.486269,109,193.501381,414.75059764872856,-53.264328467815176,361.4862691809134
-39.788965,26,193.516491,-3.2870307472869627,-36.50193432332762,-39.788965070614594
396.034112,112,193.576787,443.23736041763186,-47.20324819561409,396.03411222201777
929.982166,145,193.652618,931.1584227470336,-1.1762564157318378,929.9821663313018
967.398629,148,193.733483,969.189303754847,-1.7906751713663374,967.3986285834806
932.96748,144,193.810457,935.3340746592005,-2.3665949246427767,932.9674797345576
956.426778,157,193.894884,971.6544606262477,-15.227682544510351,956.4267780817374
993.783596,148,193.973175,996.3353204763473,-2.5517248130417602,993.7835956633055
-79.738721,21,193.986269,-50.59513769968315,-29.143583354830884,-79.73872105451403
-84.1291,19,193.99836,-55.21929233650952,-28.909807870138383,-84.1291002066479
974.340799,148,194.078845,974.3407987148528,0.0,974.3407987148528
978.977507,144,194.785838,978.9775072650764,0.0,978.9775072650764
915.605114,144,194.861135,938.803792880833,-23.198678707261692,915.6051141735713
952.145089,149,194.941901,952.1450891589341,0.0,952.1450891589341
983.807842,145,195.018638,984.3669813740345,-0.5591396844078416,983.8078416896267
961.791239,148,195.096462,961.7912386740591,0.0,961.7912386740591
945.55495,150,195.20845,945.554949906298,0.0,945.554949906298
-84.235295,19,195.219398,-56.244399274938445,-27.99089620719518,-84.23529548213364
863.616687,142,195.294684,902.9600939485847,-39.343407399242906,863.6166865493419
993.133973,142,195.369967,993.1339731137489,0.0,993.1339731137489
977.026624,150,195.45154,977.0266244403452,0.0,977.0266244403452
941.038573,147,195.533687,969.7269006793389,-28.688327883920156,941.0385727954189
-80.462524,19,195.546428,-53.5863902451226,-26.87613354856628,-80.46252379368889
315.204012,117,195.609648,360.85707557672475,-45.65306398086864,315.2040115958561
905.393633,147,195.686599,934.1590609055147,-28.76542839360271,905.3936325119123
956.391561,149,195.766891,964.6626182542641,-8.271057333462954,956.3915609208011
62.013106,46,195.791688,104.74958376581678,-42.73647800466198,62.01310576115479
970.005717,142,195.870851,970.0057171117114,0.0,970.0057171117114
353.139431,100,196.544281,408.20411274764257,-55.064681340217255,353.1394314074253
996.690291,151,196.623195,997.7312809718816,-1.0409898066738386,996.6902911652078
959.10371,160,200.513178,959.1037101831498,0.0,959.1037101831498
937.583782,145,200.592056,937.5837821978656,0.0,937.5837821978656
977.259317,145,200.66905,977.259316920592,0.0,977.259316920592
342.233912,101,200.725596,395.0182285566956,-52.784316756750606,342.23391179994496
976.066345,148,200.805495,976.0663451321363,0.0,976.0663451321363
945.132683,144,200.899776,945.1326828209994,0.0,945.1326828209994
967.264272,144,200.99479,970.6498759039122,-3.38560360340671,967.2642723005055
289.2981,94,201.058122,334.433033071889,-45.13493275363334,289.29810031825565
129.080012,65,201.100749,166.89725282792054,-37.817240451715364,129.08001237620525
143.969231,81,201.160126,178.3913082987326,-34.42207746735153,143.96923083138114
967.779273,139,201.251269,967.7792731288265,0.0,967.7792731288265
944.039894,146,201.344816,944.0398935685021,0.0,944.0398935685021
935.8853,143,201.436425,938.098445314336,-2.2131457122390277,935.8852996020971
975.307333,151,201.515808,975.3073328944463,0.0,975.3073328944463
346.400675,110,202.186584,441.78825257210895,-95.38757790116708,346.4006746709422
316.171077,109,202.24654,364.7383916705605,-48.567314418494206,316.17107725206637
-68.857878,21,202.258301,-37.228277125748306,-31.629600932952094,-68.85787805870041
915.223549,134,202.330657,942.6341274182,-27.41057833715154,915.2235490810483
77.25808,50,202.360177,122.56485274162239,-45.3067728589556,77.25807988266689
984.308119,159,202.444809,984.3081187816352,0.0,984.3081187816352
162.468158,96,202.496881,207.17964443006414,-44.711486202262655,162.46815822780152
161.743271,78,202.540958,197.63929415455453,-35.89602329070486,161.74327086384966
913.264176,130,202.610675,913.2641760937211,0.0,913.2641760937211
-81.930276,22,202.623538,-50.0307317623259,-31.899544386540693,-81.93027614886661
927.599696,152,202.718877,951.605290025959,-24.005593985584554,927.5996960403749
906.527987,143,202.809044,955.4702255612601,-48.94223856833666,906.5279869929235
913.083429,143,202.903174,930.3789370950852,-17.295508428563544,913.0834286665219
971.834963,147,203.000382,971.8349625003835,0.0,971.8349625003835
389.6401,109,203.06843,426.9203818788725,-37.280281927518516,389.64009995135416
877.980217,150,203.166683,947.1466267482051,-69.16640967560961,877.9802170725956
951.12698,138,203.257212,951.1269798824819,0.0,951.1269798824819
992.920598,157,203.33983,992.9205976548819,0.0,992.9205976548819
954.138684,152,204.04842,979.7512830960845,-25.61259880167952,954.138684294405
340.016081,114,204.109488,391.6110582927253,-51.594977433199006,340.01608085952637
51.259468,51,204.138139,97.45426006774753,-46.19479223929785,51.25946782844969
182.494074,72,204.177001,221.6552602204514,-39.16118584536923,182.49407437508216
141.639,69,204.215761,181.36665497940606,-39.727655285893434,141.6389996935127
-47.206208,23,204.22944,-15.454322503625647,-31.751885180783027,-47.20620768440867
983.933725,144,204.308189,983.9337250117183,0.0,983.9337250117183
379.829298,99,204.36193,423.6263855083841,-43.797087747833366,379.8292977605508
-25.348417,28,204.377025,13.849536038261107,-39.197953219798706,-25.348417181537627
922.001321,144,204.454651,939.5858568110384,-17.58453596879382,922.0013208422447
937.461461,167,204.546826,971.7246216733218,-34.26316061949724,937.4614610538245
22.650607,39,204.57539,70.33478649528854,-47.68417907305777,22.65060742223085
54.188461,49,204.611123,93.12842484652404,-38.93996354572732,54.1884613007968
-80.820542,19,204.627799,-55.968329419611884,-24.85221291763918,-80.82054233725106
-66.636654,24,204.641955,-37.17537943225885,-29.461274421459823,-66.63665385371868
-22.566671,34,204.663169,17.781355497167397,-40.34802614337557,-22.566670646208152
48.140426,44,204.689183,98.49081012043183,-50.35038425971008,48.14042586072182
945.303927,149,204.78365,965.6971129187091,-20.39318596243591,945.3039269562732
-20.867869,38,204.809589,25.320541587516146,-46.18841021408522,-20.867868626569077
929.552149,150,204.906482,929.5521489417612,0.0,929.5521489417612
82.314268,56,204.939965,123.57549725786322,-41.261229656268355,82.31426760159499
313.869938,99,205.007543,391.5538254153324,-77.6838875932973,313.86993782203524
906.018794,147,205.101375,961.2173995211874,-55.19860596962504,906.0187935515623
317.56462,92,205.159802,360.82927203024263,-43.26465210181965,317.5646199284229
1.46164,36,205.179173,49.4760674196187,-48.01442779121306,1.4616396284056918
891.026797,153,205.89508,990.562355752777,-99.53555901558845,891.0267967371884
903.251761,135,205.970773,918.033274474301,-14.781513742049826,903.2517607322509
-77.893043,17,205.982295,-53.21850102236078,-24.674541619034756,-77.89304264139554
27.094078,54,206.015331,63.4884321906371,-36.39435412208546,27.094078068551653
-31.353859,27,206.029586,4.484979638622704,-35.838839088019355,-31.353859449396637
320.471697,93,206.080075,363.87394188141775,-43.40224498360251,320.47169689781526
108.278682,60,206.112967,148.7697748383211,-40.4910929912657,108.2786818470554
366.575969,105,206.170834,411.9441035452924,-45.368134557427865,366.57596898786454
942.752757,154,206.252658,986.9256493582595,-44.172892610866946,942.7527567473929
949.900782,142,206.328704,956.9889050867333,-7.088122785249203,949.9007823014842
99.777999,50,206.356896,129.1369831333318,-29.35898451424425,99.7779986190876
85.285875,49,206.384537,126.9530268709531,-41.66715189768708,85.285874973266
24.941555,41,206.406946,69.79342870376907,-44.851873682305104,24.941555021463998
909.066525,153,206.487978,940.1459318630415,-31.07940684666848,909.066525016373
87.69172,58,206.52085,129.54903783542073,-41.857318181790916,87.69171965362983
859.990814,135,206.593217,904.8620753370553,-44.87126182047817,859.9908135165772
-12.022998,31,206.61138,23.810715575406064,-35.833713940167144,-12.022998364761051
32.149823,40,206.633159,75.19282407013254,-43.04300080461185,32.14982326552074
993.73421,148,206.710232,993.7342104505748,0.0,993.7342104505748
12.183542,36,206.729718,53.47351528719403,-41.289973243564,12.18354204363007
968.99329,141,206.808366,968.9932902031874,0.0,968.9932902031874
381.300508,104,206.864613,424.7643019202378,-43.46379417326085,381.30050774697696
990.537566,169,207.583466,1002.7465031337968,-12.208937293729992,990.5375658400669
49.088488,61,207.616594,90.80598857535824,-41.71750091672215,49.088487658636154
987.141066,149,207.69488,987.1410656974662,0.0,987.1410656974662
934.396261,142,207.772727,964.8103093736689,-30.41404820583297,934.396261167836
951.018057,166,207.872495,951.0180573390779,0.0,951.0180573390779
992.667456,144,207.95156,992.6674557510163,0.0,992.6674557510163
953.26695,143,208.030376,953.2669501389985,0.0,953.2669501389985
203.75282,80,208.074141,238.94954828083993,-35.19672820179663,203.7528200790433
957.757326,150,208.154163,992.4789996554641,-34.72167379643703,957.7573258590272
172.532436,81,208.197824,253.97146799751872,-81.4390317840131,172.5324362135057
976.880566,145,208.275386,976.8805655992885,0.0,976.8805655992885
219.394333,77,208.318826,260.2597406622459,-40.865407657609964,219.39433300463602
78.826196,55,208.348749,125.38069272097474,-46.55449683077035,78.82619589020436
901.630191,143,208.425798,933.4366061306467,-31.806414691349595,901.630191439297
23.23006,39,208.447683,65.04066223457816,-41.81060240017287,23.230059834405367
27.338991,42,208.472286,54.38144368559375,-27.0424529854145,27.338990700179238
-58.247651,26,208.487319,-19.009790454441287,-39.237860417870344,-58.24765087231166
885.079865,136,208.561579,917.6758467837146,-32.59598136670595,885.0798654170086
69.561647,50,208.589693,122.20623610258241,-52.64458894951532,69.5616471530671
902.486098,144,208.668832,920.3017038418508,-17.81560601203401,902.4860978298169
993.059524,145,212.428559,993.0595235570216,0.0,993.0595235570216
923.263358,140,212.505054,942.3515137042777,-19.08815563897011,923.2633580653076
966.483406,149,212.583284,966.4834062701996,0.0,966.4834062701996
153.867289,77,212.627127,218.21974819607712,-64.35245876359676,153.86728943248048
91.761085,60,212.659675,147.70889287216286,-55.94780781456832,91.76108505759467
907.949488,156,212.74242,940.5555462372151,-32.60605817969551,907.9494880575196
968.459803,151,212.823487,993.7902595870497,-25.330456740544967,968.4598028465048
959.107148,152,212.90629,983.5465599067992,-24.43941208525721,959.1071478215423
-38.162039,25,212.91986,-3.077091111400165,-35.084947943288995,-38.16203905468916
1008.143252,153,213.004276,1008.1432520488961,0.0,1008.1432520488961
-48.583505,26,213.020878,-12.233504017730667,-36.35000090833656,-48.583504926067235
-72.528028,20,213.031426,-44.80088563315417,-27.727142184003917,-72.52802781715808
-32.114379,27,213.048086,5.478878520677753,-37.593257288918586,-32.114378768240826
8.619609,36,213.06708,47.428378766698586,-38.80876938396115,8.619609382737451
966.831739,145,213.144987,967.972153583394,-1.140414110427404,966.8317394729665
-24.028627,43,213.169931,26.41734665641951,-50.44597322100947,-24.028626564589928
866.695502,145,213.249538,950.9916537013808,-84.29615120278639,866.6955024985946
73.44829,54,213.278997,113.49351800216078,-40.04522839450077,73.44828960766012
344.11555,109,213.338923,391.73885632539657,-47.623306145803355,344.1155501795932
972.882434,180,213.434256,972.8824335797726,0.0,972.8824335797726
10.833608,35,213.455497,28.888034501469775,-18.054426008154046,10.833608493315666
1001.625423,157,214.153482,1001.6254232179472,0.0,1001.6254232179472
-69.175389,19,214.167084,-44.638339918618485,-24.53704951037184,-69.17538942899033
956.4981,152,214.248705,995.2934615339382,-38.79536177267281,956.4980997612655
991.799968,153,214.344267,991.7999680747758,0.0,991.7999680747758
20.910954,40,214.371527,58.88348512587885,-37.97253079057091,20.910954335307906
106.177714,62,214.415437,138.18290194660182,-32.00518818404855,106.17771376255334
890.950047,136,214.501765,932.8314561518466,-41.88140910240342,890.9500470494431
968.04709,142,214.594233,968.0470901607298,0.0,968.0470901607298
967.169561,142,214.683313,967.1695608503755,0.0,967.1695608503755
335.998869,96,214.746332,378.0817686351721,-42.082899635979814,335.9988689991923
924.398607,153,214.84394,960.9401128227643,-36.54150627853653,924.3986065442276
979.864434,145,214.922265,979.8644336964462,0.0,979.8644336964462
-59.918614,29,214.938916,-27.263996329587115,-32.65461796940815,-59.91861429899528
942.515168,141,215.014399,942.5151675823188,0.0,942.5151675823188
881.230504,149,215.0946,938.2504573305613,-57.01995303162339,881.2305042989378
991.424654,146,215.173248,991.4246544643769,0.0,991.4246544643769
971.475887,161,215.261014,1012.6567339596503,-41.180846892119774,971.4758870675306
985.746974,143,215.947785,985.8830838092881,-0.13610960315318454,985.7469742061348
15.830171,39,215.974157,60.50290061640693,-44.67272914203143,15.830171474375575
120.985211,62,216.011955,164.16836080418926,-43.18314965945683,120.98521114473243
989.69603,153,216.093526,1000.2843302111957,-10.58830025559481,989.6960299556008
929.667382,139,216.179756,929.6673822519055,0.0,929.6673822519055
940.490164,147,216.274689,956.1652446278924,-15.67508045371746,940.4901641741748
981.560801,157,216.379069,981.5608005842905,0.0,981.5608005842905
938.99811,150,216.473711,962.2823565156632,-23.28424669942247,938.9981098162407
51.038577,43,216.503437,97.1952958165669,-46.15671893000591,51.038576886560975
-58.782317,21,216.515527,-29.401184455922078,-29.381132283498175,-58.78231673942025
381.496238,99,216.582184,425.1619537474012,-43.66571608850267,381.4962376588985
933.607631,132,216.671579,933.60763118113,0.0,933.60763118113
946.525498,135,216.751426,946.5254984249991,0.0,946.5254984249991
-66.264784,19,216.763538,-39.040686237813645,-27.224097505400085,-66.26478374321374
234.258896,90,216.811912,306.2855382728474,-72.02664248423662,234.25889578861074
336.35824,99,216.866318,375.21334580262203,-38.85510605229224,336.35823975032974
-30.254095,26,216.884041,2.4573785115630074,-32.71147359040953,-30.254095078846518
29.999674,46,216.908806,83.21792912707582,-53.21825467546289,29.999674451613004
970.03166,145,216.985387,970.0316600341725,0.0,970.0316600341725
0.535152,35,217.005626,40.00809440280973,-39.47294271938248,0.5351516834272161
909.604565,133,217.078038,909.6045654686095,0.0,909.6045654686095
150.88081,79,217.119893,192.2582445622005,-41.37743449809328,150.8808100641072
-37.968336,25,217.134979,-3.719117572749724,-34.24921884394968,-37.9683364166994
397.434847,104,217.803392,438.58146150695774,-41.14661434163733,397.4348471653205
952.330079,155,217.886888,1001.5281985263803,-49.19811960156711,952.3300789248133
31.336933,40,217.90889,66.32462170212457,-34.98768829383395,31.336933408290662
59.86514,47,217.936061,99.40005536355808,-39.53491562688373,59.86513973667432
103.227962,59,217.970608,138.65884887843225,-35.43088674080315,103.22796213762922
1004.744387,152,218.064412,1004.7443871721722,0.0,1004.7443871721722
938.799025,140,218.15547,938.7990246380766,0.0,938.7990246380766
121.704681,63,218.199337,165.12109474542052,-43.41641368666191,121.70468105875864
933.712611,145,218.294769,951.4636120246963,-17.7510005887753,933.712611435921
985.577051,152,218.397907,1008.9160559439887,-23.33900469579132,985.5770512481977
882.490235,143,218.488733,936.052853565051,-53.56261856961006,882.490234995441
999.164841,153,218.58739,1012.0863844076882,-12.921543525830458,999.1648408818578
965.90487,156,218.669281,969.9520151124578,-4.047145407738405,965.9048697047195
249.889622,90,218.718999,279.2060275574084,-29.316405918731846,249.88962163867654
374.802432,98,218.770031,420.19648372479344,-45.394052200161575,374.80243152463163
976.444636,147,218.848881,976.4446363964925,0.0,976.4446363964925
96.334335,60,218.883089,141.0297612904052,-44.695426600750444,96.33433468965484
990.393085,142,218.959901,990.3930854747132,0.0,990.3930854747132
-71.487111,18,218.97109,-45.69431755547893,-25.792793619112892,-71.48711117459183
65.360504,49,219.599804,111.26804149543611,-45.907537898872974,65.36050359656318
985.013294,149,219.681512,985.013294025638,0.0,985.013294025638
988.186641,146,219.759,993.1500215421881,-4.963380518560551,988.1866410236275
388.856831,106,219.820387,420.61931593388226,-31.762485078876438,388.8568308550056
-70.656609,19,219.833989,-43.722436301224604,-26.934173025446395,-70.656609326671
944.051051,148,219.934493,981.7284239369251,-37.677373078182654,944.0510508587427
1003.104373,157,220.034047,1003.1043725584602,0.0,1003.1043725584602
915.500055,147,220.13012,970.4207649272957,-54.920709921066084,915.5000550062298
975.762861,153,220.231496,987.268390026332,-11.505529282167393,975.7628607441646
99.332305,60,220.273901,134.70585865248898,-35.373553245987594,99.33230540650152
8.376547,37,220.299118,54.3376810138557,-45.961134178250056,8.37654683560568
940.982065,140,220.386658,940.9820646800247,0.0,940.9820646800247
921.707419,143,220.462038,955.3025109585325,-33.59509157750914,921.7074193810233
958.152798,160,220.548061,992.9646241903113,-34.81182578487145,958.1527984054401
89.07984,58,220.580003,132.29539031490256,-43.215550672687996,89.07983964221461
53.308782,46,220.605343,93.04441540844076,-39.73563341228377,53.30878199615702
1014.037023,155,223.645689,1014.0370231290167,0.0,1014.0370231290167
36.196266,44,223.671454,79.96087552471249,-43.76460964324399,36.19626588146855
985.224177,161,223.758158,985.940183569992,-0.7160065884708322,985.2241769815215
-35.718527,26,224.383137,-0.07789034315801757,-35.6406365342157,-35.71852687737373
965.855891,152,224.465282,966.7888817565901,-0.9329906359826037,965.8558911206075
329.773555,105,224.521526,378.7107794765731,-48.937224897154344,329.7735545794188
941.614613,144,224.60116,971.6633540443179,-30.048741033478414,941.6146130108394
-31.440967,36,224.62277,2.3527461804665393,-33.79371338093631,-31.440967200469814
972.571504,142,224.698803,972.5715036503356,0.0,972.5715036503356
991.719746,148,224.78008,1005.6824275809931,-13.962681984474987,991.7197455965182
52.72969,45,224.804945,84.60564659020022,-31.875956776414597,52.729689813785654
228.733218,86,224.850896,271.77110155676377,-43.03788386292075,228.73321769384302
880.283849,151,224.933226,946.0416562097743,-65.75780719165346,880.283849018121
100.3998,63,224.968426,150.24008740517877,-49.84028768639842,100.39979971878034
914.238213,152,225.049902,987.9385386380376,-73.70032529189571,914.2382133461418
-49.902215,23,225.062403,-17.95728779398847,-31.944927090841293,-49.90221488482976
401.571664,108,225.124217,446.2751799317048,-44.70351637159873,401.57166356010595
956.485872,147,225.203411,977.1354028453245,-20.64953071917571,956.4858721261486
969.147534,147,225.282668,969.1475343505422,0.0,969.1475343505422
974.804761,144,225.360144,974.8047611444041,0.0,974.8047611444041
1011.012742,154,225.465636,1011.2523550419597,-0.23961274527041443,1011.0127422966893
921.470604,152,226.153443,996.9817209590806,-75.5111171188931,921.4706038401878
928.593458,159,226.23768,943.0826994419979,-14.489241726880257,928.5934577151174
55.450275,49,226.2658,83.07838194914456,-27.62810667940305,55.45027526974155
928.113592,144,226.343061,928.1135918238662,0.0,928.1135918238662
-23.910174,29,226.35965,16.146956458559885,-40.05713040291312,-23.910173944353247
991.989701,154,226.442478,995.3059431731506,-3.3162420830141413,991.9897010901364
260.836919,85,226.490423,283.04481577698914,-22.20789676952455,260.83691900746464
348.800255,112,226.551939,445.34973911391126,-96.54948387876118,348.8002552351504
952.022111,152,226.631553,952.0221106903192,0.0,952.0221106903192
938.883692,148,226.711985,991.7588409773396,-52.87514942999105,938.8836915473485
69.304595,46,226.737833,101.7273966911864,-32.42280207415457,69.30459461703184
150.110513,67,226.775602,185.21834247866042,-35.107829721949955,150.11051275671048
948.666958,150,226.856456,980.868059235872,-32.20110147530277,948.6669577605693
320.494122,99,226.909318,366.2750022230542,-45.78087985774505,320.4941223653091
87.41204,51,226.93805,123.52875048865789,-36.11671077043999,87.41203971821793
954.225609,144,227.015783,955.463368176959,-1.2377586810089412,954.2256094959499
86.035461,49,227.045175,123.70235186159445,-37.66689119002807,86.0354606715664
996.165879,151,227.14621,996.6872014985825,-0.5213229419171981,996.1658785566652
43.709868,47,227.181059,83.8971922063458,-40.18732455629994,43.70986765004591
-52.079365,25,227.199355,-15.444575439802747,-36.63478981883716,-52.07936525863989
984.611461,160,227.932469,1015.7133798281734,-31.101918472092045,984.6114613560817
61.874587,46,227.959908,98.79909045380788,-36.92450318427162,61.87458726953628
964.136582,162,228.047922,964.1365821672827,0.0,964.1365821672827
937.042354,148,228.128603,937.0423537160418,0.0,937.0423537160418
990.878143,148,228.21073,990.8781431223209,0.0,990.8781431223209
970.095034,149,228.291432,991.2788007487987,-21.183766978398285,970.0950337704006
929.235546,142,228.366343,948.2196302327719,-18.984083992648817,929.2355462401231
-79.421852,18,228.379578,-56.22817323888934,-23.193678671932304,-79.42185191082164
965.335736,149,228.46208,978.9821345318342,-13.64639868354628,965.3357358482881
961.460214,150,228.544825,961.4602143729578,0.0,961.4602143729578
907.342872,146,228.626349,939.0513517829302,-31.708480023819735,907.3428717591103
-21.084305,29,228.643797,9.154887011932345,-30.23919203964764,-21.08430502771529
1012.403853,164,228.729527,1012.4038527106073,0.0,1012.4038527106073
948.977181,150,228.8134,975.4412679164718,-26.464087113958456,948.9771808025131
-1.923135,40,228.836363,42.61903931982252,-44.54217459346298,-1.9231352736404403
973.292738,160,228.94567,973.2927379141182,0.0,973.2927379141182
938.029532,153,229.047155,983.9128749780166,-45.883342625519624,938.029532352497
991.927024,155,229.804884,995.295563710837,-3.368539833910848,991.9270238769261
931.335919,153,229.885932,950.492238549964,-19.156320032280433,931.3359185176837
972.184505,156,229.9717,972.4496272262645,-0.2651221656030911,972.1845050606614
969.808701,156,230.056913,969.8087005491539,0.0,969.8087005491539
915.310387,143,230.135383,976.9173123996,-61.6069252877347,915.3103871118656
938.361375,156,230.219988,938.3613746078781,0.0,938.3613746078781
383.691875,111,230.278498,427.75512170257616,-44.06324680298255,383.6918748995936
79.519945,51,230.308578,118.42117810247544,-38.90123323292436,79.5199448695511
81.735567,53,230.340784,126.8491234719925,-45.11355666186113,81.73556681013142
974.188266,148,230.42155,974.188265596986,0.0,974.188265596986
979.614515,142,230.500061,979.6145149583699,0.0,979.6145149583699
914.722137,140,230.578896,952.6221133380432,-37.899976036011964,914.7221373020311
974.786751,196,230.694268,974.7867514529181,0.0,974.7867514529181
963.708069,141,230.792288,963.7080693648413,0.0,963.7080693648413
987.586923,150,230.888813,1001.5928885956389,-14.005965262400471,987.5869233332385
-31.59157,30,230.912008,4.839120087612045,-36.430689975209184,-31.591569887597146
363.99738,111,231.596301,407.1793526564229,-43.18197252345931,363.9973801329636
971.524036,150,231.676137,971.5240362346116,0.0,971.5240362346116
988.753236,156,231.757633,988.7532364095587,0.0,988.7532364095587
129.923665,80,231.80043,220.8516134445733,-90.92794817412219,129.92366527045115
142.796884,71,231.840201,176.30950777567355,-33.51262380429284,142.79688397138082
76.626159,46,231.864371,118.60417919486538,-41.97802041459727,76.62615878026811
985.905622,158,231.948727,992.2862134090648,-6.380591459778466,985.9056219492865
349.367075,100,232.0042,386.5299323729227,-37.162857756795084,349.36707461612775
900.611143,143,232.083139,949.616783750156,-49.005640683215276,900.6111430669405
999.58966,147,232.159314,999.589659530955,0.0,999.589659530955
907.150798,146,232.247671,936.9844857471835,-29.833687974434365,907.1507977727493
963.600382,161,232.35502,963.6003819654621,0.0,963.6003819654621
938.826423,148,235.856044,967.8611177016392,-29.03469479646975,938.8264229051695
-18.163199,38,235.883359,14.391028860139784,-32.554228155506124,-18.16319929536637
983.132628,160,235.991723,983.7931682738505,-0.66054030560767,983.1326279682429
40.639229,61,236.034107,86.35220689323972,-45.71297837652716,40.63922851671256
129.070426,87,236.092742,177.3405644718946,-48.27013892499595,129.07042554689855
-41.449809,30,236.113907,-3.4353196658027656,-38.014489458966466,-41.44980912476923
20.71249,40,236.141156,56.67900798011004,-35.96651767939851,20.71249030071158
924.345183,144,236.820829,941.2897075946195,-16.944524879558735,924.3451827150607
959.330012,149,236.898475,972.0861934089735,-12.75618156401979,959.3300118449538
-48.561988,28,236.914575,-12.408320745276711,-36.15366693456203,-48.56198767983874
962.31296,176,237.009303,987.0879439178686,-24.774984099533956,962.3129598183345
1002.339524,162,237.096452,1002.3395240123103,0.0,1002.3395240123103
405.339104,114,237.157546,427.704850175278,-22.365746494261785,405.33910368101624
989.010696,159,237.242241,991.5465970460118,-2.53590113101013,989.0106959150017
64.630008,49,237.269482,100.22241221179178,-35.59240436525625,64.63000784653556
951.734127,150,237.350396,951.7341269297806,0.0,951.7341269297806
966.7864,149,237.430167,988.5381997873205,-21.751799340192978,966.7864004471276
905.363287,144,237.527103,929.1795292949437,-23.816241821074634,905.3632874738689
361.284764,109,237.599798,407.4521382065315,-46.16737411683242,361.2847640896991
-69.991306,18,237.614466,-44.65683494758305,-25.334471010816237,-69.9913059583993
898.26699,149,237.709476,967.5278906564022,-69.26090045302337,898.2669902033792
963.05974,142,237.805185,963.0597399631401,0.0,963.0597399631401
990.721091,146,237.90118,990.7210908141815,0.0,990.7210908141815
930.288721,172,238.627775,942.8259563592798,-12.537235434806874,930.2887209244726
980.447626,147,238.706427,980.4476257871713,0.0,980.4476257871713
928.961768,163,238.795734,960.1684295717753,-31.20666107200352,928.961768499772
26.059448,59,238.827454,69.83072764623043,-43.771279357196505,26.05944828903398
75.345297,50,238.856168,111.86497257152475,-36.51967549245029,75.34529707907448
51.312328,47,238.881122,75.22277055655283,-23.91044248472933,51.31232807182349
1002.285882,169,238.97279,1002.2858816166427,0.0,1002.2858816166427
310.572441,103,239.027479,351.960403526775,-41.38796220525444,310.5724413215206
-60.059924,21,239.041079,-29.2456665329928,-30.814257890742862,-60.05992442373569
17.820628,53,239.07054,65.95928942771687,-48.13866165354864,17.820627774168287
-30.480802,27,239.084125,4.813425335389525,-35.2942268870533,-30.480801551663774
391.160624,113,239.144313,436.26914576566867,-45.10852193350689,391.16062383216183
949.441722,153,239.229473,950.5397610572336,-1.0980387196446175,949.441722337589
898.049276,147,239.319307,943.3087838836357,-45.25950741710235,898.0492764665335
901.037901,146,239.399999,931.8154061545798,-30.77750484761676,901.0379013069631
390.839083,115,239.461742,437.91073848390005,-47.071655938451315,390.8390825454489
2.246888,34,239.47929,47.119260468736044,-44.8723720480741,2.246888420661989
974.933186,169,239.565568,974.9331858094795,0.0,974.9331858094795
-63.362713,21,239.580163,-35.6259835989527,-27.736729107420086,-63.362712706372804
45.262471,51,239.608519,90.99863647081656,-45.73616513820222,45.26247133261435
-59.840907,25,239.625144,-32.12386037215509,-27.71704651075247,-59.840906882907554
936.090237,145,239.704451,957.8873781460899,-21.797140730758205,936.0902374153316
901.106334,140,240.389959,952.7923851770827,-51.68605122066635,901.1063339564162
326.979571,114,240.469753,368.4369863416156,-41.457415512370105,326.9795708292455
307.630723,110,240.544403,346.8189735435697,-39.18825089272717,307.63072265084253
259.834841,85,240.599302,303.7283049861276,-43.89346349558644,259.83484149054124
952.33012,170,240.706187,952.3301202043367,0.0,952.3301202043367
962.498087,174,240.815941,962.4980868141058,0.0,962.4980868141058
973.889934,154,240.904983,973.8899339052439,0.0,973.8899339052439
322.350421,109,240.961594,385.64120174879264,-63.29078122511197,322.3504205236807
299.279848,110,241.02158,332.37244096717353,-33.09259264523349,299.27984832194005
991.982655,146,241.097612,991.9826550771568,0.0,991.9826550771568
947.233684,194,241.199965,947.2336842082804,0.0,947.2336842082804
946.822139,152,241.287008,973.7191057674796,-26.896966602272784,946.8221391652069
957.351516,147,241.364751,957.3515162149293,0.0,957.3515162149293
924.020033,147,241.442937,942.7990128902472,-18.778979753581673,924.0200331366657
871.521488,151,242.126406,960.7628402442825,-89.24135263091644,871.5214876133658
979.23203,154,242.206747,979.2320300001435,0.0,979.2320300001435
976.996699,151,242.287571,987.4621434169537,-10.465444601627912,976.9966988153258
964.276942,166,242.375558,964.276942211561,0.0,964.276942211561
952.775545,154,242.459738,952.7755451433362,0.0,952.7755451433362
267.86861,90,242.508787,290.79148439474363,-22.922874253605922,267.86861014113765
921.263312,152,242.590695,965.5677277587422,-44.30441591522103,921.2633118435211
986.929293,155,242.673086,986.929292749573,0.0,986.929292749573
93.712404,71,242.709296,126.5990991101317,-32.88669484295265,93.71240426717907
364.947075,104,242.765406,415.2941834462605,-50.347108466769996,364.9470749794905
897.964014,141,242.84055,935.7701464115672,-37.80613228710634,897.9640141244608
976.676276,148,242.920304,978.3389105252351,-1.662634910985827,976.6762756142493
317.34733,124,242.985292,386.3555416975579,-69.0082119866053,317.34732971095275
926.523768,154,243.067427,974.9556249562464,-48.43185741050181,926.5237675457447
946.771766,136,243.140871,946.7717663363546,0.0,946.7717663363546
271.208047,89,243.190302,308.0991246698741,-36.89107804245817,271.2080466274159
1002.814552,152,243.940722,1002.8145522605871,0.0,1002.8145522605871
988.970972,145,244.018017,988.970972272323,0.0,988.970972272323
962.390904,194,244.121114,962.3909035821639,0.0,962.3909035821639
115.891717,65,244.156913,152.87638885642696,-36.98467148419231,115.89171737223455
917.481101,160,244.24242,942.917878348908,-25.43677767983362,917.4811006690742
327.124884,106,244.300102,410.2705645986226,-83.14568022254142,327.12488437608124
922.175663,159,244.392767,972.0252626376616,-49.849600007845545,922.1756626298161
182.845022,78,244.434188,225.447263752078,-42.60224198107752,182.84502177100055
930.759567,147,244.5127,956.8235818487863,-26.064014415987373,930.7595674327989
42.237635,67,244.548588,82.72563559061518,-40.48800093757076,42.23763465304441
97.740008,63,244.58334,145.4588585915948,-47.718850936191984,97.74000765540282
936.039168,135,248.386182,936.0391679072056,0.0,936.0391679072056
334.145874,108,248.444981,382.4133256990011,-48.26745209667525,334.14587360232593
-69.973947,18,248.458391,-45.262741996065614,-24.711205241398833,-69.97394723746446
354.844905,105,248.514344,390.7737032273992,-35.92879821699186,354.84490501040733
909.769294,162,248.61746,925.8537629925115,-16.084469256943745,909.769293735568
979.286675,167,248.72261,979.2866753416411,0.0,979.2866753416411
