#{"t_start": 1788917776.4365847, "env_id": "None"}
r,l,t,episode_base_return,episode_risk_return,episode_training_return
52.138529,77,0.917324,56.640919703015044,-4.502390887075204,52.13852881593982
-272.018233,338,1.139024,-272.01823304067995,0.0,-272.01823304067995
134.818093,118,1.21973,143.450577952071,-8.632485202375914,134.8180927496951
98.005331,105,1.292841,112.97487145499451,-14.969540349063744,98.00533110593082
-36.504784,49,1.326538,-29.06001849141576,-7.444765269540695,-36.50478376095646
91.324571,200,1.456554,98.23806942701943,-6.913498345693769,91.32457108132563
-271.271117,211,1.587227,-271.2711174880631,0.0,-271.2711174880631
-251.850377,370,1.796734,-251.79075680546532,-0.05962034890193291,-251.85037715436727
-184.231521,100,1.850849,-184.2315211016964,0.0,-184.2315211016964
104.794305,97,1.901867,113.15073436391862,-8.356429112093181,104.79430525182542
-204.014027,84,1.945326,-204.0140272191542,0.0,-204.0140272191542
42.603617,113,2.004939,46.779324910355996,-4.175707951604042,42.60361695875193
-237.016601,147,2.081568,-237.01660142389397,0.0,-237.01660142389397
-17.441747,54,2.71433,-11.156455507235336,-6.285291566320176,-17.441747073555533
-30.223291,204,2.840775,58.21701114820456,-88.44030212283073,-30.223290974626195
431.918091,425,3.113925,466.92534459664864,-35.00725318379198,431.91809141285705
525.710706,600,3.467583,525.7107061505093,0.0,525.7107061505093
135.8342,466,3.747995,147.88912569864723,-12.05492618262216,135.83419951602517
281.558176,502,4.620775,308.9886312271284,-27.43045567811593,281.55817554901256
286.208125,475,4.872514,306.9465020685351,-20.738377311957493,286.2081247565777
383.332321,212,4.986067,392.6950450892116,-9.362724503212277,383.33232058599924
620.860162,600,5.30437,620.8601618968054,0.0,620.8601618968054
338.794969,222,5.427589,343.6708203725962,-4.875850895552059,338.79496947704416
63.380816,82,5.474723,76.40362044440475,-13.022804239884131,63.38081620452063
53.798899,63,5.508037,57.611714162726955,-3.8128149041825043,53.798899258544466
23.014991,65,5.544825,25.943614502297066,-2.928623030492597,23.01499147180445
520.188287,600,6.497712,525.6107375642964,-5.422450997864498,520.1882865664319
65.233656,187,6.597914,72.66052321754839,-7.426867136468925,65.23365608107949
971.166076,270,6.741547,971.1660763293538,0.0,971.1660763293538
529.39228,491,7.006892,537.168996861663,-7.776717303563702,529.3922795580993
47.581101,67,7.04333,52.486959198896585,-4.905858357648237,47.58110084124837
69.969613,73,7.082578,81.70816691116173,-11.738554305469414,69.96961260569233
83.438728,73,7.124201,94.28858673672335,-10.84985849969712,83.4387282370262
976.273645,486,8.055209,976.2736450605773,0.0,976.2736450605773
557.968687,600,8.470016,561.953802191523,-3.985114712002365,557.9686874795207
135.970112,73,8.522163,141.07439180471425,-5.104279601966646,135.97011220274766
43.707782,56,8.558283,47.44053643775564,-3.732754502753025,43.7077819350026
54.020971,57,8.598603,57.29835217530925,-3.277381415252311,54.02097076005694
745.407285,600,8.94276,751.3938868271164,-5.986602073034268,745.4072847540822
926.249625,469,14.260653,957.1898604050609,-30.940235816429762,926.2496245886311
357.027516,329,15.118856,392.32619201494776,-35.29867611215155,357.0275159027964
309.700564,157,15.207458,333.44336532838247,-23.742801179574165,309.7005641488083
193.047423,152,15.296032,202.5202194010967,-9.47279653118676,193.04742286990995
72.271379,65,15.339057,78.47479107989666,-6.20341253477389,72.27137854512283
345.777479,220,15.459203,355.5600954513388,-9.782616613442283,345.77747883789647
90.974921,101,15.523388,97.84196163245343,-6.86704036850308,90.97492126395039
317.494656,139,15.617114,322.81728690829806,-5.322630429087611,317.49465647921056
945.279453,214,15.771989,945.2794533993097,0.0,945.2794533993097
-1.595213,41,15.805009,2.7118075691515173,-4.3070208178342195,-1.595213248682711
337.218477,166,15.922664,341.14156131379616,-3.923084051277976,337.21847726251815
-55.548498,22,15.9392,-51.68678041801564,-3.8617180651292706,-55.5484984831449
56.078415,60,15.98411,61.79401416184764,-5.7155988060820215,56.07841535576564
600.211804,441,16.274192,600.2118040916199,0.0,600.2118040916199
642.162012,288,17.047752,642.1620115756604,0.0,642.1620115756604
68.468814,69,17.085478,72.2911617762856,-3.8223480559842375,68.46881372030134
373.306432,181,17.182523,391.458002722312,-18.151570636689396,373.30643208562265
428.020267,171,17.275911,432.27929497747806,-4.2590284123814595,428.0202665650966
99.584284,81,17.320353,111.66757682504453,-12.08329245734821,99.58428436769637
-56.726282,24,17.335158,-51.36967268934667,-5.356609550247662,-56.726282239594326
988.532426,204,17.452523,988.5324263156518,0.0,988.5324263156518
37.558234,52,17.484165,41.54185853600222,-3.983624257213175,37.558234278789
986.368123,292,17.648497,986.3681228663239,0.0,986.3681228663239
558.061106,281,17.810239,558.0611063652391,0.0,558.0611063652391
77.724573,70,17.851667,83.06466255453753,-5.340089328021292,77.72457322651621
372.727623,224,17.979986,379.9497822689847,-7.222159091100801,372.72762317788374
267.911066,135,18.056399,273.23818610547016,-5.327120219408186,267.9110658860619
47.665521,76,18.100626,52.90320320291218,-5.237681889072261,47.665521313839946
951.779051,196,18.797545,951.7790507998296,0.0,951.7790507998296
94.337772,73,18.839303,101.4575691488775,-7.119797195899243,94.33777195297822
93.713746,96,18.89141,103.11709133932068,-9.403345267630101,93.71374607169061
312.405493,141,18.964977,316.51366910065155,-4.108175979127519,312.4054931215241
341.457333,124,19.036853,347.64947658177795,-6.192143276552598,341.45733330522535
153.427934,72,19.076046,157.4119613661707,-3.9840273205044534,153.42793404566626
-42.981024,27,19.092667,-37.51205551342288,-5.468968954679179,-42.98102446810206
85.434249,90,19.141592,91.5022711618162,-6.068022085410329,85.43424907640588
75.367522,52,19.169836,79.81563058669654,-4.44810821989162,75.36752236680495
866.796173,468,19.417338,883.5024095916673,-16.706236339955925,866.7961732517114
262.242729,129,19.488126,266.4414976373535,-4.198769030961595,262.24272860639184
261.723888,145,19.566079,271.0207288771033,-9.296840899160289,261.72388797794304
112.450789,101,19.6206,119.87101349072704,-7.420223995199075,112.45078949552793
175.005378,98,19.674103,179.45690994769012,-4.451531572027133,175.00537837566299
67.712469,77,19.717484,79.01647484087626,-11.304005758023003,67.71246908285327
219.810102,129,19.786075,225.7590920324296,-5.948989751599769,219.8101022808298
48.671028,41,20.413848,53.65432277716556,-4.983294507434898,48.67102826973064
319.261323,180,20.519978,327.4624876833384,-8.201164271099804,319.26132341223865
195.493742,102,20.581347,198.98895307921228,-3.4952112517324476,195.49374182747985
77.104274,61,20.624387,83.3705710892968,-6.266297205652323,77.10427388364447
940.358405,219,20.772064,940.3584052456074,0.0,940.3584052456074
886.943116,317,20.971749,910.5025391632071,-23.55942350011121,886.9431156630957
113.485281,67,21.017974,118.68917897844891,-5.2038980442421945,113.48528093420667
984.555169,213,21.138217,998.5043727988955,-13.949203362069852,984.5551694368256
419.040641,165,21.226612,429.48037507172097,-10.439734008818887,419.040641062902
-58.181418,19,21.238667,-53.783844209952804,-4.397574105103154,-58.18141831505596
422.747598,147,21.320541,428.6999567672949,-5.952358508253651,422.7475982590414
78.325098,51,21.347793,82.1224208273453,-3.7973226982569193,78.32509812908843
365.799616,159,21.433772,379.667287417641,-13.867670945508184,365.7996164721328
615.401084,495,22.329449,615.4010836238557,0.0,615.4010836238557
896.702092,496,22.650392,917.1834921944525,-20.481400218738102,896.7020919757142
413.558771,126,22.73262,418.4522455272079,-4.89347416316019,413.55877136404774
51.276633,70,22.782501,55.987274295998105,-4.710641729294635,51.276632566703455
9.300033,34,22.806645,12.812703344414132,-3.5126707388177394,9.3000326055964
398.076353,128,22.89224,405.43512379505796,-7.358770740860707,398.0763530541973
296.759265,120,22.96365,300.0797973840919,-3.3205323398333624,296.75926504425865
354.772112,268,23.107515,379.2578058138664,-24.4856942860763,354.7721115277902
925.20124,232,26.6892,940.904515856982,-15.703275706869263,925.2012401501128
54.821856,48,26.716485,59.49801656716983,-4.676160828836992,54.82185573833286
41.254819,51,26.744565,49.89786560189779,-8.643046851324382,41.254818750573435
505.0016,248,26.877151,505.0016001822,0.0,505.0016001822
183.196359,97,27.530977,211.1986176373336,-28.002258683553865,183.19635895377968
956.517704,200,27.656883,976.4872930767474,-19.969589166850376,956.5177039098969
391.349782,137,27.743277,395.1073449322157,-3.757563380494674,391.3497815517211
109.600744,68,27.790206,115.3562335803506,-5.755489895672057,109.60074368467856
368.349802,118,27.865196,377.3467700689985,-8.996968317697007,368.34980175130147
973.590851,241,28.007867,982.968210705124,-9.37735977373935,973.5908509313845
272.724353,107,28.080402,277.15118670373647,-4.426833874804932,272.7243528289315
437.732536,139,28.173009,442.56071906087664,-4.8281835422864985,437.7325355185901
343.386821,106,28.239267,356.9383938297631,-13.551573257686282,343.3868205720768
364.471257,149,28.334532,369.790979765408,-5.3197229163054,364.4712568491026
942.21184,215,28.470034,959.5810569238072,-17.369217074316875,942.2118398494902
-57.797738,22,28.486679,-53.235904322024695,-4.561834039882161,-57.797738361906866
97.604629,60,28.527497,102.30677464392649,-4.7021454799776325,97.60462916394881
921.755446,250,28.661333,938.5910415680692,-16.835595313544687,921.7554462545247
990.606994,198,28.767616,990.6069940178207,0.0,990.6069940178207
949.740885,267,29.536379,952.3149943232046,-2.5741094817206083,949.7408848414839
977.743516,228,29.681072,980.5525268136311,-2.809010764915249,977.743516048716
112.375391,67,29.72905,116.14267484651069,-3.7672841182171144,112.37539072829355
939.161463,226,29.855443,939.161462684276,0.0,939.161462684276
440.940509,142,29.931432,447.0116078447609,-6.071099004120645,440.9405088406402
1012.913646,192,30.035224,1012.913646423916,0.0,1012.913646423916
954.763783,208,30.143129,954.7637826045678,0.0,954.7637826045678
370.59037,140,30.220917,396.0991678283609,-25.508798178928892,370.5903696494321
120.198279,75,30.26155,126.15426889741701,-5.955989482860318,120.19827941455668
-21.331761,37,30.283428,-8.09389785125633,-13.237863249557385,-21.331761100813736
336.237999,139,30.359937,341.480340506389,-5.242341013007858,336.23799949338115
124.54374,68,30.397674,133.8967995346029,-9.353059854280374,124.5437396803225
49.100975,58,30.430474,51.57782582419287,-2.4768509294707783,49.10097489472207
-38.604374,30,30.448171,-33.605237300919825,-4.999136676769786,-38.60437397768963
109.61681,61,30.483901,119.42055137085967,-9.803741273188537,109.61681009767105
893.983614,202,31.206724,909.1643664110935,-15.180751927575596,893.983614483518
240.810105,114,31.272809,245.97550444766864,-5.165399159593371,240.81010528807525
386.697396,130,31.341731,394.4350534058252,-7.7376573677118765,386.6973960381133
402.549805,159,31.427847,425.1991477500246,-22.649342989926367,402.54980476009837
-22.709393,34,31.445948,-16.91953573808847,-5.789857650436363,-22.709393388524845
959.675399,252,31.582016,979.825294848722,-20.149896122316235,959.675398726406
948.732318,199,31.687558,948.7323182051091,0.0,948.7323182051091
1000.981022,192,31.789359,1000.9810224234,0.0,1000.9810224234
203.589482,89,31.835823,209.767873693697,-6.178391917729497,203.58948177596753
965.114663,213,31.947675,965.1146626380233,0.0,965.1146626380233
945.570388,409,32.165038,945.5703881968607,0.0,945.5703881968607
941.215103,202,32.873823,941.2151034069773,0.0,941.2151034069773
219.536443,99,32.93586,247.0506146244413,-27.514171392718374,219.53644323172298
978.759717,195,33.055737,978.7597172015833,0.0,978.7597172015833
-50.884655,22,33.072489,-45.049205719950706,-5.835449473051291,-50.884655193002004
960.025416,177,33.187886,982.6998626671909,-22.674446900212388,960.0254157669783
91.595024,53,33.222313,98.1212592839665,-6.526235723032093,91.59502356093442
303.172028,112,33.289032,307.4503479413629,-4.278320216709525,303.1720277246534
920.197961,189,33.387437,957.1799207666796,-36.981959378333784,920.1979613883458
972.004485,191,33.48737,972.0044853807422,0.0,972.0044853807422
973.434632,221,33.608696,1005.765035379634,-32.330403650662625,973.4346317289715
404.857727,119,33.670806,410.7901977472843,-5.932470865763281,404.8577268815209
372.94494,159,33.755991,384.28008934509546,-11.335149455538035,372.94493988955736
260.83333,104,33.81263,266.0183211266311,-5.184990878866726,260.83333024776437
554.488766,193,33.922538,557.6644473057805,-3.175680855998631,554.4887664497822
395.945266,106,33.978392,403.8077084785979,-7.862442571251888,395.94526590734597
-14.376895,29,33.995013,-9.495808754260821,-4.881086680313835,-14.376895434574664
121.665995,63,34.658874,125.18081747193469,-3.514822940133657,121.66599453180103
946.473494,196,34.79802,946.4734935274683,0.0,946.4734935274683
130.514012,77,34.85812,134.16452118424996,-3.6505091250894894,130.51401205916045
961.151175,218,35.007765,961.1511745751541,0.0,961.1511745751541
185.18145,72,35.056233,187.85476569854492,-2.6733159059968665,185.18144979254802
58.859843,53,35.09412,64.10081079209125,-5.240967750988364,58.85984304110288
135.313922,72,35.140174,137.6648621669528,-2.3509400170390764,135.31392214991376
-9.49321,30,35.161212,-5.796793064622889,-3.6964167228111924,-9.493209787434083
114.811442,70,35.208631,117.50452474347475,-2.6930827343247232,114.81144200915003
932.645043,285,35.366261,934.6880218197583,-2.042979286941196,932.6450425328172
976.116396,194,35.469153,976.1163963742408,0.0,976.1163963742408
364.576897,116,38.497253,367.62728678119623,-3.0503901922706467,364.5768965889256
396.774429,119,38.583646,410.4210115052391,-13.646582724143599,396.7744287810957
228.030098,87,38.641653,231.0785716682731,-3.048473298520075,228.03009836975306
117.158733,66,38.681135,120.85715363744794,-3.6984211277003887,117.1587325097475
243.555889,108,38.750379,248.57804737087355,-5.0221583026306735,243.55588906824295
373.760454,139,38.823753,378.56897328595977,-4.808519535427297,373.76045375053246
84.875606,48,38.849474,90.35697407968638,-5.481367987108747,84.87560609257761
187.771076,96,39.495309,193.04823765724328,-5.277161820624238,187.77107583661902
926.371685,186,39.595498,934.9211435888126,-8.549458398817944,926.3716851899944
168.362687,88,39.6446,194.53099800355844,-26.168311282482854,168.36268672107562
122.084152,69,39.68152,126.9890436732934,-4.9048914371255385,122.08415223616788
75.620055,58,39.71324,79.59129335891518,-3.97123876259752,75.62005459631769
72.111224,46,39.738113,76.32055540772262,-4.209331847269233,72.11122356045345
1017.513529,202,39.851589,1025.5311150981418,-8.01758583160835,1017.513529266533
955.995597,182,39.971551,967.8543489740819,-11.858752046476553,955.9955969276053
112.093766,55,40.008546,119.98942177945398,-7.895655303087746,112.09376647636623
332.588743,109,40.09155,337.07199204316953,-4.483248976023648,332.58874306714597
987.964069,200,40.237614,987.96406883192,0.0,987.96406883192
423.501818,123,40.32142,437.4458866260792,-13.9440685643692,423.5018180617102
989.182181,196,40.456462,989.182181283315,0.0,989.182181283315
936.002049,180,40.572217,942.6276142796378,-6.625565085230939,936.0020491944069
94.258187,58,40.60656,98.69014275201853,-4.431955730620468,94.25818702139806
2.022983,32,40.629222,6.489728933487129,-4.466746165243447,2.022982768243679
422.320217,130,40.697287,427.308742004839,-4.988525308538362,422.3202166963008
955.86152,189,41.400895,974.5057799964942,-18.64426004940306,955.8615199470911
-2.062634,28,41.420023,0.8645731480910825,-2.927206834312215,-2.062633686221133
344.8636,97,41.471951,349.1412491943943,-4.277649593557615,344.86359960083666
92.167601,51,41.498528,97.36280303529294,-5.195201823817074,92.16760121147588
57.392145,38,41.518972,60.61792780803009,-3.225783211860284,57.39214459616977
913.476457,192,41.621803,923.0875928759733,-9.611135407426051,913.4764574685473
976.403921,228,41.743966,978.1170212997108,-1.7131007287984064,976.4039205709124
961.595195,185,41.848768,961.595195412171,0.0,961.595195412171
-47.62516,21,41.863405,-43.43697048025703,-4.188189726721262,-47.62516020697829
414.749055,139,41.953228,419.42711081879787,-4.6780561141202055,414.7490547046777
164.409056,74,42.003655,167.31939432262726,-2.910338128051251,164.409056194576
950.508378,297,42.189746,959.2755951239905,-8.767217041591735,950.5083780823987
954.607072,166,42.295767,954.6070719267842,0.0,954.6070719267842
324.385896,117,42.373936,331.95018848949786,-7.5642927164370235,324.3858957730609
151.652942,67,42.413249,156.47413486543473,-4.821193251265815,151.65294161416892
993.466997,199,42.51795,993.4669972332376,0.0,993.4669972332376
582.580965,215,43.23243,582.5809645380768,0.0,582.5809645380768
79.833639,50,43.260823,84.40017779814288,-4.566539079797573,79.83363871834531
909.314949,193,43.364984,920.6026297479281,-11.287680939237951,909.3149488086901
-24.663964,26,43.380104,-20.441241670811067,-4.222721852389261,-24.66396352320031
295.169532,111,43.442302,299.4970530555721,-4.3275213759518,295.1695316796203
967.255634,247,43.571545,968.456153531455,-1.2005192796615285,967.2556342517936
147.825884,78,43.616267,152.64333769830446,-4.817453919359129,147.82588377894533
994.746278,182,43.710363,994.7462775020956,0.0,994.7462775020956
400.401602,151,43.79047,406.1204225256201,-5.718820917273288,400.40160160834677
944.726185,158,43.872905,944.7261852560565,0.0,944.7261852560565
-9.389517,30,43.891017,-6.1766899647594045,-3.2128270037758115,-9.389516968535233
918.509316,175,43.985698,918.5093155550054,0.0,918.5093155550054
119.202882,56,44.014387,124.478913305344,-5.2760313803836265,119.20288192496035
926.364344,176,44.109129,926.3643441890786,0.0,926.3643441890786
929.242727,178,44.204978,929.242727009176,0.0,929.242727009176
953.390395,179,44.915888,953.3903951234038,0.0,953.3903951234038
74.351577,43,44.946281,80.02879859583962,-5.677221427027941,74.3515771688117
118.547281,64,44.997157,120.53643359091177,-1.989152428472301,118.54728116243945
189.381854,75,45.047035,192.25548768061256,-2.873634111260648,189.38185356935188
69.543112,52,45.084284,73.14779141386552,-3.604679080981824,69.54311233288371
930.581241,179,45.194398,930.581240647639,0.0,930.581240647639
247.733852,94,45.255397,251.67465638695128,-3.940804116589633,247.73385227036172
933.320598,157,45.336558,933.3205982132719,0.0,933.3205982132719
985.494552,185,45.433285,997.0672372101096,-11.572685293684746,985.4945519164248
396.47741,113,45.495469,404.6145954612123,-8.137185200787828,396.47741026042445
939.9187,184,45.592764,939.9187003489653,0.0,939.9187003489653
996.550845,182,45.689234,996.5508453878524,0.0,996.5508453878524
278.970616,96,45.74229,286.1088314427857,-7.138215433657132,278.97061600912855
965.732322,181,45.837915,965.732322347933,0.0,965.732322347933
980.451027,202,45.942651,980.451026884539,0.0,980.451026884539
938.99891,227,46.665582,938.9989095894991,0.0,938.9989095894991
341.849729,99,46.726269,345.6482099985325,-3.7984812763892357,341.84972872214325
189.946564,70,46.774726,193.1984326630622,-3.25186870794892,189.94656395511328
94.747294,57,46.811455,105.24752232734153,-10.50022858418512,94.74729374315646
1010.5917,189,46.931152,1010.5916995060188,0.0,1010.5916995060188
946.433657,156,47.028802,953.7804269093635,-7.346770375549414,946.4336565338141
271.069028,96,47.078173,275.85283191088,-4.78380377064763,271.0690281402323
81.9398,48,47.10677,87.62582295799004,-5.686023144750277,81.9397998132398
927.434335,170,47.203227,929.1741952155619,-1.7398597465688272,927.434335468993
84.795883,46,47.234238,89.23077152060615,-4.434888749878004,84.79588277072817
112.559177,65,47.276421,118.00791105612475,-5.448734396008387,112.55917666011638
225.276539,90,50.150627,228.85137411787053,-3.5748355504664033,225.27653856740415
956.026823,169,50.260684,956.0268228596831,0.0,956.0268228596831
101.490041,50,50.294107,104.83594188467562,-3.3459008467236746,101.49004103795194
6.880886,37,50.317583,10.339834742947673,-3.458949040439018,6.88088570250865
355.276291,105,50.382984,358.1512420752988,-2.874951434946989,355.2762906403518
0.094008,30,50.40661,3.814962739941933,-3.7209549112191302,0.09400782872279478
990.391464,182,50.523779,990.3914640666378,0.0,990.3914640666378
960.272582,166,50.633721,979.4302505893207,-19.157668632806015,960.2725819565146
407.553629,139,50.712976,418.94325985349997,-11.389630953380204,407.55362890012
115.149841,65,51.430826,118.30961310891338,-3.159772422739758,115.14984068617359
982.851118,186,51.528818,984.7936102190845,-1.9424926895077839,982.8511175295764
259.647997,95,51.58069,263.94514128705225,-4.297144070123448,259.64799721692884
984.647405,253,51.715338,987.345298551098,-2.6978932875044768,984.6474052635936
70.306689,51,51.747216,73.92384811608034,-3.6171592550905043,70.30668886098985
1003.245787,175,51.844314,1003.2457871480569,0.0,1003.2457871480569
78.462396,58,51.876193,82.98876359881956,-4.526367156223302,78.46239644259629
943.149335,223,52.003737,943.1493352697356,0.0,943.1493352697356
348.93039,105,52.074708,351.55432643120605,-2.6239362723386748,348.9303901588674
989.77507,193,52.205858,989.7750699340709,0.0,989.7750699340709
951.189992,161,52.313778,951.1899921438448,0.0,951.1899921438448
937.307792,188,52.4405,937.3077923235646,0.0,937.3077923235646
952.806599,173,52.553463,964.4957674165507,-11.689168197433158,952.8065992191175
58.460048,57,52.595095,62.74894040223643,-4.288892679103211,58.460047723133215
337.494038,100,53.348972,341.6122671209649,-4.118229175988713,337.4940379449761
234.31067,85,53.396109,237.50617409062505,-3.195504077511459,234.31067001311357
137.879745,67,53.432141,142.35206250098952,-4.472317985982388,137.87974451500708
439.724375,121,53.498234,443.95275711306476,-4.228382531638451,439.7243745814262
192.133612,85,53.545256,211.60199821476328,-19.468386590723266,192.13361162404016
447.498552,128,53.61355,451.36424633767876,-3.8656942104400303,447.4985521272389
222.947586,91,53.665014,228.50102139816462,-5.553435354240476,222.9475860439242
953.102957,185,53.76504,953.1029566863504,0.0,953.1029566863504
989.652358,192,53.870515,989.6523584830535,0.0,989.6523584830535
219.752929,87,53.916678,224.68630396867715,-4.9333752420111665,219.75292872666606
920.963422,163,54.003704,934.289679200039,-13.326256948771789,920.9634222512673
-27.630068,28,54.018794,-11.160192655300506,-16.469875512616248,-27.63006816791676
961.296055,171,54.109997,961.2960553838266,0.0,961.2960553838266
-60.044742,19,54.122134,-56.86818473872651,-3.1765569773465874,-60.044741716073105
963.601576,174,54.214467,980.3022263965274,-16.70065035130322,963.6015760452242
965.750274,151,54.293743,965.750274442827,0.0,965.750274442827
98.319952,54,54.322426,101.65689130386221,-3.3369396470638124,98.31995165679842
90.396698,55,54.353922,94.95910954819703,-4.5624119711431,90.39669757705391
456.472594,114,54.415111,460.6922009736485,-4.219606912084292,456.4725940615642
971.953579,172,55.537527,971.9535794192263,0.0,971.9535794192263
93.55567,49,55.573466,100.67770783952514,-7.122037640185245,93.55567019933991
982.876583,189,55.697053,996.8908772872809,-14.014294227352934,982.8765830599278
979.342469,169,55.799763,988.5690795969992,-9.22661023452735,979.3424693624719
-23.407903,31,55.817924,-15.036280415921539,-8.371622972187582,-23.407903388109148
925.820367,149,55.898939,925.8203672089503,0.0,925.8203672089503
374.129177,115,55.970109,378.93330239632826,-4.804125717306044,374.1291766790222
356.271481,107,56.03108,372.1446998296529,-15.873218777671788,356.27148105198114
86.266627,59,56.06403,89.5782121223489,-3.311585594362941,86.26662652798595
946.933917,187,56.162111,964.8175877728027,-17.883670790183338,946.9339169826194
936.18971,184,56.260662,936.1897102062942,0.0,936.1897102062942
117.328366,56,56.292752,126.86435339381939,-9.53598722986107,117.32836616395835
969.828545,185,56.388386,969.8285452384398,0.0,969.8285452384398
202.321623,82,56.432949,206.77131737152055,-4.449694785205658,202.32162258631482
940.474782,179,56.528443,940.4747822260786,0.0,940.4747822260786
930.365875,165,56.61594,930.3658748879616,0.0,930.3658748879616
961.904037,159,57.305571,963.2130612580362,-1.3090245361640713,961.9040367218721
184.174854,76,57.346315,187.29149823377438,-3.116643974850768,184.17485425892355
952.387703,154,57.427733,952.3877028241026,0.0,952.3877028241026
372.374686,107,57.486189,377.7721477714098,-5.39746211191576,372.37468565949405
929.921658,155,57.568365,945.636289376959,-15.714630905551278,929.9216584714076
955.207684,231,57.691132,960.677417244435,-5.469733163780555,955.2076840806544
220.412714,80,57.733364,224.10154844755607,-3.68883461318193,220.41271383437413
116.702898,55,57.763548,121.08320545470713,-4.380307030507477,116.7028984241997
-19.597666,27,57.78016,-14.477309858461439,-5.120356051050406,-19.59766590951186
279.241172,97,57.832754,283.1150881232664,-3.8739164448030188,279.24117167846345
89.963955,56,57.863273,95.04944499522463,-5.085490283368333,89.9639547118563
84.70597,48,57.889055,90.17020103304414,-5.4642306670422665,84.70597036600192
-16.114087,24,57.906397,-12.569314123193138,-3.5447723777803537,-16.114086500973485
976.809561,154,57.988292,976.8095612085474,0.0,976.8095612085474
967.654652,164,58.089574,967.6546522651406,0.0,967.6546522651406
937.748691,149,58.186097,937.7486911930256,0.0,937.7486911930256
971.706406,182,58.30247,989.8803346737202,-18.173928287562134,971.7064063861578
962.677223,166,58.405473,962.677222876369,0.0,962.677222876369
938.217175,150,59.073649,938.2171749292266,0.0,938.2171749292266
949.897842,157,59.155461,949.8978415092474,0.0,949.8978415092474
388.28004,106,59.211349,393.09070414835855,-4.810663688641245,388.28004045971727
983.706262,163,59.298647,983.7062624269404,0.0,983.7062624269404
965.932007,160,59.383067,965.9320066964716,0.0,965.9320066964716
-36.227388,21,59.396215,-31.9923411679697,-4.235046962167106,-36.22738813013679
114.534198,55,59.425671,120.89831744795167,-6.364118949669337,114.53419849828238
46.790008,50,62.466468,55.942512061386765,-9.152504359601835,46.79000770178493
112.402364,50,62.49335,116.96413975948859,-4.561776068416952,112.40236369107161
961.368552,261,62.665784,961.3685523425249,0.0,961.3685523425249
970.860166,167,62.770643,970.8601664996695,0.0,970.8601664996695
130.230792,54,62.807355,134.25802054515574,-4.027228764563692,130.23079178059209
78.903629,48,62.841398,81.81858841124532,-2.9149591196411997,78.90362929160406
78.397676,48,62.866583,83.85965858216834,-5.4619822600220855,78.3976763221463
926.221274,170,62.956425,926.2212739122984,0.0,926.2212739122984
936.960133,163,63.044512,936.9601325707613,0.0,936.9601325707613
-54.19836,21,63.058094,-50.500816931606025,-3.697542741072785,-54.19835967267881
49.477926,45,63.082214,55.769353980740476,-6.291427768934405,49.47792621180608
122.182839,51,63.109055,125.83174761484949,-3.648908968046764,122.18283864680276
239.965081,80,63.15194,242.30530584901862,-2.3402247314741267,239.9650811175445
128.283463,59,63.78741,132.70951159990614,-4.4260487645338165,128.2834628353723
99.52967,47,63.81625,105.7617208177972,-6.232050433691183,99.52967038410603
971.565736,171,63.920671,978.0612906198467,-6.495555075713454,971.5657355441332
978.085342,219,64.036122,985.9281418791303,-7.842799785384641,978.0853420937456
-35.570811,22,64.058819,-30.051178462059497,-5.519632723307397,-35.57081118536689
950.427321,183,64.168863,950.4273213867644,0.0,950.4273213867644
129.064943,64,64.211118,131.6106806106437,-2.545737576977377,129.06494303366637
246.898384,80,64.264622,253.30881809845468,-6.410433715705208,246.89838438274947
253.488641,83,64.319558,259.0928654474541,-5.6042243509032845,253.48864109655074
23.69745,51,64.352589,50.151669719770325,-26.454219671228383,23.69745004854198
71.590966,47,64.381773,76.46472236443648,-4.87375628641353,71.590966078023
959.144285,148,64.476878,959.1442854681306,0.0,959.1442854681306
952.025806,161,64.584255,959.4766639151869,-7.4508577335037725,952.0258061816832
937.09671,164,64.690388,937.096710460777,0.0,937.096710460777
949.085675,152,64.769179,949.0856752850041,0.0,949.0856752850041
968.364718,218,64.881934,968.3647177366837,0.0,968.3647177366837
-37.869146,24,64.896995,-32.553850081479865,-5.315296050696261,-37.86914613217614
940.037487,166,64.985842,940.0374869143251,0.0,940.0374869143251
123.343341,61,65.646049,129.74334773384112,-6.400007080464221,123.34334065337688
69.488685,44,65.674292,73.31897344309218,-3.830288026571072,69.4886854165211
56.205497,52,65.710576,61.865391557153686,-5.65989440116793,56.20549715598577
106.454716,58,65.750938,110.8062702357968,-4.351554430376213,106.45471580542062
895.764871,157,65.837235,922.1502875533916,-26.385416971243526,895.7648705821483
998.53789,173,65.927049,998.5378895881474,0.0,998.5378895881474
86.481726,50,65.955302,89.76429702464478,-3.2825713507054877,86.48172567393931
955.722961,164,66.063193,955.7229613134506,0.0,955.7229613134506
999.075166,176,66.176759,999.0751656673868,0.0,999.0751656673868
103.798443,52,66.214033,111.65759611147399,-7.859153515091739,103.79844259638224
57.360792,58,66.252828,60.21033550930005,-2.8495431111487743,57.36079239815129
299.06576,109,66.325901,304.4468058445186,-5.381046271975984,299.0657595725427
954.741776,168,66.429848,963.2838924481836,-8.542116914106717,954.7417755340767
421.458856,124,66.511443,427.0956456036656,-5.636789751958244,421.4588558517073
350.599086,123,66.581343,354.9229568466303,-4.3238708996028885,350.59908594702733
931.616452,170,66.669898,931.6164521420882,0.0,931.6164521420882
-45.820092,25,66.686485,-43.13107147989784,-2.6890206378075856,-45.82009211770544
922.772461,174,66.779225,946.1288174647482,-23.356356498744876,922.7724609660033
101.272761,52,66.80941,105.33609359923668,-4.063332623433486,101.27276097580318
932.095117,151,67.47857,932.0951173074443,0.0,932.0951173074443
295.623121,109,67.538869,299.44616671693643,-3.82304562320388,295.6231210937326
107.369135,51,67.566723,110.96523351173762,-3.5960984448912665,107.36913506684637
984.676764,171,67.657965,984.6767643229489,0.0,984.6767643229489
943.588597,168,67.751183,954.0310534353998,-10.442456810355011,943.5885966250449
931.496445,152,67.853223,931.4964452620292,0.0,931.4964452620292
988.894002,165,67.956488,988.8940020350863,0.0,988.8940020350863
966.722509,165,68.06294,966.7225086237937,0.0,966.7225086237937
910.007284,157,68.16309,910.007283548879,0.0,910.007283548879
88.353601,47,68.193294,91.72723734410455,-3.3736358579756285,88.35360148612891
967.718411,198,68.319077,967.7184107136472,0.0,967.7184107136472
250.671202,86,68.364473,253.4669011405962,-2.795699135267056,250.6712020053292
-28.101894,29,68.381135,-23.727878023298587,-4.374016145459098,-28.10189416875768
385.003354,101,68.43362,387.69639862520893,-2.6930447982001713,385.0033538270087
974.837531,177,68.526641,974.9454770881516,-0.10794566601207123,974.8375314221396
907.995455,167,68.615865,928.1329293150798,-20.137474222968827,907.9954550921107
968.033903,171,69.298957,968.0339030763123,0.0,968.0339030763123
87.655558,46,69.327483,90.44751141110528,-2.791953878612559,87.65555753249272
104.250177,56,69.35845,106.679205109339,-2.4290284043048374,104.25017670503416
129.380077,65,69.394651,136.87986833096045,-7.499790832983539,129.3800774979769
966.787025,191,69.496642,966.7870252550039,0.0,966.7870252550039
916.676763,172,69.589433,934.6223989826212,-17.945635744683894,916.6767632379373
182.325766,71,69.629747,186.15310295524512,-3.8273370621267393,182.3257658931184
212.869579,83,69.676133,218.3505633257356,-5.4809838595549065,212.86957946618077
969.355863,150,69.757515,969.3558627042471,0.0,969.3558627042471
409.046813,113,69.819082,422.7295761347898,-13.682762789949493,409.0468133448402
979.848045,161,69.902082,979.8480451914986,0.0,979.8480451914986
56.686468,41,69.92467,60.85817717770246,-4.171709155138387,56.68646802256404
936.240005,154,70.028602,936.240005448128,0.0,936.240005448128
986.851868,169,70.119791,986.8518683020109,0.0,986.8518683020109
434.566529,112,70.183874,439.36370682753943,-4.797178316563852,434.5665285109757
58.539928,50,70.217072,62.79061909914901,-4.250690698397804,58.53992840075122
97.966242,50,70.251772,101.56700309559609,-3.6007608339157677,97.96624226168036
381.610676,106,70.319678,385.74819022134056,-4.137514384936769,381.61067583640374
244.007418,86,70.378594,250.67732943108567,-6.669910957840799,244.007418473245
-48.925854,19,70.390686,-42.21972465509897,-6.706129283111588,-48.92585393821055
1005.028577,169,71.136908,1005.0285769623046,0.0,1005.0285769623046
917.07564,225,71.259195,926.7651406699547,-9.68950059940035,917.0756400705543
922.865714,144,71.334719,922.9557054922604,-0.08999129806837924,922.8657141941922
1021.52711,163,74.772795,1021.5271097817264,0.0,1021.5271097817264
360.602109,116,74.832726,364.1723607993374,-3.570252007310292,360.6021087920272
340.819792,110,74.894682,345.5165604613135,-4.696768862250909,340.81979159906257
-44.124766,21,74.906839,-35.576816023612224,-8.54795004538187,-44.12476606899409
969.777379,163,74.998356,969.7773794926073,0.0,969.7773794926073
947.994787,149,75.073744,947.9947871963468,0.0,947.9947871963468
979.684836,159,75.168237,979.6848356814717,0.0,979.6848356814717
278.967188,90,75.223664,282.8350031455119,-3.8678150049670856,278.96718814054475
943.197702,149,75.320634,943.1977020012238,0.0,943.1977020012238
89.034276,48,75.352479,92.26089487668199,-3.226619056058376,89.0342758206236
67.358213,45,75.384281,71.096878506759,-3.738665917083244,67.35821258967579
992.762177,174,75.50099,992.7621772319752,0.0,992.7621772319752
376.088488,114,75.582586,380.2210433479536,-4.132555650458533,376.08848769749494
350.991467,120,76.278056,353.5340580689482,-2.542591021865448,350.9914670470827
95.240375,45,76.303612,99.72917166359106,-4.488796537325089,95.24037512626593
44.976001,37,76.324352,48.07135948965875,-3.09535838998499,44.97600109967375
988.253169,173,76.414576,988.2531686035923,0.0,988.2531686035923
933.715105,147,76.494706,952.4515964557621,-18.73649155721907,933.7151048985431
348.174803,112,76.552737,371.7400711663194,-23.565268391933447,348.17480277438597
126.674356,63,76.587385,129.7913964726522,-3.1170409164236297,126.67435555622859
67.646981,54,76.616082,71.18885720423484,-3.54187659105136,67.6469806131835
972.600888,185,76.713208,972.6008882659172,0.0,972.6008882659172
116.288704,51,76.741819,121.77502952356444,-5.486325824948015,116.28870369861637
61.229832,43,76.764436,67.14888408709156,-5.919052332089599,61.22983175500197
970.279713,170,76.853569,970.2797127674285,0.0,970.2797127674285
976.547892,183,76.958346,990.3661220945821,-13.818230150308207,976.5478919442737
83.65077,45,76.988805,87.35101625796062,-3.7002467263419296,83.65076953161864
979.791529,158,77.085802,979.7915293182679,0.0,979.7915293182679
950.32102,150,77.180532,950.3210199794252,0.0,950.3210199794252
53.085549,42,77.207711,56.45373260369847,-3.3681840201107356,53.085548583587766
985.731075,167,77.315293,985.7310752493853,0.0,985.7310752493853
66.862262,42,77.347059,70.57306292355379,-3.7108007392363485,66.86226218431746
948.870014,165,78.053021,948.8700137644972,0.0,948.8700137644972
972.834623,152,78.130797,986.4120525316521,-13.577429291084623,972.8346232405675
976.675246,159,78.213181,976.6752456976534,0.0,976.6752456976534
965.068936,164,78.299056,965.0689362152475,0.0,965.0689362152475
263.545061,95,78.350288,270.27786219762504,-6.73280085431907,263.545061343306
972.980695,164,78.437336,972.9806945367368,0.0,972.9806945367368
967.711808,155,78.521946,968.3044269752027,-0.5926192730227697,967.7118077021798
103.569331,64,78.557415,111.80197918007113,-8.232648244631761,103.56933093543941
88.26573,49,78.586807,91.35379828217322,-3.0880686949801284,88.26572958719308
967.293535,164,78.672951,967.2935345576731,0.0,967.2935345576731
320.087583,106,78.735309,324.96589081064474,-4.878307591013411,320.08758321963126
981.445266,169,78.841634,981.4452659847668,0.0,981.4452659847668
932.273433,156,78.938786,932.2734334021043,0.0,932.2734334021043
337.730853,99,79.003188,340.3328835463849,-2.6020306597763234,337.73085288660843
290.739121,100,79.068668,303.1880584194887,-12.448937271937183,290.73912114755143
405.081763,108,79.136188,416.8199904525383,-11.738227921773927,405.08176253076425
-24.116941,23,79.152812,-20.87615251663115,-3.240788696644545,-24.116941213275695
-4.58507,32,79.175513,-0.08979796699188114,-4.495272002296192,-4.585069969288071
948.898941,166,79.864582,948.8989413669522,0.0,948.8989413669522
186.66515,71,79.905291,190.29610299899952,-3.6309531824497947,186.66514981654979
-12.333931,25,79.918847,-9.231518905056447,-3.102412336368637,-12.333931241425105
953.847797,176,80.012994,953.8477968923806,0.0,953.8477968923806
949.850253,263,80.151849,949.8502528214949,0.0,949.8502528214949
988.717191,158,80.237741,994.68845309107,-5.971262139995904,988.7171909510741
981.419742,166,80.325824,981.4197424944686,0.0,981.4197424944686
973.556204,152,80.406844,973.5562036910983,0.0,973.5562036910983
999.027039,170,80.501236,1000.9268001781431,-1.8997616668662864,999.0270385112768
968.921893,155,80.603603,968.9218931963395,0.0,968.9218931963395
354.414174,104,80.665479,358.05499303740953,-3.6408191469748044,354.4141738904347
945.046247,159,80.769258,945.0462473304871,0.0,945.0462473304871
944.436996,155,80.870598,944.4369956995112,0.0,944.4369956995112
184.384137,67,80.910009,186.59710941493915,-2.212972679606038,184.38413673533313
989.395988,160,81.583038,989.5610240205083,-0.1650362145520896,989.3959878059563
998.508296,162,81.667794,998.5082959795445,0.0,998.5082959795445
947.317003,158,81.754864,962.9836868352172,-15.666683966881093,947.3170028683361
992.466731,239,81.883573,992.466730733822,0.0,992.466730733822
974.162628,162,81.967148,974.1626281563694,0.0,974.1626281563694
959.977523,146,82.046135,959.9775230702201,0.0,959.9775230702201
983.185955,163,82.133731,983.1859549052006,0.0,983.1859549052006
950.785671,155,82.213377,950.7856710637637,0.0,950.7856710637637
369.25135,124,82.27939,373.04025105511755,-3.7889010672435655,369.25134998787405
79.022505,53,82.308816,83.87503087930139,-4.852526047728688,79.02250483157275
952.830294,159,82.398468,965.6923944292682,-12.862100383229777,952.8302940460385
924.615328,158,82.479938,928.3586407145424,-3.7433130662133616,924.6153276483292
985.269139,155,82.558552,985.2691392696179,0.0,985.2691392696179
154.949805,70,82.596632,159.1140223701199,-4.164217414538322,154.94980495558158
459.743993,116,83.267722,472.1268142922874,-12.382821074717521,459.74399321757
336.60078,91,83.321713,339.09239154765925,-2.491611372303262,336.60078017535596
977.34341,159,83.418499,977.3434101895854,0.0,977.3434101895854
63.860364,39,83.442674,68.01058962549281,-4.150225693600017,63.86036393189282
949.684881,141,87.228213,949.6848813836258,0.0,949.6848813836258
198.949981,77,87.271627,203.94158163302563,-4.99160041748328,198.94998121554238
64.092121,45,87.295717,66.1100379262817,-2.017916557299798,64.09212136898194
964.126665,162,87.381407,964.1266650231911,0.0,964.1266650231911
339.708276,111,87.439576,344.46010846431807,-4.751832892687037,339.708275571631
87.75911,42,87.463304,91.07563469134752,-3.3165245905456118,87.7591101008019
991.665353,160,87.54495,991.6653529910856,0.0,991.6653529910856
956.809366,162,87.632322,956.8093662977166,0.0,956.8093662977166
210.474658,71,87.669636,212.5437528378371,-2.0690950842897493,210.47465775354735
41.513188,44,87.693732,47.732711677878,-6.219523344649058,41.5131883332289
941.106835,153,87.77406,941.1068350134959,0.0,941.1068350134959
-42.086546,23,87.787652,-38.0211301554871,-4.065415636749945,-42.08654579223705
391.566882,126,87.866799,398.30902475492917,-6.742142496362978,391.5668822585661
236.084384,84,87.925202,240.11085243570787,-4.026468066391485,236.08438436931638
240.050144,83,87.974614,243.56852158144787,-3.5183777600919184,240.05014382135593
921.147357,211,88.128741,921.1473570631047,0.0,921.1473570631047
135.423176,57,88.771072,140.29066858132947,-4.867492785967621,135.42317579536186
994.224542,169,88.861316,995.2475431367254,-1.0230009746661377,994.2245421620594
948.063715,160,88.944742,961.2322289723651,-13.168514352978374,948.0637146193869
910.441492,142,89.020217,910.4414918406444,0.0,910.4414918406444
0.416693,28,89.036795,5.080518128277731,-4.663825524929657,0.416692603348082
414.904862,104,89.092363,426.09385227593276,-11.188990164473813,414.90486211145895
934.120401,156,89.175451,934.120401219613,0.0,934.120401219613
938.190385,154,89.254742,938.1903849097882,0.0,938.1903849097882
965.747835,157,89.337448,965.7478350059253,0.0,965.7478350059253
271.522132,108,89.394789,275.81872087841856,-4.296589366702477,271.52213151171605
80.743919,58,89.42772,83.80200176797756,-3.05808229458387,80.74391947339369
1007.310041,162,89.512896,1007.3100410213275,0.0,1007.3100410213275
921.834634,155,89.608144,921.8346341639553,0.0,921.8346341639553
969.152463,145,89.701748,969.1524631777629,0.0,969.1524631777629
955.827765,211,89.831747,955.827764643431,0.0,955.827764643431
399.43583,113,90.489915,405.78102130859793,-6.345191093149469,399.4358302154484
-2.216159,27,90.50529,1.6002993756494845,-3.816458099284051,-2.216158723634564
941.427619,155,90.587741,956.2804443721918,-14.852825728113281,941.4276186440786
82.846948,64,90.622088,91.28530321186004,-8.43835500901104,82.84694820284899
1007.203035,185,90.722483,1017.6985121551639,-10.495477270236105,1007.2030348849279
-59.750242,18,90.733018,-55.07063051823184,-4.679611487664109,-59.750242005895956
993.312566,155,90.817466,994.1603326282955,-0.8477666039428549,993.3125660243526
972.038123,163,90.904078,972.0381225304527,0.0,972.0381225304527
-27.132463,22,90.918757,-23.851820195945237,-3.2806430914291527,-27.132463287374392
1012.556305,168,91.008471,1019.7667043616894,-7.2103993314418275,1012.5563050302477
976.142981,153,91.090384,976.1429806038782,0.0,976.1429806038782
322.732383,98,91.141932,325.99677677454974,-3.2643940350164,322.73238273953336
105.279418,51,91.16878,110.43614917491688,-5.156731276407386,105.2794178985095
941.451272,157,91.25176,955.9705221925233,-14.519250260270564,941.4512719322524
915.854776,148,91.342407,929.5339665766234,-13.679190926976492,915.8547756496466
928.524443,143,91.433957,928.5244425214414,0.0,928.5244425214414
964.066457,156,91.533546,964.0664566645579,0.0,964.0664566645579
957.862238,153,91.631744,957.8622380517804,0.0,957.8622380517804
950.0041,149,92.306132,950.0040998054649,0.0,950.0040998054649
953.173086,153,92.388247,960.8479783244694,-7.674892252445346,953.173086072024
940.264809,145,92.466025,942.7552108464856,-2.490402054846153,940.2648087916393
1001.507096,158,92.550384,1013.3072699175061,-11.8001737351738,1001.5070961823324
978.429221,153,92.631892,978.4292208178856,0.0,978.4292208178856
997.093959,177,92.730513,1008.2053545128708,-11.111395833040817,997.0939586798297
999.109673,164,92.833077,999.1096726984317,0.0,999.1096726984317
950.540149,156,92.928182,959.6763447839714,-9.136196197545907,950.5401485864255
954.276031,147,93.025624,954.276030755938,0.0,954.276030755938
966.767454,151,93.132902,970.9770541886005,-4.209600167878283,966.767454020722
954.628119,147,93.230606,954.6281189798856,0.0,954.6281189798856
46.494521,48,93.267756,50.76316159140076,-4.268640862414549,46.49452072898622
987.811023,154,93.373847,998.848778345483,-11.037755729082912,987.8110226163999
969.999492,162,94.066274,981.1600764339771,-11.160584825939027,969.9994916080382
912.248082,143,94.140784,926.9720643789228,-14.723982598231352,912.2480817806913
913.906428,144,94.216671,932.9179324129652,-19.011504137289673,913.9064282756756
931.110824,152,94.299925,953.196878934913,-22.086054660438062,931.1108242744751
988.124269,153,94.379196,988.124268634972,0.0,988.124268634972
970.890729,155,94.461876,970.8907290261869,0.0,970.8907290261869
964.776262,152,94.541267,964.7762615304719,0.0,964.7762615304719
82.461141,46,94.566375,86.51174636352735,-4.050604920475787,82.46114144305156
62.066474,47,94.603297,66.70997558441266,-4.643501496925162,62.06647408748748
1001.160449,161,94.701616,1001.1604493458117,0.0,1001.1604493458117
945.853377,144,94.79376,945.8533773604272,0.0,945.8533773604272
949.455794,148,94.889905,951.6967311463975,-2.2409375950625474,949.455793551335
964.924145,156,94.987516,975.6846057599231,-10.760460499844015,964.9241452600791
954.517019,167,95.094891,974.5787370791651,-20.06171767780251,954.5170194013625
116.603751,56,95.13171,120.26214773134824,-3.6583966309029705,116.60375110044528
1008.461828,167,95.222767,1008.461827600268,0.0,1008.461827600268
-20.651648,29,95.239351,-15.42840986115145,-5.22323811264709,-20.651647973798546
944.85477,146,99.991253,960.1624219159572,-15.307651849648714,944.8547700663086
132.530632,54,100.026651,138.61805240540536,-6.087420632970053,132.53063177243536
1010.322421,160,100.129671,1010.3224206336562,0.0,1010.3224206336562
958.696522,148,100.22476,958.6965216340359,0.0,958.6965216340359
970.416711,147,100.321296,970.4167111605381,0.0,970.4167111605381
-17.909349,25,100.33758,-13.618837949972871,-4.290510728915278,-17.90934867888815
970.683678,147,100.435191,970.6836780593944,0.0,970.6836780593944
138.647196,58,100.468041,141.20854069926713,-2.561344903510906,138.6471957957562
962.651206,155,100.55244,962.6512058538653,0.0,962.6512058538653
957.014734,151,100.629916,957.0147337235842,0.0,957.0147337235842
955.296343,153,100.71603,970.1353185852549,-14.83897577189365,955.2963428133612
960.559949,150,100.809199,960.5599487418165,0.0,960.5599487418165
928.860606,147,100.905525,928.8606064791919,0.0,928.8606064791919
1020.594857,162,101.005059,1020.5948572237228,0.0,1020.5948572237228
965.957698,166,101.111531,979.9090693613273,-13.95137148841182,965.9576978729153
966.950711,164,101.801347,966.9507107466677,0.0,966.9507107466677
68.058497,41,101.823946,71.39379350094512,-3.335296257739002,68.05849724320609
958.188968,165,101.911593,973.5282778870958,-15.339310197576564,958.1889676895192
434.498114,113,101.971359,437.9870919729849,-3.4889776764583402,434.49811429652664
912.800261,149,102.050411,930.2263992261011,-17.426137917149507,912.8002613089516
347.933941,89,102.098729,351.54789744549214,-3.6139559748702847,347.9339414706219
213.701063,77,102.142928,217.34832275765285,-3.64725983655981,213.70106292109296
933.003216,141,102.236566,933.00321619301,0.0,933.00321619301
959.687759,142,102.326916,959.6877586970365,0.0,959.6877586970365
137.388613,59,102.358568,141.12992744613953,-3.741314287393169,137.38861315874638
986.328416,157,102.441512,986.3284157508734,0.0,986.3284157508734
97.517428,48,102.468163,101.98905724428738,-4.471629216180658,97.51742802810674
944.051284,146,102.56537,944.0512840122329,0.0,944.0512840122329
978.669034,156,102.661729,978.7022204189262,-0.033186666407094556,978.6690337525191
964.690662,157,102.762038,964.690662459202,0.0,964.690662459202
105.73804,54,102.79858,111.01634731651258,-5.278307247130988,105.7380400693816
-59.969342,16,102.809389,-57.3004704807901,-2.6688717607375896,-59.96934224152769
958.764867,139,102.898496,958.7648674574947,0.0,958.7648674574947
1024.693273,158,103.588825,1037.0488979225104,-12.355624489347605,1024.6932734331626
378.281,106,103.645649,384.2039312293448,-5.9229310030199835,378.28100022632475
965.363636,144,103.719292,965.3636355216483,0.0,965.3636355216483
10.225569,32,103.737391,16.87319083230257,-6.647621908063632,10.225568924238928
967.045987,151,103.817955,967.0459865333678,0.0,967.0459865333678
942.238832,146,103.894549,960.2753347963334,-18.036503186444513,942.238831609889
981.556599,152,103.974282,981.5565986413781,0.0,981.5565986413781
973.6501,146,104.052118,973.6500998469725,0.0,973.6500998469725
986.588655,158,104.134687,987.1837927107367,-0.5951379872895801,986.5886547234471
89.842466,76,104.175558,92.87257764574068,-3.030112084308411,89.84246556143228
70.227937,47,104.201981,74.33626588175834,-4.108328813336617,70.22793706842172
956.915443,157,104.293518,968.878642835831,-11.96319991707043,956.9154429187606
928.029955,144,104.387275,928.0299552825486,0.0,928.0299552825486
967.356112,155,104.485771,967.3561120857305,0.0,967.3561120857305
61.754757,45,104.514514,64.96108665171904,-3.2063291756856893,61.75475747603333
88.101961,53,104.550926,92.15284060670673,-4.050879201020575,88.10196140568617
108.784542,54,104.589961,113.57862875655289,-4.794086785796515,108.78454197075641
399.337949,100,104.655509,406.22221962347555,-6.884270621937816,399.3379490015377
69.364715,44,104.686846,73.18741593159143,-3.8227009791968847,69.36471495239454
42.058046,52,104.720042,45.1410892323248,-3.083043586425661,42.058045645899185
106.358815,49,104.753257,110.6147966037808,-4.255981508640754,106.35881509514007
-52.891877,18,105.347932,-48.303826063339216,-4.588051250873756,-52.89187731421296
922.458356,142,105.421751,922.4583560339487,0.0,922.4583560339487
109.225047,55,105.452669,113.1523389092516,-3.9272917990164977,109.22504711023512
970.081884,154,105.534629,970.0818836021174,0.0,970.0818836021174
81.380762,50,105.562879,85.65838532517115,-4.27762339050041,81.38076193467076
942.414225,149,105.648513,942.414224892801,0.0,942.414224892801
-52.771759,17,105.661966,-49.616404399031765,-3.155354810782115,-52.77175920981389
136.652227,58,105.701614,142.52562927380603,-5.873402654455668,136.65222661935036
92.79002,54,105.736958,102.94905873348965,-10.159038799171984,92.7900199343177
982.501687,153,105.834828,985.2012330219077,-2.6995461861690346,982.5016868357386
944.264872,145,105.928116,944.2648717176504,0.0,944.2648717176504
946.713819,150,106.026227,955.6786034631824,-8.964784185008535,946.7138192781738
368.325424,103,106.095145,372.324103487475,-3.998679595521982,368.32542389195305
104.956457,48,106.132567,109.63188005274053,-4.675423144565161,104.95645690817535
972.990893,147,106.230294,972.99089262099,0.0,972.99089262099
950.830477,148,106.322904,968.3754450423738,-17.544967970531655,950.8304770718422
967.716528,153,106.413754,967.7165282137418,0.0,967.7165282137418
966.492487,149,106.510609,966.4924871024083,0.0,966.4924871024083
960.072173,150,106.614173,963.735772893406,-3.6635998666664973,960.0721730267394
374.291143,99,107.34943,376.86042466216725,-2.5692818617710245,374.2911428003962
1004.878756,153,107.430812,1004.8787556611321,0.0,1004.8787556611321
116.19601,53,107.461522,126.28506879565273,-10.089058743917212,116.19601005173547
213.411087,81,107.50698,232.9657369625635,-19.55465008328978,213.4110868792737
102.673583,51,107.538678,107.40807183841814,-4.734488586629359,102.67358325178877
346.745139,94,107.602512,351.1067143331376,-4.3615755782099805,346.74513875492767
963.540578,155,107.709573,977.1313373608422,-13.590759823703848,963.5405775371385
957.612424,144,107.800551,957.6124237043864,0.0,957.6124237043864
990.696868,161,107.900006,1012.9984525881347,-22.301584621784187,990.6968679663504
973.733101,149,108.0015,973.7331006407276,0.0,973.7331006407276
957.169503,151,108.098785,957.1695033228349,0.0,957.1695033228349
326.323207,91,108.157019,342.98943135876425,-16.66622444979688,326.3232069089672
958.176488,151,108.23885,959.3204243891704,-1.1439367483750784,958.1764876407954
981.724796,154,108.321537,986.0826499749857,-4.357853841460704,981.7247961335248
948.086852,138,108.394879,948.0868515036514,0.0,948.0868515036514
1007.580108,148,112.487854,1007.5801077820511,0.0,1007.5801077820511
968.211079,143,113.181163,968.2110793793065,0.0,968.2110793793065
967.329276,155,113.289463,976.1330689777145,-8.80379315681748,967.329275820897
950.140341,149,113.393856,950.1403411684928,0.0,950.1403411684928
964.243294,148,113.487928,964.2432936466055,0.0,964.2432936466055
924.099777,140,113.574026,930.5769842105254,-6.477207059081847,924.0997771514436
454.314552,111,113.646607,465.64024196221277,-11.32568970661604,454.31455225559665
904.895167,144,113.731255,925.0311436041375,-20.13597698901196,904.8951666151256
307.606173,97,113.783194,310.5422593354742,-2.9360859541282025,307.606173381346
899.372898,142,113.85753,935.7790934670227,-36.40619574198471,899.3728977250379
376.564007,95,113.9081,381.9261263840611,-5.362119736897595,376.5640066471636
955.804497,143,113.982484,958.8173671861865,-3.012870641919168,955.8044965442673
173.637672,70,114.020426,177.33927708258295,-3.7016052310842458,173.63767185149868
131.54064,52,114.049137,137.1271825199468,-5.586542868344104,131.54063965160273
971.460363,151,114.129668,976.8637626430407,-5.403400141642439,971.4603625013983
944.054978,146,114.208076,960.6454903194863,-16.59051270075198,944.0549776187344
921.027177,141,114.280093,921.0271769119657,0.0,921.0271769119657
959.081867,150,115.005455,964.1586867002877,-5.076819326571374,959.0818673737165
107.570649,50,115.035413,110.20553002553399,-2.6348807298112433,107.57064929572275
-27.638692,22,115.05054,-22.767036248124086,-4.871655650629318,-27.638691898753393
1.800373,27,115.068116,5.459076813292455,-3.658703442614211,1.80037337067823
88.177205,44,115.098358,91.41516952854025,-3.2379648656689097,88.17720466287133
1008.554803,153,115.189526,1008.5548029183193,0.0,1008.5548029183193
926.272618,139,115.277724,926.2726175807194,0.0,926.2726175807194
993.052512,155,115.378414,993.0525124415402,0.0,993.0525124415402
940.316799,142,115.466196,940.3167992385386,0.0,940.3167992385386
1009.626053,151,115.556983,1009.6260527543309,0.0,1009.6260527543309
63.989058,43,115.580824,67.02101707413331,-3.0319595415825074,63.98905753255082
995.926268,155,115.662244,995.926267874881,0.0,995.926267874881
370.298272,94,115.712041,374.6483645935163,-4.3500923083701695,370.2982722851461
72.849257,43,115.737679,77.26085062471604,-4.4115939804249376,72.84925664429112
950.374919,146,115.813675,959.7962587750476,-9.42134007759262,950.3749186974547
994.589772,159,115.898387,994.589771625464,0.0,994.589771625464
956.515703,147,115.977512,956.515702531332,0.0,956.515702531332
998.753881,153,116.059363,998.7538811816796,0.0,998.7538811816796
374.095651,93,116.10861,377.53542113227087,-3.4397706190684465,374.0956505132024
917.243948,140,116.767788,917.2439476426714,0.0,917.2439476426714
122.056184,54,116.803002,125.7708182771087,-3.714633891594679,122.05618438551406
-48.623079,18,116.816562,-44.50280641667504,-4.120272399732818,-48.62307881640784
1011.480715,149,116.909677,1011.4807151626268,0.0,1011.4807151626268
983.675247,150,117.00859,985.6555533253444,-1.9803063713930964,983.6752469539513
984.322613,153,117.106671,986.2928286900994,-1.9702156737998493,984.3226130162993
959.989329,147,117.214778,959.9893292360259,0.0,959.9893292360259
970.255203,152,117.304909,970.2552026657393,0.0,970.2552026657393
-23.292307,23,117.319494,-19.171429068268793,-4.120877783811494,-23.2923068520803
188.485411,70,117.356845,191.5912849489561,-3.1058744280659827,188.4854105208901
916.764107,145,117.435359,924.2013178380043,-7.437210948737427,916.7641068892669
962.046803,147,117.513014,962.0468030094654,0.0,962.0468030094654
1000.049161,150,117.589686,1000.0491611972134,0.0,1000.0491611972134
-32.106196,23,117.605253,-28.056430598175183,-4.049764961338406,-32.10619555951358
101.150225,53,117.633159,102.99849611487281,-1.8482709184770467,101.15022519639575
128.807053,56,117.664645,134.16498642195995,-5.35793320726378,128.8070532146961
1005.12221,164,117.751702,1005.1222097302749,0.0,1005.1222097302749
957.44386,141,117.824873,957.4438597656522,0.0,957.4438597656522
144.212746,59,117.858031,149.29524750292603,-5.08250173860758,144.21274576431847
955.279019,140,117.931976,955.2790194940006,0.0,955.2790194940006
942.265668,148,118.605458,952.7606716414268,-10.49500410120442,942.2656675402225
916.487227,140,118.696367,916.4872272942982,0.0,916.4872272942982
135.429464,61,118.735105,137.92653527559634,-2.497070855693087,135.42946441990324
390.419121,98,118.797353,393.0968561391917,-2.6777354196134215,390.41912071957825
953.245171,138,118.886658,953.2451708260292,0.0,953.2451708260292
928.349548,143,118.981889,928.3495477036585,0.0,928.3495477036585
955.641799,150,119.07566,956.9553049053311,-1.3135054857647184,955.6417994195665
49.454641,45,119.108323,53.309438405973,-3.854797294297126,49.4546411116759
962.605267,142,119.194271,962.6052668959526,0.0,962.6052668959526
379.63091,99,119.247297,384.2953926396091,-4.664482931216686,379.63090970839244
1009.454262,154,119.325887,1009.4542620983354,0.0,1009.4542620983354
910.070594,154,119.406284,929.8980953561066,-19.82750181496623,910.0705935411404
953.256182,143,119.483701,953.2561816179641,0.0,953.2561816179641
946.168216,147,119.560318,946.1682158153895,0.0,946.1682158153895
63.489672,45,119.585776,66.90930491402125,-3.4196330619495834,63.48967185207164
68.165555,42,119.609465,71.03451793717166,-2.8689630008212674,68.1655549363504
996.217611,153,119.687264,996.2176109604569,0.0,996.2176109604569
312.784322,88,120.355472,314.70941248010814,-1.9250905895069685,312.7843218906012
989.736855,145,120.442147,989.7368549187127,0.0,989.7368549187127
212.315958,76,120.489028,215.552356262475,-3.2363984888039834,212.31595777367104
958.49383,145,120.584293,958.4938298821912,0.0,958.4938298821912
978.422074,152,120.68655,978.4220741278652,0.0,978.4220741278652
949.39384,149,120.783261,956.2193922984388,-6.825552024816598,949.3938402736223
951.669115,144,120.870837,951.7589636546774,-0.08984888878577202,951.6691147658915
1029.187042,154,120.965767,1029.1870422897923,0.0,1029.1870422897923
84.227449,43,120.990848,88.8129270522118,-4.585477559867191,84.22744949234466
941.821587,143,121.065158,941.8215866347105,0.0,941.8215866347105
126.134586,57,121.096814,132.43656464075127,-6.301978874612251,126.13458576613897
932.599294,141,121.170645,946.1472961926767,-13.548001910623935,932.5992942820528
395.678493,103,121.224715,400.2027043767929,-4.524211452948716,395.67849292384415
407.45874,104,121.279024,418.5718435022148,-11.113103290157316,407.4587402120574
-49.580031,18,121.289321,-46.28865076341086,-3.291380285760231,-49.58003104917108
987.74776,147,125.36157,987.7477597510983,0.0,987.7477597510983
224.153277,87,125.407639,229.93463941156958,-5.781362743535778,224.15327666803378
989.81998,147,125.484265,989.8199799032595,0.0,989.8199799032595
171.252888,72,126.130068,195.77770418094642,-24.524816173119074,171.2528880078273
941.762445,133,126.210709,941.7624453356075,0.0,941.7624453356075
970.702842,147,126.295958,970.7028421685884,0.0,970.7028421685884
385.679192,95,126.357639,393.8287154083423,-8.149523826939415,385.67919158140296
948.838523,140,126.446806,949.3489780830811,-0.5104550930688525,948.8385229900122
979.379606,151,126.544007,979.5956889210868,-0.2160826831534619,979.3796062379332
180.286873,71,126.583249,186.06770281683518,-5.78083002164982,180.2868727951853
1003.661169,153,126.663558,1003.6611688459445,0.0,1003.6611688459445
50.406835,47,126.689206,53.796366439646036,-3.3895315961375037,50.40683484350852
79.688712,40,126.710306,82.29026812178954,-2.6015565661234623,79.68871155566607
940.244955,143,126.786908,940.2449553232283,0.0,940.2449553232283
68.849992,46,126.812402,71.67638064570565,-2.826389040637757,68.84999160506788
390.173187,104,126.869105,395.297165819581,-5.12397846551347,390.1731873540675
984.019154,153,126.949009,984.0191535030194,0.0,984.0191535030194
963.505054,146,127.025437,963.5050536404825,0.0,963.5050536404825
99.600263,48,127.051741,103.667619201561,-4.06735660464701,99.600262596914
933.738643,144,127.12674,953.8059166075409,-20.067273332444834,933.7386432750961
914.194159,136,127.200925,914.1941588854918,0.0,914.1941588854918
935.261945,145,127.905115,953.4206105152284,-18.158665205379656,935.2619453098488
968.452172,152,127.998263,990.8608419997325,-22.408669864743963,968.4521721349886
352.984672,90,128.054251,357.93617553887526,-4.951504026912127,352.9846715119631
971.031033,149,128.146857,990.1788851860357,-19.147852113905806,971.0310330721301
265.827668,84,128.202333,269.3105016992806,-3.4828337711313573,265.82766792814937
959.995913,144,128.290336,959.9959134879415,0.0,959.9959134879415
96.471001,47,128.322131,100.12726293257182,-3.656262324198363,96.47100060837346
78.021126,44,128.349355,82.79750306724817,-4.776377488522268,78.02112557872589
17.476533,45,128.373137,21.98644545215535,-4.509912822118265,17.476532630037042
198.44916,69,128.411238,201.35390915301926,-2.9047492360883176,198.44915991693088
971.699658,151,128.4912,971.6996583206173,0.0,971.6996583206173
134.037052,54,128.521353,138.6272688406538,-4.590217234996716,134.0370516056571
973.653522,145,128.598624,975.497382611035,-1.8438604626782666,973.6535221483567
973.514487,146,128.675669,973.5144871701029,0.0,973.5144871701029
968.38886,147,128.751983,968.3888599647453,0.0,968.3888599647453
931.200147,147,128.829641,935.0927550347075,-3.8926085291263046,931.2001465055813
955.521717,139,128.904949,955.5217173566691,0.0,955.5217173566691
971.306236,142,128.981758,971.3062357258367,0.0,971.3062357258367
935.889346,140,129.055487,944.3855731960475,-8.496227596531204,935.8893455995163
944.295512,139,129.731323,944.2955124805667,0.0,944.2955124805667
999.411662,146,129.825146,999.4116621808367,0.0,999.4116621808367
1025.748214,158,129.919959,1025.7482141558608,0.0,1025.7482141558608
104.749711,50,129.955522,108.16607042975812,-3.4163589830656207,104.74971144669252
-34.937792,21,129.967592,-30.713781470018134,-4.224010423808421,-34.93779189382656
218.96499,81,130.019157,224.9705131224268,-6.005523609703129,218.96498951272363
998.475176,149,130.108075,998.4751764283601,0.0,998.4751764283601
973.034873,153,130.187277,983.0911657966924,-10.056292397962604,973.0348733987298
965.644223,147,130.266356,982.722711896653,-17.078489234959278,965.6442226616938
991.402959,155,130.349862,991.4029589798882,0.0,991.4029589798882
953.430923,138,130.42206,953.4309232095181,0.0,953.4309232095181
404.709913,101,130.477377,407.65925958964397,-2.949346164878614,404.7099134247653
1000.920812,163,130.56362,1016.4523076118533,-15.531495916732743,1000.9208116951204
56.50791,38,130.584774,59.64238177792137,-3.1344721699861466,56.50790960793523
75.363124,40,130.607393,80.17241835201628,-4.809294304080402,75.36312404793588
990.362061,150,130.686839,990.3620609206469,0.0,990.3620609206469
119.35248,50,130.715317,124.5773508694892,-5.224870685817148,119.35248018367203
124.266761,56,130.745474,128.78411040084654,-4.517349107782028,124.26676129306448
196.102706,71,130.782665,200.31414779006673,-4.211441794634299,196.10270599543236
973.613615,142,131.446666,973.613614812512,0.0,973.613614812512
952.759748,144,131.523649,952.7597476116234,0.0,952.7597476116234
981.775633,150,131.618265,981.775632788785,0.0,981.775632788785
952.111267,148,131.711753,971.4562944342127,-19.345027190797435,952.1112672434151
940.606688,147,131.80093,948.8674659317167,-8.260777473101351,940.6066884586153
971.771203,146,131.894846,980.8843273884888,-9.113124074457152,971.7712033140316
990.767948,146,131.985263,990.767948206039,0.0,990.767948206039
938.036823,142,132.075239,941.4160252836956,-3.379202400270942,938.0368228834246
908.377393,141,132.151327,908.3773927791455,0.0,908.3773927791455
927.125204,140,132.227107,927.1252043563067,0.0,927.1252043563067
953.205033,141,132.299479,953.2050331197897,0.0,953.2050331197897
966.733983,150,132.378825,966.733983467355,0.0,966.733983467355
255.68253,88,132.426313,278.05296024509806,-22.37043062277802,255.68252962231998
1001.228756,153,132.510962,1001.2287562846923,0.0,1001.2287562846923
944.365042,139,133.171567,944.365041938422,0.0,944.365041938422
57.536572,47,133.19717,62.14244774478506,-4.605876043259329,57.536571701525716
949.524417,155,133.281026,950.2656461556863,-0.7412291834914067,949.524416972195
1017.20492,158,133.375442,1017.2049202668866,0.0,1017.2049202668866
982.038635,155,133.476688,982.0386350435324,0.0,982.0386350435324
927.885029,149,133.569641,931.020785853383,-3.135756951047706,927.8850289023354
-38.467397,20,133.584782,-32.918254123216684,-5.549142518852075,-38.46739664206875
944.007626,141,133.673902,946.1108745149255,-2.1032487160441846,944.0076257988812
972.778786,145,133.769119,972.7787858220372,0.0,972.7787858220372
47.005461,40,133.791841,49.9720699853152,-2.9666092277063596,47.005460757608816
936.817008,140,133.87823,936.8170079971262,0.0,936.8170079971262
368.546098,96,133.928198,371.98833509743247,-3.4422373662386683,368.5460977311938
1015.660106,156,134.008604,1015.6601056905388,0.0,1015.6601056905388
971.461829,145,138.170042,971.4618289072673,0.0,971.4618289072673
991.924603,150,138.248631,991.9246032921762,0.0,991.9246032921762
962.250714,156,138.329671,962.2507143205767,0.0,962.2507143205767
114.328443,50,138.357597,119.66472124779365,-5.336277868267409,114.3284433795262
962.2027,152,139.036719,972.1926304743449,-9.989930850635755,962.2026996237089
907.505526,142,139.12985,926.7350759989758,-19.229550095582923,907.505525903393
1003.900457,152,139.221666,1003.9004572015344,0.0,1003.9004572015344
1006.148256,153,139.319279,1007.2006887157512,-1.0524326622088642,1006.1482560535424
162.050791,67,139.362533,165.3989240793174,-3.3481327146400703,162.05079136467742
953.926011,148,139.453328,953.9260107863508,0.0,953.9260107863508
990.729106,150,139.544963,990.7291057422749,0.0,990.7291057422749
932.435786,154,139.644383,952.7628451893962,-20.327059202697356,932.4357859866988
916.28495,141,139.728179,928.3251696489629,-12.040219169264144,916.2849504796986
101.735743,54,139.758052,108.8422987304632,-7.106555361130236,101.73574336933297
959.99084,143,139.832836,959.9908400837712,0.0,959.9908400837712
953.437096,144,139.909645,954.8548545846343,-1.4177589150434082,953.4370956695909
990.652223,145,139.985925,995.5931348671251,-4.940911731459613,990.6522231356655
129.423535,52,140.014566,135.05586927520812,-5.63233398908134,129.42353528612676
937.415876,136,140.086021,937.4158761337169,0.0,937.4158761337169
958.458321,146,140.163559,962.7287575991414,-4.270436174744114,958.4583214243974
918.467622,143,140.822443,938.0598926687851,-19.59227109940211,918.4676215693829
977.338774,149,140.910229,977.3387738481847,0.0,977.3387738481847
988.800065,155,141.003504,988.8000648492791,0.0,988.8000648492791
964.047281,142,141.093588,964.0472806155017,0.0,964.0472806155017
184.380454,71,141.143671,188.53854043758443,-4.1580861830033555,184.3804542545811
68.683685,46,141.170681,75.8958887625363,-7.212203791215732,68.68368497132057
964.977524,146,141.265336,972.8163977544693,-7.838874143976959,964.9775236104922
941.484911,136,141.35365,941.4849108656163,0.0,941.4849108656163
925.682228,140,141.439011,925.6822275052095,0.0,925.6822275052095
969.40936,145,141.517585,969.4093598585881,0.0,969.4093598585881
1004.700186,152,141.596401,1010.4514775357131,-5.751291608960629,1004.7001859267525
353.302308,99,141.650924,360.48352641453215,-7.181218060402584,353.30230835412954
213.488865,77,141.69111,218.70079716846408,-5.211932070749972,213.48886509771404
989.9149,150,141.769988,989.9148999643965,0.0,989.9148999643965
984.921091,150,141.848982,992.1976927897141,-7.276602071751823,984.9210907179624
118.673023,52,141.878293,124.90949881939754,-6.236475368009937,118.67302345138764
1035.430285,163,141.965267,1037.5229037472855,-2.092619061549522,1035.4302846857358
100.98627,49,142.577334,106.2419233752874,-5.255653147157162,100.98627022813025
324.069559,98,142.63053,327.4897997032001,-3.4202406628810538,324.06955904031906
959.606185,152,142.722399,959.6061847495747,0.0,959.6061847495747
970.335495,148,142.819597,979.4493819871088,-9.113887087372518,970.3354948997363
973.705881,154,142.9127,973.7058805541965,0.0,973.7058805541965
959.470977,150,143.008495,959.4709770778177,0.0,959.4709770778177
930.424632,155,143.11003,931.8670748353065,-1.4424429096931002,930.4246319256133
380.208172,97,143.176898,393.28957041281063,-13.08139861201531,380.2081718007954
993.26489,153,143.268269,993.264889956472,0.0,993.264889956472
989.585238,151,143.348121,1007.3729256170437,-17.78768746995098,989.5852381470929
958.926883,159,143.43192,958.926882977499,0.0,958.926882977499
977.678713,157,143.513887,977.6787129420704,0.0,977.6787129420704
941.588726,140,143.589779,960.6135681288407,-19.024841917465807,941.5887262113744
1021.201987,153,143.669616,1021.2019866761589,0.0,1021.2019866761589
-24.74901,27,143.684209,-17.86672826155008,-6.882281290731085,-24.749009552281166
52.026419,45,143.710621,56.836987790416714,-4.8105686915588235,52.02641909885787
-39.803823,27,143.725831,-30.61045483040445,-9.19336804120437,-39.803822871608816
958.455826,148,144.389669,963.7865329998314,-5.33070724004677,958.4558257597847
917.236899,137,144.461778,929.2364940301453,-11.999594590468849,917.2368994396764
923.855066,144,144.547859,942.9183677973874,-19.063301771446042,923.8550660259413
46.00062,41,144.57699,50.952826667392515,-4.952206613476359,46.00062005391618
955.22058,147,144.665763,955.2205802866774,0.0,955.2205802866774
973.593352,144,144.758337,973.5933516417032,0.0,973.5933516417032
915.49129,140,144.847331,915.4912899400509,0.0,915.4912899400509
40.075287,33,144.865626,42.86145367772991,-2.786166673680653,40.07528700404927
-43.472944,19,144.881977,-39.5287944717319,-3.9441491959581105,-43.472943667690004
1002.063318,161,144.982373,1002.063317936598,0.0,1002.063317936598
949.157241,140,145.074723,949.1572414450137,0.0,949.1572414450137
945.429759,135,145.155106,945.4297592389094,0.0,945.4297592389094
951.422698,143,145.229024,956.0682401688788,-4.645542019358102,951.4226981495207
1009.70927,161,145.314104,1009.7092698619122,0.0,1009.7092698619122
416.837279,102,145.367615,420.8828530405418,-4.0455741957899845,416.83727884475184
946.852534,144,145.445144,947.5159931099888,-0.6634586962454758,946.8525344137433
981.754613,144,145.521428,981.7546134171635,0.0,981.7546134171635
962.113307,145,146.187278,962.1133074618639,0.0,962.1133074618639
961.323733,149,146.264541,964.7639813626595,-3.4402479050615034,961.3237334575981
961.851985,152,146.354487,968.988794876048,-7.136810169051345,961.8519847069966
-8.101219,32,146.378628,0.09096991676413779,-8.192188950019007,-8.101219033254878
951.563071,141,146.470614,951.5630712490058,0.0,951.5630712490058
931.973735,139,146.558638,931.9967161682731,-0.022981265083714675,931.9737349031894
-61.311691,21,146.572212,-56.07546120259397,-5.236230226280217,-61.311691428874184
967.751724,151,146.673754,971.0566782793314,-3.304954402880832,967.7517238764506
923.07504,144,146.762208,933.4722701699077,-10.397229788667694,923.07504038124
931.623319,140,146.852819,937.8213373558875,-6.198017856870621,931.6233194990168
954.350844,142,151.022795,968.2192128802319,-13.868368665378412,954.3508442148534
933.642937,133,151.091825,933.6429365497022,0.0,933.6429365497022
932.313127,144,151.171224,943.2247626846032,-10.911635879507173,932.3131268050961
983.955255,154,151.253597,983.955255453974,0.0,983.955255453974
944.979852,147,151.332079,960.6461667428977,-15.666314732818675,944.9798520100788
972.858584,151,152.029041,972.8585843108921,0.0,972.8585843108921
1002.363508,149,152.12632,1002.766542955149,-0.40303488337399607,1002.363508071775
1002.638468,151,152.222649,1002.638467961827,0.0,1002.638467961827
-20.425096,23,152.236898,-16.326706113119513,-4.098390099665766,-20.425096212785263
989.82011,148,152.329063,989.8201096473213,0.0,989.8201096473213
89.420569,47,152.361599,98.36180291863184,-8.9412334216942,89.42056949693765
953.729251,137,152.443331,953.7292507836338,0.0,953.7292507836338
987.925705,148,152.532938,987.9257050184449,0.0,987.9257050184449
378.213806,97,152.583454,383.8396920260139,-5.625886029032759,378.2138059969812
986.317981,149,152.661811,993.9572837471865,-7.639302996693448,986.317980750493
-59.127266,20,152.673622,-55.07329563422495,-4.053970241380032,-59.12726587560498
448.679734,114,152.733876,456.679672209213,-7.9999383355922795,448.67973387362076
980.934843,154,152.816128,980.934843491955,0.0,980.934843491955
968.006017,150,152.895052,968.0060171604229,0.0,968.0060171604229
963.812406,145,152.972414,968.3608376782929,-4.5484319643003515,963.8124057139923
953.013376,144,153.045891,953.0133760288193,0.0,953.0133760288193
980.172163,144,153.125239,980.2056022337913,-0.03343884112276907,980.1721633926686
418.231353,105,153.179202,425.93277629438734,-7.701423294852424,418.23135299953475
978.449692,152,153.895821,978.4496921003772,0.0,978.4496921003772
976.095692,143,153.985834,976.095692160337,0.0,976.095692160337
6.60309,36,154.00975,15.568490345905929,-8.965400511868445,6.603089834037462
1002.165615,151,154.108164,1002.1656149539983,0.0,1002.1656149539983
158.578194,61,154.149607,163.0741197045839,-4.495925410580052,158.57819429400377
980.260344,144,154.24038,980.2603444124165,0.0,980.2603444124165
1001.602754,149,154.328229,1001.6027543147427,0.0,1001.6027543147427
438.175326,109,154.385321,442.44267386846553,-4.267347823461217,438.1753260450044
969.947603,143,154.461917,969.9476026187782,0.0,969.9476026187782
988.13899,146,154.539885,990.4718170037402,-2.3328267098528013,988.1389902938874
954.85508,144,154.618082,960.9235426307879,-6.068463024485028,954.8550796063029
920.865826,145,154.696273,940.2951306871216,-19.429304224355814,920.8658264627659
953.354006,143,154.770997,953.3540058898449,0.0,953.3540058898449
35.008975,35,154.789075,41.11946901695329,-6.110493922438213,35.008975094515094
960.813219,146,154.866853,960.8132187679967,0.0,960.8132187679967
955.316781,137,154.939416,955.3167806571349,0.0,955.3167806571349
-40.993975,23,154.952857,-37.04719250363071,-3.9467823997990266,-40.99397490342973
961.162823,140,155.634259,963.7299229398649,-2.567100390120922,961.162822549744
953.67742,144,155.723664,953.6774198776068,0.0,953.6774198776068
921.636109,134,155.810805,925.8412801700132,-4.205170892769027,921.6361092772441
948.278084,139,155.895392,948.2780837775111,0.0,948.2780837775111
992.921794,154,155.99444,992.9286525043268,-0.006858391771689121,992.9217941125552
935.621867,137,156.0812,936.1745459835555,-0.5526791795927597,935.6218668039628
138.288865,53,156.110645,142.77488561731877,-4.486020694376862,138.28886492294188
968.992005,147,156.187385,984.6589958711162,-15.666991309088075,968.9920045620281
65.519414,38,156.208235,69.00886961213142,-3.4894554315998842,65.51941418053154
1015.348331,151,156.289588,1015.3483314643656,0.0,1015.3483314643656
190.400817,71,156.326643,194.85420697153978,-4.453390391565223,190.40081657997467
945.113521,143,156.400912,945.308775193512,-0.19525446930442403,945.1135207242075
929.62648,142,156.477183,936.0702522336271,-6.4437718345939,929.6264803990333
965.977198,144,156.55207,965.9771984621867,0.0,965.9771984621867
958.511988,140,156.625196,958.5119876966335,0.0,958.5119876966335
3.987644,37,156.650476,10.488233360407804,-6.500589331825693,3.9876440285821104
992.598851,148,156.728173,992.5988505287111,0.0,992.5988505287111
986.324967,153,157.411552,986.3249669728013,0.0,986.3249669728013
-24.079512,25,157.431298,-18.398199174156858,-5.681312649797983,-24.079511823954846
974.085681,146,157.519868,974.0856814733913,0.0,974.0856814733913
989.380354,156,157.619185,1001.9043545897633,-12.524000159922895,989.3803544298404
918.710321,138,157.703509,918.7103211655449,0.0,918.7103211655449
389.063476,94,157.759393,392.51194491018464,-3.448468860708532,389.0634760494761
964.923007,148,157.836429,964.9230069397355,0.0,964.9230069397355
967.966721,143,157.912734,976.3327700732456,-8.366049429059418,967.9667206441861
993.084376,149,157.991365,993.6315831079621,-0.5472075283243827,993.0843755796378
946.138509,139,158.06478,947.4965801315741,-1.3580709108124376,946.1385092207616
61.669622,38,158.086355,66.3940318619053,-4.7244094431890336,61.66962241871623
983.77809,151,158.165785,983.7780900909372,0.0,983.7780900909372
938.375986,137,158.24037,938.3759862801109,0.0,938.3759862801109
-31.464416,23,158.253924,-27.046969779584757,-4.4174462458019965,-31.464416025386768
990.024965,148,158.334318,998.6246873656543,-8.599721877609666,990.0249654880446
90.599188,45,158.359717,93.35054778691132,-2.7513601001694017,90.59918768674196
942.138463,146,158.435757,942.1463051616772,-0.007841782607433068,942.1384633790697
344.917799,102,159.081632,347.785674620946,-2.867875393984046,344.91779922696196
946.807086,137,159.16098,946.8070862703153,0.0,946.8070862703153
963.078207,144,159.252557,969.2752142103596,-6.197007665470239,963.0782065448894
125.302015,51,159.284282,128.6644693503976,-3.3624546189675453,125.30201473143008
960.689531,145,159.37518,964.3688053703545,-3.679274816475318,960.6895305538792
986.976181,142,159.469166,986.9761809270018,0.0,986.9761809270018
1010.547712,157,159.5518,1010.54771176459,0.0,1010.54771176459
54.26668,36,159.571402,57.77517028191488,-3.5084905038453247,54.266679778069516
923.66779,147,159.647987,937.2295803529107,-13.561790559562121,923.6677897933486
939.602712,138,163.610019,939.6027122050269,0.0,939.6027122050269
131.303408,53,163.643356,135.67452036350537,-4.371112854108581,131.30340750939678
967.035199,143,163.73576,967.7894274164655,-0.754228470136912,967.0351989463284
922.717741,134,163.815963,924.2304216161152,-1.512680651096936,922.7177409650183
947.090924,139,163.888323,947.09092436806,0.0,947.09092436806
985.553951,147,163.964524,989.7140255624831,-4.160075005181974,985.5539505573012
1029.355986,153,164.043406,1029.355986416212,0.0,1029.355986416212
89.506868,51,164.070647,95.69974978836987,-6.192881641384622,89.50686814698525
433.556906,112,164.136008,436.9425114101343,-3.3856049199420992,433.55690649019215
966.969871,140,164.814424,968.5710927978517,-1.6012214840270254,966.9698713138247
920.556689,130,164.883598,920.5566888428477,0.0,920.5566888428477
952.855969,142,164.95719,952.855968906329,0.0,952.855968906329
958.080969,144,165.036067,958.0809686534134,0.0,958.0809686534134
945.507836,149,165.129228,957.6888498036723,-12.18101413665115,945.507835667021
229.910291,81,165.182051,233.62021575413635,-3.7099243977146097,229.91029135642177
-57.448938,19,165.197149,-52.89474625630853,-4.5541916600642764,-57.44893791637282
936.722591,142,165.288952,938.1935345565221,-1.4709435208793087,936.7225910356428
945.1373,140,165.373617,952.6247719433889,-7.487472403196668,945.1372995401922
933.845403,136,165.461493,933.8454026946941,0.0,933.8454026946941
965.432331,142,165.555443,965.4323314976386,0.0,965.4323314976386
1004.394937,154,165.644875,1004.3949369727832,0.0,1004.3949369727832
942.779933,144,165.7206,942.7799326712767,0.0,942.7799326712767
970.107446,148,165.797554,970.1074458570538,0.0,970.1074458570538
971.681118,142,165.871684,971.6811179988433,0.0,971.6811179988433
930.448199,140,166.529971,930.4481986349782,0.0,930.4481986349782
960.097734,146,166.6085,960.097734279784,0.0,960.097734279784
991.189828,143,166.684241,991.1898275613372,0.0,991.1898275613372
946.487188,144,166.760747,948.0916937416819,-1.6045057498249227,946.4871879918569
973.655967,150,166.850442,981.9321482665771,-8.276181399692401,973.6559668668848
954.85189,146,166.943665,968.5662455840072,-13.714355123431966,954.8518904605754
61.26067,42,166.973915,63.96075277386947,-2.700082879860524,61.26066989400894
990.689907,156,167.069516,990.6899068706456,0.0,990.6899068706456
949.197818,136,167.156967,949.1978178528138,0.0,949.1978178528138
80.683858,49,167.191809,87.72750920307348,-7.043651391206812,80.68385781186666
920.401668,139,167.281728,930.8622515640858,-10.460584007068338,920.4016675570176
961.621629,148,167.376728,962.4054910220403,-0.7838622211878103,961.6216288008526
-65.372645,17,167.387275,-61.280361142069125,-4.092283724246977,-65.37264486631611
963.941006,139,167.460929,963.9410055204755,0.0,963.9410055204755
327.481311,92,167.508888,332.14858822890903,-4.667277137700192,327.4813110912088
46.25989,35,167.529918,49.15583507057629,-2.8959447767972843,46.25989029377904
961.445196,143,167.605433,979.2871967471489,-17.842001114202855,961.4451956329459
945.705175,144,167.68116,945.7051754744768,0.0,945.7051754744768
977.368257,152,168.342039,977.3682570697651,0.0,977.3682570697651
455.509725,107,168.39897,459.82047635270965,-4.310751209061471,455.5097251436481
110.763803,52,168.428792,115.00861131562372,-4.244808074235606,110.76380324138815
952.991173,139,168.501144,952.9911734504747,0.0,952.9911734504747
87.139511,56,168.531208,106.47541431459086,-19.335903008031377,87.13951130655943
982.206729,145,168.616019,989.25443493013,-7.047706091666743,982.2067288384632
992.219846,153,168.710863,995.8024481482358,-3.5826026240739166,992.219845524162
1020.356446,153,168.808511,1020.3564459384149,0.0,1020.3564459384149
996.014529,151,168.904499,996.0145288588442,0.0,996.0145288588442
939.262485,135,168.988795,939.2624851041788,0.0,939.2624851041788
958.491483,144,169.080276,958.4914834783256,0.0,958.4914834783256
926.254767,137,169.165988,934.5202567862502,-8.265489853823622,926.2547669324265
939.101246,136,169.23575,939.1012464167711,0.0,939.1012464167711
1006.947393,155,169.316541,1008.979704961679,-2.0323122532242417,1006.9473927084548
955.400969,143,169.391917,965.4393835101803,-10.038414134851202,955.4009693753292
981.856287,149,170.069931,981.8562871686581,0.0,981.8562871686581
955.458749,144,170.147435,972.4126135287008,-16.953864887601828,955.4587486410991
961.491193,140,170.222481,961.4911934661151,0.0,961.4911934661151
977.515072,144,170.314841,977.5150720147274,0.0,977.5150720147274
120.251266,61,170.3587,122.06793814298788,-1.8166722255987535,120.2512659173891
963.483919,146,170.452504,971.2327203919513,-7.748801228767394,963.4839191631839
950.762584,140,170.542589,960.30071925188,-9.538135170068406,950.7625840818116
938.241097,147,170.637349,963.3300953461435,-25.08899855168385,938.2410967944597
965.130809,140,170.729685,965.1308088481662,0.0,965.1308088481662
952.000288,135,170.81163,952.0002877137279,0.0,952.0002877137279
-45.275533,20,170.827835,-41.436572623478014,-3.8389606468163695,-45.275533270294375
954.055744,141,170.905897,955.1923863876134,-1.1366423425729018,954.0557440450405
-2.203727,26,170.920487,2.000040133951444,-4.203767591738279,-2.20372745778684
926.580209,134,170.990518,934.1269411073205,-7.546731756486793,926.5802093508336
962.130858,141,171.063925,962.1308575123426,0.0,962.1308575123426
76.844805,41,171.087976,80.12913866812143,-3.284333562394555,76.8448051057269
966.263487,148,171.164316,983.2189912661115,-16.955504449742065,966.2634868163693
1000.73417,146,171.242786,1000.7341702223391,0.0,1000.7341702223391
935.92935,135,171.909966,939.7672133371092,-3.8378632324423805,935.9293501046668
982.712769,146,171.983761,982.7127693988086,0.0,982.7127693988086
-18.772477,25,171.998843,-15.582062448014355,-3.190414409152826,-18.772476857167163
288.141767,86,172.047194,292.76995323264384,-4.628185829540397,288.1417674031035
969.578337,145,172.138875,969.5783369207095,0.0,969.5783369207095
960.608954,136,172.229736,960.6089543594182,0.0,960.6089543594182
-49.339396,21,172.244844,-41.073278120203526,-8.266117588961361,-49.33939570916489
1017.128539,148,176.17999,1017.12853866302,0.0,1017.12853866302
968.133225,140,176.255479,968.1332245528811,0.0,968.1332245528811
945.960121,142,176.340356,945.9601205246474,0.0,945.9601205246474
-57.693968,18,176.355429,-54.35581062578778,-3.338157405361404,-57.69396803114918
-44.386721,19,176.367563,-40.03177028050435,-4.354950820534334,-44.38672110103869
963.894035,139,176.453931,963.8940349685151,0.0,963.8940349685151
983.488416,144,176.549976,983.4884158309094,0.0,983.4884158309094
947.040703,139,176.637264,947.0407028636712,0.0,947.0407028636712
928.797077,140,176.726578,940.9309925287232,-12.133915082702131,928.7970774460211
130.303833,55,176.766025,140.1534621332731,-9.849628728871277,130.30383340440187
64.963446,46,176.797412,68.53158919646935,-3.568143537380168,64.96344565908916
915.49115,133,176.882251,915.4911495091908,0.0,915.4911495091908
972.980248,146,177.573692,972.9802480545501,0.0,972.9802480545501
983.773033,149,177.666156,991.9649057045601,-8.19187288928965,983.7730328152702
951.128127,140,177.758417,951.1449937895163,-0.016866570168853734,951.1281272193476
25.796805,44,177.78728,31.629598759245795,-5.8327934697914054,25.796805289454397
975.881089,144,177.876648,975.8810886674589,0.0,975.8810886674589
-17.315765,24,177.893325,-12.138028925348465,-5.177736024252149,-17.31576494960065
55.195032,36,177.919106,58.13902704562605,-2.943994579793757,55.1950324658323
988.464843,148,177.997139,988.4648431428382,0.0,988.4648431428382
929.133567,138,178.069129,952.3712287327894,-23.237661344442845,929.1335673883466
96.774689,51,178.097248,100.76651408460609,-3.991825533315513,96.77468855129061
927.055348,138,178.175146,927.0553477204235,0.0,927.0553477204235
978.220827,147,178.270604,978.2208265624483,0.0,978.2208265624483
902.307968,132,178.356936,911.3942434931278,-9.086275949307012,902.3079675438205
1006.440768,150,178.449319,1013.281582428403,-6.840814383114231,1006.4407680452887
964.207376,143,178.539167,964.2073758338744,0.0,964.2073758338744
926.506595,132,178.626688,926.5065952023458,0.0,926.5065952023458
966.247392,143,178.716003,966.273558748267,-0.02616658142894579,966.2473921668379
1006.785419,145,178.793275,1006.9167600968074,-0.13134129667680838,1006.7854188001306
964.87974,148,179.453952,964.8797401824895,0.0,964.8797401824895
363.287373,94,179.504284,369.0067308887863,-5.719358375025123,363.2873725137613
947.957619,143,179.58025,947.9576187285542,0.0,947.9576187285542
45.725731,35,179.599524,49.039385169696445,-3.3136543232003692,45.72573084649609
967.365204,150,179.6785,974.5928163672788,-7.227612286631636,967.3652040806471
968.7501,148,179.757167,968.7501003193571,0.0,968.7501003193571
954.418937,141,179.831669,956.4463260442149,-2.0273891485103226,954.4189368957045
978.098362,143,179.905429,978.0983621706837,0.0,978.0983621706837
1003.977818,157,180.004493,1003.9778183190709,0.0,1003.9778183190709
1014.36579,150,180.094381,1014.3657895128299,0.0,1014.3657895128299
344.250081,90,180.151319,354.1157729691244,-9.865692297192425,344.2500806719321
14.6286,31,180.172449,22.275571815996685,-7.646972141997252,14.628599673999432
945.384601,141,180.263131,945.3846006132964,0.0,945.3846006132964
67.350873,42,180.285844,71.63319115373898,-4.282317759189268,67.35087339454972
973.273543,145,180.378177,973.2735434954722,0.0,973.2735434954722
349.382716,98,180.441787,370.97514254627526,-21.59242618148615,349.3827163647891
377.375442,100,180.503961,383.8857099615988,-6.510268287280798,377.37544167431804
976.236548,150,181.163399,988.5370414617769,-12.30049383750281,976.2365476242741
1018.134932,150,181.241368,1018.1349316568082,0.0,1018.1349316568082
921.551099,132,181.30959,921.5510991765636,0.0,921.5510991765636
-54.973928,19,181.321262,-52.15107023025109,-2.822858180527591,-54.97392841077868
940.034844,145,181.395364,940.0348436652247,0.0,940.0348436652247
105.145243,49,181.422965,111.29849867047278,-6.153255432298351,105.1452432381744
984.602908,146,181.501644,984.6029083861561,0.0,984.6029083861561
95.658096,48,181.528131,99.32186021383347,-3.663763930568976,95.65809628326454
-40.660428,21,181.539809,-37.665363682209446,-2.995064119083576,-40.66042780129301
909.003576,131,181.608369,909.0035759341865,0.0,909.0035759341865
169.692263,69,181.647807,192.916062429224,-23.223799026978956,169.69226340224495
1000.04406,151,181.738071,1011.335916441103,-11.291856389593855,1000.0440600515093
961.750486,145,181.831755,975.9053814224117,-14.154895811943911,961.7504856104675
916.993884,146,181.928152,916.9938843106944,0.0,916.9938843106944
972.43169,143,182.018001,972.4316899226525,0.0,972.4316899226525
78.280125,47,182.048226,82.80616958367972,-4.526044801821021,78.28012478185869
962.768615,140,182.139901,962.7686147642394,0.0,962.7686147642394
70.798536,43,182.167617,74.97601056306519,-4.177474217104744,70.79853634596046
-53.488297,19,182.180271,-48.20268285798062,-5.285613841090773,-53.488296699071384
935.406921,144,182.273914,936.922337713577,-1.5154165846807537,935.4069211288963
132.611746,51,182.301327,137.9287062474018,-5.316960734024405,132.6117455133774
931.539777,150,182.967759,941.0520427890034,-9.512265439017531,931.5397773499859
964.64617,148,183.045413,968.9787607088363,-4.332591002427235,964.6461697064088
-50.909986,18,183.057527,-47.311565358733574,-3.5984205069092496,-50.909985865642824
977.6014,145,183.133959,978.8113136958059,-1.209913924979916,977.601399770826
11.087474,34,183.153924,20.29805655874111,-9.210582532547983,11.087474026193107
998.449783,150,183.230243,998.4497834688984,0.0,998.4497834688984
86.199977,43,183.254013,92.24657798849258,-6.046601095375896,86.19997689311664
895.924919,140,183.34373,907.5076792049612,-11.582760659435621,895.9249185455255
289.994769,89,183.401994,292.34231322032883,-2.3475440494979933,289.9947691708309
947.231146,144,183.495539,947.2311459947329,0.0,947.2311459947329
977.023365,154,183.621761,992.1918323908571,-15.168467518528303,977.023364872329
-44.491589,20,183.63386,-40.438969409218956,-4.052619242203077,-44.491588651422035
980.101862,146,183.723167,980.101861781055,0.0,980.101861781055
960.642005,139,183.810887,960.6420047148051,0.0,960.6420047148051
931.747727,141,183.898074,946.0046927445553,-14.256965413850352,931.7477273307051
944.153872,139,183.970088,944.1538717440969,0.0,944.1538717440969
949.90324,141,184.042315,949.9032396431261,0.0,949.9032396431261
165.048899,66,184.078171,169.6311984248745,-4.582299685716815,165.04889873915775
967.793847,156,184.742251,975.8571405035054,-8.063293035164662,967.7938474683408
981.35071,146,184.820155,996.1080314420565,-14.757321831376418,981.35070961068
116.266502,53,184.848758,121.2134873765159,-4.946985822867311,116.26650155364854
942.342657,136,184.92016,942.3426570033614,0.0,942.3426570033614
982.253755,146,189.207232,982.2537546953643,0.0,982.2537546953643
960.786574,146,189.301917,979.3946940481972,-18.608119817119928,960.7865742310771
946.23763,149,189.393616,959.8380394132773,-13.60040932346459,946.2376300898129
85.757429,45,189.423516,90.68864440879798,-4.931214973535743,85.75742943526225
997.384624,146,189.515081,999.0219593215007,-1.6373356264535905,997.3846236950471
953.663527,141,189.608444,953.6635266633573,0.0,953.6635266633573
963.314478,149,189.703962,973.098125278173,-9.783647742959243,963.3144775352138
978.526851,149,189.795697,984.9460673834064,-6.419216684632377,978.5268506987741
981.625412,152,189.874736,984.016370593403,-2.3909590714014843,981.6254115220015
-14.083499,26,189.889861,-8.96927788214353,-5.114221071066547,-14.083498953210068
980.204365,146,189.965395,983.018909829651,-2.814544697122642,980.2043651325282
978.000745,140,190.038762,978.0007445083653,0.0,978.0007445083653
907.922154,136,190.112973,928.0784053884047,-20.15625152705198,907.9221538613527
986.776158,153,190.808641,986.7761576363177,0.0,986.7761576363177
77.928352,44,190.840432,82.46866873771759,-4.540316440067147,77.92835229765046
0.905902,29,190.860126,6.541452287524095,-5.635550247221327,0.9059020403027773
93.374403,44,190.885802,97.38801334895462,-4.013610365013937,93.37440298394071
406.13721,105,190.95509,414.0902103454177,-7.952999958339035,406.1372103870787
947.52081,180,191.047369,947.5208101634614,0.0,947.5208101634614
455.285649,109,191.115937,462.46654643083787,-7.1808977328427375,455.28564869799516
958.358037,148,191.212394,958.3580369356264,0.0,958.3580369356264
969.426148,153,191.313539,969.4261480287646,0.0,969.4261480287646
999.01017,156,191.413048,999.0101704347609,0.0,999.0101704347609
979.258688,140,191.502402,979.2586879167287,0.0,979.2586879167287
954.392504,144,191.591719,954.3925041557341,0.0,954.3925041557341
955.923369,140,191.670571,955.9233694796101,0.0,955.9233694796101
938.69926,141,191.745618,938.730491196777,-0.031231504017515732,938.6992596927595
66.066624,46,191.769294,70.59055130661967,-4.5239273152894794,66.06662399133022
958.971095,146,191.847469,974.7301710069995,-15.759075526711731,958.9710954802878
-54.839002,20,191.859615,-50.029931550561585,-4.809070576309679,-54.83900212687128
981.868625,148,191.937204,981.868625067063,0.0,981.868625067063
994.692353,145,192.599363,994.6923534710313,0.0,994.6923534710313
978.236211,146,192.677001,978.2362108348234,0.0,978.2362108348234
941.442363,147,192.754928,955.2356706026496,-13.79330730190252,941.4423633007469
89.220548,42,192.779059,93.45909295289282,-4.238545101329184,89.22054785156358
932.522865,147,192.863012,932.5228652567394,0.0,932.5228652567394
954.650203,148,192.957941,969.9834736072703,-15.333270525842527,954.6502030814277
956.521813,147,193.049461,956.5218128236319,0.0,956.5218128236319
996.987836,149,193.143802,996.9878357738216,0.0,996.9878357738216
950.851083,140,193.234397,950.8510834478976,0.0,950.8510834478976
1020.695366,152,193.330108,1020.6953657027587,0.0,1020.6953657027587
1004.335334,149,193.420668,1016.324208425749,-11.988874163250454,1004.3353342624987
168.397664,63,193.453928,172.56358909897648,-4.165925023367891,168.3976640756086
354.13086,109,193.509937,360.1859238521105,-6.055063418093571,354.13086043401705
979.508497,148,193.588698,983.7868886131691,-4.278392074312645,979.5084965388564
976.068889,147,193.664755,981.5225661830426,-5.453677413282505,976.06888876976
958.870053,145,194.32884,958.870052733973,0.0,958.870052733973
113.369724,49,194.354474,116.8885173226806,-3.5187928878280124,113.36972443485263
973.730704,148,194.434284,973.7307042795751,0.0,973.7307042795751
377.011206,110,194.497068,383.8024278801302,-6.791222272559466,377.0112056075706
-10.187417,31,194.515206,-3.4593029758907363,-6.7281139425862255,-10.18741691847697
200.04084,78,194.557431,212.32660329303232,-12.285762863564052,200.04084042946826
927.417603,140,194.641513,930.3404845507371,-2.9228813602986454,927.4176031904385
962.337553,144,194.733605,967.9663519574526,-5.628798536258699,962.3375534211939
387.16089,113,194.804574,390.2048584052376,-3.043967966287231,387.16089043895033
61.624894,42,194.830264,65.39087285129926,-3.76597901949727,61.624893831801984
957.733606,144,194.922511,957.8841536437887,-0.1505473447011516,957.7336062990876
950.98729,148,195.019059,952.366566527414,-1.3792766569748762,950.987289870439
986.775942,151,195.110335,992.0302732167619,-5.2543311379632485,986.7759420787987
949.151376,137,195.193415,949.1513763489528,0.0,949.1513763489528
913.443679,137,195.265957,928.2189238551558,-14.775244768503665,913.4436790866522
404.52103,103,195.320004,420.5380722977201,-16.017041990094196,404.5210303076258
932.867607,135,195.390598,932.8676067000034,0.0,932.8676067000034
-48.248596,25,195.405401,-40.47375497441948,-7.774841379053418,-48.24859635347289
982.099213,146,195.48159,982.09921308581,0.0,982.09921308581
959.329021,144,196.140354,959.3290205409628,0.0,959.3290205409628
178.540287,72,196.178138,185.83415599465565,-7.293868927173042,178.5402870674826
909.510268,134,196.254482,909.5102679338013,0.0,909.5102679338013
202.997501,74,196.302941,209.83076933268802,-6.833268692218505,202.99750064046953
144.304934,67,196.348598,148.39141770754216,-4.086483366297639,144.3049343412445
1006.624384,147,196.4454,1006.6243836644882,0.0,1006.6243836644882
971.344942,143,196.533722,971.3449417830756,0.0,971.3449417830756
335.785703,97,196.597753,338.3306176617193,-2.544914475662435,335.7857031860568
151.324485,56,196.635727,157.23081328657918,-5.906328507796178,151.32448477878296
100.348194,56,196.672081,105.02758973995853,-4.67939614724159,100.34819359271694
938.791682,136,196.755416,939.0818557407559,-0.29017339328415215,938.7916823474718
971.65817,149,196.840243,980.7510927874091,-9.092922664955504,971.6581701224536
942.294929,150,196.919066,942.2949288742556,0.0,942.2949288742556
81.114871,48,196.945698,86.91545304432218,-5.800581999484389,81.11487104483778
953.370582,147,197.024786,963.1249305773229,-9.754348497322642,953.3705820800003
-46.979512,21,197.037593,-43.864424215849425,-3.1150879588264546,-46.97951217467589
990.19416,155,197.120211,1000.0615264904616,-9.867366729486765,990.1941597609748
194.628047,72,197.16011,199.86661947602877,-5.238572246987441,194.6280472290413
936.887912,138,197.23361,936.8879115632251,0.0,936.8879115632251
116.28017,60,197.85235,120.89815626517242,-4.617986012823222,116.28017025234917
988.851862,150,197.930437,988.8518621202276,0.0,988.8518621202276
935.719029,138,202.068573,935.7190289051798,0.0,935.7190289051798
947.480991,138,202.144374,947.4809905917498,0.0,947.4809905917498
998.498888,154,202.223024,998.4988883671413,0.0,998.4988883671413
979.428187,151,202.312223,979.428187350099,0.0,979.428187350099
939.356534,143,202.402984,952.9948091008123,-13.638275470241162,939.356533630571
960.470012,143,202.497904,960.4700118869102,0.0,960.4700118869102
426.302998,104,202.567271,431.36373511834665,-5.060737193084704,426.30299792526193
329.381437,94,202.626358,331.48109065342487,-2.099653723867096,329.3814369295578
-43.450652,22,202.64229,-39.51871529322497,-3.9319367414626702,-43.45065203468765
113.28491,52,202.678414,116.12177798624596,-2.836867955431634,113.28491003081434
959.50277,151,202.778462,959.5897507509853,-0.08698032531381017,959.5027704256715
930.73674,146,202.864637,948.5001038606748,-17.763363841535355,930.7367400191393
994.164175,149,202.94402,994.164175038967,0.0,994.164175038967
50.091169,43,202.969368,54.28782115833182,-4.1966520206142555,50.09116913771756
974.296942,156,203.051364,974.2969424980128,0.0,974.2969424980128
954.953159,144,203.76093,954.9531588862947,0.0,954.9531588862947
994.166305,153,203.840083,994.166305457836,0.0,994.166305457836
989.535281,157,203.922522,1005.4014546407443,-15.866173239658806,989.5352814010855
921.970792,143,203.999506,921.9707915393539,0.0,921.9707915393539
983.883448,146,204.078131,983.8834480667994,0.0,983.8834480667994
978.710268,147,204.169909,978.710267906451,0.0,978.710267906451
922.545569,139,204.2597,923.7473749880447,-1.2018061812334802,922.5455688068113
997.79659,146,204.353514,997.7965904055968,0.0,997.7965904055968
994.222277,152,204.449475,995.5337170976856,-1.3114402926431783,994.2222768050424
951.5267,145,204.545126,951.5266998510135,0.0,951.5266998510135
340.538016,98,204.603651,343.6751458364518,-3.137129693602577,340.53801614284924
958.354492,137,204.683097,958.3544919571419,0.0,958.3544919571419
-49.337804,24,204.696645,-41.46681601455573,-7.870987973331719,-49.337803987887455
-50.795795,20,204.708709,-46.985205328998816,-3.81058931927105,-50.795794648269876
929.001206,144,204.784199,937.0837178637207,-8.082511602783168,929.0012062609378
966.594298,144,204.86119,966.5942976215514,0.0,966.5942976215514
987.097414,141,205.522479,987.0974144160059,0.0,987.0974144160059
944.473559,138,205.594998,944.4735594768557,0.0,944.4735594768557
998.476327,153,205.676422,998.4763266201655,0.0,998.4763266201655
212.547844,91,205.726722,216.71476330352715,-4.166919299792082,212.54784400373512
1002.221985,154,205.80755,1008.0406063061894,-5.818620966500586,1002.2219853396888
988.570617,145,205.895901,988.570617238095,0.0,988.570617238095
1003.314266,156,205.994079,1003.3142658910122,0.0,1003.3142658910122
978.927051,154,206.093262,978.9270513781812,0.0,978.9270513781812
184.976186,74,206.142254,205.71025178516587,-20.734066187645066,184.9761855975208
341.237732,97,206.210522,345.8457175890577,-4.607985108504512,341.2377324805533
1025.11661,150,206.305656,1025.1166101090876,0.0,1025.1166101090876
944.072957,145,206.395668,947.4174313248818,-3.3444739387175053,944.0729573861643
994.361354,152,206.483367,994.3613539905207,0.0,994.3613539905207
961.161836,148,206.560747,963.2862167132637,-2.1243809057218783,961.1618358075418
992.790189,149,206.640714,993.254550969292,-0.4643618176283608,992.7901891516638
948.673528,137,207.312589,948.6735276061569,0.0,948.6735276061569
979.751588,150,207.404471,979.751587673047,0.0,979.751587673047
996.547319,152,207.503971,996.5473187816956,0.0,996.5473187816956
1010.433433,158,207.605471,1010.4334334261725,0.0,1010.4334334261725
985.660963,147,207.697729,985.6609629367542,0.0,985.6609629367542
969.264801,145,207.802443,969.2648014209742,0.0,969.2648014209742
991.121253,147,207.893318,991.1212531305907,0.0,991.1212531305907
390.563025,99,207.9549,396.5942832163043,-6.031258211583742,390.5630250047206
87.564515,46,207.987654,94.85167007102305,-7.287154867069312,87.56451520395373
92.67721,55,208.028605,99.50409093093558,-6.82688096271667,92.67720996821888
961.770481,147,208.120058,963.1381916662999,-1.3677104348241915,961.7704812314757
952.739497,142,208.206251,958.8631506903549,-6.12365329233848,952.7394973980164
972.516327,143,208.295438,972.5163270677581,0.0,972.5163270677581
129.921388,51,208.324118,136.06537739281572,-6.143989214388743,129.92138817842698
924.863395,135,208.396422,924.8633953507214,0.0,924.8633953507214
933.450946,143,208.470536,934.2510902416957,-0.8001446224674655,933.4509456192282
958.452294,149,208.549279,958.452294072708,0.0,958.452294072708
159.735803,64,209.224933,162.8031428422906,-3.067340022953066,159.73580281933764
975.542448,144,209.314606,976.0493492250364,-0.50690083752073,975.5424483875156
976.948239,156,209.413015,976.9482394812094,0.0,976.9482394812094
935.81458,146,209.510185,939.298652634759,-3.484073038260547,935.8145795964984
115.889848,50,209.543621,120.68800393080795,-4.798155706759194,115.88984822404879
964.549486,142,209.637374,964.5494859366081,0.0,964.5494859366081
-25.159264,24,209.652379,-18.877508200272032,-6.281755730280061,-25.159263930552086
212.900823,74,209.696438,216.76709856591248,-3.8662755521282888,212.90082301378413
940.228921,151,209.77534,940.2289210781807,0.0,940.2289210781807
61.064629,48,209.799453,65.22898573498591,-4.164357098908944,61.06462863607692
160.936478,66,209.835228,168.71558687008792,-7.779109073281408,160.9364777968064
78.291338,45,209.862979,81.91772831330347,-3.626389864087476,78.29133844921601
130.50635,56,209.894307,135.55430354638014,-5.047953900520829,130.5063496458593
952.910751,143,209.971216,952.9107511583345,0.0,952.9107511583345
965.30967,147,210.047229,965.309670332608,0.0,965.309670332608
927.455626,134,210.117923,927.4556259404397,0.0,927.4556259404397
941.252991,141,210.192798,941.2529905010765,0.0,941.2529905010765
972.040576,148,210.273654,972.0405756754097,0.0,972.0405756754097
102.639676,47,210.298357,106.12821577795309,-3.488540111716566,102.63967566623653
958.933373,149,210.975093,963.5697286036013,-4.636355608734122,958.9333729948671
981.774154,149,215.007055,997.6159068146156,-15.841753309547322,981.7741535050685
969.659309,146,215.083874,969.659308586233,0.0,969.659308586233
984.80035,144,215.158422,984.8003500369202,0.0,984.8003500369202
954.963733,139,215.230919,954.9637331148825,0.0,954.9637331148825
1003.098512,156,215.31343,1008.8394574505821,-5.740945460719681,1003.0985119898625
947.528181,139,215.385977,947.5281805666614,0.0,947.5281805666614
851.052729,134,215.466044,893.2011189189111,-42.14838957864241,851.0527293402688
1008.727782,149,215.56441,1008.7277818393068,0.0,1008.7277818393068
999.317471,152,215.66024,999.3174705799931,0.0,999.3174705799931
1023.131945,151,215.758697,1023.131944894779,0.0,1023.131944894779
991.080597,148,215.84981,991.0805972315635,0.0,991.0805972315635
1003.350463,152,215.947294,1006.4057851092319,-3.0553224872332185,1003.3504626219988
979.329995,150,216.042241,979.3299947337946,0.0,979.3299947337946
246.101049,84,216.087268,251.1115753911164,-5.010526269470183,246.10104912164616
924.528524,142,216.7721,927.0052281474028,-2.4767037785692656,924.5285243688336
994.644328,149,216.85164,994.6443280275879,0.0,994.6443280275879
961.094825,144,216.926275,972.688034889746,-11.593209940110356,961.0948249496355
61.082635,42,216.949783,64.21819705476807,-3.135561639492175,61.08263541527589
968.582939,149,217.030463,968.5829386579765,0.0,968.5829386579765
935.076651,137,217.103886,935.0766509816467,0.0,935.0766509816467
1007.30905,152,217.182736,1007.3090501880324,0.0,1007.3090501880324
919.041426,138,217.264099,919.0414255728823,0.0,919.0414255728823
1001.42615,149,217.363995,1001.4261504995661,0.0,1001.4261504995661
11.970303,31,217.381836,17.089618125987442,-5.1193147764451705,11.970303349542249
924.972187,142,217.477202,924.972186706834,0.0,924.972186706834
937.676436,137,217.569602,937.6764359532751,0.0,937.6764359532751
1013.556544,156,217.675082,1013.5565443419684,0.0,1013.5565443419684
937.497509,140,217.766103,953.6153343726643,-16.117825033743987,937.4975093389203
986.947047,148,217.858482,986.9470473879051,0.0,986.9470473879051
951.368731,145,218.559978,951.3687314968103,0.0,951.3687314968103
960.473307,138,218.631525,960.4733071524654,0.0,960.4733071524654
268.080479,80,218.673236,270.452213775877,-2.371734970211901,268.08047880566505
949.674029,142,218.74921,949.6740287127766,0.0,949.6740287127766
962.448075,138,218.822307,962.44807461276,0.0,962.44807461276
95.296361,52,218.85016,98.5406764869806,-3.2443154256885283,95.29636106129206
958.954081,137,218.921093,958.9540809890091,0.0,958.9540809890091
955.510734,138,218.996782,955.5107335709913,0.0,955.5107335709913
11.50087,28,219.013455,14.918824828076794,-3.417954527078777,11.500870300998002
-43.938013,21,219.026834,-39.13824297023879,-4.799769726232924,-43.938012696471716
943.634851,139,219.110463,943.6348512335705,0.0,943.6348512335705
64.559764,49,219.143653,69.74584877636883,-5.186084303971698,64.55976447239712
424.765429,104,219.213139,431.9112802244963,-7.145851324849349,424.76542889964674
970.352236,147,219.306412,970.3522361178303,0.0,970.3522361178303
216.541335,74,219.35778,221.69698786751917,-5.155653105816469,216.54133476170267
995.229248,144,219.453877,995.229248382745,0.0,995.229248382745
63.849992,38,219.476577,68.41925030775778,-4.569258188571195,63.849992119186595
77.441719,47,219.506897,82.81728281458786,-5.375563434036786,77.44171938055104
966.764664,146,219.600854,966.7646644480369,0.0,966.7646644480369
972.65604,147,219.685796,972.6560395140535,0.0,972.6560395140535
156.380785,67,219.723544,174.44780688201052,-18.067021580960645,156.3807853010499
207.352304,75,220.353439,211.52267761838564,-4.170373675068173,207.35230394331748
933.424878,132,220.43456,933.424877515369,0.0,933.424877515369
105.774491,47,220.466289,110.11029382370205,-4.335802437817769,105.77449138588429
984.934541,147,220.557007,984.9430104116141,-0.008469626225109828,984.9345407853889
1006.960533,149,220.653925,1006.9605333495053,0.0,1006.9605333495053
356.521418,87,220.710951,360.0182997370038,-3.4968821976468805,356.52141753935695
-60.021596,18,220.724518,-55.524778010902594,-4.496818396918466,-60.02159640782106
971.813406,145,220.805545,971.8134063705717,0.0,971.8134063705717
974.901864,151,220.884189,990.4738104636193,-15.571946630116148,974.9018638335032
930.282931,133,220.963047,930.2829308603178,0.0,930.2829308603178
75.770646,49,220.997247,79.08017931322266,-3.3095333967770335,75.77064591644563
973.903425,144,221.081816,973.9034247325026,0.0,973.9034247325026
957.985097,142,221.174531,959.0796788988296,-1.0945817493590946,957.9850971494704
1017.679654,149,221.269757,1017.6796542984997,0.0,1017.6796542984997
975.731525,144,221.363437,987.5114109998702,-11.779885531569594,975.7315254683006
999.16223,149,221.461491,999.1622298641871,0.0,999.1622298641871
991.004462,148,221.546393,1003.8772157326838,-12.872753431448196,991.0044623012353
90.424055,47,221.572132,96.6212435329661,-6.197188385196113,90.42405514776999
964.264198,139,222.243244,964.2641980823814,0.0,964.2641980823814
943.386364,143,222.334178,943.3863638324633,0.0,943.3863638324633
927.150705,138,222.427397,946.2308250798997,-19.08011987141677,927.150705208483
102.945764,55,222.464692,107.61948491249407,-4.673721014284545,102.94576389820955
997.28932,149,222.556987,997.624844498068,-0.33552429113209126,997.289320206936
141.990967,57,222.593329,144.5578922615065,-2.566924981978052,141.99096727952852
968.004131,147,222.678954,968.0041307846061,0.0,968.0041307846061
999.507596,144,222.754096,999.5075958804815,0.0,999.5075958804815
991.684076,150,222.8331,997.4435823639456,-5.759506502455813,991.6840758614898
930.713554,133,222.901445,930.7135540020741,0.0,930.7135540020741
923.608845,131,222.970088,923.6088449448902,0.0,923.6088449448902
967.119545,145,223.045539,971.8586679961355,-4.739122755869969,967.1195452402656
1008.807698,152,223.12518,1008.915610018288,-0.10791158875423168,1008.8076984295338
979.727035,144,223.199669,979.7270345421573,0.0,979.7270345421573
236.683365,74,226.512466,242.72101742185225,-6.0376526161266435,236.68336480572555
269.467027,82,226.555407,273.5518439840263,-4.084817295780072,269.46702668824616
-31.44333,22,226.568572,-25.79697735698538,-5.646352954881531,-31.443330311866916
167.775929,62,226.601353,171.10047362319517,-3.324544493168287,167.7759291300269
978.426159,147,227.329048,978.426159275052,0.0,978.426159275052
68.70513,40,227.355844,74.16571587627415,-5.4605859951762055,68.70512988109796
987.35727,147,227.448131,987.357270471754,0.0,987.357270471754
953.978708,145,227.540953,953.9787076685941,0.0,953.9787076685941
970.164149,146,227.632665,970.164149385615,0.0,970.164149385615
957.642257,141,227.727049,960.4369903350835,-2.7947336518107955,957.6422566832728
977.063504,144,227.819707,977.0635035789452,0.0,977.0635035789452
933.635094,136,227.904322,942.1775141752441,-8.542419688252522,933.6350944869915
137.147908,54,227.934187,144.5591291126465,-7.411220898461112,137.14790821418532
108.395135,48,227.960074,112.50230816872235,-4.107172806273433,108.39513536244888
950.419247,145,228.036746,950.4192472200658,0.0,950.4192472200658
91.950548,43,228.060397,97.9237193403135,-5.973171180933725,91.95054815937978
244.047834,82,228.102578,248.63537596591823,-4.587542365519157,244.0478336003991
946.366255,138,228.175367,955.853382651384,-9.487127303349249,946.3662553480348
970.07587,141,228.247809,970.0758695221923,0.0,970.0758695221923
1027.895684,153,228.330163,1027.8956839439265,0.0,1027.8956839439265
1010.964469,154,228.41146,1010.964469333895,0.0,1010.964469333895
977.963741,149,229.111142,977.963740989559,0.0,977.963740989559
955.519925,147,229.186509,964.7380418360335,-9.21811645545193,955.5199253805815
280.859937,85,229.231465,284.0919945400158,-3.2320576390247417,280.859936900991
971.37477,146,229.307959,971.3747702367118,0.0,971.3747702367118
79.04006,48,229.334706,82.48846346080958,-3.4484038899323473,79.04005957087728
984.091847,149,229.414474,984.0918471448996,0.0,984.0918471448996
991.686532,147,229.490686,991.6865322102069,0.0,991.6865322102069
120.357553,51,229.517828,126.72530571755,-6.367752587076148,120.35755313047385
983.254031,149,229.595639,997.6953442541126,-14.441313578516116,983.2540306755966
972.633695,151,229.675288,975.4270351348,-2.793340171981832,972.633694962818
962.14137,144,229.753862,962.1413704922439,0.0,962.1413704922439
954.222314,143,229.826577,958.1076493471094,-3.8853353475873096,954.2223139995217
984.392271,154,229.909617,984.3922708195487,0.0,984.3922708195487
69.571803,48,229.934778,74.3878281639669,-4.816025346704148,69.57180281726278
940.611511,138,230.009496,940.6115111735835,0.0,940.6115111735835
955.08381,146,230.08485,963.0703042752299,-7.9864941790696315,955.0838100961604
115.786085,49,230.113166,121.949914079704,-6.163829197495966,115.78608488220806
973.445624,151,230.822028,973.4456240006743,0.0,973.4456240006743
185.285279,68,230.856864,188.17868926800782,-2.893410658979601,185.28527860902818
1003.805202,151,230.936195,1003.8052022545205,0.0,1003.8052022545205
993.699034,145,231.012534,993.699034324754,0.0,993.699034324754
946.177618,138,231.085319,946.2423079874108,-0.06468984153561674,946.1776181458752
994.140983,146,231.159878,994.1409829882942,0.0,994.1409829882942
-45.278833,20,231.173557,-40.310609793109805,-4.9682231204379725,-45.27883291354776
953.254574,146,231.248847,953.2545735826237,0.0,953.2545735826237
917.855774,136,231.320054,922.8508449920794,-4.995070744457442,917.8557742476219
107.834415,51,231.347955,114.22736475434834,-6.392949292891338,107.83441546145696
239.21704,79,231.38974,243.78462260613023,-4.567582529589313,239.21704007654094
918.030216,132,231.459959,918.0302156470857,0.0,918.0302156470857
949.308376,143,231.535247,949.3083761055132,0.0,949.3083761055132
956.683533,149,231.614676,975.2171580039546,-18.533624738435737,956.6835332655189
977.281286,145,231.689822,979.3153336534031,-2.0340481401801105,977.2812855132229
145.929224,55,231.720754,151.0534824698667,-5.124258620110889,145.92922384975577
955.283422,143,231.796336,955.2834216681408,0.0,955.2834216681408
975.466325,149,232.480062,975.4663247247336,0.0,975.4663247247336
-58.351393,17,232.492182,-54.61828022360053,-3.7331130177387557,-58.35139324133928
228.545112,79,232.534472,231.71557595473908,-3.1704637718224644,228.54511218291665
991.408869,149,232.614402,992.5613293307654,-1.1524600510317509,991.4088692797336
989.290058,152,232.712385,1003.4889314868425,-14.198873099658309,989.2900583871843
947.581312,141,232.801196,952.6244001183074,-5.0430882397212935,947.5813118785861
919.15045,138,232.891853,932.2088140434206,-13.058363574839706,919.150450468581
938.244444,143,232.982167,945.1447798593797,-6.900335978328726,938.244443881051
938.852983,138,233.072408,938.8529832211699,0.0,938.8529832211699
335.229132,93,233.134181,338.0847147841329,-2.855582975144185,335.22913180898877
967.120082,140,233.216694,967.1200816827542,0.0,967.1200816827542
4.018409,27,233.236279,8.066397806687391,-4.047989000161584,4.018408806525812
910.530282,133,233.307169,910.5302818540533,0.0,910.5302818540533
136.738752,52,233.335813,143.29514657302383,-6.5563944239346545,136.73875214908912
992.289624,147,233.411956,996.5342452621404,-4.24462132925809,992.2896239328824
999.374396,149,233.490457,999.3743961317568,0.0,999.3743961317568
931.462975,142,233.565545,931.4629750819348,0.0,931.4629750819348
61.645178,40,233.589267,65.10326341880724,-3.4580851269172763,61.645178291890005
404.127189,98,233.643659,407.67420517686827,-3.5470162199485777,404.1271889569197
951.555119,140,234.300829,951.5551194961502,0.0,951.5551194961502
70.598613,46,234.326535,77.5386559011869,-6.9400425269703545,70.59861337421651
82.21838,42,234.349224,87.98136535691565,-5.762985427512835,82.21837992940281
980.147161,147,234.427532,992.0246401659309,-11.87747927938613,980.1471608865447
94.14856,47,234.451627,102.60483823050662,-8.456277917936985,94.14856031256961
966.175751,141,234.525854,967.7449604217968,-1.569209652158218,966.1757507696386
973.778009,158,234.60699,978.6473818236104,-4.869373260780157,973.7780085628302
193.603893,70,234.646281,197.02353394830487,-3.4196404836683456,193.60389346463649
341.445623,99,234.700827,345.6936238398029,-4.248000988024628,341.4456228517783
930.640018,139,234.775191,944.3359292599182,-13.695911232703796,930.6400180272144
969.139634,141,234.849311,969.1396338699506,0.0,969.1396338699506
935.43927,147,234.928273,954.6473265390491,-19.20805654488887,935.4392699941602
946.840974,140,235.001954,946.8409741691657,0.0,946.8409741691657
1011.604291,147,235.080531,1011.6042907873695,0.0,1011.6042907873695
382.386503,98,238.975456,390.0268676075097,-7.640364922940366,382.3865026845693
335.879669,97,239.02844,339.27307257182946,-3.3934038717482204,335.87966870008114
248.961105,79,239.076392,252.4935079369154,-3.532402513984173,248.96110542293118
363.717541,103,239.146257,367.0375534079756,-3.320012547938137,363.7175408600375
950.125105,151,239.812028,970.7370713001775,-20.611966218231004,950.1251050819465
1008.269022,151,239.892378,1008.2690216932533,0.0,1008.2690216932533
928.986725,136,239.966295,928.986724773107,0.0,928.986724773107
396.376753,103,240.022162,411.2900505257682,-14.913297262207468,396.37675326356083
938.242224,141,240.095165,952.1382402050167,-13.896016225487642,938.242223979529
97.289881,46,240.121506,104.10872003674395,-6.818839477534804,97.28988055920915
936.951811,140,240.195348,936.9518105391643,0.0,936.9518105391643
978.326584,144,240.27249,978.3265837814023,0.0,978.3265837814023
971.983852,150,240.351676,971.9838515126004,0.0,971.9838515126004
950.307409,149,240.433309,959.0218285101205,-8.714419832197148,950.3074086779234
960.827063,142,240.509055,960.8270628940464,0.0,960.8270628940464
389.047876,102,240.567487,395.55209087414494,-6.504215067834448,389.04787580631057
966.947219,141,240.644656,966.9472187554591,0.0,966.9472187554591
982.612328,145,240.727475,982.612327656888,0.0,982.612327656888
0.353067,30,240.744064,5.270604024443102,-4.917536805041312,0.3530672194018223
951.696857,139,240.835871,951.6968573204342,0.0,951.6968573204342
406.903451,100,240.90647,410.674250605182,-3.7707996161064887,406.9034509890755
116.987767,49,240.942411,121.4446063883104,-4.456838976484703,116.98776741182567
1012.194158,155,241.632762,1012.1941575170085,0.0,1012.1941575170085
119.643575,54,241.661423,123.63556531302459,-3.9919904666568575,119.64357484636776
994.489443,149,241.740671,998.6222953720569,-4.13285254593988,994.489442826117
998.501645,149,241.818464,998.5016452763834,0.0,998.5016452763834
165.9231,68,241.855757,170.37853178638227,-4.455431629129508,165.9231001572527
936.937996,140,241.929894,956.1038732635284,-19.165876857862788,936.9379964056657
956.035395,144,242.007298,956.0353946486648,0.0,956.0353946486648
977.995094,147,242.083848,980.3012831478708,-2.306189192901874,977.9950939549689
978.394444,146,242.159958,978.394443873529,0.0,978.394443873529
936.164286,136,242.232464,936.1642856503017,0.0,936.1642856503017
128.45608,52,242.259855,134.3930239390814,-5.9369434581514815,128.45608048092993
970.761587,147,242.338672,970.7615871310654,0.0,970.7615871310654
995.071928,145,242.414408,995.0719281531877,0.0,995.0719281531877
464.289791,110,242.474844,469.73351728370363,-5.443726256075197,464.28979102762816
939.49659,142,242.564411,939.6286470897618,-0.13205743518695545,939.4965896545749
959.866784,143,242.660303,959.8667841780713,0.0,959.8667841780713
950.839902,145,243.312887,964.8988760229303,-14.058973746212997,950.8399022767172
985.802681,150,243.393197,985.8026812940204,0.0,985.8026812940204
921.244003,136,243.464494,933.5989628286331,-12.354960104440766,921.2440027241923
60.022308,37,243.485663,63.64600214970612,-3.6236939639000534,60.02230818580604
147.657271,55,243.518808,152.1745500459944,-4.51727940351638,147.657270642478
995.210935,156,243.60398,1004.5358471801416,-9.324911954150378,995.2109352259911
-56.815405,19,243.614537,-52.55748278516039,-4.2579221521967066,-56.81540493735711
965.258243,142,243.687743,978.386640773317,-13.12839764803638,965.2582431252805
947.048673,147,243.766188,965.9656725477306,-18.916999518674107,947.0486730290569
923.519404,136,243.837794,928.3702338140066,-4.850830163531498,923.5194036504752
998.701561,146,243.914385,998.7015612912772,0.0,998.7015612912772
931.220316,134,243.988967,931.2203159216542,0.0,931.2203159216542
71.140489,40,244.010064,76.36368732145615,-5.223198551673559,71.14048876978259
936.786657,144,244.086428,936.7866569603541,0.0,936.7866569603541
980.034287,148,244.166438,980.0404950315616,-0.006207784459945742,980.0342872471016
1007.037484,153,244.263605,1007.0374843777944,0.0,1007.0374843777944
939.167156,145,244.357198,952.9719362682814,-13.804780557795874,939.1671557104855
128.877587,50,244.96451,132.78816358064108,-3.910576770087819,128.87758681055323
971.222089,144,245.040524,988.2713435049666,-17.049254502430294,971.2220890025362
954.002655,146,245.11851,959.4223286711992,-5.4196740962718275,954.0026545749272
369.502804,99,245.171283,374.71876371635443,-5.215959991785036,369.5028037245694
-33.379244,23,245.183345,-29.53186943845519,-3.847374711872794,-33.37924415032798
968.74096,149,245.262889,968.7409599227614,0.0,968.7409599227614
934.560669,137,245.350004,934.5606687611725,0.0,934.5606687611725
973.114548,149,245.428402,990.6260292308813,-17.511481682595832,973.1145475482855
1015.294147,154,245.50987,1015.2941466856133,0.0,1015.2941466856133
940.002711,138,245.581589,944.4009272359389,-4.398215740193195,940.0027114957456
985.466325,144,245.659981,985.4663246337018,0.0,985.4663246337018
927.248592,134,245.729924,927.248591702694,0.0,927.248591702694
266.437672,85,245.775179,270.1986228326557,-3.7609510919253717,266.4376717407303
965.158454,138,245.847743,965.1584538876072,0.0,965.1584538876072
136.75755,54,245.878034,141.16932673160898,-4.411776401996836,136.75755032961217
968.05,149,245.956898,968.0500003801112,0.0,968.0500003801112
957.109378,139,246.030107,957.1093780769497,0.0,957.1093780769497
382.186296,107,246.6584,386.8458764389801,-4.659580903507166,382.1862955354728
970.343997,150,246.736832,970.3439970823588,0.0,970.3439970823588
947.095599,138,246.809011,947.0955991117821,0.0,947.0955991117821
978.629328,150,246.891543,997.5331948771315,-18.903867189710958,978.6293276874205
992.370195,151,246.972428,992.3701948124217,0.0,992.3701948124217
928.043413,139,247.0442,930.6154146651656,-2.5720012275171937,928.0434134376483
993.143647,149,247.125885,993.143647025416,0.0,993.143647025416
984.86524,152,247.206229,984.8652403184274,0.0,984.8652403184274
991.967999,150,247.284923,991.9679985252701,0.0,991.9679985252701
930.640616,133,251.371496,930.6406156798785,0.0,930.6406156798785
952.992579,136,251.454419,952.992578921453,0.0,952.992578921453
977.660754,154,251.557028,977.6607536345073,0.0,977.6607536345073
928.119091,138,251.640171,928.1190907832679,0.0,928.1190907832679
389.546566,107,251.708121,393.99537787149075,-4.448811387777953,389.5465664837128
990.995342,150,251.791672,991.3016313305036,-0.30628965606230274,990.9953416744413
