#{"t_start": 1788917266.2472556, "env_id": "None"}
r,l,t,episode_base_return,episode_risk_return,episode_training_return
-224.544627,233,0.895144,-223.3996699361967,-1.1449568112245725,-224.54462674742132
-247.577343,368,1.091482,-247.577343393638,0.0,-247.577343393638
44.556288,298,1.247796,44.55628764897388,0.0,44.55628764897388
-223.024009,130,1.317909,-223.02400858609508,0.0,-223.02400858609508
-166.03905,235,1.439103,-160.9208924868196,-5.118157484095558,-166.03904997091502
-138.614448,221,1.557431,-120.15621859477673,-18.458229333671547,-138.61444792844833
-275.584043,331,1.73214,-275.58404250550734,0.0,-275.58404250550734
35.599107,77,1.773963,90.63257569758689,-55.03346836210915,35.59910733547791
402.165854,600,2.731368,402.16585449395023,0.0,402.16585449395023
189.916518,141,2.825852,238.74559697204893,-48.82907906498211,189.91651790706675
39.210996,105,2.889458,73.93859390054135,-34.72759776683807,39.210996133703276
14.21172,63,2.931381,58.30532548625767,-44.09360527808897,14.211720208168728
873.154748,326,3.10267,920.8805066865988,-47.72575833599667,873.1547483506021
461.168442,600,3.418521,461.1684418895418,0.0,461.1684418895418
327.655156,356,3.605924,403.72623339990565,-76.07107763519522,327.6551557647106
66.557994,75,4.246724,107.18689841944291,-40.628904430533126,66.5579939889098
177.852891,600,4.621316,234.4206574564586,-56.56776690036118,177.8528905560971
81.82778,103,4.69111,111.01312815095318,-29.185347891586602,81.82778025936659
301.057676,338,4.875603,345.0537677742648,-43.99609207181965,301.0576757024451
318.354883,387,5.107656,360.67119069766227,-42.316308106120395,318.3548825915419
-92.93485,25,5.1279,-54.3485863934821,-38.58626315360628,-92.9348495470884
-237.293292,143,5.220845,-237.29329230622034,0.0,-237.29329230622034
463.94674,417,6.092514,484.9616803062263,-21.014940634785468,463.9467396714409
305.331205,374,6.329738,337.395956571477,-32.06475131600577,305.3312052554715
878.992563,597,6.694106,917.688481095299,-38.69591769384162,878.9925634014571
500.794767,406,6.929403,544.8624743644709,-44.06770699436799,500.7947673701029
48.72548,113,7.005084,96.33449914608128,-47.60901915089148,48.72547999518984
420.450873,479,7.320443,454.2091941907183,-33.75832089099573,420.4508732997221
237.608638,153,8.057038,279.9521090386944,-42.3434706635756,237.60863837511883
232.396191,183,8.166087,334.07033555349847,-101.67414419567709,232.39619135782135
334.27415,212,8.298854,384.44149980419223,-50.16734945568986,334.27415034850253
27.32122,322,8.503479,66.5004886296522,-39.17926813309335,27.321220496558922
610.754026,315,8.670987,610.7540256759676,0.0,610.7540256759676
459.996751,305,8.860044,536.7073309505931,-76.710579669725,459.9967512808685
944.528005,219,8.99871,944.5280054954321,0.0,944.5280054954321
957.647055,285,14.249536,957.6470550393896,0.0,957.6470550393896
238.78505,425,15.073062,322.6120198581524,-83.82696993383676,238.7850499243157
27.112105,69,15.111257,87.4752479643669,-60.36314320468702,27.11210475967991
898.643925,346,15.292919,944.1283745008634,-45.48444914817974,898.6439253526838
352.230194,315,15.461519,429.37742753206874,-77.14723308388699,352.2301944481817
306.399461,140,15.542113,351.4590486208315,-45.05958753173768,306.39946108909373
259.71114,237,15.705084,330.5551587683575,-70.84401880948433,259.71113995887316
949.253293,487,16.019123,959.330300130701,-10.077006885002984,949.253293245698
993.63061,234,16.763333,993.6306103428658,0.0,993.6306103428658
-79.957415,34,16.781462,-35.57832082374013,-44.37909416458787,-79.957414988328
70.148043,101,16.839767,111.36980320625372,-41.221760563800686,70.14804264245305
90.718306,84,16.884861,123.36772596749591,-32.64942045694115,90.71830551055476
24.373645,93,16.934265,49.380328091405346,-25.006683311866514,24.373644779538893
28.81812,66,16.970563,63.20192041660148,-34.38380076234533,28.818119654256193
999.619711,279,17.118954,999.6197112241364,0.0,999.6197112241364
326.761769,343,17.299488,371.0364580766504,-44.274688820873536,326.7617692557767
590.170955,600,17.691479,599.8726658453102,-9.701710473977665,590.1709553713328
33.994048,80,17.746762,61.1675475396559,-27.17349908329831,33.99404845635762
531.000066,600,18.726544,534.4747046981721,-3.4746385136305236,531.0000661845415
285.158201,121,18.792176,326.84667741629005,-41.68847687207712,285.158200544213
21.77545,79,18.834023,68.12075453945548,-46.34530426979051,21.775450269664987
970.980671,416,19.053401,970.9806712393797,0.0,970.9806712393797
964.598442,224,19.173523,981.5714141186594,-16.972972114588494,964.5984420040711
842.105015,244,19.325306,911.9929228207583,-69.88790768974968,842.1050151310086
931.468586,579,19.694771,943.7811080007909,-12.31252166923343,931.4685863315577
972.949739,231,20.450901,972.9497387576339,0.0,972.9497387576339
403.866581,165,20.539715,454.9290850389323,-51.06250435033335,403.8665806885993
278.937486,122,20.606435,326.54386101182183,-47.60637507617037,278.93748593565147
40.821631,50,20.635243,82.09891025663572,-41.277279384426194,40.82163087220957
42.164092,70,20.673244,108.1178336104401,-65.95374208346107,42.164091526979036
956.970102,245,20.804628,992.9425987421239,-35.972496797364265,956.9701019447598
898.071197,522,21.09325,898.0711973454418,0.0,898.0711973454418
41.397621,54,21.130579,71.13042893804972,-29.73280768085989,41.39762125718984
119.095162,90,21.190887,168.90064360911992,-49.80548197193226,119.09516163718786
26.691463,49,21.225263,70.57998239186414,-43.88851907701623,26.69146331484795
-26.317123,32,21.246562,14.849405074085183,-41.16652830946835,-26.31712323538318
899.894238,204,21.388338,928.8219120009054,-28.927673894344313,899.8942381065613
230.104503,120,21.459339,287.61840277079295,-57.51390008306179,230.10450268773124
980.255405,265,22.230427,997.5116952135035,-17.25628993526148,980.2554052782418
-14.913167,35,22.250048,5.903526334296302,-20.816692864952387,-14.913166530656085
959.280417,276,22.394941,1006.5019914157723,-47.22157437026148,959.2804170455108
937.979188,217,22.510827,978.3573796714988,-40.378191385704405,937.9791882857942
951.524742,222,22.630729,959.2279287211838,-7.703186824365688,951.524741896818
25.546311,55,22.662503,61.64411993692269,-36.09780914671029,25.54631079021243
50.488065,60,22.697051,94.6328512092534,-44.14478617508879,50.48806503416458
829.105107,193,22.802986,892.0267322110888,-62.921625213605985,829.1051069974828
995.145351,242,22.945387,1016.7788599196517,-21.633508798739058,995.1453511209127
916.969153,293,27.294915,930.6799365017403,-13.710783453184233,916.9691530485561
943.243657,218,27.410299,943.2436565244939,0.0,943.2436565244939
218.31857,120,28.081048,255.16565905198829,-36.84708928973417,218.3185697622542
965.713063,191,28.195249,966.5220579664455,-0.8089946196749063,965.7130633467706
-33.893282,46,28.225551,2.5288678778385645,-36.42214948762228,-33.89328160978373
962.723581,213,28.346625,969.4867607983599,-6.76318012500577,962.723580673354
941.06153,174,28.440065,941.0615302224924,0.0,941.0615302224924
20.015824,60,28.472481,62.29958179965968,-42.28375758124086,20.015824218418885
17.50727,64,28.507993,69.7203332133879,-52.21306366054047,17.507269552847447
919.497012,283,28.656532,981.2443579212352,-61.74734639730097,919.4970115239346
917.457453,443,28.890697,939.9281595249341,-22.470706649742844,917.4574528751915
-53.896071,35,28.911869,-27.650413670806174,-26.245656913060195,-53.89607058386639
310.225456,131,28.982063,386.3686170864554,-76.14316068352133,310.2254564029341
50.257401,58,29.013812,98.17974822939847,-47.92234685473286,50.25740137466563
930.35064,259,29.151473,930.3506396734182,0.0,930.3506396734182
977.348021,259,29.910187,1006.4814754657198,-29.13345421941911,977.3480212463005
893.620527,199,30.035532,968.6594599308924,-75.03893256893065,893.6205273619622
950.715245,265,30.19809,959.3594842883329,-8.644239745797318,950.7152445425354
964.246846,263,30.33383,964.2468455780469,0.0,964.2468455780469
355.195079,129,30.409511,385.1359470256881,-29.940867728567703,355.1950792971203
41.311417,53,30.443638,85.94854636566879,-44.63712911695566,41.311417248713184
980.344767,262,30.608041,1005.0224743159744,-24.677707624299707,980.344766691675
317.303099,137,30.697338,361.5437191827203,-44.24062042180236,317.3030987609179
310.647978,110,30.768055,354.93669681686197,-44.28871858942508,310.6479782274369
102.16395,96,30.829574,155.89787266634332,-53.73392251018875,102.16395015615458
303.846476,121,30.908527,355.3078971080813,-51.46142143497332,303.84647567310816
364.090416,122,30.987962,418.77724523247196,-54.68682955889041,364.0904156735815
328.838396,115,31.05243,365.40344000536675,-36.56504416037391,328.8383958449929
972.584721,211,31.777936,992.2314642292688,-19.646743706432307,972.5847205228365
351.544859,130,31.861727,400.8053237016869,-49.260464259113085,351.54485944257385
9.992938,48,31.890543,47.58731913073356,-37.59438111847647,9.992938012257127
872.661998,276,32.038497,952.7372492415506,-80.07525115899666,872.6619980825536
-55.116987,24,32.053216,-28.550301925546606,-26.566684820976036,-55.116986746522635
342.203166,118,32.116368,366.5259644019411,-24.322798349945593,342.20316605199554
94.799896,90,32.165373,138.78055489529262,-43.98065917601094,94.79989571928166
900.960073,286,32.326429,937.7385185996802,-36.778446094173106,900.9600725055072
369.174921,124,32.407419,406.65827482927824,-37.48335427478095,369.1749205544975
948.073357,238,32.559132,964.134666703829,-16.061310072407377,948.0733566314218
60.548678,60,32.599214,110.45528563615804,-49.90660795556588,60.54867768059222
398.600022,143,32.694918,428.349239489447,-29.7492173520127,398.60002213743417
372.392892,128,32.773148,402.18894971291525,-29.79605817487544,372.3928915380399
853.853444,279,33.533356,964.9698118505603,-111.11636766168593,853.8534441888742
930.089328,181,33.645204,930.0893281517705,0.0,930.0893281517705
959.225486,173,33.747218,959.2254857185964,0.0,959.2254857185964
941.661854,205,33.854205,984.7374498464222,-43.075595554253496,941.6618542921689
387.059536,161,33.94082,438.78044042728783,-51.7209046656257,387.0595357616619
30.416779,50,33.967599,81.5651702042091,-51.148391356475685,30.416778847733525
953.313891,176,34.061154,953.3138909310946,0.0,953.3138909310946
31.861067,46,34.086892,80.5901762686933,-48.72910883583968,31.861067432853687
934.851115,221,34.217411,972.4156018082423,-37.5644868936039,934.8511149146384
53.385288,65,34.257774,94.21372011619668,-40.828431690137215,53.38528842605946
309.405103,102,34.324048,355.18319319417265,-45.77808994376759,309.4051032504051
906.707605,208,34.456509,929.8758908525999,-23.168285698957593,906.7076051536425
906.479268,194,34.585119,959.4491284993204,-52.96986035192457,906.4792681473962
266.416927,116,34.659986,319.49641264211095,-53.07948561400104,266.41692702811014
39.859389,67,35.31908,77.34890865691503,-37.489519338046264,39.85938931886889
918.844368,227,35.456027,929.3045950635079,-10.460227562995753,918.8443675005121
-68.023363,21,35.471188,-41.16142794287774,-26.86193522083858,-68.02336316371631
43.623121,46,35.501515,78.91320529859748,-35.29008437861145,43.62312091998605
962.365416,224,35.632873,1006.832155952291,-44.46673992934314,962.3654160229478
942.791787,229,35.75255,962.4930399231022,-19.70125299199898,942.7917869311032
344.843522,112,35.81212,385.60711287599054,-40.76359050884717,344.84352236714335
924.245227,224,35.932763,955.3867629770468,-31.141536350812512,924.2452266262346
906.603797,193,36.043281,959.9229450557398,-53.319148389751724,906.6037966659882
935.889545,185,39.711312,954.1118611233289,-18.222316224316707,935.8895448990122
958.965923,198,39.820693,974.9769651003232,-16.011041932065066,958.9659231682583
961.343153,212,39.933845,1002.4248721548104,-41.08171911187182,961.3431530429389
988.140989,187,40.640422,988.1409892599843,0.0,988.1409892599843
949.487405,174,40.734051,959.194012380902,-9.706607278785604,949.4874051021163
-78.749746,31,40.753223,-38.08239473661639,-40.66735107215939,-78.7497458087758
912.473428,166,40.84496,960.7577097614864,-48.2842815818852,912.4734281796012
913.699554,164,40.930633,941.1623924329181,-27.462838777964812,913.6995536549533
343.025138,145,41.007735,379.15332719824073,-36.128189407252606,343.02513779098797
34.815621,65,41.044088,73.70603650614174,-38.890415656548456,34.8156208495933
157.177684,83,41.089357,188.50296485628357,-31.32528056626324,157.17768429002032
963.525061,181,41.185846,963.5250614641336,0.0,963.5250614641336
61.280472,60,41.217605,112.24120844888182,-50.9607365378566,61.28047191102522
276.62072,120,41.280098,321.63379955645365,-45.01307946125411,276.62072009519943
964.495048,192,41.380266,991.375152963205,-26.880105316702135,964.4950476465027
232.913172,106,41.435381,313.1104955278841,-80.19732376615573,232.9131717617284
-82.541994,17,41.447147,-58.71606225823313,-23.825932235529464,-82.5419944937626
284.147962,106,41.50415,330.3814657115293,-46.23350378254283,284.1479619289865
945.619782,177,41.600416,945.6197818932613,0.0,945.6197818932613
-45.091066,28,41.617082,-9.773661602210723,-35.31740434418443,-45.09106594639516
300.446385,114,41.6767,357.5577074907537,-57.11132289635639,300.4463845943973
345.041705,127,42.353987,396.14914288739965,-51.107437428596384,345.0417054588033
990.678007,186,42.456783,990.6780066279822,0.0,990.6780066279822
991.297321,183,42.553017,998.9671612947984,-7.669840498893746,991.2973207959045
969.86312,200,42.662128,982.6581950756829,-12.795074687971654,969.8631203877113
936.500133,220,42.77804,973.614971481669,-37.11483839291619,936.5001330887533
910.310214,174,42.871749,958.390840882616,-48.080627092786926,910.3102137898292
-33.843796,34,42.889852,5.275840889916978,-39.11963651231511,-33.84379562239813
364.673517,127,42.962052,430.07995428059235,-65.40643739545084,364.6735168851413
950.503949,174,43.054358,950.5039488320559,0.0,950.5039488320559
-61.5616,23,43.06644,-28.40543515851965,-33.15616488041892,-61.56160003893858
-76.10205,21,43.080036,-44.31266731034533,-31.789382272120434,-76.10204958246578
931.021206,168,43.184855,935.7825243145285,-4.7613185921980365,931.0212057223306
930.966794,181,43.302072,949.660482692851,-18.69368879343875,930.9667938994122
900.165484,173,43.414145,941.928134604925,-41.76265045338398,900.165484151541
181.06325,81,43.469163,221.7511457464848,-40.68789534078534,181.0632504056995
66.849688,70,44.128541,108.24439382027174,-41.39470608603675,66.84968773423506
919.385018,170,44.219577,969.6970231058357,-50.312004753024596,919.385018352811
983.389375,164,44.30572,993.7070417831736,-10.317666504396573,983.3893752787773
919.988654,172,44.396041,964.7438666898037,-44.75521311390862,919.9886535758951
311.127327,106,44.453386,347.48248709911195,-36.35515979201504,311.12732730709695
985.581243,161,44.540023,985.5812431826013,0.0,985.5812431826013
864.125477,187,44.638602,943.6110977233277,-79.4856209483594,864.1254767749684
959.005479,187,44.740411,959.0054785984361,0.0,959.0054785984361
1008.879904,189,44.840485,1008.8799037554513,0.0,1008.8799037554513
916.478977,163,44.936673,932.530281200488,-16.05130452784738,916.4789766726407
933.990029,175,45.047014,949.6952114762078,-15.70518294162313,933.9900285345847
913.037777,160,45.14808,965.9843069919938,-52.946530390446405,913.0377766015474
929.325794,166,45.257963,967.1615320609192,-37.83573822775967,929.3257938331597
63.04174,65,45.927974,104.98395171767916,-41.942212042279664,63.041739675399555
965.718908,185,46.03532,965.7189076845956,0.0,965.7189076845956
397.318104,112,46.096258,420.44646983133777,-23.128365610249993,397.3181042210875
67.297666,53,46.124939,99.58460196156062,-32.286936418482426,67.29766554307835
80.125535,52,46.154811,111.49180219800533,-31.366267345326385,80.12553485267892
321.530676,104,46.213936,360.421580042973,-38.890903578836344,321.53067646413666
43.200925,54,46.245004,82.66227482216047,-39.46134988809652,43.20092493406398
952.711577,158,46.333077,960.9600187009053,-8.248441739663114,952.7115769612421
391.310584,116,46.399443,437.1895638899341,-45.87898001141191,391.31058387852204
977.546327,173,46.493027,979.8724084920743,-2.326081310811456,977.5463271812628
63.013312,49,46.520597,104.61665586006751,-41.60334435769581,63.01331150237172
-71.483239,19,46.531261,-44.25985689367192,-27.223382216688577,-71.48323911036051
986.172961,187,46.631415,986.1729612177614,0.0,986.1729612177614
65.463715,58,46.661659,103.55065010154686,-38.086935589745096,65.46371451180175
962.64159,182,46.758235,962.6415901973634,0.0,962.6415901973634
129.692366,71,46.804015,177.93945791566057,-48.247092327211895,129.69236558844864
224.144098,93,46.866905,256.0364666972308,-31.892369046695784,224.14409765053512
940.283166,199,46.993672,962.7049477681792,-22.421782097963895,940.2831656702151
960.273843,182,47.723448,972.5150265265303,-12.24118320560984,960.2738433209206
304.47859,114,47.788808,351.2565915714034,-46.77800117242472,304.47859039897884
933.019849,159,47.873283,933.0198493951373,0.0,933.0198493951373
908.410491,150,47.954366,916.4693654538326,-8.058874496559286,908.4104909572734
-10.433413,36,47.973994,30.547982960693773,-40.98139575540796,-10.433412794714215
933.729456,160,48.057647,937.9905670876494,-4.261110982531586,933.7294561051178
343.4147,117,48.122596,393.0313972187822,-49.61669737343445,343.41469984534797
930.030927,178,48.217019,930.0309274939219,0.0,930.0309274939219
996.229024,171,51.978662,996.229024109952,0.0,996.229024109952
964.690228,164,52.06482,964.9578143635254,-0.2675859128758127,964.6902284506496
21.18158,39,52.087501,65.09700975264019,-43.915429676850025,21.181580075790237
206.276865,102,52.141717,239.47988935418988,-33.203024511147504,206.2768648430424
966.153888,173,52.235095,966.2210084436998,-0.06711999257182111,966.153888451128
10.473393,66,52.271503,59.76573649505315,-49.29234343461702,10.47339306043608
101.828822,75,52.311616,152.00675632436923,-50.17793426373519,101.82882206063414
948.928869,213,52.438077,948.9288689748128,0.0,948.9288689748128
1006.088007,174,53.152165,1008.9207535430317,-2.8327465404482153,1006.0880070025835
925.600748,159,53.235373,925.6007482115001,0.0,925.6007482115001
406.857105,109,53.292928,430.9931426045039,-24.13603719673852,406.8571054077655
58.386306,50,53.321237,99.50131976825367,-41.11501412415692,58.386305644096836
946.504734,162,53.407013,963.5746978035497,-17.06996389949757,946.5047339040519
965.142672,186,53.508399,965.142672192758,0.0,965.142672192758
969.844207,178,53.602413,969.8442066144707,0.0,969.8442066144707
-44.773678,25,53.617189,-13.45820392896654,-31.315473608041994,-44.77367753700854
59.046569,62,53.650491,113.53101194336585,-54.48444257174094,59.04656937162494
996.84956,193,53.75651,1010.5385478711883,-13.688988148855056,996.8495597223334
957.219627,170,53.845259,957.2196274382187,0.0,957.2196274382187
828.261363,148,53.924827,897.0040668579135,-68.74270376815478,828.2613630897588
991.852593,164,54.012701,991.8525933218637,0.0,991.8525933218637
267.239202,105,54.068346,336.187783663963,-68.94858154454823,267.2392021194149
-3.231036,33,54.087989,32.23860092996783,-35.46963656179042,-3.231035631822593
990.353754,188,54.205683,990.4538089109731,-0.10005501060962807,990.3537539003635
312.519524,100,54.912474,356.0366536719888,-43.51712986939443,312.5195238025944
941.091768,160,54.995625,941.0917684412528,0.0,941.0917684412528
921.790403,158,55.080411,921.7904026358486,0.0,921.7904026358486
878.135254,205,55.188971,931.3138475273336,-53.17859371861357,878.1352538087199
960.650873,172,55.279105,978.4638292213353,-17.812956383234837,960.6508728381004
983.397121,165,55.368816,984.1918056458603,-0.7946845206436555,983.3971211252166
915.929552,144,55.445111,923.8850050394894,-7.955453385843382,915.9295516536461
924.818025,153,55.527122,924.8180253269928,0.0,924.8180253269928
329.404146,114,55.586146,378.4467291716617,-49.04258356848814,329.4041456031737
131.922896,71,55.625556,173.79689928476301,-41.87400336024564,131.92289592451738
995.986137,165,55.713377,996.2653786963938,-0.27924138626834427,995.9861373101254
284.627872,106,55.77096,334.39497193471885,-49.76709994411402,284.62787199060506
925.212113,170,55.862164,936.3019943659167,-11.089881603010564,925.2121127629061
379.744178,115,55.945158,435.93056998799887,-56.186392351131545,379.74417763686745
955.540781,164,56.675738,959.6953595982932,-4.154578275953779,955.5407813223394
282.915863,104,56.730206,330.0054003126321,-47.0895376747135,282.9158626379186
66.985867,53,56.760015,103.78453840794795,-36.79867125884175,66.98586714910626
924.865346,154,56.84022,925.1591144652865,-0.2937687340679833,924.8653457312183
27.99718,56,56.868973,75.1639810448218,-47.16680128559848,27.997179759223357
993.529366,187,56.98353,993.5293663532813,0.0,993.5293663532813
953.558929,148,57.0618,953.5589286562897,0.0,953.5589286562897
1006.489746,175,57.154825,1007.6107115278188,-1.120965776500766,1006.4897457513181
982.198263,179,57.249692,982.198263399096,0.0,982.198263399096
961.872737,155,57.33072,961.8727365528437,0.0,961.8727365528437
381.377267,115,57.393426,421.98610790043193,-40.608840825303226,381.3772670751288
329.213988,99,57.446458,374.0263660142487,-44.81237763331646,329.21398838093216
917.839677,161,57.529745,925.5575904292097,-7.717913887842467,917.8396765413672
874.463265,172,57.6331,952.2847766591597,-77.82151140454737,874.4632652546122
919.71523,159,57.754783,952.1106401642433,-32.39541062496382,919.7152295392798
370.585657,117,58.438231,412.39955745023826,-41.81390016012775,370.5856572901108
314.224288,107,58.493758,368.3192255466248,-54.09493794282118,314.22428760380376
41.097673,50,58.52052,77.99604736426681,-36.89837415621734,41.097673208049514
949.905329,166,58.609264,977.417491089027,-27.5121624645781,949.9053286244487
925.849604,154,58.690708,954.1367525847813,-28.287148670429346,925.8496039143521
954.009997,155,58.77309,954.0099970276506,0.0,954.0099970276506
206.763506,87,58.819967,230.36224450688013,-23.598738211544436,206.76350629533567
413.323539,126,58.887235,461.66631906810125,-48.34278046502743,413.3235386030738
938.977288,159,58.98025,977.24927227105,-38.2719840483079,938.9772882227423
38.142071,43,59.004458,70.12995871131324,-31.98788818297923,38.142070528334045
955.840488,159,59.088743,968.7245569188267,-12.88406894683685,955.8404879719899
979.462468,168,59.176884,979.4624681210594,0.0,979.4624681210594
950.30145,154,59.260616,958.9095242705723,-8.608074567508808,950.3014497030633
414.091177,121,59.324345,458.11581541531166,-44.024638112070875,414.09117730324067
364.101761,112,59.404835,393.81068149471236,-29.70892020718678,364.1017612875256
964.878088,152,59.521651,964.8780879876505,0.0,964.8780879876505
999.682915,174,60.246518,999.6829154204654,0.0,999.6829154204654
927.978874,143,60.321265,933.0671353217665,-5.088261694989817,927.9788736267767
180.565034,92,60.370791,238.86219006431412,-58.29715595783031,180.56503410648395
304.166049,107,60.42729,347.0099107977942,-42.84386191625087,304.16604888154336
924.467663,149,60.506435,927.1272100550594,-2.6595466552908116,924.4676633997688
967.492852,164,60.593225,967.4928523439023,0.0,967.4928523439023
225.036057,85,60.639935,260.6088842950667,-35.572827409830595,225.03605688523612
965.999804,184,64.383023,990.5840793914293,-24.584274972869906,965.9998044185589
1018.979376,174,64.478695,1018.9793757666716,0.0,1018.9793757666716
10.277,45,64.502963,51.46264264733978,-41.18564281448732,10.27699983285251
994.440861,163,64.591377,1005.0909175697734,-10.650056940105149,994.4408606296685
103.146855,79,64.635399,146.26302283911568,-43.11616740334129,103.14685543577448
921.593164,152,64.719944,921.5931639504092,0.0,921.5931639504092
960.343223,157,64.825414,960.3432233662827,0.0,960.3432233662827
1020.894109,159,64.926301,1020.894109346813,0.0,1020.894109346813
-74.233015,19,64.939915,-47.52001790792741,-26.712996886853816,-74.23301479478123
910.284456,162,65.639242,955.5428253500671,-45.25836970789095,910.2844556421759
75.706526,50,65.666543,120.92062573550605,-45.21409970895432,75.70652602655183
357.117628,109,65.725547,409.21820400690444,-52.10057568229214,357.11762832461244
218.603257,87,65.770922,260.2858691834692,-41.682611946153735,218.60325723731557
971.262613,155,65.854197,971.3348308651455,-0.07221819041827882,971.2626126747273
940.441424,162,65.941458,967.0913262448628,-26.649902453196756,940.441423791666
923.923391,152,66.021928,923.9233914264446,0.0,923.9233914264446
32.019091,44,66.046161,60.38308927857497,-28.36399859928983,32.0190906792852
939.845891,154,66.12737,965.1644132427323,-25.318522567000365,939.8458906757319
296.280069,100,66.184602,340.37651275190143,-44.09644344297439,296.28006930892707
958.33376,154,66.264498,958.3337599987743,0.0,958.3337599987743
386.64491,112,66.326082,428.5922037821297,-41.94729358505906,386.64491019707066
382.884073,112,66.388929,409.8179387896044,-26.933865808535643,382.8840729810687
925.165013,148,66.473104,933.3699459378803,-8.20493248971113,925.1650134481692
170.157771,83,66.522486,209.15991499021013,-39.002144073705274,170.15777091650486
285.104832,102,66.591789,341.31926623132233,-56.21443388909647,285.1048323422257
69.175452,45,66.619106,95.04061182449664,-25.865159369891746,69.17545245460491
90.256981,55,66.655545,132.95288876831842,-42.69590757754429,90.25698119077417
352.807579,100,66.720869,393.5206966507469,-40.71311805763287,352.80757859311404
162.807908,80,67.362148,210.26812730043105,-47.460219120587766,162.8079081798433
991.449546,158,67.443184,991.4495458060487,0.0,991.4495458060487
972.046511,148,67.521418,972.0465112311088,0.0,972.0465112311088
-63.38151,22,67.535027,-30.71376841699201,-32.66774179405312,-63.38151021104513
969.929751,200,67.640551,970.6260946185437,-0.6963434525469641,969.9297511659968
-41.054282,26,67.657763,-9.07921060900378,-31.975071182955666,-41.05428179195944
64.550888,58,67.688579,116.9160219348602,-52.36513374646223,64.55088818839789
-24.996507,30,67.706748,14.50546120659908,-39.50196855707793,-24.99650735047885
864.823184,146,67.785069,933.3776049745076,-68.55442048448347,864.8231844900243
978.549543,148,67.864393,978.5495426872621,0.0,978.5495426872621
375.124002,107,67.923507,407.08761363445046,-31.963611715984523,375.124001918466
-36.440314,26,67.937138,-3.64043281447627,-32.79988096011098,-36.44031377458725
248.967976,97,67.990055,328.0084318634843,-79.04045569942096,248.96797616406337
942.947454,151,68.072963,942.947454090469,0.0,942.947454090469
987.703851,151,68.155151,987.7038513690926,0.0,987.7038513690926
914.176308,153,68.246891,942.205158404805,-28.028850352148908,914.1763080526562
868.75058,153,68.351517,930.1212177510754,-61.37063772078032,868.7505800302949
136.45167,67,68.403838,180.01524526349382,-43.56357482892987,136.45167043456397
911.500199,179,68.540441,962.0130616154813,-50.512862516164084,911.5001990993176
168.378389,74,69.185362,189.52984247438306,-21.15145357219725,168.3783889021859
245.873561,85,69.233574,288.4544379512756,-42.580877191297695,245.87356075997792
962.294,154,69.316671,962.2939996967473,0.0,962.2939996967473
339.351212,110,69.37589,382.52780740649405,-43.17659527551557,339.35121213097847
968.999768,155,69.459949,969.4821128402241,-0.4823447936731382,968.9997680465508
398.53969,121,69.525066,438.83752934358614,-40.29783930838253,398.5396900352037
915.682059,139,69.599258,915.6820587667287,0.0,915.6820587667287
941.081023,154,69.678916,941.0810234891645,0.0,941.0810234891645
985.902269,154,69.76355,985.9022688221631,0.0,985.9022688221631
48.434427,44,69.7893,95.85721065951402,-47.42278361663936,48.434427042874816
983.876912,151,69.868466,986.206775617695,-2.3298636794131813,983.8769119382819
247.189477,88,69.918435,290.53143462872447,-43.341957762742915,247.18947686598162
111.138658,68,69.955828,149.40432941261213,-38.265671725593094,111.13865768701908
305.304639,106,70.022061,370.35050133931486,-65.04586240633806,305.3046389329769
928.028445,144,70.122171,931.3635574338679,-3.33511196644593,928.0284454674219
346.378978,106,70.200785,413.90240410186846,-67.52342642809009,346.3789776737784
373.453035,104,70.279788,417.5345332998413,-44.0814986066291,373.4530346932123
-25.265231,30,70.303581,6.700104404572926,-31.965335479462357,-25.265231074889442
230.990267,95,70.988372,279.8454178439683,-48.85515092415577,230.99026691981248
887.02186,145,71.064926,927.4576001706034,-40.435739859238105,887.0218603113652
960.75632,154,71.147032,960.7563195231145,0.0,960.7563195231145
913.863016,159,71.232352,952.1494064241886,-38.28639090025529,913.8630155239334
978.746182,161,71.31881,993.0046683721314,-14.25848667448231,978.7461816976493
-46.11591,27,71.335454,-15.586139293658306,-30.52977033811408,-46.11590963177241
951.53514,150,71.415713,951.5351395088549,0.0,951.5351395088549
964.564182,145,71.493707,964.5641822821711,0.0,964.5641822821711
968.242551,165,71.58001,1005.4668083532722,-37.22425740659103,968.2425509466811
-48.268905,24,71.595126,-15.976792691836778,-32.292112218707885,-48.26890491054468
931.732518,153,71.675483,946.2590490720086,-14.526530988899905,931.7325180831087
998.005693,166,71.771079,1008.7771671710468,-10.771473702919039,998.0056934681278
222.732955,82,71.824365,262.18154129373465,-39.448586416388224,222.73295487734637
990.663793,166,71.951354,990.663792734378,0.0,990.663792734378
57.336524,45,71.987411,83.50655405681962,-26.1700303774695,57.336523679350165
910.578041,155,72.084411,950.2245772958335,-39.64653588421777,910.5780414116157
115.768511,55,72.120877,138.71158333743665,-22.943071870133174,115.76851146730348
300.729351,93,72.790281,345.3556983217919,-44.626347669961966,300.7293506518299
345.9001,97,72.841755,388.2671297342156,-42.367029568795445,345.90010016542016
59.54247,54,72.869116,105.12547009168236,-45.58300057217679,59.54246951950563
407.204473,111,72.929766,437.26307398121224,-30.058600917994404,407.2044730632179
139.599401,69,72.966274,182.62994942113696,-43.030548377188055,139.59940104394892
331.164742,99,73.020873,374.42856947767393,-43.26382780142957,331.16474167624443
51.639671,48,73.04812,100.48000196696319,-48.84033117884532,51.639670788117996
192.429427,76,73.088959,236.43473587897714,-44.00530873689467,192.42942714208246
962.33378,150,76.681211,962.8391381420837,-0.5053579371114383,962.3337802049723
61.590931,51,76.712593,107.07434099567499,-45.4834102386682,61.59093075700682
954.96883,144,76.809442,954.968829592967,0.0,954.968829592967
268.339509,90,76.87008,306.1743222101701,-37.83481353993028,268.3395086702398
936.714253,149,76.956886,959.5294800691762,-22.81522697847786,936.7142530906984
-49.673044,26,76.973493,-15.10690177942756,-34.56614243264138,-49.67304421206896
120.634177,66,77.009394,170.559119888195,-49.92494259564008,120.63417729255488
425.653911,120,77.074503,458.72402672530893,-33.07011620994794,425.65391051536096
312.040517,96,77.127494,359.1692373567165,-47.12872008309634,312.0405172736202
23.435153,41,77.149748,71.26492799221208,-47.829775058833704,23.43515293337836
950.803923,156,77.232818,1012.1916346715115,-61.387711876119305,950.8039227953919
969.768397,157,77.316834,1010.6790892123469,-40.910692405069895,969.7683968072769
348.202103,103,77.371314,398.4459825683195,-50.24387944942175,348.20210311889764
79.788351,52,77.400048,112.03052491421116,-32.242173636465324,79.7883512777459
941.829642,141,78.072193,947.7017629941007,-5.8721210807803095,941.8296419133203
988.558068,149,78.156557,988.5580676942025,0.0,988.5580676942025
324.353523,96,78.220214,362.8942071940087,-38.54068394914248,324.35352324486627
322.980508,102,78.290706,351.34355327179816,-28.36304567612823,322.98050759566996
956.261395,156,78.395171,956.2613949012268,0.0,956.2613949012268
986.98237,155,78.492684,995.633112874784,-8.650743236869205,986.9823696379149
79.434005,51,78.527552,126.52907886969254,-47.09507341708342,79.43400545260911
945.134807,144,78.620785,945.1348067256113,0.0,945.1348067256113
181.60782,73,78.670903,222.2828959328912,-40.67507638611534,181.60781954677586
933.609418,143,78.75807,939.0602090003255,-5.450790714541409,933.609418285784
285.756316,92,78.806067,329.861125571123,-44.10480960007203,285.756315971051
133.018367,63,78.843016,176.9280021886321,-43.90963525032187,133.01836693831035
925.539308,144,78.919131,925.539307567235,0.0,925.539307567235
124.384973,69,78.956873,171.49717587713093,-47.112202464726096,124.38497341240486
966.311102,151,79.036555,966.3111020034573,0.0,966.3111020034573
982.136728,163,79.122889,987.2175570948298,-5.080828636046201,982.1367284587836
943.826723,162,79.210425,985.4534468097429,-41.626723931428856,943.826722878314
65.493219,54,79.239133,107.56667972813395,-42.073460779896166,65.4932189482378
979.970919,148,79.952289,980.9805119123021,-1.0095930870615133,979.9709188252406
321.069199,99,80.013782,378.2124838984764,-57.143284498105906,321.0691994003706
54.834273,43,80.043792,85.61018706049404,-30.775914041845542,54.8342730186485
357.235124,103,80.111099,399.04621607734373,-41.81109208961409,357.23512398772976
911.421743,151,80.210584,940.2758754478247,-28.85413260609422,911.4217428417305
117.111929,67,80.257399,161.63276814975558,-44.52083877808295,117.11192937167266
318.569942,100,80.320309,379.95972423974183,-61.38978229263161,318.56994194711024
966.129084,152,80.416165,966.1290839231774,0.0,966.1290839231774
-4.742007,31,80.438882,18.637516294335214,-23.379523672459154,-4.74200737812393
886.663961,146,80.534598,938.6209753859391,-51.95701391121643,886.6639614747226
995.166067,151,80.626414,995.1660667028767,0.0,995.1660667028767
915.627983,150,80.70611,927.0135244309718,-11.385541170667944,915.6279832603041
968.860712,145,80.785197,968.860711695403,0.0,968.860711695403
952.933374,149,80.863994,962.4817792779329,-9.548404845551143,952.9333744323817
325.498062,94,80.915005,375.48585415838585,-49.98779206490227,325.4980620934836
21.892218,40,80.936367,65.35998138516672,-43.46776300846301,21.892218376703823
957.261647,145,81.013748,957.2616465240523,0.0,957.2616465240523
384.387958,111,81.075781,431.92095374805496,-47.532995330643885,384.3879584174111
1026.576618,158,81.783803,1026.5766176910706,0.0,1026.5766176910706
962.770561,147,81.862377,962.7705607144592,0.0,962.7705607144592
965.384202,163,81.972942,979.9511145533536,-14.566912713927666,965.3842018394259
884.634153,163,82.071948,975.2121424318686,-90.57798957087641,884.6341528609921
977.451319,156,82.16874,977.451318522867,0.0,977.451318522867
377.265178,113,82.244509,464.14203710009895,-86.87685952024931,377.2651775798497
947.450135,142,82.336009,947.450135290462,0.0,947.450135290462
931.425678,144,82.425395,935.1211728320711,-3.695494626525269,931.4256782055461
104.43469,56,82.460332,136.44527673557678,-32.0105870175624,104.43468971801447
935.356628,173,82.550716,967.8827093575279,-32.526081180244134,935.3566281772836
936.095561,141,82.625622,936.0955605869002,0.0,936.0955605869002
343.755753,102,82.679811,390.9821607676261,-47.22640809303365,343.7557526745927
913.242832,150,82.759442,937.227402308411,-23.984569839018377,913.2428324693926
892.057667,147,82.837606,955.9684415329258,-63.91077423012805,892.0576673027977
318.407578,96,82.890475,345.78797892141915,-27.38040060064794,318.40757832077134
315.000806,99,83.553016,354.1202115254073,-39.119405603932364,315.0008059214749
-70.323136,19,83.563587,-44.531944104081575,-25.791191412667576,-70.32313551674918
992.325917,160,83.64542,992.3259167898734,0.0,992.3259167898734
889.557127,154,83.726863,948.3407350771356,-58.783607996413004,889.5571270807229
349.863467,110,83.800999,405.7121594187471,-55.84869227073883,349.8634671480082
146.632861,70,83.847911,170.63819023860077,-24.005329109444116,146.63286112915665
84.252572,66,83.8888,138.82135980650932,-54.568787516203,84.25257229030646
974.360369,144,83.981823,974.3603691500513,0.0,974.3603691500513
86.006743,60,84.021464,129.2560495567645,-43.249306841869625,86.0067427148949
390.678684,109,84.095233,424.18997234074624,-33.51128838517939,390.67868395556695
992.398503,167,84.201626,1000.4968126462686,-8.098310115434991,992.3985025308338
940.052771,154,84.297218,979.3454553402131,-39.292684740504974,940.0527705997081
-78.304614,17,84.308894,-53.189746742944685,-25.114867024615766,-78.30461376756045
944.277623,145,84.386685,949.3118973140379,-5.034273835842583,944.2776234781954
899.423047,148,84.466294,952.8202610138671,-53.397214293911006,899.4230467199562
943.465098,149,84.545825,980.9086670895687,-37.44356924982403,943.4650978397445
975.346055,163,84.631575,997.2414317229521,-21.895376690298516,975.3460550326536
1000.266717,149,85.319501,1000.2667174527583,0.0,1000.2667174527583
347.658146,98,85.370855,384.41832578383145,-36.76017960160608,347.6581461822253
117.833281,61,85.40425,152.82720566840308,-34.993925010877426,117.83328065752562
905.239071,148,85.482192,949.2408396956688,-44.001768856835696,905.2390708388332
917.998927,232,89.084668,917.998927175558,0.0,917.998927175558
334.179156,102,89.14597,365.64436095441255,-31.46520493223614,334.1791560221764
-24.642457,26,89.16522,-1.462736221617675,-23.17972103995066,-24.64245726156834
953.601126,141,89.251613,953.6011262773555,0.0,953.6011262773555
980.440781,149,89.347062,980.440781412603,0.0,980.440781412603
951.704144,155,89.442464,959.6268146994051,-7.92267043330721,951.704144266098
862.408967,151,89.526038,939.3406039338986,-76.93163713458615,862.408966799312
362.980778,106,89.582972,417.6742686260778,-54.693490367582825,362.98077825849487
917.789173,140,89.656968,947.6571955616815,-29.868022745495956,917.7891728161856
985.138821,153,89.739635,988.4496086377029,-3.310788022047941,985.138820615655
962.806889,149,89.819244,962.8068894147343,0.0,962.8068894147343
321.863082,92,89.870559,364.66870877140553,-42.805626961138486,321.8630818102671
959.725255,163,90.555218,971.0659405808383,-11.340685790374735,959.7252547904635
954.224595,152,90.635154,954.2245950534927,0.0,954.2245950534927
871.43527,151,90.724608,932.4553160581659,-61.02004633065245,871.4352697275132
915.312361,149,90.822956,955.4652117060385,-40.1528508664836,915.312360839555
989.802671,150,90.917624,989.8026707002587,0.0,989.8026707002587
169.372135,73,90.968514,209.334676604656,-39.96254164014174,169.37213496451432
980.091179,155,91.066704,980.0911786190109,0.0,980.0911786190109
989.895591,157,91.169265,989.895590547402,0.0,989.895590547402
980.328563,154,91.265495,999.0071684880327,-18.678605538975194,980.3285629490574
217.433634,82,91.315691,255.93377404735404,-38.500140211325885,217.43363383602818
945.893332,155,91.398337,977.9212702514426,-32.027938648276326,945.8933316031662
964.709195,151,91.477758,968.3725658519825,-3.663370738653052,964.7091951133294
160.505326,73,91.518053,192.4809980716421,-31.975671896077138,160.5053261755649
977.213338,164,91.605201,977.2133375504724,0.0,977.2133375504724
-65.077261,23,91.618796,-33.441537548639005,-31.635723196374038,-65.07726074501306
972.179619,159,91.703257,972.1796194833298,0.0,972.1796194833298
-51.481689,23,91.717619,-24.701241455725736,-26.780448035645527,-51.48168949137127
864.067723,157,92.413234,947.6893295170864,-83.62160625103164,864.0677232660546
921.770056,158,92.512324,982.2628303779599,-60.49277391780481,921.7700564601552
942.021368,145,92.613312,942.0213683898584,0.0,942.0213683898584
921.111082,142,92.719929,936.5354341946513,-15.424351926008262,921.1110822686428
921.825764,142,92.816959,957.6212265909857,-35.795462670270936,921.8257639207151
240.537667,82,92.872532,278.27389487435227,-37.73622833696636,240.53766653738586
369.140441,105,92.949258,406.11164252004255,-36.97120141563232,369.14044110441023
34.903624,52,92.984114,78.49396547014763,-43.59034133758462,34.90362413256304
138.216617,69,93.028425,179.1621346938106,-40.94551792798779,138.21661676582286
-22.046782,29,93.050109,-4.201008997834279,-17.845772665423198,-22.046781663257477
-14.028446,29,93.068296,5.793389630269473,-19.821835195497272,-14.028445565227798
827.114191,147,93.152037,907.3453075301549,-80.23111653148553,827.1141909986692
57.216528,54,93.180786,86.37567076238076,-29.15914244424432,57.216528318136454
952.918586,140,93.256328,952.9723017533189,-0.053716111357455354,952.9185856419615
939.134696,150,93.335084,967.871282483524,-28.736586839304778,939.1346956442198
1016.893558,160,93.420336,1016.893557564279,0.0,1016.893557564279
60.584029,48,93.446017,104.78677763347113,-44.202749004642705,60.58402862882846
959.878362,148,93.525039,959.8783616827355,0.0,959.8783616827355
403.449426,106,93.581309,445.3082735213352,-41.858847617704825,403.4494259036305
376.291445,105,94.244759,411.7136088430363,-35.42216352521285,376.2914453178235
1009.393623,163,94.347386,1009.39362267879,0.0,1009.39362267879
909.433566,151,94.45735,965.9185337480384,-56.484967651980696,909.4335660960578
330.125646,101,94.52755,382.76047859391963,-52.634832258964884,330.1256463349547
984.681434,151,94.630847,984.6814337637151,0.0,984.6814337637151
939.833805,152,94.743705,961.8020021487238,-21.9681976465352,939.8338045021887
972.329544,155,94.847171,989.1137205688489,-16.78417677168768,972.3295437971611
980.586809,157,94.943775,991.7415060085466,-11.154697269199833,980.5868087393467
969.048669,145,95.025615,970.525341019767,-1.4766718993331862,969.0486691204337
940.720384,140,95.100319,940.7203836967889,0.0,940.7203836967889
853.268995,145,95.178214,954.8772828666065,-101.60828782039188,853.2689950462143
383.43085,106,95.23613,422.8742365161281,-39.44338625146051,383.43085026466747
63.780946,45,95.261809,102.44316535573883,-38.6622194515014,63.78094590423744
929.221301,156,95.345311,970.2700072314992,-41.04870638058366,929.2213008509153
50.050797,47,95.370874,83.23672406518952,-33.18592685808694,50.05079720710259
978.573456,159,95.454743,978.5734559969501,0.0,978.5734559969501
142.212738,72,96.105942,198.71558377060356,-56.502845770246175,142.21273800035746
56.858023,46,96.139549,97.554194719887,-40.696171274337104,56.85802344555
416.098852,113,96.208902,453.6509006243176,-37.55204838251828,416.09885224179936
-26.276136,31,96.231678,14.931074391702666,-41.20720997772628,-26.2761355860236
-36.596163,26,96.249823,-4.664318186830698,-31.93184453938691,-36.5961627262176
983.982039,151,96.344759,984.5706104074051,-0.5885715317498006,983.9820388756552
949.191952,141,96.434754,949.191951559919,0.0,949.191951559919
219.345766,81,96.487075,259.9391179313926,-40.5933522657335,219.34576566565912
891.899043,151,96.583682,950.6755628030728,-58.77651986438748,891.8990429386853
65.753578,47,96.609265,114.69497397027699,-48.941396092664725,65.7535778776123
141.777389,67,96.644451,189.5483046251546,-47.77091541584599,141.7773892093086
348.432971,97,96.697113,391.63969644919007,-43.2067250168902,348.43297143229984
-32.641427,29,96.71372,9.060997018688212,-41.702423538562094,-32.64142651987386
21.00209,37,96.734883,64.1279660777402,-43.125876324503295,21.002089753237
-17.197669,27,96.749987,7.081861286799679,-24.279530477145858,-17.19766919034619
967.685819,145,96.827074,987.406914358326,-19.721095421736425,967.6858189365896
957.787394,145,96.902824,981.473079592706,-23.685685284063048,957.787394308643
933.51586,145,96.981287,947.5832758169652,-14.067416283371642,933.5158595335936
331.774962,91,97.029794,377.05243349878907,-45.277471471293524,331.7749620274955
300.272582,88,97.075165,340.1672761882123,-39.89469399095615,300.27258219725616
945.642002,160,97.161016,962.2861550691598,-16.644152809278786,945.6420022598811
72.777984,58,97.192754,117.81477521822188,-45.0367910103552,72.77798420786672
928.707696,138,97.899692,930.7216842210494,-2.0139885993232403,928.7076956217261
913.928872,141,101.588982,935.0391846281968,-21.110312197764706,913.9288724304322
1000.870338,153,101.683821,1000.8703380028644,0.0,1000.8703380028644
921.779283,141,101.78417,921.7792828913113,0.0,921.7792828913113
82.291714,52,101.821517,116.81844109285143,-34.52672668632202,82.29171440652945
337.51213,101,101.887015,386.53680326368897,-49.02467288909595,337.5121303745931
116.508332,64,101.930071,153.23042763708062,-36.72209526782065,116.50833236926005
948.064983,150,102.022631,965.1672895525752,-17.10230605377721,948.0649834987981
342.524462,92,102.082943,373.98067158637514,-31.456210031319863,342.52446155505527
939.450034,154,102.166252,961.930920896555,-22.480886724793063,939.450034171762
159.641715,84,102.211146,202.97195374094917,-43.33023835579277,159.64171538515637
1031.817617,160,102.297642,1031.8176169035057,0.0,1031.8176169035057
295.871057,101,102.34967,363.4009243568519,-67.52986710667584,295.87105725017614
409.031562,113,102.408653,438.6888796175541,-29.65731761894645,409.0315619986079
991.05609,154,102.487889,991.0560897856509,0.0,991.0560897856509
-32.907468,29,102.505432,2.4813842831035515,-35.3888523052166,-32.90746802211305
866.316116,146,102.583798,961.7454080527258,-95.42929254255732,866.3161155101687
932.641448,148,102.662851,940.9969750792181,-8.355526613708564,932.6414484655095
-50.665417,23,102.676426,-23.704363173775448,-26.961053858939497,-50.665417032714956
964.7245,142,103.352528,964.7245000800332,0.0,964.7245000800332
961.742247,145,103.444819,961.7422471980757,0.0,961.7422471980757
965.105233,154,103.547474,980.8472374390683,-15.742004058580847,965.1052333804874
922.225348,149,103.643981,972.2576316071622,-50.03228360342488,922.2253480037375
938.758504,149,103.741178,966.311849278172,-27.553345541683985,938.7585037364883
-32.616521,28,103.759318,1.6207318506551758,-34.237253177363165,-32.61652132670798
974.337573,151,103.860267,974.3375730196949,0.0,974.3375730196949
947.969105,144,103.945534,970.0195896529451,-22.05048498953613,947.9691046634089
-13.483037,33,103.965198,24.782593731336647,-38.26563032674241,-13.483036595405778
138.696089,75,104.004885,177.45026413158558,-38.75417468266643,138.69608944891928
273.689303,100,104.057987,328.19981712157664,-54.5105145441963,273.68930257738043
376.256584,112,104.117787,410.7676182428503,-34.51103453422675,376.2565837086235
112.346289,68,104.155259,156.1585880271236,-43.8122987213133,112.3462893058103
393.681724,108,104.213415,436.28711993804677,-42.60539639181815,393.6817235462288
914.05201,145,104.291566,927.4306945203065,-13.378684579504267,914.0520099408022
-71.143775,20,104.301631,-43.72173250668966,-27.422042004770134,-71.14377451145981
66.348494,47,104.328491,102.60596859863904,-36.25747474662225,66.34849385201679
274.427902,95,104.378406,317.1584543921262,-42.73055227673465,274.42790211539153
909.071753,148,104.456412,959.1645480544298,-50.09279477880367,909.0717532756263
981.257572,160,105.147944,998.1019133251336,-16.844340995598767,981.2575723295349
3.606359,42,105.177712,47.10786305237335,-43.50150413880306,3.6063589135703467
900.429601,141,105.268784,924.7107552811451,-24.281154345765003,900.4296009353802
959.826356,160,105.368083,1000.7099407349608,-40.88358438217429,959.8263563527871
41.165477,44,105.400843,73.01557401201603,-31.850096576100437,41.16547743591556
397.135921,102,105.467026,439.56967478904113,-42.43375422957145,397.1359205594698
988.460442,157,105.582556,988.4604415944136,0.0,988.4604415944136
939.505886,167,105.69297,986.9149598671582,-47.40907358657143,939.505886280587
314.393391,95,105.752609,348.9380386901768,-34.5446479476497,314.3933907425272
902.182778,144,105.844992,917.5563355155135,-15.373557737243974,902.1827777782697
53.96849,60,105.884315,89.57838859250967,-35.609898400381525,53.968490192128144
953.45833,150,105.973975,953.4583302046472,0.0,953.4583302046472
971.436334,156,106.072419,1014.5633652995623,-43.12703085707818,971.4363344424842
1003.646117,155,106.156402,1019.4317962619044,-15.785678929752368,1003.6461173321522
992.065688,158,106.237119,997.7353178748281,-5.669630077853073,992.0656877969751
348.347635,106,106.294779,391.8962827303254,-43.548648215403034,348.34763451492245
965.120156,162,106.980302,988.3704749738405,-23.250319300100333,965.1201556737401
-59.755261,20,106.998438,-31.1078831805509,-28.64737777412875,-59.755260954679656
161.038309,88,107.057322,204.36846420479205,-43.330155372214314,161.03830883257777
81.577516,49,107.089589,113.35697092479376,-31.779454770616788,81.57751615417703
980.850381,161,107.18962,985.7447068158297,-4.894325732767497,980.8503810830621
971.188435,225,107.333452,971.9980055866323,-0.8095704231167709,971.1884351635156
14.547205,51,107.375853,57.641017950493904,-43.093812581837035,14.547205368656876
934.002309,167,107.498545,963.6041766431516,-29.60186786711149,934.0023087760403
936.611517,145,107.602714,936.6115172823158,0.0,936.6115172823158
382.987888,105,107.667335,427.5958950139374,-44.60800728820962,382.9878877257281
987.002192,154,107.764165,987.0021915434065,0.0,987.0021915434065
972.313678,153,107.86295,972.3136781687817,0.0,972.3136781687817
285.540076,100,107.929499,333.9675721605315,-48.427496188803204,285.54007597172836
973.270054,153,108.014647,973.2700543022019,0.0,973.2700543022019
982.542363,154,108.09487,982.5423630291311,0.0,982.5423630291311
348.497573,108,108.154811,391.51586103334864,-43.018288036714466,348.4975729966342
979.524546,152,108.820732,999.6229868854009,-20.098440728132033,979.5245461572688
360.36728,101,108.874365,404.1976978205935,-43.83041762081514,360.3672801997784
322.01576,99,108.928463,371.0017425654394,-48.985982825962694,322.01575973947666
33.270561,55,108.959445,67.36358593154037,-34.093024532687174,33.270561398853204
975.718395,154,109.041682,975.7183946575213,0.0,975.7183946575213
982.698455,142,109.118739,982.698454510762,0.0,982.698454510762
109.34516,62,109.153251,156.4355120075446,-47.09035179293776,109.34516021460689
967.227508,149,109.25021,967.227508404888,0.0,967.227508404888
950.876066,167,109.362056,996.5931904613783,-45.717124541231996,950.8760659201464
917.602671,156,109.47301,1001.1056612065149,-83.50299056981513,917.6026706367
923.20893,181,109.593781,940.5535538384845,-17.344624025534507,923.20892981295
1004.521726,157,109.690781,1004.5217255764306,0.0,1004.5217255764306
-22.209766,31,109.713003,19.327861663760544,-41.53762737718628,-22.209765713425753
92.40914,61,109.753853,141.57100349841707,-49.161863545061806,92.40913995335535
936.26395,148,109.830904,964.1464571408526,-27.882506942936224,936.2639501979163
991.38628,159,109.914506,991.3862800307893,0.0,991.3862800307893
914.947363,141,113.893275,942.8596592233503,-27.912296693950402,914.9473625293999
944.95409,142,114.582502,947.0504121720096,-2.096322217269635,944.95408995474
339.322756,99,114.647178,381.46619697980265,-42.14344051729821,339.32275646250446
377.241458,101,114.710314,418.07078432482626,-40.82932671994509,377.24145760488136
951.935463,149,114.792358,990.6369515520871,-38.70148883408478,951.9354627180023
929.803736,141,114.86719,929.8037362804333,0.0,929.8037362804333
970.273617,145,114.943836,971.6888918416524,-1.4152752542233626,970.273616587429
992.245458,149,115.023656,992.2454580176502,0.0,992.2454580176502
224.33844,91,115.073212,258.6117679926883,-34.273327880571706,224.33844011211667
329.100991,103,115.128663,372.81330600287845,-43.712315059526034,329.10099094335243
996.16352,156,115.211358,1014.8632703002086,-18.699750680131263,996.1635196200773
69.855729,47,115.237478,108.21875077301526,-38.363022157277975,69.8557286157373
330.846121,100,115.290221,377.36090924493993,-46.51478806896883,330.8461211759711
46.631362,41,115.314214,85.62135212964044,-38.98998991578539,46.6313622138551
974.50251,152,115.394897,1013.4788193889349,-38.976308958194096,974.5025104307409
952.168806,150,115.476352,967.4227543028353,-15.253947868641804,952.1688064341935
35.289717,48,115.503225,62.813981980649544,-27.52426537401369,35.289716606635864
376.842643,103,115.559231,415.5363442106516,-38.69370167058386,376.84264254006763
27.057626,38,115.580414,63.01475575333059,-35.95712966301879,27.057626090311814
944.469678,148,115.658439,944.469677553495,0.0,944.469677553495
349.195164,105,116.332897,406.75508790606057,-57.55992404065921,349.19516386540135
870.706633,151,116.427881,935.6420310057604,-64.93539841019596,870.7066325955645
996.764279,149,116.506793,996.7642787355675,0.0,996.7642787355675
981.175271,160,116.588527,1004.9439505580768,-23.768679271947263,981.1752712861296
65.822499,49,116.61519,103.29188057143212,-37.46938180904385,65.82249876238835
966.419523,159,116.700614,966.4195228419716,0.0,966.4195228419716
945.025461,145,116.780163,975.4039583720257,-30.378496988553117,945.0254613834726
339.071883,106,116.837064,427.7685119500301,-88.69662939287065,339.0718825571595
334.307489,98,116.891009,384.5977510519566,-50.29026190161247,334.3074891503442
302.188014,91,116.940316,347.6749502657451,-45.48693605232819,302.188014213417
-60.847138,21,116.952379,-31.246071771848165,-29.601065848020852,-60.84713761986901
884.788285,136,117.026862,910.7330735980622,-25.94478881440787,884.7882847836547
38.973235,42,117.049344,83.45831106336321,-44.4850764811645,38.97323458219877
913.744123,141,117.123543,914.3524035928473,-0.6082809669056957,913.7441226259416
921.886195,146,117.202574,938.5033017694449,-16.617106445398434,921.8861953240463
366.351552,99,117.255424,399.56793289189216,-33.21638050365932,366.35155238823285
965.746779,141,117.331068,965.7467793784942,0.0,965.7467793784942
-58.028323,22,117.344659,-26.525331113485777,-31.502991830088895,-58.02832294357468
118.061584,64,117.379001,151.78457670062045,-33.72299259581893,118.06158410480151
1021.970056,155,118.075565,1021.9700557223657,0.0,1021.9700557223657
900.58604,148,118.165973,950.3992177751883,-49.81317809312078,900.5860396820675
42.28343,43,118.190151,88.46275667985384,-46.17932685874996,42.28342982110391
173.695549,75,118.22869,216.9985300146221,-43.302981359530726,173.69554865509147
893.057548,140,118.303103,948.2214392178697,-55.16389119163371,893.0575480262361
865.608978,157,118.386115,960.485637988919,-94.87666000726244,865.6089779816566
82.446362,49,118.41432,112.01654956737958,-29.570187363712847,82.44636220366682
317.768729,101,118.468747,358.3877187375294,-40.618989770221894,317.76872896730754
41.773214,47,118.497557,67.34083477114746,-25.56762042731512,41.77321434383239
28.828677,49,118.530807,69.70556737669358,-40.876890436278295,28.828676940415335
959.71162,149,118.630774,969.5731404809246,-9.8615203859801,959.7116200949445
1016.172135,154,118.731698,1016.1721347169207,0.0,1016.1721347169207
51.430769,43,118.760474,96.25967094672005,-44.82890227382121,51.43076867289888
147.028374,59,118.800901,171.96950458392593,-24.941130379401137,147.02837420452488
72.640818,60,118.84182,113.74208929693933,-41.101270955304884,72.64081834163437
53.61393,53,118.870599,100.60215263478594,-46.98822266461686,53.61392997016921
952.298483,151,118.967585,952.4869502697914,-0.188467334598033,952.2984829351933
912.816637,152,119.069714,966.9680275450434,-54.15139035878725,912.8166371862561
953.225528,155,119.153109,965.2471797447163,-12.021651543417356,953.225528201299
293.640237,98,119.205152,329.84077318709046,-36.200536539249676,293.64023664784077
988.538926,155,119.922497,988.5389256710733,0.0,988.5389256710733
934.883801,142,120.015019,944.0050738945579,-9.121273148336762,934.8838007462214
358.97701,108,120.073675,396.116151413733,-37.13914138855171,358.9770100251813
987.946634,154,120.156704,996.9023458111615,-8.955711539374157,987.9466342717874
9.958313,36,120.177367,55.4360381164678,-45.4777252184941,9.95831289797377
905.305046,148,120.255757,966.0831385983856,-60.778092265277095,905.3050463331087
65.839878,45,120.28146,93.4895109611961,-27.64963253746733,65.83987842372879
967.581571,143,120.360293,967.7448989108184,-0.1633283416060749,967.5815705692123
937.515391,152,120.462232,942.4192296626464,-4.903839132501191,937.5153905301453
60.717153,45,120.494031,104.63604442721417,-43.91889094235117,60.71715348486303
285.109476,91,120.548544,327.7031357496026,-42.593659367727305,285.1094763818753
970.410211,166,120.65564,972.9606589494442,-2.5504475737737557,970.4102113756705
971.446223,156,120.756705,999.9102160120086,-28.46399315969184,971.4462228523167
968.492798,146,120.845557,968.4927982664747,0.0,968.4927982664747
916.554383,140,120.928314,945.1625586723458,-28.60817577579099,916.5543828965547
971.990396,147,121.006425,972.2232028250853,-0.23280720780655795,971.9903956172786
946.961721,148,121.684376,961.6353574845054,-14.673636937992537,946.9617205465129
936.483689,149,121.765276,962.0501677875268,-25.56647907192993,936.4836887155969
969.283547,145,121.843171,969.2835473692365,0.0,969.2835473692365
984.925715,156,121.926903,984.9257149574943,0.0,984.9257149574943
1011.073505,156,122.011942,1011.0936729233185,-0.020167550812329793,1011.0735053725064
939.355586,145,122.086668,957.9666051867559,-18.611019519425913,939.3555856673299
922.044864,140,122.162384,940.3146955507452,-18.269831384132278,922.0448641666128
420.426192,109,122.235661,446.4795044756645,-26.053312519148758,420.4261919565158
63.407986,61,122.276314,138.9986708198328,-75.59068501460627,63.40798580522659
874.50117,150,122.372126,936.5948513919736,-62.093681688005,874.5011697039683
334.06291,102,122.438293,376.7075403972446,-42.644630781157076,334.0629096160875
1009.470504,155,122.539658,1009.4705038132497,0.0,1009.4705038132497
269.85971,94,122.603381,309.57480375526484,-39.7150937902222,269.85970996504267
947.434375,147,126.625866,954.4649541025786,-7.030579489017022,947.4343746135615
-75.475832,16,126.635634,-53.490914177041894,-21.98491770314674,-75.47583188018862
323.207738,99,126.703603,394.15258361818286,-70.94484560333953,323.2077380148433
95.193449,51,126.73421,127.53732880216276,-32.343879634594586,95.19344916756822
-55.826907,25,126.750978,-23.638163969591147,-32.18874264990228,-55.82690661949345
967.592308,152,127.436163,967.5923080997309,0.0,967.5923080997309
351.481315,101,127.496522,389.75100008772927,-38.26968519279975,351.4813148949296
928.303016,146,127.585221,928.3030158828516,0.0,928.3030158828516
-12.178069,29,127.602281,12.790727215693153,-24.96879573992111,-12.178068524227982
50.45919,54,127.630102,99.05039976371013,-48.59120934844914,50.459190415261034
958.045805,148,127.707848,958.0458050663993,0.0,958.0458050663993
283.197404,93,127.757847,334.30959866086357,-51.112194618708614,283.197404042155
1011.748207,155,127.841446,1011.7482071440807,0.0,1011.7482071440807
961.427746,148,127.921547,961.4277464852264,0.0,961.4277464852264
992.645169,155,128.005411,992.6451685749485,0.0,992.6451685749485
916.576877,140,128.079454,916.5768765861686,0.0,916.5768765861686
330.908791,103,128.135728,401.911771794017,-71.0029803130868,330.9087914809301
999.823915,150,128.216705,999.8239154510245,0.0,999.8239154510245
949.34764,137,128.28918,949.3476399021486,0.0,949.3476399021486
946.656365,152,128.37225,946.6563654131055,0.0,946.6563654131055
933.711139,145,128.446836,933.7111386622204,0.0,933.7111386622204
931.628832,148,128.52469,931.6288318945017,0.0,931.6288318945017
16.546959,39,129.153946,65.01604745372119,-48.469087993347536,16.546959460373685
310.64841,98,129.219423,351.4265250009459,-40.778114859770625,310.6484101411753
941.573196,158,129.316621,986.8602232502208,-45.28702707143912,941.5731961787818
30.183743,61,129.352278,71.38853721637065,-41.204794051297185,30.18374316507351
928.009996,144,129.430289,954.73726855998,-26.727272625124876,928.009995934855
958.749282,150,129.510966,999.57070654654,-40.821424090156896,958.749282456383
920.527188,147,129.590345,952.8822853525897,-32.355097227300824,920.5271881252888
-78.764732,17,129.59987,-55.38462812255887,-23.380104222198316,-78.76473234475719
875.107719,146,129.679682,926.0562890682747,-50.94857019549737,875.1077188727777
966.188654,151,129.759073,996.7718238646347,-30.583169632133078,966.1886542325017
927.249277,139,129.832372,927.9415893554954,-0.6923124427124954,927.2492769127829
982.203371,228,129.956381,982.203371115615,0.0,982.203371115615
-62.825419,21,129.96957,-31.97345606869986,-30.85196282144969,-62.82541889014954
324.215873,99,130.02412,366.5298150886979,-42.31394224756334,324.21587284113457
978.473694,151,130.104649,989.5948422731615,-11.121148192935902,978.4736940802256
949.032788,154,130.186263,949.0327881935747,0.0,949.0327881935747
960.377705,149,130.264341,960.3777053388897,0.0,960.3777053388897
175.830238,76,130.926916,212.1622031549175,-36.33196482834433,175.83023832657318
934.258546,140,131.012838,935.364903498648,-1.1063579761144329,934.2585455225336
319.284629,88,131.063329,362.68289213796794,-43.39826339727269,319.28462874069515
947.056612,147,131.144094,948.824303563983,-1.7676916852932498,947.0566118786898
154.352329,70,131.181846,195.75454800919076,-41.40221876907155,154.3523292401192
999.83616,153,131.269855,999.8361596886622,0.0,999.8361596886622
304.779898,96,131.331055,343.87190519368846,-39.092007031761334,304.7798981619272
969.583672,148,131.429475,969.5836719016836,0.0,969.5836719016836
935.342116,149,131.52934,986.2860250195458,-50.94390893698902,935.3421160825574
79.486778,48,131.556618,120.47192601033161,-40.98514828525266,79.48677772507894
140.05099,74,131.606729,184.39274548956135,-44.341755420315316,140.05099006924607
262.016444,103,131.67189,302.1261077671081,-40.109663616860054,262.01644415024805
91.524435,63,131.716547,137.80762836486963,-46.28319362096107,91.52443474390861
938.15008,148,131.81318,947.3483275632454,-9.198247102049207,938.1500804611962
978.837654,151,131.896318,978.8376537184216,0.0,978.8376537184216
963.339092,148,131.974501,963.3390921363805,0.0,963.3390921363805
291.908034,92,132.024583,333.96209438511255,-42.054060738030046,291.90803364708245
936.277626,139,132.09718,936.2776259433147,0.0,936.2776259433147
287.377129,100,132.751964,332.6756348899361,-45.29850593510033,287.3771289548357
968.209405,148,132.8476,981.3892182420708,-13.179813606578755,968.2094046354921
260.311147,91,132.903578,302.0280564926858,-41.716909502120416,260.31114699056536
329.151499,95,132.954452,375.9832960018163,-46.831797484935564,329.1514985168808
959.120845,139,133.028122,959.1208448330206,0.0,959.1208448330206
351.073065,98,133.082096,390.5220444521091,-39.44897922997761,351.07306522213145
996.956274,151,133.17166,997.9886343764946,-1.0323608296597326,996.9562735468348
999.602841,155,133.272377,999.6028410550874,0.0,999.6028410550874
989.921582,143,133.364213,989.9215816249991,0.0,989.9215816249991
307.008736,92,133.42522,351.008736117877,-44.0,307.008736117877
333.022208,105,133.493277,383.04926430272286,-50.027055897340574,333.0222084053824
980.696881,146,133.585718,980.6968805837237,0.0,980.6968805837237
66.852703,57,133.621613,112.51001657615365,-45.65731350209177,66.85270307406194
980.858662,147,133.716372,980.8586624796233,0.0,980.8586624796233
980.28788,151,133.797978,980.6360725180676,-0.34819239975448113,980.2878801183132
-78.59311,20,133.811074,-48.284634177228014,-30.308476060733227,-78.59311023796124
904.223117,134,133.882001,923.4278636620915,-19.20474617406105,904.2231174880303
942.674673,169,134.575958,969.6985641265094,-27.02389135407937,942.6746727724299
340.531138,111,134.634228,383.44364429590934,-42.91250644895809,340.5311378469513
354.774129,103,134.688772,399.2843551218139,-44.51022565326483,354.774129468549
267.052542,102,134.744791,338.6247843893236,-71.5722426796389,267.0525417096849
978.137171,158,134.827303,978.1371710432289,0.0,978.1371710432289
99.630177,52,134.854952,139.14077195940013,-39.51059506593492,99.63017689346523
368.277837,108,134.912473,400.8327910371469,-32.55495409051983,368.2778369466272
968.483885,156,135.007228,977.8542891922439,-9.370404307666842,968.483884884577
944.568081,147,135.099099,952.6000982284968,-8.032017704856997,944.5680805236398
319.381236,91,135.157212,365.3751686643979,-45.993933004617084,319.3812356597808
959.91068,153,135.259287,975.1876533024399,-15.276972828912182,959.9106804735279
973.795159,146,135.349886,977.5834655364887,-3.7883067065499922,973.7951588299387
974.178867,143,139.275742,974.1788668438094,0.0,974.1788668438094
932.871952,144,139.351598,941.3663460639289,-8.494394026057574,932.8719520378713
930.855375,141,139.430774,931.002802120343,-0.1474268785936932,930.8553752417492
-78.468844,20,139.442864,-47.77326681955083,-30.695576860321896,-78.46884367987272
163.966015,79,139.485037,212.57603544025204,-48.610020868623806,163.9660145716283
968.878612,161,140.189516,1015.865795457315,-46.98718391245984,968.878611544855
958.585769,150,140.285121,971.4071735764112,-12.821404150971993,958.5857694254391
276.186788,102,140.350818,365.8530779873241,-89.66628953701033,276.1867884503138
946.840421,171,140.458914,985.5218836961681,-38.68146243385925,946.8404212623091
978.666445,149,140.538929,978.6664447477929,0.0,978.6664447477929
936.811885,157,140.620655,987.4138344601428,-50.601949688809135,936.8118847713338
985.848354,149,140.700501,985.8483541727128,0.0,985.8483541727128
350.08465,101,140.755754,386.4838285589183,-36.39917902205309,350.0846495368652
962.565022,140,140.82955,962.5650219000179,0.0,962.5650219000179
931.645197,150,140.909739,946.4816127801256,-14.836415868133535,931.6451969119921
342.213321,103,140.965684,394.055348995906,-51.842028185418684,342.2133208104873
952.928817,152,141.045763,991.3277143666533,-38.39889723571167,952.9288171309415
958.152525,151,141.125322,970.5363793664424,-12.383854621455896,958.1525247449865
986.793932,156,141.208411,986.7939318141612,0.0,986.7939318141612
160.147562,74,141.247657,204.89193079411018,-44.744368850576826,160.14756194353333
953.082645,144,141.931943,953.0826446874095,0.0,953.0826446874095
962.774291,156,142.030432,969.9612217948049,-7.1869308439203925,962.7742909508845
988.341365,157,142.126331,988.3413652266433,0.0,988.3413652266433
1003.390659,155,142.216702,1003.3906594386584,0.0,1003.3906594386584
95.388243,61,142.24858,146.3166096992203,-50.928367175849644,95.38824252337078
994.102528,150,142.328199,994.6265691835985,-0.5240408150076794,994.1025283685908
966.667097,143,142.406702,966.7633102955358,-0.09621311335041138,966.6670971821854
314.638841,93,142.45621,362.2709558996829,-47.63211511320581,314.6388407864771
332.839913,99,142.509787,378.1213486439456,-45.28143515618088,332.83991348776476
931.965065,142,142.584842,945.9940997513042,-14.02903478234952,931.9650649689545
946.106268,142,142.659679,946.1062676236119,0.0,946.1062676236119
-68.798761,19,142.671754,-41.161544652787114,-27.63721647767746,-68.7987611304646
945.056029,142,142.747297,945.0560285888612,0.0,945.0560285888612
128.497359,66,142.782863,172.4522747630661,-43.95491607470478,128.49735868836137
1014.110169,153,142.862648,1014.1101689747584,0.0,1014.1101689747584
970.417358,147,142.940902,977.4915377556503,-7.074179738446772,970.4173580172036
957.846309,140,143.017525,957.846309311302,0.0,957.846309311302
982.840767,145,143.723119,982.8407669060457,0.0,982.8407669060457
903.184347,142,143.814842,938.6501123711333,-35.4657653995043,903.1843469716291
964.902274,158,143.928357,993.9378823542461,-29.035608645824894,964.9022737084213
-81.407059,20,143.941996,-52.7002389288042,-28.706820160261138,-81.40705908906534
291.223081,99,144.002119,330.4892997180739,-39.26621914798732,291.2230805700866
954.282269,151,144.097627,954.2822685768293,0.0,954.2822685768293
948.488956,149,144.190841,955.82789229682,-7.33893602520629,948.4889562716137
949.985455,140,144.277152,949.9854546105461,0.0,949.9854546105461
169.428399,73,144.324187,201.63238847416525,-32.20398996254232,169.428398511623
941.342002,149,144.416654,954.9720733505208,-13.630071316069603,941.3420020344512
120.076481,68,144.455169,163.81967719751754,-43.7431964422297,120.07648075528789
971.987158,154,144.533589,1020.9850782727774,-48.99792026886654,971.987158003911
933.674935,139,144.610612,934.0852763861101,-0.4103410677729027,933.674935318337
939.368409,137,144.685128,939.3684086070172,0.0,939.3684086070172
928.906008,147,144.763363,974.5702047390715,-45.66419720624845,928.9060075328231
954.601833,140,144.836881,954.6018329334408,0.0,954.6018329334408
925.094908,150,145.531027,979.6788550834765,-54.5839471743552,925.0949079091214
872.52863,135,145.614322,899.3730598207194,-26.844430045101603,872.5286297756179
317.548232,103,145.68135,383.6921412419189,-66.14390899027362,317.54823225164523
-30.79998,26,145.698009,4.457738455122183,-35.257718487096184,-30.799980031974016
987.080928,150,145.798997,997.4422468687733,-10.361318849488114,987.0809280192852
943.788377,144,145.892835,945.526933464973,-1.738556175498572,943.7883772894745
901.539629,152,145.987611,948.0449378769804,-46.50530936685699,901.5396285101233
933.817939,145,146.077153,957.7093675365506,-23.891428479424903,933.8179390571258
345.168193,106,146.146154,391.0331648956408,-45.8649716177308,345.16819327790995
984.819279,155,146.241234,985.5726619981743,-0.7533825592049741,984.8192794389694
321.653319,101,146.307033,407.14596802835615,-85.49264893270964,321.6533190956466
210.622568,82,146.351518,232.55570943460887,-21.933141274342844,210.62256816026607
938.759077,146,146.428285,938.7590771675008,0.0,938.7590771675008
998.782766,147,146.506032,998.782765516564,0.0,998.782765516564
997.166348,153,146.58714,997.1663478268676,0.0,997.1663478268676
394.271086,98,146.641538,413.77361340129755,-19.502527562431673,394.2710858388658
905.447748,136,146.714952,930.109654058183,-24.66190573117323,905.4477483270099
252.987673,88,147.357389,283.51800685362304,-30.53033416132822,252.9876726922949
930.420181,153,147.439116,967.4780300766404,-37.05784951657448,930.4201805600658
947.08575,143,147.516428,954.6574705180649,-7.571720517206475,947.0857500008584
938.928822,144,147.603765,938.9288216367584,0.0,938.9288216367584
156.373897,77,147.656718,220.18787544873655,-63.81397806258629,156.37389738615033
90.139638,58,147.689071,133.1614115563717,-43.0217734717795,90.13963808459229
-56.22922,22,147.705702,-23.54185831035204,-32.68736172562397,-56.229220035976034
139.091225,67,147.751881,181.91140585784947,-42.82018080950725,139.09122504834218
184.352185,76,147.801755,231.75560588268158,-47.40342126920914,184.35218461347247
946.72124,153,147.900616,976.9163246979837,-30.195084810569885,946.7212398874136
973.229258,152,147.998122,977.8095249987562,-4.580267183711561,973.2292578150447
268.110254,87,148.0532,294.4889646511044,-26.378710913591313,268.1102537375131
964.243421,143,152.071438,964.2434208862671,0.0,964.2434208862671
91.336888,64,152.105834,135.2794212870949,-43.94253355653979,91.33688773055513
913.139391,133,152.177059,913.1393906383943,0.0,913.1393906383943
988.201378,148,152.254341,991.9965914124002,-3.7952135555529996,988.2013778568473
932.592338,140,152.332469,938.7468754854349,-6.154537612055469,932.5923378733794
943.700842,138,152.420253,947.7384298825025,-4.037588243934968,943.7008416385677
956.030791,139,153.100493,956.0307912712985,0.0,956.0307912712985
898.326327,140,153.175642,907.1276872755386,-8.801360042763623,898.3263272327749
990.409436,148,153.253733,990.409436028197,0.0,990.409436028197
944.366235,141,153.32834,944.3662345136927,0.0,944.3662345136927
989.135107,146,153.406765,996.222224452614,-7.087117288061178,989.1351071645529
950.38151,139,153.482262,950.3815104666097,0.0,950.3815104666097
114.902741,60,153.514209,146.82915171833025,-31.92641113414968,114.90274058418053
297.711012,93,153.565653,340.47628109170654,-42.76526924587587,297.71101184583074
977.517032,148,153.64463,977.5170319161784,0.0,977.5170319161784
-39.958766,24,153.657932,-8.581453598773791,-31.37731230449957,-39.95876590327336
945.806763,147,153.737608,969.8145002668118,-24.007737381553305,945.8067628852585
973.444102,158,153.821099,973.4441022353642,0.0,973.4441022353642
1021.415113,152,153.902338,1021.4151131114907,0.0,1021.4151131114907
381.69924,109,153.961386,422.1823783822507,-40.483138834798034,381.69923954745286
907.887469,135,154.036401,922.1887988308381,-14.301329984349348,907.8874688464887
961.764286,139,154.125223,965.2893173812579,-3.5250310287676827,961.7642863524901
61.178801,44,154.155037,89.36491287428345,-28.186111639611912,61.17880123467157
903.495989,143,154.844773,939.2270454791768,-35.73105676318606,903.4959887159907
950.590773,142,154.918516,950.5907732802843,0.0,950.5907732802843
982.878244,146,154.997053,989.025577440365,-6.147333694528121,982.878243745837
-30.078366,28,155.013558,-0.5302286900862043,-29.548136823704695,-30.0783655137909
997.591324,145,155.089518,997.5913236513632,0.0,997.5913236513632
965.782439,153,155.171555,988.7869993758401,-23.004560103840596,965.7824392719996
937.38004,148,155.249393,964.8100546506045,-27.430014799008926,937.3800398515956
1007.980773,151,155.33012,1007.9807731662436,0.0,1007.9807731662436
918.222785,142,155.408369,958.3105991940616,-40.08781421278554,918.2227849812762
962.861617,148,155.488215,991.4341388924287,-28.57252149680018,962.8616173956287
966.928306,141,155.56275,966.9283064686563,0.0,966.9283064686563
45.843707,41,155.585448,78.77055478257101,-32.92684783756446,45.84370694500656
949.334969,141,155.66029,949.3349689540864,0.0,949.3349689540864
910.079897,152,155.741331,946.0094916432431,-35.92959464282542,910.0798970004176
960.543841,141,155.846475,960.5438410902182,0.0,960.5438410902182
980.920477,154,156.556948,996.860699264487,-15.940222554764798,980.9204767097222
-58.096294,27,156.573592,-27.1591890725567,-30.937104652253375,-58.096293724810074
280.441145,89,156.62867,324.28026616377997,-43.839120795663156,280.4411453681168
139.293511,67,156.671045,184.58510352782994,-45.29159284573363,139.2935106820964
947.451994,143,156.760771,947.4519938934968,0.0,947.4519938934968
948.556489,140,156.847175,950.1663506326986,-1.609861142263549,948.5564894904351
941.945349,141,156.937656,970.4763961634968,-28.531047541107753,941.9453486223891
956.012621,141,157.027056,976.5666950963167,-20.554074191216166,956.0126209051006
1010.464382,150,157.109427,1014.5944305742124,-4.130048671456194,1010.4643819027563
960.432449,146,157.190129,960.4324487124973,0.0,960.4324487124973
410.893348,107,157.246306,440.71580265223014,-29.822454411562855,410.8933482406673
978.787636,177,157.340743,978.7876356456015,0.0,978.7876356456015
943.970494,151,157.421506,987.4626749789315,-43.49218132817478,943.9704936507568
140.627629,78,157.463361,223.83906044590574,-83.211431071302,140.6276293746039
958.367514,146,157.54081,973.3354021583802,-14.967887666411471,958.3675144919689
31.867607,54,157.573624,75.88902891670244,-44.021421618508604,31.867607298193832
986.814879,144,157.665185,986.814879108216,0.0,986.814879108216
926.532536,139,157.755459,934.8522296394301,-8.319693314086397,926.5325363253436
950.238727,145,158.514389,977.9840414949042,-27.745314823781342,950.2387266711228
-44.021651,24,158.533314,-21.58144118808299,-22.440210217037652,-44.02165140512065
969.654239,148,158.626359,969.6542386818854,0.0,969.6542386818854
975.374704,147,158.715922,975.3747036586452,0.0,975.3747036586452
955.103601,143,158.806073,971.9156059277864,-16.812004569091584,955.1036013586947
968.107089,146,158.900351,968.107089102586,0.0,968.107089102586
1005.97776,148,158.983559,1005.9777603332808,0.0,1005.9777603332808
943.640337,137,159.055892,962.2588260931288,-18.618489403366635,943.6403366897622
3.641626,45,159.082909,48.7914874888791,-45.14986110308165,3.641626385797508
957.183755,137,159.155529,957.1837553989425,0.0,957.1837553989425
956.771345,145,159.232212,956.7713447573769,0.0,956.7713447573769
976.566988,142,159.308451,978.2283302833273,-1.6613426301082956,976.566987653219
969.628932,142,159.385752,969.6289320602876,0.0,969.6289320602876
-58.186282,23,159.399387,-24.991551538202245,-33.1947304049738,-58.186281943176034
944.289417,143,159.475997,957.6875209893582,-13.398103708652044,944.2894172807062
919.946488,138,159.55072,936.9178492602089,-16.97136172548451,919.9464875347242
1.716447,49,159.57803,49.139731786224274,-47.42328511073066,1.7164466754936143
933.168276,139,160.277511,950.3021957277712,-17.133919382877885,933.1682763448932
946.195582,142,160.372735,963.1592633323651,-16.96368124111114,946.195582091254
934.208585,176,160.48501,938.8449532264851,-4.636368190706151,934.208585035779
35.284427,47,160.516347,77.60135661451913,-42.31692915646467,35.28442745805448
943.374574,141,160.601586,974.4823529566879,-31.107778504727744,943.3745744519604
964.111014,137,160.686511,971.2027565035532,-7.091742300322171,964.111014203231
976.965097,141,160.770708,976.965097292085,0.0,976.965097292085
-79.339197,18,160.781283,-52.58188338126088,-26.75731361639403,-79.33919699765491
53.86675,50,160.807456,93.765380672712,-39.89863026968354,53.86675040302849
972.611144,140,164.796521,972.6111439070744,0.0,972.6111439070744
-43.547607,26,164.811625,-16.23856564144151,-27.30904183320746,-43.547607474648984
940.058436,136,164.884636,940.0584355721827,0.0,940.0584355721827
937.345486,134,164.967464,937.3454860301846,0.0,937.3454860301846
994.667415,148,165.062798,994.667414599928,0.0,994.667414599928
378.947956,102,165.132366,419.4390413531396,-40.491084951614354,378.9479564015253
91.482586,61,165.171304,128.9656099571641,-37.48302379938027,91.48258615778386
888.921902,143,165.261736,952.5047484585923,-63.582846421851514,888.9219020367409
370.343084,98,165.323437,415.9126780474511,-45.569594359564135,370.3430836878869
976.277641,150,166.018622,1012.3072381322542,-36.029597419427525,976.2776407128268
362.864654,101,166.071815,407.1697502676029,-44.30509611830169,362.8646541493012
921.166046,131,166.140897,921.1660463277486,0.0,921.1660463277486
951.441031,147,166.220718,973.9151266093401,-22.474095350911114,951.4410312584291
922.71341,142,166.297025,978.6089986980935,-55.895589093403316,922.7134096046902
348.040866,97,166.349039,408.2390530682593,-60.198186691662556,348.04086637659697
900.823826,138,166.421157,943.9006003334057,-43.07677481426078,900.823825519145
953.254857,135,166.495106,953.2548572512968,0.0,953.2548572512968
1000.468992,148,166.574863,1000.4689915168091,0.0,1000.4689915168091
948.154875,138,166.650404,948.1548750429474,0.0,948.1548750429474
910.81097,138,166.734219,954.4519799239869,-43.641009880043875,910.8109700439433
942.12672,143,166.825674,984.8224680077172,-42.695748190849784,942.1267198168674
-52.365416,24,166.843328,-17.617409300329243,-34.74800697543881,-52.365416275768055
-75.21954,19,166.856919,-46.73412299638012,-28.485416743724134,-75.21953974010427
944.601018,138,166.950542,950.1496870289698,-5.548668744804821,944.6010182841651
75.581713,56,166.983867,119.24113501949907,-43.659422493260635,75.58171252623839
961.449385,151,167.074784,983.723231226597,-22.273846573472916,961.4493846531244
-49.813291,23,167.091436,-22.600921348875872,-27.212369885917667,-49.81329123479355
375.877881,105,167.158561,421.5634854942518,-45.685604067138854,375.87788142711304
943.700943,140,167.830577,948.2506298130625,-4.549686599026346,943.700943214036
880.523414,139,167.906226,919.3447745081186,-38.82136006170094,880.5234144464174
166.090561,76,167.947252,211.60247150077868,-45.51191006959322,166.0905614311855
988.471133,151,168.025815,1005.2714168512497,-16.800284142214238,988.4711327090355
985.662097,142,168.099663,985.6620971166188,0.0,985.6620971166188
922.792737,148,168.179222,975.357503561896,-52.5647661631236,922.7927373987725
949.477332,148,168.259885,964.2467304813227,-14.76939854508674,949.477331936236
959.023388,154,168.342674,992.9253568392626,-33.90196919362389,959.0233876456385
1002.900834,152,168.422385,1005.1037836037599,-2.202949336078852,1002.9008342676811
935.172252,138,168.51221,935.1722518185502,0.0,935.1722518185502
995.112533,155,168.606516,1006.2095895439727,-11.09705644753863,995.1125330964342
1007.898354,150,168.702806,1008.4779440278706,-0.5795905236728505,1007.8983535041979
300.836539,87,168.762013,337.3181880393487,-36.481648577870374,300.8365394614783
7.954972,34,168.784693,48.43337216782298,-40.47839992775447,7.954972240068514
1030.673327,161,168.896129,1030.6733270259738,0.0,1030.6733270259738
955.644507,143,169.589695,956.0800167783301,-0.4355094794692205,955.644507298861
932.849373,141,169.664612,958.0569755780986,-25.207602431149024,932.8493731469497
977.205522,141,169.741211,977.2055220536574,0.0,977.2055220536574
908.284645,142,169.815173,951.8139138442333,-43.52926925601833,908.2846445882149
979.292232,146,169.894366,979.2922319020686,0.0,979.2922319020686
178.840243,67,169.930683,203.44699358691125,-24.606750865456444,178.8402427214548
959.642214,141,170.00627,962.9319660322085,-3.289752080417532,959.642213951791
-5.15417,31,170.024401,29.203811639349638,-34.35798205189252,-5.154170412542868
1005.1451,146,170.100885,1005.1451003173893,0.0,1005.1451003173893
967.892808,140,170.17607,967.8928081253018,0.0,967.8928081253018
981.750579,142,170.251885,981.7505785160582,0.0,981.7505785160582
111.24807,63,170.292315,149.84167549078532,-38.59360545198864,111.24807003879678
923.045095,134,170.375602,923.0450953428849,0.0,923.0450953428849
962.690233,138,170.46805,962.6902333914227,0.0,962.6902333914227
215.618147,78,170.521205,250.19988943712485,-34.58174279831155,215.61814663881336
980.390855,140,170.607454,980.3908545937666,0.0,980.3908545937666
918.477228,137,170.698788,931.1530013344898,-12.675773568325308,918.4772277661643
192.090108,75,170.758851,234.99182221180817,-42.90171417654203,192.09010803526618
963.06487,141,171.459083,977.5935826690238,-14.528712926001099,963.0648697430229
846.499869,132,171.529951,901.0338843973352,-54.53401549675626,846.4998689005791
66.889893,52,171.558711,109.9234699999671,-43.033576624930845,66.88989337503625
937.674371,135,171.62884,937.6743706315294,0.0,937.6743706315294
966.368507,138,171.704423,966.3685068809315,0.0,966.3685068809315
962.271698,136,171.779458,962.2716978280722,0.0,962.2716978280722
882.441177,136,171.849784,934.6637094470451,-52.22253262266932,882.4411768243757
22.56212,48,171.878079,70.34148752922908,-47.77936740076873,22.562120128460435
956.05184,139,171.952189,962.3897681188921,-6.337928589666402,956.0518395292256
982.435405,144,172.02936,982.4354054608884,0.0,982.4354054608884
358.318086,98,172.08327,402.43779933908377,-44.11971334237303,358.3180859967108
953.463633,137,172.157783,953.4636326926266,0.0,953.4636326926266
936.724506,134,172.230317,936.7245060698592,0.0,936.7245060698592
52.231974,54,172.260118,94.62569493055018,-42.39372141396821,52.23197351658199
-77.180362,17,172.270693,-52.52028291854038,-24.660078726811093,-77.18036164535148
347.434713,96,172.322748,392.91943143393814,-45.484718710416345,347.4347127235218
344.664013,94,172.376534,383.1412567219959,-38.47724402837757,344.66401269361836
986.191541,140,172.45996,986.1915411326695,0.0,986.1915411326695
960.042697,145,173.155466,976.228640073331,-16.18594318475269,960.0426968885785
979.195904,139,173.22783,979.1959039412852,0.0,979.1959039412852
102.88536,57,173.258,147.4870049082855,-44.601645096896775,102.88535981138867
-43.36379,25,173.273109,-7.9635582634374344,-35.40023210519573,-43.363790368633175
223.993323,82,173.321271,274.79489376331753,-50.80157119616544,223.99332256715215
947.410071,137,173.394387,947.4100713851617,0.0,947.4100713851617
84.809395,59,173.429038,140.19192115822125,-55.38252609474862,84.80939506347266
180.945359,74,173.468755,226.29107839316006,-45.34571933960512,180.94535905355482
980.191751,149,177.048359,1024.3143998591927,-44.12264886831312,980.1917509908793
381.389233,110,177.108983,441.8664704714415,-60.477237652542726,381.38923281889896
308.489223,91,177.156892,358.7764303100523,-50.28720767175513,308.4892226382972
883.142305,134,177.229497,940.8338242884217,-57.69151962521235,883.1423046632093
987.753654,148,177.309023,1000.5978540504738,-12.844200214202294,987.7536538362715
128.717068,62,177.342313,155.8144331197887,-27.09736485659252,128.71706826319615
876.957512,136,177.415666,919.772533626248,-42.81502136190061,876.9575122643473
915.378719,142,177.498319,941.4974933354719,-26.118774411121954,915.3787189243498
909.992651,138,177.58481,966.5648539948709,-56.57220277896977,909.9926512159012
-73.337149,18,177.597987,-47.377711615053954,-25.959437438422967,-73.33714905347692
316.590496,91,177.655239,360.9706321068618,-44.3801365794317,316.5904955274301
966.90481,143,177.749467,969.7685300131984,-2.863720161555544,966.904809851643
936.730467,132,178.421967,936.730467333748,0.0,936.730467333748
-77.414745,18,178.43293,-50.54965804006393,-26.865086677272046,-77.41474471733599
132.594753,63,178.466217,173.96711134933003,-41.372358547849494,132.59475280148064
966.947415,147,178.544237,966.9474152816766,0.0,966.9474152816766
398.014685,108,178.601966,425.97538624034945,-27.960701081946198,398.0146851584032
-48.566697,23,178.618127,-18.848347224177488,-29.71834981366862,-48.56669703784608
940.616762,138,178.690153,962.110785996269,-21.4940240836681,940.6167619126009
-55.164254,22,178.702235,-24.06470925244861,-31.099544996023756,-55.16425424847235
947.967736,140,178.777273,953.4104230681146,-5.4426875100121865,947.9677355581024
935.191593,134,178.848852,937.1809437673729,-1.989350469990085,935.1915932973828
1020.802786,148,178.928582,1020.8027863829168,0.0,1020.8027863829168
993.816487,143,179.006158,993.8164865208191,0.0,993.8164865208191
153.127757,67,179.043374,194.73696121610683,-41.609204211510786,153.12775700459602
954.950993,137,179.116236,954.9509930797265,0.0,954.9509930797265
988.378263,159,179.202512,1028.051469303861,-39.67320659170482,988.3782627121564
1005.484296,155,179.295504,1005.4842958195925,0.0,1005.4842958195925
-68.177905,22,179.310293,-39.111834552831695,-29.066070489938717,-68.17790504277042
957.180918,143,179.406018,957.8354199228868,-0.6545016857764905,957.1809182371104
984.878742,146,179.502877,985.0120887448952,-0.1333470394145273,984.8787417054807
403.036558,102,180.17744,425.77009586902597,-22.733537816164624,403.0365580528614
905.112068,133,180.248143,922.1230619339572,-17.010993522948674,905.1120684110087
-0.973039,32,180.267401,30.327268412989056,-31.300307330148634,-0.9730389171595988
988.680465,146,180.344055,989.5799262489563,-0.8994614218629691,988.6804648270933
976.598689,142,180.420179,980.6918841865632,-4.093195560766474,976.598688625797
961.352043,142,180.496402,966.7435723271931,-5.391528990392629,961.3520433368005
136.72839,64,180.531113,177.97130241163197,-41.242912085188586,136.72839032644347
959.099584,136,180.602901,959.099583894004,0.0,959.099583894004
983.073745,141,180.678593,983.0737451822365,0.0,983.0737451822365
933.846236,139,180.754593,934.1327055545971,-0.2864695060863909,933.8462360485108
961.689853,141,180.829511,961.6898534596969,0.0,961.6898534596969
235.35929,92,180.877851,279.30131455316587,-43.94202499283783,235.35928956032805
954.645954,137,180.951249,954.6459538137354,0.0,954.6459538137354
964.388314,148,181.045239,993.3587910174313,-28.97047726767343,964.3883137497579
39.182945,40,181.073962,71.11489351033676,-31.93194869485201,39.18294481548473
971.964195,143,181.16379,978.544120880156,-6.579926196624703,971.9641946835313
952.086803,143,181.257052,973.374227907986,-21.28742472886291,952.086803179123
-50.386939,22,181.272028,-26.863465741653343,-23.52347362333027,-50.38693936498363
952.092032,136,181.970064,952.0920324567514,0.0,952.0920324567514
928.561097,142,182.056461,946.2792526496594,-17.718155851606102,928.5610967980533
165.27336,70,182.098855,202.54267021995585,-37.26930984494825,165.27336037500763
904.187308,139,182.174016,958.5101021624861,-54.32279454261026,904.1873076198757
-75.090927,18,182.184576,-48.09043070207247,-27.000496005342214,-75.09092670741468
932.486052,137,182.257421,932.4860516260383,0.0,932.4860516260383
928.803115,139,182.33164,953.6633956779622,-24.860280410489857,928.8031152674723
955.12528,144,182.407999,969.1313833506352,-14.006103259218246,955.1252800914173
21.265839,45,182.433333,67.2093762927797,-45.94353693457928,21.26583935820048
935.406486,141,182.510103,935.4972728694058,-0.09078686884404608,935.4064860005617
989.435229,150,182.590273,994.9456216387146,-5.510392571537304,989.4352290671773
981.819829,145,182.671724,981.8785965469749,-0.058767954328970085,981.819828592646
974.892486,141,182.747607,974.8924860864078,0.0,974.8924860864078
901.792114,140,182.832829,930.3160819021798,-28.52396810788349,901.7921137942963
992.975064,150,182.925905,992.9750638560613,0.0,992.9750638560613
367.217203,99,182.990478,415.24998035968656,-48.032777701106276,367.2172026585804
121.473953,62,183.030027,161.75490882764444,-40.28095594845938,121.47395287918516
987.006541,148,183.740772,988.2325012338634,-1.22596055922899,987.0065406746345
179.128113,76,183.787162,236.5789921279144,-57.45087938522032,179.12811274269396
974.231583,139,183.874106,974.2315833237484,0.0,974.2315833237484
922.574301,142,183.953547,950.0398843499516,-27.465583126517814,922.5743012234341
934.245639,145,184.030816,944.3373854461354,-10.09174688313854,934.2456385629969
1019.739127,149,184.109226,1019.7391272866103,0.0,1019.7391272866103
334.12096,95,184.161791,378.4493878223484,-44.32842794004824,334.1209598823002
987.301807,141,184.235095,987.3018073949453,0.0,987.3018073949453
928.376954,135,184.308181,928.3769538737231,0.0,928.3769538737231
390.12814,105,184.363407,430.2334598855372,-40.10531951845922,390.128140367078
-80.519728,16,184.378122,-57.59476576171984,-22.924962212330552,-80.51972797405038
-69.567416,21,184.3902,-38.08111140085825,-31.486304310669897,-69.56741571152816
374.645602,100,184.443814,412.60499491224937,-37.95939284369314,374.6456020685564
948.988661,143,184.519402,972.6446253470508,-23.65596481679569,948.9886605302554
979.417242,140,184.595622,979.4172422834392,0.0,979.4172422834392
938.439709,136,184.66731,938.4397085399434,0.0,938.4397085399434
958.360954,144,184.743851,958.3609541215878,0.0,958.3609541215878
956.857727,141,184.81929,956.8577267213482,0.0,956.8577267213482
978.993789,140,185.506081,978.9937888139607,0.0,978.9937888139607
356.362985,93,185.566262,390.4635785361687,-34.100593518297394,356.3629850178713
-73.862462,17,185.579888,-49.65013598736664,-24.212326164537505,-73.86246215190415
919.707657,141,185.668073,919.7076573051722,0.0,919.7076573051722
969.059141,146,185.750995,969.0591414942523,0.0,969.0591414942523
224.122446,85,189.28313,249.87137208300962,-25.748925620469322,224.12244646254024
35.431616,39,189.308676,77.88682457829803,-42.455208704140304,35.43161587415777
165.841143,70,189.365804,203.5175959552316,-37.6764525269678,165.84114342826385
984.095333,142,189.442976,984.0953330348262,0.0,984.0953330348262
978.627951,145,189.519292,986.4456933703927,-7.817742211467064,978.6279511589257
-67.68258,19,189.532679,-40.44405116447524,-27.23852843821976,-67.68257960269501
913.888983,138,189.60617,948.3501455383004,-34.46116208381967,913.8889834544809
-21.32096,30,189.622843,17.89787314063598,-39.21883322658513,-21.320960085949153
1008.215091,156,189.705209,1008.2150905544617,0.0,1008.2150905544617
983.666921,143,189.780967,983.6669210261497,0.0,983.6669210261497
-31.038515,26,189.797567,-0.5399033431640561,-30.49861213845133,-31.038515481615377
25.75595,37,189.818505,62.65012872441878,-36.89417904037854,25.755949684040274
371.491339,101,189.873582,420.09093379306915,-48.59959443390366,371.4913393591656
88.087037,54,189.903559,124.55562466368366,-36.46858792850947,88.08703673517417
36.634639,39,189.925556,79.65260786992576,-43.01796837729616,36.634639492629674
325.788623,99,189.978508,381.07108040827586,-55.28245786064882,325.7886225476272
56.261971,44,190.00229,96.31661778806334,-40.054647209853016,56.26197057821035
51.165057,49,190.029124,85.26325963927434,-34.09820259049494,51.16505704877943
970.84361,139,190.105672,970.843609969336,0.0,970.843609969336
-75.078479,17,190.734048,-50.704512271659,-24.373966252986826,-75.07847852464585
936.655108,141,190.821324,936.6551076372422,0.0,936.6551076372422
-4.601483,42,190.851175,33.41171460229947,-38.01319748733425,-4.601482885034784
1002.182221,145,190.937146,1002.1822210994866,0.0,1002.1822210994866
-50.635742,24,190.950773,-23.410907230839555,-27.22483510672915,-50.6357423375687
957.460943,144,191.026922,972.0155697002256,-14.55462713481233,957.4609425654135
998.034369,149,191.107071,998.0343693358601,0.0,998.0343693358601
946.131768,139,191.182526,955.3774520023991,-9.245684361416426,946.1317676409826
18.777818,36,191.210094,62.12274807641502,-43.3449304700262,18.777817606388865
-4.5599,31,191.229363,17.43179125917689,-21.991691705710142,-4.559900446533263
951.871025,151,191.311855,1001.9853752757501,-50.11435038850385,951.8710248872463
377.549733,100,191.366743,416.8279484837089,-39.278215092715826,377.549733390993
184.396124,74,191.408134,228.78096827345175,-44.38484465065358,184.39612362279817
985.757674,145,191.487204,985.7576744591836,0.0,985.7576744591836
870.725291,137,191.559627,923.3193491021923,-52.59405844939077,870.7252906528018
971.599857,144,191.637765,994.5457156401598,-22.945858751148464,971.5998568890113
959.613481,146,191.715828,965.4319298225071,-5.818448709419088,959.6134811130879
986.682827,147,191.79499,995.0439735830437,-8.361146864074389,986.6828267189694
927.511808,146,192.490889,962.6340620035136,-35.122253805082956,927.5118081984306
978.036909,143,192.580564,978.0369088007961,0.0,978.0369088007961
250.734612,84,192.634414,293.7649272618263,-43.03031563940748,250.73461162241884
-58.305594,22,192.649556,-27.18568049546805,-31.119913310459435,-58.30559380592749
-42.162496,29,192.671217,-2.730809277516613,-39.43168657960132,-42.16249585711796
124.908708,62,192.706876,167.031433445505,-42.122725415854866,124.90870802965014
34.55506,40,192.731118,79.31062548368564,-44.75556549563251,34.555059988053216
1005.579988,150,192.811658,1005.5799876045493,0.0,1005.5799876045493
22.657976,36,192.831628,59.271938913854015,-36.61396304214942,22.657975871704664
925.451053,141,192.906553,966.0403679839936,-40.589315354373,925.4510526296208
-63.335704,21,192.920825,-33.043250408891,-30.2924540226413,-63.335704431532314
920.640281,134,192.99289,925.6904526743139,-5.050171191003847,920.6402814833102
-50.135818,24,193.007611,-15.842305216968896,-34.29351293990646,-50.13581815687533
947.554973,139,193.082652,947.5549733905988,0.0,947.5549733905988
969.541632,145,193.159558,969.7019732189826,-0.1603414634667324,969.5416317555159
913.14906,141,193.234631,950.5354532509143,-37.38639298903786,913.1490602618765
981.843762,148,193.313224,997.624831703835,-15.781070015795542,981.8437616880394
989.405634,142,193.388697,989.4056339827083,0.0,989.4056339827083
972.061075,149,193.469753,999.7537327819276,-27.692657561390508,972.0610752205371
61.421297,42,193.493929,86.20304597259545,-24.78174921386898,61.42129675872653
949.133663,145,193.569633,967.911482498627,-18.777819138280876,949.1336633603464
968.780979,140,194.268739,968.7809787960938,0.0,968.7809787960938
-68.411421,20,194.282869,-40.66618132601069,-27.74523967847994,-68.41142100449063
-52.721973,21,194.298075,-24.827414311068466,-27.894559125000036,-52.72197343606848
962.223018,139,194.382023,962.2230175887116,0.0,962.2230175887116
326.010597,93,194.443565,369.50394611629264,-43.49334926941187,326.0105968468808
353.214862,97,194.500455,386.24358294159146,-33.02872065105433,353.2148622905371
216.077865,78,194.550643,257.5851542874109,-41.507289339185014,216.0778649482259
115.471892,61,194.589243,166.68633866426066,-51.214446193011874,115.47189247124882
153.871814,70,194.635408,200.20887183963006,-46.33705816697758,153.8718136726525
984.780187,146,194.71514,984.7801871540447,0.0,984.7801871540447
-42.337453,26,194.730237,-7.306533268789707,-35.030919751580235,-42.33745302036992
979.659658,143,194.804492,979.6596575770225,0.0,979.6596575770225
-26.016565,29,194.822487,10.83049695097155,-36.8470619917616,-26.016565040790056
1001.398526,152,194.902561,1011.2041428439654,-9.80561691896001,1001.3985259250055
976.389745,144,194.980365,976.3897447261342,0.0,976.3897447261342
956.508402,138,195.052977,961.1711265038084,-4.6627246151627455,956.5084018886455
137.178393,66,195.088835,176.76817102337523,-39.58977818929392,137.17839283408134
969.343869,148,195.166529,990.7672588584994,-21.42338991959101,969.3438689389081
374.445014,101,195.221383,415.2362574759926,-40.79124298597358,374.44501449001905
292.485741,89,195.269383,354.1366188284891,-61.6508773446978,292.4857414837914
-80.523268,18,195.289422,-53.30151919291902,-27.22174871833699,-80.523267911256
376.757306,96,195.343305,399.44611611032445,-22.688809667422834,376.75730644290155
957.263366,140,195.418059,957.263365895223,0.0,957.263365895223
-62.104238,19,196.049924,-36.189292419358,-25.914946053284858,-62.10423847264288
-31.22799,27,196.064616,5.901850170880152,-37.129839798079715,-31.227989627199563
983.696983,144,196.159794,983.6969831522064,0.0,983.6969831522064
960.247382,138,196.241839,960.2473819931056,0.0,960.2473819931056
960.213911,147,196.332684,960.2139106947384,0.0,960.2139106947384
964.700649,140,196.420958,964.7006487571995,0.0,964.7006487571995
373.730823,97,196.48392,402.6224937330521,-28.89167062403973,373.73082310901236
940.245486,132,196.556306,940.24548646034,0.0,940.24548646034
900.13564,142,196.632274,954.6570575576478,-54.52141791683772,900.1356396408104
954.236324,142,196.708393,976.5180972229093,-22.281773283537653,954.2363239393717
305.079698,90,196.758406,348.51269092747935,-43.43299300594157,305.0796979215378
360.574189,98,196.811946,403.73608573515395,-43.16189718598293,360.5741885491711
988.094687,145,196.891687,988.0946874480558,0.0,988.0946874480558
976.66921,147,196.969222,976.669210217597,0.0,976.669210217597
951.288407,144,197.046484,976.0102695715066,-24.7218629452027,951.2884066263039
895.660753,144,197.12282,970.1212362193714,-74.4604834306809,895.6607527886903
966.44827,150,197.20381,966.448270163665,0.0,966.448270163665
959.540375,138,197.881162,959.5403752522145,0.0,959.5403752522145
364.313403,96,197.94449,395.5674060811915,-31.254003522418945,364.31340255877257
-69.928785,19,197.959619,-43.5893441866221,-26.33944080790768,-69.92878499452978
945.242642,144,201.602406,958.6318737075376,-13.389231818486023,945.2426418890515
203.930371,80,201.654342,248.91353061018987,-44.983159211686946,203.93037139850293
1017.662889,151,201.757345,1017.6628885330335,0.0,1017.6628885330335
965.37522,139,201.84554,965.3752204293547,0.0,965.3752204293547
947.583587,141,201.932769,967.9746736875786,-20.391086739125996,947.5835869484526
932.624958,138,202.004181,932.6249575176673,0.0,932.6249575176673
258.223528,86,202.05329,298.77401621251107,-40.55048787902359,258.22352833348754
925.767051,134,202.125896,943.7505535667387,-17.98350271892839,925.7670508478104
967.824757,144,202.203138,970.4202094566133,-2.595452021673349,967.8247574349399
943.06613,138,202.275905,952.8433925001773,-9.777262883879608,943.0661296162975
973.070686,147,202.356866,973.070685827016,0.0,973.070685827016
980.944725,142,202.43356,980.944724933287,0.0,980.944724933287
960.014717,143,202.513635,960.0147170583487,0.0,960.0147170583487
981.295462,142,203.20494,981.2954616211506,0.0,981.2954616211506
949.80678,136,203.289338,949.8067795977406,0.0,949.8067795977406
981.944117,144,203.3814,981.9463796845035,-0.0022628667566193528,981.9441168177469
977.630195,144,203.479,983.6361966673921,-6.00600164784066,977.6301950195517
993.974873,146,203.572773,993.9748726357326,0.0,993.9748726357326
975.015071,143,203.663331,975.6947304533944,-0.6796594878391229,975.0150709655552
992.421226,146,203.747548,1005.6302004395736,-13.208974431406311,992.4212260081674
981.655558,141,203.820705,981.6555584814025,0.0,981.6555584814025
949.732523,136,203.894114,949.8446281897191,-0.11210489084438535,949.7325232988746
931.610344,140,203.96675,945.1746748983403,-13.564331353485377,931.610343544855
374.401979,102,204.022013,417.71353972078015,-43.31156084309542,374.40197887768466
930.339273,142,204.098525,962.8835419539445,-32.5442688070067,930.3392731469379
950.596681,135,204.168683,950.5966806294043,0.0,950.5966806294043
361.732962,96,204.221286,404.7945057794857,-43.061543513078504,361.7329622664071
894.678595,137,204.29514,936.5017473596591,-41.823151884308004,894.6785954753511
983.340793,141,205.005333,983.3407927895498,0.0,983.3407927895498
28.422728,46,205.036468,71.2066428307368,-42.783915275828925,28.42272755490788
-45.029404,23,205.053102,-26.718893954566582,-18.31051046463149,-45.02940441919807
952.461782,138,205.144433,952.4617817972279,0.0,952.4617817972279
952.985181,139,205.236851,957.0082908778509,-4.023110136642763,952.9851807412081
1001.940459,147,205.33488,1001.9404592383645,0.0,1001.9404592383645
96.801702,59,205.368951,144.5836985292792,-47.7819965625704,96.8017019667088
983.791459,144,205.460258,984.9370837981612,-1.145625111808716,983.7914586863526
974.030437,142,205.541901,974.0304366234805,0.0,974.0304366234805
969.802278,140,205.615843,969.8022776063258,0.0,969.8022776063258
932.126026,131,205.686393,932.1260263791626,0.0,932.1260263791626
-47.326679,25,205.699986,-18.81063577950033,-28.516043253513608,-47.32667903301393
925.212261,131,205.768357,925.2122610615852,0.0,925.2122610615852
998.683829,150,205.846879,998.6838286826761,0.0,998.6838286826761
954.620299,140,205.923293,954.6202985867227,0.0,954.6202985867227
957.053538,143,205.998982,964.2428053875615,-7.18926717940076,957.0535382081606
11.353432,41,206.023163,54.237471456649644,-42.88403956274783,11.35343189390187
959.869747,146,206.099761,979.1402827140715,-19.27053566143738,959.8697470526341
97.816769,57,206.131466,135.73713716151906,-37.9203679170778,97.81676924444132
979.637341,143,206.834262,993.6574327324422,-14.020091510561253,979.6373412218809
917.150623,141,206.92936,917.1506234653027,0.0,917.1506234653027
988.83212,155,207.032617,991.7208711906873,-2.888751364352359,988.832119826335
927.564021,130,207.124519,927.5640206125131,0.0,927.5640206125131
360.313068,98,207.192309,400.6754790870085,-40.362411084080435,360.31306800292816
884.183123,137,207.278273,933.1894079606509,-49.00628467297175,884.1831232876792
928.117769,137,207.358002,928.1177685589405,0.0,928.1177685589405
165.469539,68,207.395853,206.78914458300295,-41.31960578813768,165.4695387948653
964.406937,142,207.470307,966.853196618724,-2.4462595287109705,964.4069370900131
913.584635,144,207.547526,961.2144968683378,-47.629861512032626,913.5846353563051
1016.283709,153,207.628755,1016.2837091519132,0.0,1016.2837091519132
-60.079725,20,207.640557,-32.40486229473464,-27.674862261636864,-60.07972455637152
858.840996,138,207.713512,914.4439286871725,-55.602932926730574,858.8409957604421
887.082888,142,207.788993,927.317040131387,-40.234151738451104,887.0828883929362
957.806889,138,207.865653,961.3612113860523,-3.5543221339401887,957.8068892521121
960.354524,143,207.942189,960.3545240145489,0.0,960.3545240145489
963.79956,147,208.621443,968.1381510620029,-4.338591322393887,963.799559739609
984.290142,149,208.715207,1004.4436783851296,-20.153535953397864,984.2901424317316
938.350356,136,208.800092,938.350356418545,0.0,938.350356418545
311.337429,95,208.859175,356.5294339020465,-45.192005344673376,311.33742855737324
86.715293,55,208.895211,134.14689803348944,-47.43160517398388,86.71529285950558
935.717494,144,208.984728,990.1786599784581,-54.46116592042843,935.7174940580297
-52.932765,22,209.000165,-21.502770216110278,-31.429995145635615,-52.93276536174591
936.354327,142,209.082727,970.8022939430496,-34.44796690247655,936.354327040573
946.639879,145,209.159354,961.2572079151726,-14.617328462024709,946.6398794531478
962.957052,139,209.233973,971.551680639419,-8.594628667809527,962.9570519716095
164.340073,70,209.270259,209.84167279340332,-45.50159953708974,164.34007325631362
925.751348,137,209.343863,926.9882924185171,-1.2369449121500047,925.7513475063671
-74.166182,17,209.354424,-49.85691301874907,-24.309268801533417,-74.1661818202825
934.861216,136,209.427699,950.9260193343597,-16.06480371609842,934.8612156182614
971.045245,142,209.501786,971.5340595199922,-0.48881478667378797,971.0452447333184
855.460617,135,209.57305,918.9485918750356,-63.48797534258502,855.460616532451
994.840549,152,209.656158,1006.3216559696766,-11.48110669929812,994.8405492703787
950.828594,140,209.732522,965.3508590075803,-14.522265418165299,950.8285935894152
957.444594,138,214.486934,957.4445944878403,0.0,957.4445944878403
50.084511,40,214.512877,83.5152671692646,-33.430756292248105,50.0845108770165
925.629726,134,214.59944,936.2680761074718,-10.638349944111066,925.6297261633607
1003.303826,152,214.692343,1022.4013501443126,-19.09752399034813,1003.3038261539646
938.986948,144,214.768065,969.4137785398316,-30.4268308300878,938.9869477097441
955.071189,148,214.846651,962.1699487502672,-7.0987592937819946,955.0711894564852
252.350339,92,214.897542,329.98448660954494,-77.63414757513823,252.35033903440677
-72.740434,20,214.910987,-43.83188066896511,-28.90855362378049,-72.74043429274562
950.198977,143,214.986687,950.1989766202603,0.0,950.1989766202603
903.509929,142,215.061666,958.0179648070279,-54.508035727121644,903.5099290799061
921.409279,148,215.141011,965.5163953521615,-44.107116654432254,921.4092786977293
960.572613,144,215.219342,967.6342098652053,-7.0615967389023195,960.5726131263027
993.359481,151,215.300637,993.3594808627041,0.0,993.3594808627041
929.50401,149,215.381085,990.8947251496547,-61.390715139867815,929.5040100097872
931.984421,150,215.463914,965.2325052887584,-33.24808418391624,931.984421104842
938.569292,138,215.535125,938.5692919719211,0.0,938.5692919719211
372.32298,110,216.218361,425.0297673584721,-52.706787728139055,372.32297963033335
235.78662,86,216.274309,277.9532438749281,-42.16662376848694,235.7866201064411
951.165916,150,216.367282,978.0626468226669,-26.89673125409052,951.1659155685763
957.441885,138,216.455475,957.4418848642558,0.0,957.4418848642558
941.798066,146,216.534805,966.8135115502268,-25.015445136867687,941.7980664133593
944.585375,136,216.608392,944.5853749551263,0.0,944.5853749551263
962.141574,144,216.68567,962.1415735095231,0.0,962.1415735095231
969.088473,142,216.764117,969.0884731933168,0.0,969.0884731933168
944.76323,143,216.842713,960.099477454665,-15.336247333628995,944.7632301210363
958.80429,154,216.925403,958.8042895137611,0.0,958.8042895137611
952.050838,139,216.997981,952.0508380774321,0.0,952.0508380774321
894.580718,143,217.075907,956.7884956626509,-62.20777803336138,894.5807176292897
987.998567,151,217.157037,989.9059834317968,-1.9074161403058483,987.9985672914909
199.069597,78,217.198322,239.64096814085966,-40.57137160869304,199.06959653216663
967.40794,147,217.277249,970.1744716175544,-2.766532059332726,967.4079395582218
967.921266,147,217.99298,967.9212659092136,0.0,967.9212659092136
914.122523,131,218.081334,914.1225230553166,0.0,914.1225230553166
968.862819,141,218.174458,968.8628185515959,0.0,968.8628185515959
21.858413,37,218.196754,34.88864355318756,-13.030230745990597,21.85841280719697
352.286937,96,218.257549,389.7154982169385,-37.42856154502138,352.28693667191726
885.698373,139,218.343476,938.8792584083253,-53.18088573241165,885.6983726759136
927.841228,132,218.413886,927.8412280168095,0.0,927.8412280168095
960.58103,146,218.492158,981.1091581642821,-20.5281281415911,960.5810300226912
114.36932,63,218.52517,150.27595519405014,-35.90663551355848,114.36931968049163
920.734888,141,218.601706,966.2140020902125,-45.4791137208188,920.7348883693937
884.925848,136,218.67522,921.3736434993232,-36.44779582143126,884.9258476778919
978.297227,153,218.758704,1010.754458109571,-32.45723156391113,978.2972265456599
998.689344,146,218.838356,998.6893436044523,0.0,998.6893436044523
1011.617775,152,218.917969,1011.6177745133059,0.0,1011.6177745133059
959.282031,141,218.995113,959.2820307700368,0.0,959.2820307700368
955.186878,138,219.068809,955.989654562407,-0.8027765008460648,955.1868780615611
108.035243,67,219.106451,149.22639428537425,-41.19115083548848,108.0352434498858
969.915406,144,219.867487,980.6153338547838,-10.699928292624767,969.9154055621593
973.047459,149,219.970149,994.8944563225577,-21.846997515503592,973.0474588070542
1029.874245,154,220.06795,1029.874245148579,0.0,1029.874245148579
940.185077,150,220.160295,986.6008266631418,-46.415750157021456,940.1850765061203
954.1958,135,220.230414,954.1957996591725,0.0,954.1957996591725
969.018161,144,220.308922,969.2777022662059,-0.25954161620331373,969.0181606500026
966.026952,148,220.387276,988.1406776248878,-22.113726048212126,966.0269515766755
980.969507,149,220.46877,980.9695074590245,0.0,980.9695074590245
973.811473,143,220.546415,973.8114729403909,0.0,973.8114729403909
950.638014,149,220.625321,985.3323202569179,-34.69430624163594,950.6380140152819
926.274352,140,220.700327,971.2721304842192,-44.99777887865673,926.2743516055625
942.570663,137,220.776667,954.1542497301783,-11.58358632664768,942.5706634035308
302.209337,90,220.826375,352.01507333563103,-49.80573649548155,302.2093368401495
919.858275,139,220.901935,963.2994685128242,-43.44119376922914,919.858274743595
946.419718,139,221.575577,964.949382581309,-18.529664554579472,946.4197180267296
984.6518,144,221.666704,984.6517997166192,0.0,984.6517997166192
989.439802,154,221.765726,989.4398021747389,0.0,989.4398021747389
959.079962,140,221.854903,960.5865066458024,-1.506544451320874,959.0799621944815
932.283838,146,221.943898,955.8158643463532,-23.532026592647135,932.2838377537062
963.866229,145,222.025521,967.8973650795037,-4.031136134789461,963.8662289447145
974.736186,139,222.098581,974.7361855906224,0.0,974.7361855906224
1008.348514,146,222.177066,1008.3485135535997,0.0,1008.3485135535997
924.61899,136,222.258108,938.8109157757008,-14.191925999805331,924.6189897758956
941.051246,151,222.336921,981.8862993259507,-40.835053710975686,941.0512456149752
945.773528,143,222.415464,955.7786672931993,-10.005139593427899,945.7735276997714
-44.063576,25,222.430846,-22.496504625171283,-21.56707178158342,-44.063576406754706
985.647833,148,222.509024,987.618553268889,-1.9707201957803457,985.6478330731087
924.869265,137,222.58274,936.1454557979863,-11.276191032099014,924.8692647658872
955.403511,139,226.347297,955.4035109967027,0.0,955.4035109967027
943.80654,138,227.022718,953.6974515597567,-9.890911356649276,943.8065402031075
984.197781,144,227.117167,993.8013754303845,-9.603594605377989,984.1977808250067
-78.187827,17,227.128765,-52.97457287520986,-25.213254185434863,-78.18782706064472
325.141438,92,227.188346,369.8760893187724,-44.73465094340467,325.1414383753678
860.989596,136,227.274288,929.042442457559,-68.05284656986312,860.9895958876963
987.69218,141,227.36563,987.692179741078,0.0,987.692179741078
954.344298,147,227.460948,970.6830247824273,-16.338726734530127,954.3442980478972
290.806301,93,227.521607,332.0205017079012,-41.21420064409284,290.8063010638084
223.936349,84,227.568861,288.3888477140083,-64.45249843646789,223.93634927754044
987.828912,144,227.643858,987.8289121848306,0.0,987.8289121848306
169.831283,75,227.685336,230.15586662539684,-60.32458386520457,169.83128276019218
393.840452,106,227.741488,438.7960478035499,-44.95559628955319,393.84045151399664
974.993473,143,227.818035,991.8525257955641,-16.85905267499699,974.9934731205673
28.386077,38,227.83799,72.25804922848609,-43.871972574413334,28.386076654072824
323.238385,88,227.885758,365.3852432995993,-42.14685845914394,323.2383848404554
334.944296,93,227.934363,380.0542598047256,-45.10996352881641,334.9442962759092
881.848757,139,228.008491,937.1622830043084,-55.31352624690454,881.8487567574039
968.342553,140,228.08271,968.3425532689257,0.0,968.3425532689257
936.402996,137,228.155614,945.8116268092773,-9.408630347729158,936.4029964615482
369.295476,98,228.810072,405.5415198241572,-36.246044305658565,369.29547551849873
958.061018,142,228.895726,958.5352417029029,-0.47422408027912333,958.0610176226238
399.457935,102,228.958112,433.4864299525558,-34.02849545112221,399.45793450143367
323.19819,99,229.023601,379.06690708675865,-55.8687170434231,323.1981900433355
925.238042,136,229.109838,929.5963675179473,-4.358325995311925,925.2380415226355
400.34045,102,229.172789,431.0784568905972,-30.738006426538483,400.3404504640587
-81.36042,17,229.186457,-56.44961440274885,-24.910805254715715,-81.36041965746458
926.615074,138,229.275717,946.1923308644656,-19.57725661628899,926.6150742481766
927.779954,140,229.362691,963.7386494297211,-35.95869531387623,927.779954115845
88.116744,52,229.391433,122.11742654606566,-34.000682182834325,88.11674436323135
925.334343,141,229.462742,959.5523375482094,-34.21799446578417,925.3343430824254
925.09761,140,229.537016,928.3811657497856,-3.2835558474785236,925.0976099023071
894.662355,137,229.613636,926.7891658578253,-32.126811338997406,894.6623545188279
199.660992,75,229.655101,244.5838246523839,-44.922832392004295,199.66099226037954
927.217024,137,229.728065,936.3755906817603,-9.15856649519119,927.2170241865692
87.268692,55,229.758524,130.35539485755493,-43.08670275965197,87.26869209790297
939.871201,138,229.833251,958.2702063472432,-18.39900567624874,939.8712006709943
996.252925,150,229.915625,996.2529253505148,0.0,996.2529253505148
151.93543,70,229.952904,195.1876216657131,-43.25219157674751,151.93543008896557
940.485869,134,230.626382,940.690804671837,-0.20493536709627858,940.4858693047407
929.969503,130,230.707038,930.0289652999134,-0.05946185237177204,929.9695034475417
986.887664,141,230.806207,987.3012460689721,-0.41358236803309456,986.887663700939
1003.344723,144,230.906411,1003.3447233683828,0.0,1003.3447233683828
77.416337,47,230.942011,118.29839665859909,-40.88205982739426,77.4163368312049
987.621234,145,231.049112,991.1159799971377,-3.4947461510150646,987.6212338461228
985.381225,146,231.146569,985.3812247354449,0.0,985.3812247354449
969.853993,142,231.235751,969.8539934992434,0.0,969.8539934992434
924.809139,130,231.311543,924.8091391213167,0.0,924.8091391213167
977.822451,143,231.386765,977.822450971038,0.0,977.822450971038
884.520062,131,231.456754,912.8246121381289,-28.3045505712606,884.5200615668683
-47.22187,24,231.470395,-12.81985727814289,-34.4020129985178,-47.221870276660695
-16.183823,31,231.488624,-0.4014858972899731,-15.782336622116198,-16.183822519406164
113.866827,52,231.5175,148.87674378254277,-35.009916607564776,113.86682717497806
960.736252,141,231.590109,960.7362517096374,0.0,960.7362517096374
168.172474,70,231.627647,201.5156797032003,-33.343205394502604,168.17247430869764
996.547062,142,231.704344,996.5470616227818,0.0,996.5470616227818
110.142131,60,231.73783,154.33780744957923,-44.19567613007928,110.14213131950001
923.222349,132,231.806967,923.2223488327847,0.0,923.2223488327847
934.847598,137,232.483759,936.9965657289182,-2.148967839900494,934.8475978890177
946.623903,147,232.578142,991.2660291265977,-44.64212590444364,946.623903222154
951.636686,147,232.672639,985.1796037726763,-33.54291749233312,951.6366862803429
42.666938,39,232.701116,80.75226593046116,-38.08532748353036,42.66693844693083
1021.09647,152,232.796427,1021.5784783232948,-0.4820083841171048,1021.0964699391777
64.484826,42,232.825276,92.98777480195277,-28.50294854239894,64.48482625955388
-31.98674,25,232.84295,-6.201344687053819,-25.78539514036978,-31.986739827423605
111.910856,59,232.880254,159.19449148462635,-47.28363502309756,111.91085646152882
934.775448,145,232.974328,963.9351564798978,-29.15970857349936,934.7754479063988
956.158788,137,233.046339,956.158788435622,0.0,956.158788435622
930.308465,133,233.115284,940.2615254750694,-9.953060036988314,930.308465438081
920.156779,134,233.187427,923.3393016804448,-3.182522471101506,920.1567792093434
926.505054,138,233.259854,954.0916562309038,-27.586602600720767,926.505053630183
905.837013,136,233.334341,948.4822981656149,-42.645285596354825,905.8370125692602
967.78228,140,233.409038,967.7822795469913,0.0,967.7822795469913
984.1962,141,233.485219,984.1961996703877,0.0,984.1961996703877
1013.850063,146,233.563947,1013.8500626084916,0.0,1013.8500626084916
1009.120079,152,234.238995,1009.12007895496,0.0,1009.12007895496
172.683283,73,234.279028,203.61979317853104,-30.93651006589228,172.68328311263878
371.743883,102,234.333927,413.5242855213784,-41.78040268057612,371.74388284080226
997.301137,154,234.418398,997.3011373695181,0.0,997.3011373695181
938.474875,134,234.488507,938.4748747178609,0.0,938.4748747178609
411.26591,105,234.54669,445.4339206515664,-34.16801036127568,411.26591029029066
-65.279611,19,234.558827,-38.45412000329617,-26.82549099121519,-65.27961099451136
922.284123,144,234.635233,962.5340884181744,-40.2499650590991,922.284123359075
215.023307,81,234.679405,258.568466994412,-43.54516016078824,215.02330683362385
948.58134,138,234.751767,948.5813398879509,0.0,948.5813398879509
977.032558,144,234.830871,977.0325578232897,0.0,977.0325578232897
980.670315,143,234.908286,995.2120793145523,-14.5417641682255,980.6703151463269
905.047961,140,234.985402,952.6234513375789,-47.575490351726316,905.0479609858527
909.16391,139,238.864248,951.2584693324383,-42.09455971670701,909.1639096157312
951.425575,138,238.948713,951.425575336323,0.0,951.425575336323
999.796182,143,239.021985,999.7961818112075,0.0,999.7961818112075
935.639696,141,239.099541,986.4848041771537,-50.845108482346696,935.6396956948072
951.954556,150,239.764763,985.8380900740851,-33.88353444386698,951.9545556302182
958.736469,141,239.840749,958.7364688853885,0.0,958.7364688853885
927.382932,142,239.921531,976.3371661668903,-48.954234049655255,927.3829321172349
958.587117,145,239.997886,983.2290626622254,-24.64194590251915,958.5871167597062
388.644865,101,240.053206,429.18219784267694,-40.53733306757043,388.64486477510644
986.615659,148,240.139299,990.3898835211376,-3.7742243200782326,986.6156592010593
987.326643,147,240.22049,987.3266429146108,0.0,987.3266429146108
299.357278,90,240.284241,342.867787232359,-43.51050911802662,299.3572781143323
-15.983155,31,240.3028,24.30876625313124,-40.29192079614547,-15.983154543014237
981.526455,147,240.382164,986.0832206823773,-4.556765303050046,981.5264553793274
990.136033,151,240.46331,1006.1310797211788,-15.995046277097757,990.1360334440811
976.010225,141,240.538291,976.0102251923937,0.0,976.0102251923937
982.499274,154,240.620035,992.258674018601,-9.759400015408008,982.499274003193
433.324311,112,240.680208,480.5894361462068,-47.26512524367813,433.3243109025286
944.68245,147,240.7594,966.6452627721758,-21.9628127314578,944.6824500407183
948.544283,143,241.502493,968.4755123576023,-19.93122903885346,948.5442833187487
964.664238,141,241.583472,964.6642375595,0.0,964.6642375595
42.283874,39,241.608706,73.56193683777464,-31.27806324380991,42.28387359396477
998.440765,156,241.698059,998.4407654506736,0.0,998.4407654506736
904.500882,138,241.775184,943.4761172940554,-38.97523544324018,904.5008818508152
76.772047,54,241.805116,120.0525271047976,-43.28048044851185,76.77204665628577
307.835655,92,241.858208,352.1627852316855,-44.32713013064969,307.83565510103585
946.874494,140,241.934442,963.4073271842126,-16.532833602835442,946.874493581377
52.327025,47,241.960871,92.91233017854465,-40.58530529744266,52.32702488110202
940.039147,192,242.065079,940.0391473383228,0.0,940.0391473383228
942.904696,147,242.146072,980.4559937936016,-37.55129755912191,942.9046962344798
926.057256,136,242.22001,933.8459374661898,-7.788681022536907,926.0572564436529
-15.660307,30,242.236196,25.331628579309168,-40.99193569071788,-15.660307111408713
382.061218,100,242.292243,427.42296994573013,-45.36175221583943,382.0612177298904
1002.050404,149,242.371287,1002.0504036926445,0.0,1002.0504036926445
988.282946,145,242.448514,988.2829461703342,0.0,988.2829461703342
-37.829168,27,242.464294,-1.6293536071104882,-36.199814471803954,-37.829168078914435
997.375092,147,242.543742,997.3750922602028,0.0,997.3750922602028
1000.316363,148,243.245648,1002.7903502251733,-2.4739875900887425,1000.3163626350845
1019.907147,158,243.332088,1023.229518890018,-3.3223723361497326,1019.9071465538684
-51.324802,23,243.347442,-18.73607184667938,-32.58873039684901,-51.32480224352838
922.70303,146,243.42695,955.0921094106915,-32.38907976700767,922.7030296436839
903.832427,149,243.510183,956.8337893248263,-53.001361996009216,903.8324273288168
388.022938,101,243.577818,421.77215265210265,-33.749214801724335,388.02293785037824
242.205971,86,243.638891,281.4693781295065,-39.26340699519303,242.2059711343136
927.80125,140,243.72658,948.9851309865296,-21.183881019438388,927.8012499670914
336.584414,92,243.78928,372.26875492840804,-35.68434066765202,336.58441426075615
920.919724,137,243.881228,929.0591261419165,-8.139402057072,920.9197240848448
-68.127189,19,243.894841,-40.95806589151492,-27.16912312035375,-68.12718901186867
918.984397,139,243.987036,918.9843971898872,0.0,918.9843971898872
376.763697,111,244.055847,426.0819069560828,-49.31821003186622,376.7636969242167
969.323483,146,244.141563,969.3234829845512,0.0,969.3234829845512
887.880928,131,244.214151,924.6814900948568,-36.80056161883956,887.8809284760173
974.768171,148,244.292639,993.7050426138206,-18.93687132583503,974.7681712879856
968.941751,146,244.370435,968.9417506543107,0.0,968.9417506543107
-79.478541,16,244.380984,-56.440602642425674,-23.037938503313395,-79.47854114573906
999.046899,149,244.460614,1002.9428249632384,-3.8959263844952456,999.0468985787433
957.988513,151,245.126161,1017.7865904948537,-59.79807738989063,957.9885131049632
-37.488126,26,245.142399,-9.19584469806864,-28.2922816418111,-37.48812633987974
897.280681,138,245.214776,932.0544578240846,-34.77377700317376,897.2806808209111
969.3221,148,245.295262,982.0879940837959,-12.765894226442438,969.3220998573536
946.154514,141,245.387475,946.1545142465782,0.0,946.1545142465782
935.722381,143,245.487027,939.2426068701188,-3.520225838057831,935.7223810320611
896.536112,147,245.583346,949.8657691547826,-53.32965750817245,896.5361116466102
963.941609,140,245.674454,963.9504020924672,-0.008792687331615312,963.9416094051356
909.705651,144,245.778621,929.8314846004464,-20.125833180545246,909.7056514199012
972.908552,155,245.881405,972.9085522552028,0.0,972.9085522552028
942.424873,151,245.971126,985.2027062185778,-42.77783286913353,942.4248733494442
1003.189207,156,246.05294,1007.8885259494467,-4.699318455989857,1003.1892074934568
961.879135,140,246.1269,963.9204930233734,-2.0413582106848613,961.8791348126886
21.179485,44,246.152111,63.19947826225791,-42.019993512138385,21.179484750119627
914.660514,143,246.229182,934.4617906612623,-19.801276736528266,914.6605139247345
967.472915,141,246.946294,967.4729152546895,0.0,967.4729152546895
929.009432,142,247.023924,966.745346845925,-37.73591471900604,929.0094321269191
979.528185,148,247.108843,981.7778889747709,-2.249703518888497,979.5281854558824
930.683889,155,247.196761,984.6995549619471,-54.01566636224672,930.6838885997005
154.210328,70,247.246776,195.5309358066275,-41.32060764573116,154.21032816089644
942.970369,146,247.343229,966.973876246768,-24.003507045237544,942.9703692015305
941.29031,153,247.445683,1004.620185692842,-63.32987595384731,941.2903097389948
-63.870726,21,247.462507,-33.40975636184581,-30.460969477871135,-63.87072583971696
935.762454,145,247.561876,935.7624536607785,0.0,935.7624536607785
979.751952,150,247.661027,984.720502600802,-4.968550746474748,979.7519518543273
-52.990637,23,247.680258,-23.069298167906,-29.92133875358343,-52.99063692148944
320.288436,101,247.744268,416.8245882841075,-96.53615201962816,320.2884362644793
968.688668,148,251.841025,1009.4960452940331,-40.80737703059872,968.6886682634345
1002.579948,153,251.92103,1003.3770318325278,-0.7970835438644217,1002.5799482886634
926.997052,139,251.992685,927.8418747826294,-0.8448229456371479,926.9970518369922
386.067894,111,252.053019,447.6589799130411,-61.59108559000576,386.06789432303526
961.7873,149,252.132308,1002.5398799806342,-40.75258033410829,961.7872996465261
