#{"t_start": 1789401906.061378, "env_id": "None"}
r,l,t,episode_base_return,episode_risk_return,episode_training_return
55.956677,77,0.840282,55.9566767344873,0.0,55.9566767344873
-270.317012,337,1.079626,-270.3170124046421,0.0,-270.3170124046421
102.848712,108,1.156462,102.8487120149843,0.0,102.8487120149843
69.713683,65,1.205382,69.71368259275343,0.0,69.71368259275343
159.208121,411,1.498871,159.20812098597563,0.0,159.20812098597563
46.159443,600,1.920549,46.15944337658709,0.0,46.15944337658709
-242.238661,351,2.164706,-242.23866085795385,0.0,-242.23866085795385
190.859644,259,2.903888,190.8596443554044,0.0,190.8596443554044
324.530809,281,3.120594,324.5308088683497,0.0,324.5308088683497
355.3711,487,3.466979,355.3710998641741,0.0,355.3710998641741
150.332249,389,3.74619,150.332249039643,0.0,150.332249039643
62.510277,600,4.181834,62.510277424367644,0.0,62.510277424367644
94.96489,68,4.231688,94.96489017167261,0.0,94.96489017167261
-7.615888,53,4.270938,-7.615887841353896,0.0,-7.615887841353896
985.809629,357,5.091504,985.8096287273939,0.0,985.8096287273939
327.412591,299,5.30318,327.4125907667429,0.0,327.4125907667429
452.356544,536,5.688567,452.35654350466643,0.0,452.35654350466643
368.846334,487,6.034852,368.84633383910034,0.0,368.84633383910034
64.758851,89,6.098758,64.75885078194003,0.0,64.75885078194003
947.135339,253,6.280234,947.1353392390947,0.0,947.1353392390947
55.327106,91,6.904785,55.32710589667616,0.0,55.32710589667616
328.880202,183,7.037021,328.8802018212027,0.0,328.8802018212027
178.630634,127,7.12938,178.63063393916175,0.0,178.63063393916175
385.76981,328,7.367653,385.7698097253405,0.0,385.7698097253405
447.106821,210,7.516437,447.10682115896986,0.0,447.10682115896986
414.643545,203,7.658469,414.6435445507251,0.0,414.6435445507251
307.940329,595,8.082986,307.9403286718785,0.0,307.9403286718785
959.982695,469,9.011003,959.9826952993502,0.0,959.9826952993502
960.198963,450,9.327334,960.198962572755,0.0,960.198962572755
23.532637,48,9.362095,23.53263659561199,0.0,23.53263659561199
365.571283,151,9.47021,365.5712829904371,0.0,365.5712829904371
387.025545,161,9.585002,387.0255451168341,0.0,387.0255451168341
118.874223,77,9.64158,118.87422277276612,0.0,118.87422277276612
379.397378,137,9.741278,379.39737784256965,0.0,379.39737784256965
973.296636,218,9.896556,973.2966364316031,0.0,973.2966364316031
624.582622,417,10.191973,624.5826222386261,0.0,624.5826222386261
47.382902,45,13.949079,47.38290201371379,0.0,47.38290201371379
28.155688,70,14.000669,28.155687555516437,0.0,28.155687555516437
974.941903,437,14.860532,974.9419029080935,0.0,974.9419029080935
118.781698,113,14.944504,118.78169754229609,0.0,118.78169754229609
-9.765989,54,14.984881,-9.765988665998435,0.0,-9.765988665998435
-16.342939,37,15.012069,-16.34293910019862,0.0,-16.34293910019862
932.21608,217,15.164712,932.2160804291404,0.0,932.2160804291404
449.628483,285,15.370484,449.62848344969024,0.0,449.62848344969024
284.356766,160,15.482986,284.35676644837963,0.0,284.35676644837963
964.204078,214,15.634811,964.2040780150023,0.0,964.2040780150023
322.044241,139,15.734048,322.04424128575755,0.0,322.04424128575755
666.982474,600,16.715768,666.9824738740664,0.0,666.9824738740664
0.179407,37,16.744453,0.17940652482236885,0.0,0.17940652482236885
506.553577,297,16.956207,506.55357695738707,0.0,506.55357695738707
-48.684438,24,16.977386,-48.68443846967375,0.0,-48.68443846967375
64.425505,51,17.012134,64.42550517550838,0.0,64.42550517550838
385.139745,181,17.139667,385.13974511643806,0.0,385.13974511643806
1025.923273,221,17.300424,1025.9232727297601,0.0,1025.9232727297601
86.136958,62,17.34442,86.1369582781403,0.0,86.1369582781403
-28.434659,30,17.367693,-28.43465945640662,0.0,-28.43465945640662
49.430636,73,17.419015,49.43063644512725,0.0,49.43063644512725
384.129215,215,17.571212,384.12921512483007,0.0,384.12921512483007
-38.3098,26,17.604303,-38.30980016994023,0.0,-38.30980016994023
608.317653,262,17.792681,608.3176525317512,0.0,608.3176525317512
15.922038,45,17.826524,15.922038096493665,0.0,15.922038096493665
977.921889,298,18.037542,977.9218889153661,0.0,977.9218889153661
941.189447,266,18.783911,941.1894465372492,0.0,941.1894465372492
96.327677,59,18.82783,96.32767739340512,0.0,96.32767739340512
633.22854,322,19.060674,633.2285399549316,0.0,633.2285399549316
293.317581,146,19.16442,293.3175810847987,0.0,293.3175810847987
44.239714,50,19.200702,44.2397135065342,0.0,44.2397135065342
541.692279,269,19.393689,541.6922792369003,0.0,541.6922792369003
965.562084,308,19.612627,965.5620842950517,0.0,965.5620842950517
94.962269,68,19.664014,94.96226901353543,0.0,94.96226901353543
916.30582,482,20.00514,916.3058204858739,0.0,916.3058204858739
340.997595,175,20.129163,340.99759479543985,0.0,340.99759479543985
994.238608,241,20.856442,994.2386075964325,0.0,994.2386075964325
-31.756518,35,20.882111,-31.756517593505862,0.0,-31.756517593505862
101.827246,86,20.945985,101.82724644276752,0.0,101.82724644276752
950.16811,222,21.104198,950.1681102296784,0.0,950.1681102296784
914.194066,289,21.313707,914.1940661331162,0.0,914.1940661331162
1004.0258,248,21.490253,1004.0257998495802,0.0,1004.0257998495802
939.643754,293,21.704014,939.6437544334322,0.0,939.6437544334322
113.367966,61,21.74783,113.36796568669526,0.0,113.36796568669526
182.338161,95,21.817278,182.33816084546436,0.0,182.33816084546436
74.156198,60,21.862892,74.15619849747286,0.0,74.15619849747286
239.657554,138,21.963737,239.6575541793421,0.0,239.6575541793421
964.315652,279,22.158662,964.3156516203707,0.0,964.3156516203707
992.933025,349,22.957957,992.9330252507009,0.0,992.9330252507009
191.641967,106,23.034973,191.64196704645272,0.0,191.64196704645272
66.202846,64,23.080848,66.20284629628063,0.0,66.20284629628063
417.265392,143,23.184077,417.2653923695709,0.0,417.2653923695709
920.139789,216,23.33928,920.1397887406275,0.0,920.1397887406275
982.385079,269,23.530679,982.385079281185,0.0,982.385079281185
1000.261032,216,23.686732,1000.2610321458644,0.0,1000.2610321458644
995.104242,228,23.849809,995.1042423935866,0.0,995.1042423935866
-57.419353,22,23.86749,-57.419352958421754,0.0,-57.419352958421754
981.142698,240,27.561369,981.1426978962327,0.0,981.1426978962327
90.134231,52,27.600551,90.13423070038384,0.0,90.13423070038384
382.505052,139,27.700133,382.5050518716482,0.0,382.5050518716482
1005.399906,249,28.429914,1005.3999055729197,0.0,1005.3999055729197
934.169759,254,28.607349,934.1697588290713,0.0,934.1697588290713
412.909248,144,28.712346,412.9092478597483,0.0,412.9092478597483
963.959849,212,28.863546,963.9598492715945,0.0,963.9598492715945
6.29829,47,28.900932,6.298290147579024,0.0,6.298290147579024
439.558812,148,29.005932,439.5588121876759,0.0,439.5588121876759
952.142148,264,29.189261,952.1421479721063,0.0,952.1421479721063
952.756353,219,29.347036,952.7563528052067,0.0,952.7563528052067
954.525863,234,29.513774,954.5258625263555,0.0,954.5258625263555
342.108168,142,29.61424,342.1081676088953,0.0,342.1081676088953
950.518717,223,30.330845,950.5187165752577,0.0,950.5187165752577
951.727073,248,30.506506,951.7270725582189,0.0,951.7270725582189
1009.549634,220,30.663747,1009.5496343049867,0.0,1009.5496343049867
987.424734,249,30.843183,987.4247341280916,0.0,987.4247341280916
1008.095631,251,31.023845,1008.0956307851868,0.0,1008.0956307851868
321.575007,124,31.121217,321.57500719972484,0.0,321.57500719972484
348.970143,122,31.217209,348.97014284852173,0.0,348.97014284852173
111.156414,56,31.264145,111.1564138959069,0.0,111.1564138959069
991.81603,235,31.444988,991.81602999736,0.0,991.81602999736
990.801794,241,31.6268,990.8017935134208,0.0,990.8017935134208
346.493477,119,31.718222,346.4934771394188,0.0,346.4934771394188
957.853554,214,32.490179,957.8535535589774,0.0,957.8535535589774
961.243823,209,32.642787,961.2438233686262,0.0,961.2438233686262
1014.252397,241,32.813941,1014.252397047959,0.0,1014.252397047959
984.166376,236,32.985557,984.1663760448102,0.0,984.1663760448102
940.388071,227,33.149596,940.3880711133467,0.0,940.3880711133467
106.216551,59,33.194338,106.21655145844636,0.0,106.21655145844636
150.076659,83,33.254575,150.07665871374812,0.0,150.07665871374812
379.779973,132,33.349851,379.77997295135265,0.0,379.77997295135265
982.740401,245,33.525785,982.7404006258628,0.0,982.7404006258628
935.868383,328,33.757806,935.8683829118105,0.0,935.8683829118105
488.686206,157,33.87047,488.6862060156823,0.0,488.6862060156823
1009.352794,200,34.565143,1009.3527936471675,0.0,1009.3527936471675
371.806704,116,34.648277,371.8067042035892,0.0,371.8067042035892
201.150734,92,34.71633,201.1507338394923,0.0,201.1507338394923
139.751171,75,34.772195,139.75117058360217,0.0,139.75117058360217
-17.728637,29,34.796243,-17.72863675154987,0.0,-17.72863675154987
83.78909,56,34.83711,83.78908957326412,0.0,83.78908957326412
116.387999,56,34.879005,116.3879990749092,0.0,116.3879990749092
56.113581,56,34.919979,56.113580539389716,0.0,56.113580539389716
-34.427538,25,34.938295,-34.42753813637485,0.0,-34.42753813637485
928.796229,187,35.071676,928.7962286305267,0.0,928.7962286305267
217.735857,103,35.148885,217.73585717242517,0.0,217.73585717242517
952.943074,187,35.2833,952.9430738347514,0.0,952.9430738347514
321.958931,120,35.370541,321.95893064446125,0.0,321.95893064446125
149.668505,73,35.421954,149.66850533727293,0.0,149.66850533727293
-31.51377,22,35.441259,-31.51376980151943,0.0,-31.51376980151943
195.135053,87,35.505385,195.1350530249235,0.0,195.1350530249235
942.29426,224,35.664683,942.2942597866725,0.0,942.2942597866725
998.41853,183,35.796687,998.4185295823588,0.0,998.4185295823588
133.160357,65,35.843855,133.16035719419236,0.0,133.16035719419236
969.637573,177,35.969026,969.6375729698641,0.0,969.6375729698641
76.219409,64,36.570653,76.21940899200803,0.0,76.21940899200803
933.994945,201,36.71913,933.9949447437425,0.0,933.9949447437425
-52.837315,24,36.73736,-52.83731505200128,0.0,-52.83731505200128
326.435761,115,36.820953,326.4357613705705,0.0,326.4357613705705
-31.1465,30,36.845274,-31.146499686064004,0.0,-31.146499686064004
59.437354,42,36.876797,59.43735423496807,0.0,59.43735423496807
77.315871,51,36.913112,77.31587094732554,0.0,77.31587094732554
230.318974,94,36.982659,230.31897412120765,0.0,230.31897412120765
970.052825,186,37.116538,970.0528250153591,0.0,970.0528250153591
974.364179,183,37.246416,974.3641788178319,0.0,974.3641788178319
-49.993667,24,37.264597,-49.9936667719368,0.0,-49.9936667719368
919.177251,178,37.39153,919.1772514120512,0.0,919.1772514120512
992.480136,184,40.427611,992.4801358260947,0.0,992.4801358260947
939.913184,206,40.583907,939.9131841237861,0.0,939.9131841237861
63.018727,77,40.641269,63.01872664278994,0.0,63.01872664278994
390.249539,126,40.737331,390.2495394574073,0.0,390.2495394574073
19.502676,40,40.76926,19.50267633339263,0.0,19.50267633339263
126.714144,62,40.817851,126.714143595362,0.0,126.714143595362
945.394517,188,41.561432,945.394517181677,0.0,945.394517181677
-22.612494,29,41.58663,-22.612493832586892,0.0,-22.612493832586892
964.107857,197,41.733006,964.1078568582001,0.0,964.1078568582001
951.151469,193,41.873809,951.1514687049038,0.0,951.1514687049038
936.03934,185,42.009601,936.0393396086001,0.0,936.0393396086001
145.698215,73,42.063917,145.69821499931817,0.0,145.69821499931817
-10.538737,29,42.08579,-10.538737005390473,0.0,-10.538737005390473
954.604754,189,42.222856,954.6047543998252,0.0,954.6047543998252
81.539434,49,42.257571,81.53943371842256,0.0,81.53943371842256
150.507198,81,42.316,150.50719780289512,0.0,150.50719780289512
373.294009,124,42.407122,373.29400905616404,0.0,373.29400905616404
113.756776,65,42.45516,113.75677602329608,0.0,113.75677602329608
219.286189,92,42.524723,219.28618867540874,0.0,219.28618867540874
101.960587,75,42.580858,101.96058706759561,0.0,101.96058706759561
111.72534,64,42.627131,111.72534042979683,0.0,111.72534042979683
963.16967,191,42.767322,963.1696701173441,0.0,963.1696701173441
76.752628,48,42.803735,76.75262773941326,0.0,76.75262773941326
960.639936,194,42.944556,960.6399357399023,0.0,960.6399357399023
148.914638,67,42.993466,148.9146380966341,0.0,148.9146380966341
-10.742126,31,43.019242,-10.742126181718533,0.0,-10.742126181718533
119.33654,72,43.634319,119.33653998033577,0.0,119.33653998033577
212.267845,90,43.700361,212.26784533741565,0.0,212.26784533741565
101.220154,60,43.744191,101.22015374381031,0.0,101.22015374381031
1024.517131,178,43.873188,1024.517131395375,0.0,1024.517131395375
970.471277,178,44.003376,970.4712770742981,0.0,970.4712770742981
112.791011,53,44.04311,112.79101114220393,0.0,112.79101114220393
921.672504,172,44.167071,921.6725043292636,0.0,921.6725043292636
990.10541,194,44.306098,990.1054099201765,0.0,990.1054099201765
1009.950557,217,44.461992,1009.9505573041447,0.0,1009.9505573041447
156.421829,74,44.516455,156.42182857528624,0.0,156.42182857528624
951.75086,200,44.661385,951.7508600262718,0.0,951.7508600262718
296.620957,115,44.743999,296.6209567195797,0.0,296.6209567195797
-1.663286,32,44.772686,-1.6632857460697892,0.0,-1.6632857460697892
927.972202,201,44.91658,927.9722018527797,0.0,927.9722018527797
363.494874,111,44.998696,363.4948743564963,0.0,363.4948743564963
951.409783,180,45.687232,951.4097828308393,0.0,951.4097828308393
345.587224,100,45.758398,345.58722444475774,0.0,345.58722444475774
81.354955,50,45.794612,81.35495502665404,0.0,81.35495502665404
962.648745,198,45.934111,962.6487451000686,0.0,962.6487451000686
932.779286,188,46.067631,932.779285617085,0.0,932.779285617085
978.288676,189,46.200859,978.2886757207718,0.0,978.2886757207718
961.644549,175,46.336539,961.6445493911756,0.0,961.6445493911756
-47.676985,25,46.356155,-47.67698459927777,0.0,-47.67698459927777
394.351711,127,46.448046,394.35171075810774,0.0,394.35171075810774
415.44837,131,46.540457,415.4483702792879,0.0,415.4483702792879
971.018644,192,46.679769,971.0186441058432,0.0,971.0186441058432
954.801298,176,46.80384,954.8012976108857,0.0,954.8012976108857
104.599249,51,46.841605,104.59924930990887,0.0,104.59924930990887
1001.396157,201,46.984025,1001.3961567045507,0.0,1001.3961567045507
996.090269,198,47.128468,996.0902693513985,0.0,996.0902693513985
962.282965,185,47.827232,962.2829654191758,0.0,962.2829654191758
364.710185,123,47.916161,364.71018504837815,0.0,364.71018504837815
-54.168892,17,47.929401,-54.16889176747615,0.0,-54.16889176747615
5.806669,32,47.953577,5.806669333133129,0.0,5.806669333133129
987.899013,178,48.081321,987.8990126436255,0.0,987.8990126436255
970.609335,204,48.228894,970.6093354824656,0.0,970.6093354824656
168.516752,77,48.284894,168.51675231030683,0.0,168.51675231030683
996.468123,176,48.410698,996.4681228654096,0.0,996.4681228654096
992.797113,182,48.539863,992.7971134480282,0.0,992.7971134480282
938.578168,221,48.700468,938.5781683052256,0.0,938.5781683052256
-4.062755,32,48.724632,-4.062754906538558,0.0,-4.062754906538558
911.697443,161,48.840936,911.6974430737872,0.0,911.6974430737872
54.69392,43,48.872308,54.693919858369725,0.0,54.693919858369725
921.616924,159,48.987509,921.6169241717598,0.0,921.6169241717598
932.353005,171,49.109872,932.3530049755223,0.0,932.3530049755223
362.146621,127,49.757073,362.1466214585181,0.0,362.1466214585181
97.371163,57,49.799424,97.37116274271925,0.0,97.37116274271925
968.551536,165,49.917299,968.5515363901025,0.0,968.5515363901025
57.990047,65,49.96543,57.990047359038044,0.0,57.990047359038044
157.464996,76,50.019203,157.46499597880336,0.0,157.46499597880336
931.215252,165,50.136749,931.2152520122553,0.0,931.2152520122553
129.168635,69,50.186144,129.1686353428456,0.0,129.1686353428456
936.933792,163,50.302406,936.9337922749392,0.0,936.9337922749392
994.899048,184,50.434263,994.8990479222343,0.0,994.8990479222343
964.70361,175,54.362294,964.7036098133867,0.0,964.7036098133867
942.609445,172,54.485591,942.6094447381292,0.0,942.6094447381292
997.915497,173,54.608744,997.9154966430668,0.0,997.9154966430668
979.114751,177,54.73566,979.114750620603,0.0,979.114750620603
965.58765,165,54.851425,965.5876499744119,0.0,965.5876499744119
982.77898,177,54.980054,982.7789800707059,0.0,982.7789800707059
256.636654,103,55.620275,256.6366535394151,0.0,256.6366535394151
943.303969,174,55.743924,943.3039689952839,0.0,943.3039689952839
450.144983,122,55.836622,450.14498255549654,0.0,450.14498255549654
968.361286,178,55.963631,968.361286362411,0.0,968.361286362411
1007.453083,181,56.094019,1007.4530828089977,0.0,1007.4530828089977
953.202222,168,56.245135,953.2022218630848,0.0,953.2022218630848
959.460739,164,56.362545,959.4607389239393,0.0,959.4607389239393
1005.037228,185,56.496174,1005.0372281656238,0.0,1005.0372281656238
932.552048,163,56.614894,932.552048218317,0.0,932.552048218317
939.192591,172,56.735943,939.1925910248942,0.0,939.1925910248942
1013.382842,184,56.866992,1013.3828420534553,0.0,1013.3828420534553
120.932521,65,56.914005,120.93252105629264,0.0,120.93252105629264
949.760146,217,57.068232,949.7601463111696,0.0,949.7601463111696
99.775846,50,57.663854,99.77584642355463,0.0,99.77584642355463
996.847076,176,57.788268,996.8470760140294,0.0,996.8470760140294
102.111781,56,57.829025,102.1117811973319,0.0,102.1117811973319
16.370326,32,57.85317,16.370326455346515,0.0,16.370326455346515
995.669396,177,57.980886,995.6693963825693,0.0,995.6693963825693
66.75873,43,58.012616,66.75873042584288,0.0,66.75873042584288
129.801535,64,58.059476,129.80153463574817,0.0,129.80153463574817
146.162225,59,58.101358,146.16222496394312,0.0,146.16222496394312
984.980205,171,58.223744,984.9802053446917,0.0,984.9802053446917
969.695886,217,58.380317,969.6958859499941,0.0,969.6958859499941
999.017388,176,58.50721,999.0173881108111,0.0,999.0173881108111
213.546686,84,58.566323,213.54668584900253,0.0,213.54668584900253
1000.394206,195,58.704918,1000.3942061072638,0.0,1000.3942061072638
991.69057,172,58.829654,991.6905699326769,0.0,991.6905699326769
358.705052,108,58.907903,358.70505174505786,0.0,358.70505174505786
240.925484,82,58.968435,240.92548446649434,0.0,240.92548446649434
620.205402,194,59.103562,620.2054015576122,0.0,620.2054015576122
399.827458,112,59.738505,399.82745783544334,0.0,399.82745783544334
939.506275,201,59.88026,939.5062751119912,0.0,939.5062751119912
55.062113,40,59.910595,55.06211324214192,0.0,55.06211324214192
76.5333,48,59.945428,76.53329988769109,0.0,76.53329988769109
968.914048,171,60.067885,968.9140481291768,0.0,968.9140481291768
938.474382,163,60.185267,938.4743824016209,0.0,938.4743824016209
935.478761,165,60.301761,935.4787612928089,0.0,935.4787612928089
1005.558992,170,60.424579,1005.5589918005919,0.0,1005.5589918005919
-27.01205,22,60.441185,-27.012050062852026,0.0,-27.012050062852026
245.120011,117,60.52578,245.12001148007496,0.0,245.12001148007496
932.233656,171,60.649627,932.2336561186382,0.0,932.2336561186382
96.695315,47,60.683912,96.69531451977343,0.0,96.69531451977343
989.067545,168,60.803158,989.0675448298174,0.0,989.0675448298174
950.703731,172,60.925967,950.7037305046456,0.0,950.7037305046456
932.274035,163,61.041495,932.2740349819408,0.0,932.2740349819408
-40.124142,20,61.056617,-40.12414165677593,0.0,-40.12414165677593
963.666462,159,61.724595,963.6664620129318,0.0,963.6664620129318
-49.780152,20,61.739846,-49.78015164521862,0.0,-49.78015164521862
92.836206,53,61.779401,92.8362059749763,0.0,92.8362059749763
966.545117,159,61.889977,966.5451169811689,0.0,966.5451169811689
959.055762,174,62.016074,959.0557615769947,0.0,959.0557615769947
967.177119,201,62.160866,967.1771190752316,0.0,967.1771190752316
480.604417,138,62.258801,480.60441705378395,0.0,480.60441705378395
970.049287,173,62.383364,970.0492874946966,0.0,970.0492874946966
105.693287,52,62.421351,105.69328684636875,0.0,105.69328684636875
998.12431,188,62.553794,998.1243102959993,0.0,998.1243102959993
986.649298,169,62.678126,986.6492983204539,0.0,986.6492983204539
967.458951,163,62.796189,967.4589506040134,0.0,967.4589506040134
925.611851,152,62.90336,925.6118513754344,0.0,925.6118513754344
396.031899,116,62.988475,396.03189900554423,0.0,396.03189900554423
980.973197,173,63.114702,980.9731966221522,0.0,980.9731966221522
979.613238,182,63.83123,979.6132384109083,0.0,979.6132384109083
-20.335464,25,63.849355,-20.335464363940616,0.0,-20.335464363940616
933.698872,165,63.968471,933.6988718088726,0.0,933.6988718088726
969.501848,178,64.095991,969.5018481015605,0.0,969.5018481015605
968.546362,164,64.213305,968.5463619791599,0.0,968.5463619791599
940.014759,156,64.325183,940.0147589005951,0.0,940.0147589005951
936.054341,193,68.261942,936.0543413870221,0.0,936.0543413870221
929.953958,177,68.387846,929.9539584741631,0.0,929.9539584741631
952.976712,170,68.507908,952.9767121830726,0.0,952.9767121830726
946.274737,160,68.623282,946.274737370819,0.0,946.274737370819
951.917343,163,68.735628,951.917342889903,0.0,951.917342889903
377.36668,105,68.812141,377.36667964017374,0.0,377.36667964017374
941.823442,159,68.92663,941.8234417502625,0.0,941.8234417502625
966.382941,162,69.599509,966.382940597893,0.0,966.382940597893
943.77705,155,69.71148,943.7770497127565,0.0,943.7770497127565
998.966869,173,69.838794,998.966869272054,0.0,998.966869272054
-5.043946,30,69.861211,-5.0439455633516275,0.0,-5.0439455633516275
997.684413,166,69.980221,997.684412713862,0.0,997.684412713862
81.23393,48,70.016181,81.23393049196102,0.0,81.23393049196102
981.696987,171,70.136912,981.6969871154229,0.0,981.6969871154229
-5.075579,27,70.161848,-5.075578648838956,0.0,-5.075578648838956
977.975307,157,70.271868,977.9753065501972,0.0,977.9753065501972
955.444304,165,70.389714,955.4443038567318,0.0,955.4443038567318
940.541216,156,70.502887,940.5412157543625,0.0,940.5412157543625
312.771287,101,70.578423,312.7712873909112,0.0,312.7712873909112
957.219303,163,70.712585,957.2193029212008,0.0,957.2193029212008
940.546246,152,70.848369,940.5462456324607,0.0,940.5462456324607
948.447224,161,70.96279,948.4472244856905,0.0,948.4472244856905
963.341752,170,71.085129,963.3417516443907,0.0,963.3417516443907
984.756698,166,71.777211,984.7566979932369,0.0,984.7566979932369
964.516368,178,71.903881,964.516367612347,0.0,964.516367612347
1013.329049,175,72.030072,1013.3290491308373,0.0,1013.3290491308373
224.791324,86,72.09179,224.7913235344384,0.0,224.7913235344384
946.393584,152,72.200858,946.3935844714682,0.0,946.3935844714682
979.659195,172,72.324115,979.6591952407437,0.0,979.6591952407437
968.248381,160,72.440749,968.2483812582122,0.0,968.2483812582122
132.807451,67,72.48954,132.80745144778186,0.0,132.80745144778186
120.878465,53,72.529484,120.87846519365287,0.0,120.87846519365287
966.945058,162,72.647986,966.9450583335442,0.0,966.9450583335442
929.439914,160,72.763015,929.4399141736108,0.0,929.4399141736108
926.459097,156,72.872017,926.4590965090797,0.0,926.4590965090797
939.524587,156,72.982871,939.5245871570878,0.0,939.5245871570878
-50.839043,19,72.998867,-50.839043000503096,0.0,-50.839043000503096
49.015187,36,73.024631,49.01518725873497,0.0,49.01518725873497
170.002977,74,73.077479,170.00297694997687,0.0,170.00297694997687
983.048409,158,73.746692,983.0484094469997,0.0,983.0484094469997
972.237974,173,73.869066,972.2379742695634,0.0,972.2379742695634
973.97799,174,73.996216,973.9779897648062,0.0,973.9779897648062
986.625634,169,74.11666,986.6256344229215,0.0,986.6256344229215
995.103506,170,74.237198,995.1035063812876,0.0,995.1035063812876
971.592669,170,74.360969,971.5926685496457,0.0,971.5926685496457
944.785841,162,74.477809,944.7858411697316,0.0,944.7858411697316
956.602427,169,74.598876,956.6024273597262,0.0,956.6024273597262
77.61655,53,74.638446,77.61655013273713,0.0,77.61655013273713
949.665608,158,74.750748,949.6656084029125,0.0,949.6656084029125
944.074938,167,74.871796,944.0749377158553,0.0,944.0749377158553
59.018755,40,74.900841,59.018754804183274,0.0,59.018754804183274
56.798882,50,74.935885,56.79888226120879,0.0,56.79888226120879
-17.694817,26,74.95884,-17.694817120189924,0.0,-17.694817120189924
937.057106,160,75.073808,937.0571058731343,0.0,937.0571058731343
950.468114,154,75.747009,950.4681135347181,0.0,950.4681135347181
970.788064,161,75.860145,970.7880636887033,0.0,970.7880636887033
983.687333,163,75.980361,983.6873334701638,0.0,983.6873334701638
407.372578,100,76.050545,407.3725775997869,0.0,407.3725775997869
148.649601,62,76.09614,148.64960083070414,0.0,148.64960083070414
992.008048,184,76.226876,992.0080475387738,0.0,992.0080475387738
200.252538,76,76.281525,200.2525384578197,0.0,200.2525384578197
984.560836,159,76.396679,984.5608362420662,0.0,984.5608362420662
937.092554,155,76.508395,937.0925535462798,0.0,937.0925535462798
998.807594,168,76.628426,998.8075941875961,0.0,998.8075941875961
84.283476,52,76.667854,84.28347564931994,0.0,84.28347564931994
952.300071,153,76.775418,952.3000705790206,0.0,952.3000705790206
1000.082421,163,76.89069,1000.0824207217698,0.0,1000.0824207217698
1010.577671,171,77.014966,1010.5776705870371,0.0,1010.5776705870371
950.665721,162,77.129472,950.6657206073339,0.0,950.6657206073339
71.421069,44,77.162738,71.4210691727331,0.0,71.4210691727331
162.202659,70,77.770592,162.20265886963045,0.0,162.20265886963045
403.191617,103,77.846216,403.1916174607685,0.0,403.1916174607685
224.112099,83,77.906386,224.11209910607894,0.0,224.11209910607894
298.076062,97,77.976901,298.07606155487554,0.0,298.07606155487554
979.413126,159,78.091377,979.4131260937756,0.0,979.4131260937756
153.732391,77,78.148522,153.7323910404929,0.0,153.7323910404929
1001.873668,170,81.748275,1001.8736683456636,0.0,1001.8736683456636
933.7399,148,81.85441,933.7399003018467,0.0,933.7399003018467
928.733536,153,81.964332,928.7335364970306,0.0,928.7335364970306
98.738025,47,82.000665,98.73802491421908,0.0,98.73802491421908
986.10935,161,82.117373,986.1093497818349,0.0,986.1093497818349
965.741736,172,82.237335,965.7417355407199,0.0,965.7417355407199
932.777449,152,82.344637,932.7774489825498,0.0,932.7774489825498
973.963578,155,82.453748,973.9635784065604,0.0,973.9635784065604
967.869122,147,82.559712,967.8691223134832,0.0,967.8691223134832
907.315073,162,82.675661,907.3150731634473,0.0,907.3150731634473
106.76313,54,83.277367,106.76312991960066,0.0,106.76312991960066
973.145391,157,83.387896,973.1453905792587,0.0,973.1453905792587
957.211076,160,83.502131,957.211075980476,0.0,957.211075980476
180.982016,75,83.556574,180.98201639076,0.0,180.98201639076
374.733271,100,83.628804,374.7332707073496,0.0,374.7332707073496
976.144288,166,83.749944,976.1442882510524,0.0,976.1442882510524
-18.733991,26,83.771253,-18.73399080810438,0.0,-18.73399080810438
971.626886,156,83.881596,971.6268860131458,0.0,971.6268860131458
951.135905,157,83.998255,951.1359048475837,0.0,951.1359048475837
974.540903,163,84.11351,974.5409025431582,0.0,974.5409025431582
942.582168,161,84.229676,942.5821678908608,0.0,942.5821678908608
971.694246,163,84.344356,971.6942456425147,0.0,971.6942456425147
278.376295,89,84.407743,278.3762953139709,0.0,278.3762953139709
198.990275,73,84.462028,198.99027493576062,0.0,198.99027493576062
969.470014,169,84.583016,969.4700144218565,0.0,969.4700144218565
959.929947,155,84.693191,959.9299466567245,0.0,959.9299466567245
411.583955,110,85.32911,411.58395455183694,0.0,411.58395455183694
981.473785,157,85.439617,981.4737848141372,0.0,981.4737848141372
944.612457,157,85.550758,944.6124568131584,0.0,944.6124568131584
934.765102,153,85.66075,934.7651022193818,0.0,934.7651022193818
991.462564,167,85.777536,991.4625635197242,0.0,991.4625635197242
967.385705,153,85.887756,967.3857052208639,0.0,967.3857052208639
944.348356,163,86.002898,944.3483560334302,0.0,944.3483560334302
102.325046,46,86.037813,102.32504563364053,0.0,102.32504563364053
379.254241,103,86.113383,379.25424056314023,0.0,379.25424056314023
935.113257,149,86.221073,935.1132568245113,0.0,935.1132568245113
374.740308,113,86.337218,374.74030798940225,0.0,374.74030798940225
1002.612346,166,86.453789,1002.6123455629343,0.0,1002.6123455629343
926.60694,160,86.569881,926.6069401728589,0.0,926.6069401728589
197.499011,76,86.626864,197.49901125453619,0.0,197.49901125453619
1022.638116,164,86.744806,1022.6381158214695,0.0,1022.6381158214695
68.707484,39,86.77503,68.70748388276375,0.0,68.70748388276375
81.465475,45,87.368014,81.46547490996947,0.0,81.46547490996947
-53.070171,17,87.381665,-53.070170861747556,0.0,-53.070170861747556
966.111373,156,87.490835,966.1113730600366,0.0,966.1113730600366
947.732485,148,87.595424,947.7324852890497,0.0,947.7324852890497
975.906719,156,87.707066,975.9067190437484,0.0,975.9067190437484
279.223418,89,87.772936,279.22341787907885,0.0,279.22341787907885
944.310916,149,87.877731,944.3109158801664,0.0,944.3109158801664
933.638323,142,87.978657,933.6383232324874,0.0,933.6383232324874
951.886677,156,88.088821,951.8866771149435,0.0,951.8866771149435
988.707003,158,88.203811,988.7070029140912,0.0,988.7070029140912
403.114172,105,88.279702,403.11417184590505,0.0,403.11417184590505
-35.27035,22,88.296341,-35.27034977981499,0.0,-35.27034977981499
998.750029,166,88.414233,998.7500287379399,0.0,998.7500287379399
939.886635,149,88.521159,939.8866352456545,0.0,939.8866352456545
443.735938,115,88.616819,443.7359378328788,0.0,443.7359378328788
49.235294,38,88.64405,49.23529406742989,0.0,49.23529406742989
972.701917,155,88.754883,972.7019169581883,0.0,972.7019169581883
133.924671,60,88.798812,133.92467140728144,0.0,133.92467140728144
78.360369,48,88.833297,78.36036905939193,0.0,78.36036905939193
253.469846,81,89.445185,253.46984577337298,0.0,253.46984577337298
102.856722,47,89.478181,102.85672235611,0.0,102.85672235611
70.278765,40,89.509508,70.27876544554117,0.0,70.27876544554117
974.123377,158,89.620761,974.1233773463084,0.0,974.1233773463084
992.357737,156,89.73378,992.3577372216839,0.0,992.3577372216839
94.035123,47,89.768785,94.03512322734886,0.0,94.03512322734886
981.523794,151,89.888517,981.523793629535,0.0,981.523793629535
949.613527,147,89.995175,949.6135270894902,0.0,949.6135270894902
61.08765,38,90.021875,61.08764982147284,0.0,61.08764982147284
87.866785,44,90.055137,87.8667853680655,0.0,87.8667853680655
75.529552,40,90.083853,75.52955214598482,0.0,75.52955214598482
951.838607,161,90.200933,951.8386067317915,0.0,951.8386067317915
103.980292,50,90.236617,103.98029154044131,0.0,103.98029154044131
974.612169,156,90.347259,974.6121692195763,0.0,974.6121692195763
963.639658,156,90.459674,963.6396580520504,0.0,963.6396580520504
1.175095,27,90.480906,1.175095488761528,0.0,1.175095488761528
967.985774,158,90.592784,967.9857740365084,0.0,967.9857740365084
389.076758,106,90.668716,389.0767584542451,0.0,389.0767584542451
973.480474,155,90.780629,973.4804736549297,0.0,973.4804736549297
938.393804,150,91.446592,938.3938037024237,0.0,938.3938037024237
965.3859,152,91.554201,965.3858999315861,0.0,965.3858999315861
962.26633,160,91.669027,962.2663304833841,0.0,962.2663304833841
981.379286,156,95.351119,981.3792859682411,0.0,981.3792859682411
929.134448,148,95.455564,929.1344481226478,0.0,929.1344481226478
974.372134,157,95.567017,974.372134461848,0.0,974.372134461848
107.082907,52,95.604541,107.08290735746561,0.0,107.08290735746561
412.105343,109,95.686267,412.10534293213095,0.0,412.10534293213095
-6.493415,28,95.706569,-6.493414814487011,0.0,-6.493414814487011
352.012431,104,95.783494,352.01243088321087,0.0,352.01243088321087
948.470377,154,95.895386,948.4703766052739,0.0,948.4703766052739
208.177057,74,95.951078,208.17705724882697,0.0,208.17705724882697
5.844383,28,95.972402,5.844382617370428,0.0,5.844382617370428
432.92533,114,96.05387,432.9253301949241,0.0,432.9253301949241
958.58629,161,96.168928,958.5862896422763,0.0,958.5862896422763
267.323861,90,96.235132,267.3238613431647,0.0,267.3238613431647
106.629556,47,96.27055,106.6295561917271,0.0,106.6295561917271
86.632229,46,96.305047,86.63222937390577,0.0,86.63222937390577
1001.146318,156,96.415311,1001.1463175279539,0.0,1001.1463175279539
967.015955,159,97.085479,967.0159549527357,0.0,967.0159549527357
943.522361,155,97.197291,943.522360863891,0.0,943.522360863891
364.907147,112,97.279136,364.9071469324602,0.0,364.9071469324602
944.242066,151,97.388048,944.2420656260576,0.0,944.2420656260576
952.671606,149,97.497649,952.671606349701,0.0,952.671606349701
998.452734,159,97.612718,998.4527339613693,0.0,998.4527339613693
457.537122,117,97.697289,457.53712237360736,0.0,457.53712237360736
968.707047,158,97.810962,968.7070467779074,0.0,968.7070467779074
1003.35887,165,97.930213,1003.3588704221224,0.0,1003.3588704221224
972.438368,181,98.060565,972.4383684077417,0.0,972.4383684077417
957.542853,156,98.170607,957.5428527856756,0.0,957.5428527856756
161.680791,58,98.212378,161.68079127684666,0.0,161.68079127684666
953.904575,148,98.316788,953.9045749511924,0.0,953.9045749511924
388.304886,111,98.399566,388.3048855617254,0.0,388.3048855617254
75.194011,52,98.439662,75.19401067374712,0.0,75.19401067374712
437.446855,111,98.527059,437.4468546921355,0.0,437.4468546921355
380.491404,105,99.207762,380.491404489656,0.0,380.491404489656
200.104175,81,99.269884,200.10417521551955,0.0,200.10417521551955
1001.047702,173,99.40023,1001.0477015224641,0.0,1001.0477015224641
98.394616,51,99.441076,98.39461596526178,0.0,98.39461596526178
381.9467,104,99.521726,381.9466998125444,0.0,381.9466998125444
974.390352,151,99.638498,974.3903519557637,0.0,974.3903519557637
105.981815,52,99.677821,105.98181459295175,0.0,105.98181459295175
948.275606,171,99.80187,948.275606127526,0.0,948.275606127526
928.318321,154,99.914722,928.3183211124076,0.0,928.3183211124076
64.843178,47,99.949716,64.84317793075556,0.0,64.84317793075556
963.497748,159,100.064483,963.4977478864535,0.0,963.4977478864535
966.855156,158,100.177767,966.8551564150439,0.0,966.8551564150439
956.072977,153,100.287762,956.0729769834311,0.0,956.0729769834311
992.181606,158,100.401123,992.1816062355441,0.0,992.1816062355441
958.225027,187,100.535129,958.2250269197035,0.0,958.2250269197035
1007.151159,163,101.20572,1007.1511588583262,0.0,1007.1511588583262
984.134231,155,101.316744,984.1342307864337,0.0,984.1342307864337
940.341613,147,101.423859,940.3416134003598,0.0,940.3416134003598
-36.26006,21,101.441703,-36.26005962509295,0.0,-36.26005962509295
95.583163,46,101.476743,95.58316257125306,0.0,95.58316257125306
947.114296,149,101.583519,947.1142964429379,0.0,947.1142964429379
316.820019,100,101.655337,316.8200193267835,0.0,316.8200193267835
928.649964,144,101.759084,928.6499644374467,0.0,928.6499644374467
131.291872,58,101.804803,131.29187193827198,0.0,131.29187193827198
996.72879,163,101.923227,996.7287898399351,0.0,996.7287898399351
120.480196,54,101.964098,120.48019555262348,0.0,120.48019555262348
911.997088,150,102.071712,911.9970881558377,0.0,911.9970881558377
937.689228,153,102.210684,937.6892280484243,0.0,937.6892280484243
465.009234,114,102.292487,465.00923405812614,0.0,465.00923405812614
84.823577,45,102.325299,84.82357733842974,0.0,84.82357733842974
115.869538,58,102.367576,115.86953784570505,0.0,115.86953784570505
968.265678,154,102.47907,968.2656782114034,0.0,968.2656782114034
927.223157,152,102.588969,927.2231566667656,0.0,927.2231566667656
963.457672,153,102.700747,963.4576722806561,0.0,963.4576722806561
1006.444303,159,103.370579,1006.4443028948215,0.0,1006.4443028948215
919.143436,144,103.482991,919.1434361906234,0.0,919.1434361906234
442.158794,106,103.559875,442.15879387271906,0.0,442.15879387271906
954.079162,158,103.671336,954.0791624238577,0.0,954.0791624238577
395.744562,116,103.753529,395.74456170170276,0.0,395.74456170170276
981.015098,164,103.871237,981.0150978054779,0.0,981.0150978054779
-27.979407,24,103.889499,-27.979406831134668,0.0,-27.979406831134668
968.347656,148,103.996997,968.3476555614569,0.0,968.3476555614569
63.430014,46,104.028773,63.4300142109127,0.0,63.4300142109127
-57.094898,17,104.040872,-57.094897852428204,0.0,-57.094897852428204
992.441936,157,104.151314,992.4419362369155,0.0,992.4419362369155
970.847412,161,104.261786,970.8474122454024,0.0,970.8474122454024
957.528847,160,104.3762,957.5288467114467,0.0,957.5288467114467
1019.631428,166,104.495777,1019.631427840881,0.0,1019.631427840881
975.638174,153,104.603026,975.638173708078,0.0,975.638173708078
939.513303,158,104.715585,939.513302994155,0.0,939.513302994155
117.801758,58,105.311458,117.80175797114117,0.0,117.80175797114117
957.856627,156,109.024361,957.856626739939,0.0,957.856626739939
929.701247,147,109.131316,929.7012472849681,0.0,929.7012472849681
922.928648,149,109.239156,922.9286475359811,0.0,922.9286475359811
122.918471,52,109.27693,122.9184714041496,0.0,122.9184714041496
955.545546,149,109.383329,955.5455457726364,0.0,955.5455457726364
948.117331,147,109.489036,948.1173306640402,0.0,948.1173306640402
104.208914,46,109.523584,104.20891414479468,0.0,104.20891414479468
244.874062,87,109.585774,244.87406172418451,0.0,244.87406172418451
153.989119,59,109.629274,153.98911926858568,0.0,153.98911926858568
974.112152,155,109.739884,974.1121523835495,0.0,974.1121523835495
1011.641859,168,109.859453,1011.6418585686895,0.0,1011.6418585686895
997.393414,154,109.969812,997.3934144835428,0.0,997.3934144835428
963.233845,156,110.082515,963.2338448490054,0.0,963.2338448490054
53.005726,39,110.112164,53.00572645898285,0.0,53.00572645898285
973.48128,146,110.218698,973.4812803613897,0.0,973.4812803613897
954.314065,154,110.326769,954.314064657602,0.0,954.314064657602
998.913517,160,111.006298,998.9135166072074,0.0,998.9135166072074
995.149841,156,111.120582,995.1498405892303,0.0,995.1498405892303
984.920907,161,111.23639,984.9209070447623,0.0,984.9209070447623
927.231329,161,111.350194,927.2313286377992,0.0,927.2313286377992
933.804209,149,111.457525,933.8042091202221,0.0,933.8042091202221
121.546761,60,111.502919,121.54676143412419,0.0,121.54676143412419
987.046491,156,111.613547,987.0464912523786,0.0,987.0464912523786
973.268275,154,111.723036,973.2682746950447,0.0,973.2682746950447
86.474656,47,111.759273,86.47465602442651,0.0,86.47465602442651
67.08923,43,111.791796,67.08922954063812,0.0,67.08922954063812
15.19365,38,111.824512,15.19365014427305,0.0,15.19365014427305
1001.551785,166,111.945538,1001.5517847417821,0.0,1001.5517847417821
945.288379,156,112.054699,945.2883788490167,0.0,945.2883788490167
253.550567,83,112.116159,253.55056738873873,0.0,253.55056738873873
981.707852,159,112.229157,981.707852417843,0.0,981.707852417843
-33.065574,21,112.24567,-33.06557429458938,0.0,-33.06557429458938
152.250485,56,112.286586,152.25048451712362,0.0,152.25048451712362
1006.94878,165,112.405117,1006.948779595267,0.0,1006.948779595267
-13.807344,25,112.981845,-13.807343768633416,0.0,-13.807343768633416
961.608367,155,113.092788,961.6083671121326,0.0,961.6083671121326
970.539201,158,113.206328,970.5392012144447,0.0,970.5392012144447
1010.454462,168,113.322654,1010.4544619906108,0.0,1010.4544619906108
955.635313,155,113.435338,955.6353133355526,0.0,955.6353133355526
367.206695,109,113.513404,367.2066952302725,0.0,367.2066952302725
-2.898789,28,113.535584,-2.898789151332153,0.0,-2.898789151332153
970.472576,157,113.646134,970.4725757242195,0.0,970.4725757242195
142.784297,57,113.689612,142.78429710412644,0.0,142.78429710412644
326.683126,100,113.762045,326.6831256256564,0.0,326.6831256256564
959.696988,166,113.87914,959.6969875857567,0.0,959.6969875857567
972.746828,156,113.988061,972.7468280142849,0.0,972.7468280142849
959.865418,148,114.092347,959.8654177493526,0.0,959.8654177493526
928.891644,153,114.200428,928.891643514924,0.0,928.891643514924
133.510103,57,114.242738,133.5101034850287,0.0,133.5101034850287
981.446366,171,114.362379,981.4463660697868,0.0,981.4463660697868
967.647279,158,115.053895,967.6472788910314,0.0,967.6472788910314
936.594898,150,115.162994,936.5948979136494,0.0,936.5948979136494
976.287827,168,115.285582,976.2878270783781,0.0,976.2878270783781
965.500534,155,115.397623,965.5005344394791,0.0,965.5005344394791
3.313511,30,115.419055,3.313510953581982,0.0,3.313510953581982
353.959066,92,115.485852,353.95906640955496,0.0,353.95906640955496
207.532629,80,115.54357,207.53262933005863,0.0,207.53262933005863
935.457425,150,115.650483,935.4574247998939,0.0,935.4574247998939
958.060525,150,115.770314,958.0605245163233,0.0,958.0605245163233
965.044032,155,115.878647,965.044031597562,0.0,965.044031597562
983.366363,155,115.988697,983.3663627107721,0.0,983.3663627107721
993.694131,159,116.10114,993.6941307267682,0.0,993.6941307267682
943.995474,152,116.208063,943.9954735681026,0.0,943.9954735681026
976.840775,153,116.313384,976.8407754434086,0.0,976.8407754434086
963.081825,161,116.421759,963.0818254458767,0.0,963.0818254458767
989.015479,150,117.08554,989.0154793177824,0.0,989.0154793177824
-54.373152,18,117.100636,-54.37315186445778,0.0,-54.37315186445778
958.164225,149,117.206036,958.1642253746222,0.0,958.1642253746222
1033.642616,163,117.321638,1033.6426159469997,0.0,1033.6426159469997
199.773781,75,117.376371,199.77378096045328,0.0,199.77378096045328
967.440448,158,117.492009,967.4404481232878,0.0,967.4404481232878
12.467255,31,117.516229,12.467254948385829,0.0,12.467254948385829
-15.135461,25,117.535415,-15.135461017877176,0.0,-15.135461017877176
964.443986,149,117.641942,964.4439864113416,0.0,964.4439864113416
383.67971,101,117.740693,383.6797100604721,0.0,383.6797100604721
975.244053,148,117.86876,975.2440529532439,0.0,975.2440529532439
106.613233,47,117.90056,106.6132330946281,0.0,106.6132330946281
968.311498,153,118.010811,968.3114983635762,0.0,968.3114983635762
178.581745,69,118.060821,178.58174524780443,0.0,178.58174524780443
972.605157,160,118.174212,972.6051570087224,0.0,972.6051570087224
930.386601,146,118.279923,930.3866013009675,0.0,930.3866013009675
965.852065,154,118.388641,965.852064941665,0.0,965.852064941665
1014.057504,160,121.820662,1014.0575038928841,0.0,1014.0575038928841
128.050297,59,121.863528,128.05029695725366,0.0,128.05029695725366
137.102495,59,122.467982,137.10249462200363,0.0,137.10249462200363
416.443546,105,122.545229,416.4435455046435,0.0,416.4435455046435
230.994411,79,122.602356,230.99441115791387,0.0,230.99441115791387
989.396595,154,122.71239,989.3965945470791,0.0,989.3965945470791
373.188128,105,122.790818,373.1881280921085,0.0,373.1881280921085
965.549489,148,122.899081,965.5494887988419,0.0,965.5494887988419
914.867911,145,123.006613,914.8679108182521,0.0,914.8679108182521
126.901718,53,123.045978,126.90171776450916,0.0,126.90171776450916
-4.58208,27,123.067116,-4.58208037789187,0.0,-4.58208037789187
947.252706,157,123.180521,947.252705761143,0.0,947.252705761143
942.677455,147,123.287999,942.6774553693322,0.0,942.6774553693322
1001.598648,159,123.402686,1001.5986479793401,0.0,1001.5986479793401
185.771293,70,123.452844,185.77129293619757,0.0,185.77129293619757
200.427413,79,123.51002,200.42741302159718,0.0,200.42741302159718
982.692509,161,123.626037,982.6925090803386,0.0,982.6925090803386
938.427984,149,123.732188,938.4279840520867,0.0,938.4279840520867
958.206292,151,123.838459,958.2062917770517,0.0,958.2062917770517
406.513594,109,123.931578,406.5135942178452,0.0,406.5135942178452
928.998457,142,124.584017,928.998456963717,0.0,928.998456963717
972.285331,149,124.688342,972.2853313499347,0.0,972.2853313499347
376.035878,100,124.760953,376.03587807825716,0.0,376.03587807825716
153.036706,67,124.810404,153.0367061086807,0.0,153.0367061086807
967.19271,149,124.917347,967.1927095253161,0.0,967.1927095253161
5.610824,28,124.939751,5.610824194599672,0.0,5.610824194599672
379.511763,101,125.012748,379.51176327881484,0.0,379.51176327881484
1003.687622,152,125.123267,1003.6876216939438,0.0,1003.6876216939438
139.656436,61,125.168707,139.65643564522887,0.0,139.65643564522887
284.037552,93,125.236785,284.0375519087512,0.0,284.0375519087512
278.013159,91,125.301871,278.01315927169844,0.0,278.01315927169844
943.358422,148,125.407345,943.3584223119831,0.0,943.3584223119831
978.47314,151,125.517957,978.4731402906422,0.0,978.4731402906422
954.401923,168,125.63658,954.40192267778,0.0,954.40192267778
86.5857,46,125.671408,86.58570014050267,0.0,86.58570014050267
89.850986,43,125.703292,89.8509859365066,0.0,89.8509859365066
953.537355,155,125.812369,953.5373545351644,0.0,953.5373545351644
352.99431,94,125.880556,352.9943101758965,0.0,352.9943101758965
954.103714,149,126.548795,954.1037143549818,0.0,954.1037143549818
404.22751,110,126.624885,404.2275097243892,0.0,404.2275097243892
945.268225,141,126.735561,945.2682253897959,0.0,945.2682253897959
1009.734749,154,126.847199,1009.7347489985686,0.0,1009.7347489985686
965.85625,151,126.955842,965.8562504165751,0.0,965.8562504165751
15.420433,29,126.979751,15.420433205897254,0.0,15.420433205897254
951.887444,152,127.09012,951.8874442882837,0.0,951.8874442882837
963.565458,170,127.213614,963.5654575537526,0.0,963.5654575537526
933.95071,142,127.316888,933.9507101024597,0.0,933.9507101024597
427.27545,108,127.394133,427.27545028665224,0.0,427.27545028665224
279.879741,88,127.457969,279.87974132565694,0.0,279.87974132565694
920.922328,151,127.563876,920.9223279415601,0.0,920.9223279415601
950.378003,146,127.668494,950.3780034679495,0.0,950.3780034679495
127.897703,56,127.711106,127.89770349410128,0.0,127.89770349410128
957.504678,147,127.814786,957.5046778240767,0.0,957.5046778240767
940.58919,166,127.932798,940.5891903071986,0.0,940.5891903071986
131.498684,50,127.970292,131.49868421292155,0.0,131.49868421292155
972.818723,159,128.642444,972.8187230463483,0.0,972.8187230463483
119.670916,49,128.679871,119.67091621721576,0.0,119.67091621721576
918.789898,143,128.781668,918.7898981270502,0.0,918.7898981270502
59.38803,42,128.81327,59.38803018654109,0.0,59.38803018654109
113.717318,50,128.850292,113.71731818893578,0.0,113.71731818893578
-26.458551,23,128.868064,-26.458551468068038,0.0,-26.458551468068038
983.090089,162,128.986654,983.0900893810392,0.0,983.0900893810392
67.564515,46,129.022901,67.56451526992794,0.0,67.56451526992794
993.793421,156,129.135045,993.7934205032568,0.0,993.7934205032568
153.667867,64,129.183131,153.66786694305418,0.0,153.66786694305418
127.604377,53,129.222707,127.60437688778278,0.0,127.60437688778278
940.460591,144,129.325078,940.4605906389372,0.0,940.4605906389372
103.617527,49,129.362324,103.61752748988299,0.0,103.61752748988299
413.859484,112,129.44452,413.85948397708523,0.0,413.85948397708523
993.535164,165,129.564121,993.5351642680594,0.0,993.5351642680594
381.368204,96,129.633025,381.36820432737767,0.0,381.36820432737767
180.675285,65,129.681406,180.6752849921369,0.0,180.6752849921369
118.17217,49,129.716207,118.17216989575866,0.0,118.17216989575866
991.529649,158,129.827494,991.5296485206305,0.0,991.5296485206305
249.872173,80,129.885007,249.87217309506602,0.0,249.87217309506602
995.69088,157,129.996924,995.6908799984283,0.0,995.6908799984283
386.877029,97,130.622101,386.8770292950144,0.0,386.8770292950144
917.28233,138,130.717913,917.2823299768138,0.0,917.2823299768138
114.760089,54,130.766498,114.76008928985263,0.0,114.76008928985263
945.825807,148,130.870954,945.8258073000487,0.0,945.8258073000487
1009.957288,154,130.985031,1009.9572882058824,0.0,1009.9572882058824
389.762061,104,131.059305,389.76206074857544,0.0,389.76206074857544
983.021209,161,131.177442,983.0212085861345,0.0,983.0212085861345
954.659138,157,131.289859,954.6591377162326,0.0,954.6591377162326
969.811154,146,131.395497,969.8111541717948,0.0,969.8111541717948
407.562158,107,131.476078,407.5621580716347,0.0,407.5621580716347
968.147046,151,131.583091,968.1470456350547,0.0,968.1470456350547
933.600596,148,131.687926,933.6005962031784,0.0,933.6005962031784
396.82657,109,131.768081,396.82656973342233,0.0,396.82656973342233
999.3042,154,135.32507,999.3042001455758,0.0,999.3042001455758
969.126515,155,135.436126,969.1265145265769,0.0,969.1265145265769
459.857471,116,135.518881,459.85747104729796,0.0,459.85747104729796
975.736357,153,136.183038,975.7363565129901,0.0,975.7363565129901
1006.297182,160,136.296357,1006.297182273777,0.0,1006.297182273777
954.270212,144,136.399729,954.2702119822518,0.0,954.2702119822518
141.147084,58,136.443376,141.14708362662114,0.0,141.14708362662114
955.739326,148,136.55063,955.7393264374372,0.0,955.7393264374372
122.803759,58,136.592694,122.80375937295909,0.0,122.80375937295909
-13.338371,24,136.611614,-13.338371193910291,0.0,-13.338371193910291
954.50569,147,136.718729,954.5056901654447,0.0,954.5056901654447
950.209564,147,136.822858,950.209564007716,0.0,950.209564007716
952.679283,143,136.923646,952.679283185757,0.0,952.679283185757
928.94482,149,137.031633,928.9448203623348,0.0,928.9448203623348
98.364982,50,137.069283,98.36498247983153,0.0,98.36498247983153
952.575659,173,137.191464,952.5756585076789,0.0,952.5756585076789
962.158092,146,137.298022,962.1580918753224,0.0,962.1580918753224
922.334946,144,137.401976,922.3349457544396,0.0,922.3349457544396
1009.064759,157,137.514266,1009.06475900212,0.0,1009.06475900212
939.545742,157,138.193053,939.545741595644,0.0,939.545741595644
410.874324,110,138.270763,410.8743238219716,0.0,410.8743238219716
940.637554,157,138.382417,940.6375540236021,0.0,940.6375540236021
966.848979,150,138.488425,966.848979270762,0.0,966.848979270762
946.735906,146,138.590397,946.7359061170731,0.0,946.7359061170731
360.406127,107,138.669692,360.40612659182915,0.0,360.40612659182915
975.169009,150,138.777211,975.1690085390452,0.0,975.1690085390452
991.916647,147,138.882779,991.9166470935709,0.0,991.9166470935709
218.912066,77,138.940418,218.91206595316507,0.0,218.91206595316507
958.801254,147,139.045607,958.8012541179862,0.0,958.8012541179862
26.1533,40,139.078901,26.153299861211877,0.0,26.153299861211877
102.999238,49,139.113673,102.99923807240077,0.0,102.99923807240077
953.615706,148,139.221363,953.615705507181,0.0,953.615705507181
1024.239408,167,139.341207,1024.2394076661185,0.0,1024.2394076661185
373.96784,108,139.422099,373.9678404645947,0.0,373.9678404645947
51.546969,40,139.453286,51.54696895369621,0.0,51.54696895369621
105.813554,51,139.493391,105.81355366422345,0.0,105.81355366422345
947.577021,144,139.594151,947.5770211306741,0.0,947.5770211306741
988.121612,150,140.263895,988.1216121502791,0.0,988.1216121502791
160.124795,62,140.309442,160.12479483341096,0.0,160.12479483341096
-50.792466,17,140.323119,-50.79246608219157,0.0,-50.79246608219157
982.481107,156,140.439156,982.4811072186329,0.0,982.4811072186329
964.094337,145,140.544157,964.0943374537896,0.0,964.0943374537896
987.602163,150,140.653824,987.602162783255,0.0,987.602162783255
133.445235,58,140.697566,133.44523491530066,0.0,133.44523491530066
937.616399,151,140.811887,937.6163986601102,0.0,937.6163986601102
971.401093,145,140.917713,971.4010933102523,0.0,971.4010933102523
405.400293,103,140.993436,405.40029264183687,0.0,405.40029264183687
952.738456,148,141.098777,952.738455817919,0.0,952.738455817919
65.436627,37,141.127457,65.43662650239554,0.0,65.43662650239554
980.977942,154,141.236914,980.9779420272981,0.0,980.9779420272981
6.511898,27,141.25818,6.511897595183811,0.0,6.511897595183811
84.225928,45,141.291185,84.22592819628795,0.0,84.22592819628795
90.85578,45,141.324455,90.85578017306955,0.0,90.85578017306955
944.207042,143,141.429852,944.2070419021442,0.0,944.2070419021442
899.218201,136,141.531623,899.2182007043693,0.0,899.2182007043693
387.928396,109,141.611611,387.9283962891703,0.0,387.9283962891703
982.330871,169,142.311674,982.3308713095062,0.0,982.3308713095062
401.214429,110,142.390113,401.2144293973,0.0,401.2144293973
969.488592,151,142.500328,969.4885918624414,0.0,969.4885918624414
100.141816,50,142.537315,100.14181638302556,0.0,100.14181638302556
911.897554,133,142.636103,911.8975535904859,0.0,911.8975535904859
120.484814,53,142.675542,120.4848142073377,0.0,120.4848142073377
992.487776,159,142.788835,992.4877763099877,0.0,992.4877763099877
182.668934,73,142.843522,182.66893418549284,0.0,182.66893418549284
416.309815,110,142.926368,416.309815251024,0.0,416.309815251024
246.188524,84,142.988488,246.18852356610745,0.0,246.18852356610745
394.055621,111,143.071585,394.0556213227684,0.0,394.0556213227684
109.378304,52,143.112285,109.3783039336868,0.0,109.3783039336868
174.154844,65,143.160854,174.15484414739822,0.0,174.15484414739822
955.024853,150,143.271317,955.024852649977,0.0,955.024852649977
200.774715,69,143.322972,200.77471546777298,0.0,200.77471546777298
971.309019,158,143.439479,971.3090187263108,0.0,971.3090187263108
970.642513,150,143.551934,970.6425132150267,0.0,970.6425132150267
148.757176,60,143.597322,148.75717552895003,0.0,148.75717552895003
971.037805,151,143.709068,971.0378047167236,0.0,971.0378047167236
967.700609,153,144.381461,967.7006089613634,0.0,967.7006089613634
64.598776,52,144.418841,64.59877581234036,0.0,64.59877581234036
953.200164,149,144.525408,953.2001641495738,0.0,953.2001641495738
972.619538,145,144.630943,972.6195383001457,0.0,972.6195383001457
946.395205,155,144.742898,946.3952048423846,0.0,946.3952048423846
929.806249,141,144.846561,929.8062490326969,0.0,929.8062490326969
998.255593,150,144.95119,998.2555929773442,0.0,998.2555929773442
403.097294,98,145.023363,403.09729351323006,0.0,403.09729351323006
978.288176,151,145.133923,978.2881756059126,0.0,978.2881756059126
0.661579,29,145.155152,0.6615793002963386,0.0,0.6615793002963386
977.234126,154,145.267144,977.2341262379102,0.0,977.2341262379102
995.890514,159,145.382296,995.8905144192662,0.0,995.8905144192662
59.202164,45,148.683643,59.202164165276116,0.0,59.202164165276116
984.376517,146,148.792061,984.376517454219,0.0,984.376517454219
405.476127,109,148.873054,405.4761268518654,0.0,405.4761268518654
953.195836,147,148.983427,953.1958363677447,0.0,953.1958363677447
985.074488,151,149.099489,985.0744877431148,0.0,985.0744877431148
1016.030195,168,149.898908,1016.030194664841,0.0,1016.030194664841
977.068207,155,150.018946,977.0682073824098,0.0,977.0682073824098
1004.000729,161,150.146056,1004.0007287082909,0.0,1004.0007287082909
993.979065,150,150.264489,993.9790647805639,0.0,993.9790647805639
969.48271,146,150.376852,969.4827096055701,0.0,969.4827096055701
139.050679,54,150.421637,139.05067860611183,0.0,139.05067860611183
220.24333,74,150.478656,220.24332990940604,0.0,220.24332990940604
971.608476,148,150.585892,971.6084758886676,0.0,971.6084758886676
956.096516,146,150.691344,956.0965155756578,0.0,956.0965155756578
980.218487,151,150.802191,980.2184872785385,0.0,980.2184872785385
974.020937,154,150.91561,974.0209368840622,0.0,974.0209368840622
955.021057,152,151.025501,955.0210570979409,0.0,955.0210570979409
132.87735,55,151.06797,132.87735004041008,0.0,132.87735004041008
990.378962,151,151.179148,990.3789623856827,0.0,990.3789623856827
941.394936,144,151.284854,941.3949362276933,0.0,941.3949362276933
905.811935,141,151.949209,905.8119345631394,0.0,905.8119345631394
919.978549,147,152.058025,919.9785490156909,0.0,919.9785490156909
952.527094,152,152.167972,952.527094226638,0.0,952.527094226638
966.017251,155,152.281749,966.0172505813578,0.0,966.0172505813578
104.726085,49,152.319963,104.72608479501686,0.0,104.72608479501686
1002.31706,157,152.433264,1002.3170599042897,0.0,1002.3170599042897
946.281371,138,152.534228,946.2813708902237,0.0,946.2813708902237
163.319893,67,152.584179,163.31989268679487,0.0,163.31989268679487
942.112247,148,152.692377,942.1122472449798,0.0,942.1122472449798
1017.968688,159,152.806889,1017.9686876959532,0.0,1017.9686876959532
95.339064,45,152.841866,95.33906388207299,0.0,95.33906388207299
933.706568,139,152.939464,933.7065683389088,0.0,933.7065683389088
-39.575279,20,152.956171,-39.57527904519608,0.0,-39.57527904519608
145.740404,56,152.995736,145.7404039817175,0.0,145.7404039817175
87.738242,48,153.030866,87.73824155239461,0.0,87.73824155239461
932.384368,136,153.130182,932.3843675670807,0.0,932.3843675670807
937.483489,144,153.233706,937.4834893433435,0.0,937.4834893433435
405.406401,105,153.311097,405.40640067511424,0.0,405.40640067511424
1012.33022,151,153.990262,1012.3302199329647,0.0,1012.3302199329647
968.33833,157,154.104542,968.3383295617494,0.0,968.3383295617494
118.760418,50,154.142351,118.76041761826586,0.0,118.76041761826586
-19.706429,23,154.161637,-19.70642868128627,0.0,-19.70642868128627
978.946454,153,154.271017,978.9464536837604,0.0,978.9464536837604
974.197327,158,154.387115,974.1973266885288,0.0,974.1973266885288
917.993147,143,154.492931,917.993147437302,0.0,917.993147437302
1005.979287,155,154.604324,1005.9792869210353,0.0,1005.9792869210353
1005.501439,154,154.712272,1005.5014386488181,0.0,1005.5014386488181
177.311404,68,154.765593,177.31140407420423,0.0,177.31140407420423
957.661198,140,154.867004,957.6611975884138,0.0,957.6611975884138
989.226257,157,154.98215,989.2262568816261,0.0,989.2262568816261
76.006691,42,155.013858,76.00669123590883,0.0,76.00669123590883
64.820899,42,155.045755,64.82089941966657,0.0,64.82089941966657
104.210689,54,155.086535,104.21068900147355,0.0,104.21068900147355
958.302414,143,155.19091,958.3024139829915,0.0,958.3024139829915
955.331113,152,155.302018,955.3311130193292,0.0,955.3311130193292
996.363283,148,155.410881,996.3632829356962,0.0,996.3632829356962
1012.744973,154,156.080645,1012.7449732664686,0.0,1012.7449732664686
937.106487,137,156.179977,937.1064871342253,0.0,937.1064871342253
953.178212,143,156.284385,953.1782117850328,0.0,953.1782117850328
929.413516,146,156.38991,929.4135162529876,0.0,929.4135162529876
973.847607,149,156.498545,973.847607411461,0.0,973.847607411461
991.397072,153,156.61219,991.3970721685273,0.0,991.3970721685273
966.130707,149,156.717249,966.1307066248037,0.0,966.1307066248037
195.658855,71,156.770102,195.65885517390393,0.0,195.65885517390393
200.279434,70,156.823086,200.27943407043333,0.0,200.27943407043333
978.780068,147,156.928881,978.7800682026394,0.0,978.7800682026394
941.862573,147,157.032461,941.8625734769663,0.0,941.8625734769663
929.010251,139,157.133879,929.0102511404443,0.0,929.0102511404443
959.678841,144,157.238241,959.6788409128814,0.0,959.6788409128814
1007.433198,151,157.34899,1007.4331982990982,0.0,1007.4331982990982
383.69728,103,157.424758,383.6972800457181,0.0,383.6972800457181
222.733182,76,157.48135,222.73318200596788,0.0,222.73318200596788
981.096117,152,158.149832,981.0961172365749,0.0,981.0961172365749
989.934237,155,158.262216,989.9342374459673,0.0,989.9342374459673
992.461233,155,158.377617,992.4612328835551,0.0,992.4612328835551
1040.836418,161,158.495064,1040.836417962095,0.0,1040.836417962095
1017.02423,154,158.606474,1017.0242302431012,0.0,1017.0242302431012
342.80616,98,158.681255,342.8061598449418,0.0,342.8061598449418
64.306934,41,158.711499,64.30693398723614,0.0,64.30693398723614
392.73921,108,158.791187,392.73921000464736,0.0,392.73921000464736
974.061318,147,158.899777,974.0613175074749,0.0,974.0613175074749
958.353428,153,162.361877,958.3534278549837,0.0,958.3534278549837
934.523306,142,162.467045,934.5233061847983,0.0,934.5233061847983
425.714995,105,162.542918,425.7149948787453,0.0,425.7149948787453
994.979658,159,162.65833,994.9796583809018,0.0,994.9796583809018
1009.084449,154,162.770212,1009.0844486602796,0.0,1009.0844486602796
958.298993,151,162.882018,958.2989929554504,0.0,958.2989929554504
350.241162,104,163.525156,350.2411615613614,0.0,350.2411615613614
453.160865,109,163.607486,453.16086529745417,0.0,453.16086529745417
1017.979775,156,163.721283,1017.979774889046,0.0,1017.979774889046
-25.184647,25,163.741014,-25.184647320801005,0.0,-25.184647320801005
936.933777,141,163.846674,936.9337766761573,0.0,936.9337766761573
-30.922354,23,163.865324,-30.922354371644133,0.0,-30.922354371644133
231.528395,77,163.922974,231.52839516280804,0.0,231.52839516280804
932.51865,142,164.026088,932.5186498457189,0.0,932.5186498457189
-37.428629,21,164.042794,-37.42862856957048,0.0,-37.42862856957048
39.164758,41,164.074902,39.164758259570874,0.0,39.164758259570874
954.672349,150,164.187229,954.6723487159918,0.0,954.6723487159918
972.107408,152,164.298687,972.1074084276529,0.0,972.1074084276529
29.54839,44,164.331653,29.54839034833614,0.0,29.54839034833614
42.759855,34,164.357428,42.759854590927674,0.0,42.759854590927674
-37.996603,19,164.374139,-37.996603013901435,0.0,-37.996603013901435
357.799334,110,164.454584,357.7993336268005,0.0,357.7993336268005
947.677556,140,164.557767,947.6775555367672,0.0,947.6775555367672
942.094497,139,164.657151,942.094497264482,0.0,942.094497264482
947.584934,144,164.764855,947.5849335409356,0.0,947.5849335409356
408.893915,111,164.847368,408.89391528614624,0.0,408.89391528614624
415.868969,101,164.920693,415.8689689841609,0.0,415.8689689841609
941.056825,156,165.649901,941.0568246780583,0.0,941.0568246780583
983.940071,155,165.7604,983.9400714341325,0.0,983.9400714341325
958.588973,145,165.864425,958.5889726536328,0.0,958.5889726536328
371.542108,103,165.938152,371.5421082885507,0.0,371.5421082885507
33.872131,39,165.96945,33.8721306376695,0.0,33.8721306376695
344.122651,106,166.048096,344.12265134022607,0.0,344.12265134022607
138.91925,58,166.089583,138.9192501340431,0.0,138.9192501340431
931.982664,144,166.194728,931.9826641435391,0.0,931.9826641435391
-58.285818,17,166.206827,-58.285817550246485,0.0,-58.285817550246485
191.494975,71,166.257375,191.49497531074968,0.0,191.49497531074968
65.46959,45,166.292181,65.46958974098362,0.0,65.46958974098362
939.31779,140,166.393542,939.3177898135463,0.0,939.3177898135463
114.047501,46,166.427931,114.04750130835242,0.0,114.04750130835242
932.848894,139,166.529754,932.8488944314039,0.0,932.8488944314039
939.45475,142,166.633164,939.454749642064,0.0,939.454749642064
983.166983,154,166.747573,983.1669834105616,0.0,983.1669834105616
957.906142,152,166.857064,957.9061419416125,0.0,957.9061419416125
70.169151,39,166.888867,70.16915148688828,0.0,70.16915148688828
990.603582,159,167.005253,990.6035824424453,0.0,990.6035824424453
1004.845484,148,167.677207,1004.8454840084084,0.0,1004.8454840084084
942.751618,161,167.792836,942.7516175411713,0.0,942.7516175411713
986.279815,148,167.900954,986.279814950989,0.0,986.279814950989
87.16483,42,167.934473,87.16482960891065,0.0,87.16482960891065
956.007079,141,168.035639,956.0070794546896,0.0,956.0070794546896
987.906822,157,168.146282,987.906822492154,0.0,987.906822492154
363.004547,94,168.214292,363.00454747715554,0.0,363.00454747715554
114.732564,49,168.252065,114.73256384846135,0.0,114.73256384846135
-56.103738,17,168.267188,-56.10373810111799,0.0,-56.10373810111799
436.887458,107,168.342297,436.8874581446869,0.0,436.8874581446869
60.497552,38,168.370963,60.49755200877078,0.0,60.49755200877078
100.119881,45,168.405744,100.11988140938124,0.0,100.11988140938124
973.885716,157,168.521071,973.8857164245205,0.0,973.8857164245205
954.703979,143,168.627537,954.7039785103716,0.0,954.7039785103716
971.256123,149,168.736588,971.2561233499151,0.0,971.2561233499151
439.529586,105,168.813648,439.52958575433024,0.0,439.52958575433024
978.417833,160,168.93045,978.4178333302564,0.0,978.4178333302564
-31.281876,20,168.945562,-31.281875758586253,0.0,-31.281875758586253
957.018924,145,169.048636,957.0189236557845,0.0,957.0189236557845
341.934336,107,169.125751,341.9343362344275,0.0,341.9343362344275
119.322974,56,169.730492,119.32297445073323,0.0,119.32297445073323
981.779773,150,169.836376,981.7797734493871,0.0,981.7797734493871
350.238399,107,169.914239,350.238399482836,0.0,350.238399482836
949.578054,149,170.020632,949.578054276737,0.0,949.578054276737
970.168517,164,170.138165,970.1685166952072,0.0,970.1685166952072
96.619805,49,170.175931,96.61980478800206,0.0,96.61980478800206
5.241502,28,170.197165,5.2415020811522055,0.0,5.2415020811522055
-51.820526,18,170.212272,-51.82052635493047,0.0,-51.82052635493047
356.69366,100,170.283321,356.69365980186103,0.0,356.69365980186103
913.885774,140,170.388183,913.8857740114403,0.0,913.8857740114403
962.689122,142,170.490721,962.6891224301962,0.0,962.6891224301962
952.016133,155,170.604816,952.016133068098,0.0,952.016133068098
-35.610467,21,170.622826,-35.610466953087425,0.0,-35.610466953087425
964.27375,146,170.728623,964.2737501871493,0.0,964.2737501871493
213.342814,72,170.783062,213.34281438943958,0.0,213.34281438943958
302.673065,95,170.852943,302.67306478400906,0.0,302.67306478400906
949.633526,143,170.957443,949.6335262376491,0.0,949.6335262376491
365.344829,111,171.038511,365.34482936235105,0.0,365.34482936235105
934.152707,140,171.139695,934.1527065975703,0.0,934.1527065975703
112.017044,54,171.180746,112.01704391484692,0.0,112.01704391484692
986.662623,160,171.863294,986.6626229437137,0.0,986.6626229437137
336.656332,93,171.931808,336.65633215294247,0.0,336.65633215294247
1017.851956,151,172.039627,1017.8519559578181,0.0,1017.8519559578181
187.123363,70,172.090988,187.1233626168019,0.0,187.1233626168019
362.397246,92,172.157134,362.39724628092705,0.0,362.39724628092705
342.28415,98,172.229511,342.2841499499434,0.0,342.2841499499434
960.879223,146,172.33696,960.8792234386577,0.0,960.8792234386577
960.377834,145,172.442121,960.3778342205878,0.0,960.3778342205878
17.695353,37,172.47405,17.695352788929767,0.0,17.695352788929767
991.3667,149,176.281588,991.3666999849422,0.0,991.3666999849422
983.222431,151,176.388915,983.2224307088085,0.0,983.2224307088085
926.016857,143,176.493857,926.0168567509874,0.0,926.0168567509874
973.606174,145,176.599078,973.6061744922711,0.0,973.6061744922711
250.093233,80,176.655901,250.0932325229471,0.0,250.0932325229471
336.779884,99,176.726952,336.7798838317095,0.0,336.7798838317095
988.932764,154,176.838679,988.9327638629918,0.0,988.9327638629918
966.000743,150,176.947552,966.0007433610056,0.0,966.0007433610056
972.4881,144,177.62141,972.4881000840172,0.0,972.4881000840172
997.406263,151,177.732445,997.4062627346417,0.0,997.4062627346417
947.537486,147,177.83913,947.5374855154181,0.0,947.5374855154181
985.27951,153,177.950756,985.2795098674416,0.0,985.2795098674416
983.308931,154,178.06381,983.308930995498,0.0,983.308930995498
939.786868,141,178.166452,939.7868683617241,0.0,939.7868683617241
-31.701567,22,178.183737,-31.701566794999735,0.0,-31.701566794999735
999.780534,151,178.291165,999.7805339629979,0.0,999.7805339629979
79.363278,46,178.327165,79.36327767122806,0.0,79.36327767122806
84.192509,43,178.360419,84.19250935455732,0.0,84.19250935455732
201.655926,73,178.412797,201.65592587457303,0.0,201.65592587457303
947.511462,143,178.518627,947.5114622970447,0.0,947.5114622970447
972.093185,165,178.640694,972.0931847903923,0.0,972.0931847903923
124.504641,52,178.679221,124.50464093620616,0.0,124.50464093620616
-33.743246,22,178.697345,-33.743245659876905,0.0,-33.743245659876905
984.437656,150,178.806853,984.4376555758245,0.0,984.4376555758245
414.662466,114,178.890301,414.6624659523507,0.0,414.6624659523507
940.992036,147,178.99638,940.99203615572,0.0,940.99203615572
221.253615,80,179.669394,221.25361473335715,0.0,221.25361473335715
938.655647,140,179.770861,938.6556474955761,0.0,938.6556474955761
991.93975,151,179.879825,991.939749592952,0.0,991.939749592952
972.35078,147,179.9869,972.3507800564705,0.0,972.3507800564705
92.916253,48,180.024782,92.91625334246878,0.0,92.91625334246878
944.498603,147,180.13001,944.4986030728792,0.0,944.4986030728792
985.054957,160,180.246493,985.0549573252548,0.0,985.0549573252548
1025.63295,159,180.362531,1025.6329498786074,0.0,1025.6329498786074
89.976609,50,180.39829,89.97660854432203,0.0,89.97660854432203
453.932641,107,180.475208,453.93264092986664,0.0,453.93264092986664
970.695093,144,180.580291,970.6950932243747,0.0,970.6950932243747
920.014519,136,180.678376,920.0145188905329,0.0,920.0145188905329
954.951696,143,180.780195,954.9516964965749,0.0,954.9516964965749
958.179956,146,180.8895,958.1799560846592,0.0,958.1799560846592
352.638983,95,180.957759,352.6389832874435,0.0,352.6389832874435
1005.094696,153,181.068123,1005.0946963432638,0.0,1005.0946963432638
-50.495795,17,181.083303,-50.495794835665535,0.0,-50.495794835665535
943.799035,139,181.75459,943.799034947855,0.0,943.799034947855
301.37566,95,181.823906,301.3756595845648,0.0,301.3756595845648
937.840019,139,181.927003,937.840018731784,0.0,937.840018731784
962.783284,141,182.031651,962.7832844680062,0.0,962.7832844680062
1002.356778,157,182.147549,1002.3567783088338,0.0,1002.3567783088338
942.968881,147,182.255881,942.9688813073122,0.0,942.9688813073122
968.987183,158,182.371607,968.9871830072402,0.0,968.9871830072402
130.392673,53,182.41094,130.3926729225656,0.0,130.3926729225656
929.482685,140,182.524074,929.4826848483835,0.0,929.4826848483835
959.584963,145,182.630854,959.5849632932246,0.0,959.5849632932246
992.336157,152,182.740115,992.3361566011781,0.0,992.3361566011781
372.019064,107,182.821002,372.0190635784689,0.0,372.0190635784689
300.462689,91,182.888836,300.462688569576,0.0,300.462688569576
344.049693,101,182.962766,344.04969324920125,0.0,344.04969324920125
950.662216,140,183.067593,950.6622163682282,0.0,950.6622163682282
338.545852,99,183.140095,338.5458518025934,0.0,338.5458518025934
947.87201,139,183.802046,947.8720103012781,0.0,947.8720103012781
971.264353,147,183.907054,971.2643528055853,0.0,971.2643528055853
931.857484,149,184.014349,931.8574842524208,0.0,931.8574842524208
319.341353,96,184.085804,319.3413526259976,0.0,319.3413526259976
-60.441975,15,184.097942,-60.441974812164325,0.0,-60.441974812164325
961.94061,148,184.205334,961.9406098640286,0.0,961.9406098640286
107.439862,50,184.241792,107.43986214683486,0.0,107.43986214683486
952.933188,145,184.347413,952.9331881470398,0.0,952.9331881470398
122.679257,51,184.384365,122.67925730842036,0.0,122.67925730842036
280.004928,95,184.455407,280.0049278731181,0.0,280.0049278731181
972.088942,155,184.56867,972.0889419248227,0.0,972.0889419248227
477.93854,118,184.654599,477.93854022396533,0.0,477.93854022396533
996.185709,149,184.759523,996.1857088938202,0.0,996.1857088938202
953.584907,139,184.859998,953.5849074059388,0.0,953.5849074059388
915.205497,143,184.96426,915.205497347788,0.0,915.205497347788
990.400325,152,185.073711,990.4003253405107,0.0,990.4003253405107
993.647398,154,185.185608,993.6473977698846,0.0,993.6473977698846
1016.855232,152,185.860576,1016.8552320197409,0.0,1016.8552320197409
987.821434,153,185.969936,987.821434150934,0.0,987.821434150934
937.796349,134,186.066096,937.796349067513,0.0,937.796349067513
961.256233,141,186.168187,961.2562327812209,0.0,961.2562327812209
942.733233,147,186.270523,942.733232589851,0.0,942.733232589851
933.265536,140,186.370382,933.2655362309429,0.0,933.2655362309429
396.64697,107,190.040298,396.64696995495524,0.0,396.64696995495524
965.5808,151,190.148639,965.5808000803764,0.0,965.5808000803764
376.585456,108,190.225845,376.58545555980277,0.0,376.58545555980277
-47.617032,18,190.242211,-47.61703185735017,0.0,-47.61703185735017
398.399563,99,190.316576,398.39956318190013,0.0,398.39956318190013
979.650981,152,190.425793,979.6509807714442,0.0,979.6509807714442
966.855248,151,190.535078,966.8552481038134,0.0,966.8552481038134
969.705748,148,190.640741,969.7057481835274,0.0,969.7057481835274
89.76499,52,190.682338,89.76499004754187,0.0,89.76499004754187
972.586543,148,190.78919,972.5865426269482,0.0,972.5865426269482
122.041979,50,190.826844,122.04197944865692,0.0,122.04197944865692
952.386102,143,191.498243,952.3861018806224,0.0,952.3861018806224
-24.352627,25,191.518016,-24.35262659499091,0.0,-24.35262659499091
947.166513,141,191.62268,947.1665128121972,0.0,947.1665128121972
948.942143,145,191.72698,948.9421434406684,0.0,948.9421434406684
932.872137,144,191.832338,932.8721365233685,0.0,932.8721365233685
958.560993,141,191.935511,958.5609934222155,0.0,958.5609934222155
957.17403,146,192.043641,957.1740296414544,0.0,957.1740296414544
984.434519,150,192.152673,984.4345185795293,0.0,984.4345185795293
1000.345692,157,192.26636,1000.3456921041526,0.0,1000.3456921041526
99.613562,49,192.301341,99.6135620712631,0.0,99.6135620712631
980.645467,148,192.409941,980.645467109801,0.0,980.645467109801
-18.465731,23,192.428773,-18.465731311065355,0.0,-18.465731311065355
963.00477,151,192.540065,963.004769511618,0.0,963.004769511618
964.707443,166,192.663489,964.7074433584407,0.0,964.7074433584407
961.522226,144,192.767643,961.52222556226,0.0,961.52222556226
979.153096,152,192.87891,979.1530961764789,0.0,979.1530961764789
1021.125547,150,192.987188,1021.1255471624107,0.0,1021.1255471624107
968.868122,148,193.662975,968.8681219644001,0.0,968.8681219644001
297.534262,99,193.737452,297.5342618384526,0.0,297.5342618384526
-53.416285,18,193.754134,-53.41628479197917,0.0,-53.41628479197917
-34.362782,21,193.77082,-34.36278229454565,0.0,-34.36278229454565
961.703802,139,193.872717,961.7038019078364,0.0,961.7038019078364
982.295742,157,193.987838,982.2957420556625,0.0,982.2957420556625
942.637906,144,194.091637,942.6379063464808,0.0,942.6379063464808
939.896554,140,194.19405,939.8965542185042,0.0,939.8965542185042
957.148735,141,194.295585,957.1487348177336,0.0,957.1487348177336
299.165628,95,194.366415,299.16562847458886,0.0,299.16562847458886
914.781633,138,194.469145,914.7816329118523,0.0,914.7816329118523
973.620395,148,194.577281,973.6203949711035,0.0,973.6203949711035
211.766386,76,194.633388,211.76638637879432,0.0,211.76638637879432
950.001282,142,194.737781,950.0012818235416,0.0,950.0012818235416
36.303246,45,194.771189,36.30324593184167,0.0,36.30324593184167
973.377907,152,194.891648,973.377906645875,0.0,973.377906645875
336.982187,98,194.966058,336.98218680785703,0.0,336.98218680785703
970.46805,152,195.116801,970.4680498090595,0.0,970.4680498090595
989.677085,151,195.813185,989.6770847137103,0.0,989.6770847137103
-6.853062,25,195.833432,-6.85306154229886,0.0,-6.85306154229886
963.364362,147,195.940701,963.3643620978473,0.0,963.3643620978473
926.628383,141,196.046915,926.6283829454694,0.0,926.6283829454694
128.959253,54,196.086305,128.95925329313246,0.0,128.95925329313246
911.454869,148,196.196835,911.4548694908177,0.0,911.4548694908177
1017.502278,154,196.307683,1017.5022775558757,0.0,1017.5022775558757
965.782251,144,196.413179,965.7822511415111,0.0,965.7822511415111
927.568738,138,196.514495,927.5687377500151,0.0,927.5687377500151
968.352432,146,196.61998,968.3524320936287,0.0,968.3524320936287
338.918423,98,196.693439,338.918422647969,0.0,338.918422647969
956.549164,153,196.803938,956.5491643133862,0.0,956.5491643133862
963.911697,147,196.909117,963.9116973028041,0.0,963.9116973028041
947.89887,145,197.014597,947.898870470292,0.0,947.898870470292
70.519567,41,197.044799,70.51956734249923,0.0,70.51956734249923
403.031134,105,197.122539,403.03113361961255,0.0,403.03113361961255
969.370105,143,197.788131,969.3701046605819,0.0,969.3701046605819
958.518602,144,197.889688,958.5186019129974,0.0,958.5186019129974
977.597789,143,197.991209,977.5977888093425,0.0,977.5977888093425
996.368891,150,198.101235,996.3688905540192,0.0,996.3688905540192
1013.033478,149,198.208363,1013.0334775766069,0.0,1013.0334775766069
922.917965,137,198.306676,922.917965001077,0.0,922.917965001077
971.038381,149,198.41408,971.0383805205443,0.0,971.0383805205443
944.078432,138,198.513999,944.0784319932716,0.0,944.0784319932716
929.876653,138,198.613938,929.876653315695,0.0,929.876653315695
144.92335,53,198.653282,144.9233504122705,0.0,144.9233504122705
6.594978,27,198.674423,6.594978061117715,0.0,6.594978061117715
925.966421,138,198.776984,925.9664206625321,0.0,925.9664206625321
993.384694,152,198.887092,993.384694167022,0.0,993.384694167022
1022.596587,157,199.002559,1022.5965866190188,0.0,1022.5965866190188
920.1129,131,199.097376,920.1128998527251,0.0,920.1128998527251
-51.616696,17,199.110972,-51.61669593601976,0.0,-51.61669593601976
937.496865,143,199.214528,937.4968651620945,0.0,937.4968651620945
938.094025,138,199.868308,938.0940245623258,0.0,938.0940245623258
983.555413,147,199.973284,983.5554131134776,0.0,983.5554131134776
114.715494,48,200.008123,114.7154936887077,0.0,114.7154936887077
947.432347,143,200.112162,947.4323469477463,0.0,947.4323469477463
910.662575,132,203.849214,910.6625748165089,0.0,910.6625748165089
205.739375,73,203.903087,205.73937533365344,0.0,205.73937533365344
95.930587,49,203.94099,95.93058682487509,0.0,95.93058682487509
974.967995,146,204.048815,974.9679953861994,0.0,974.9679953861994
915.404378,143,204.152366,915.4043780625307,0.0,915.4043780625307
970.762935,145,204.26088,970.7629349484473,0.0,970.7629349484473
7.245989,34,204.286171,7.245989188586037,0.0,7.245989188586037
961.157662,139,204.387561,961.1576624130557,0.0,961.1576624130557
117.837575,55,204.429973,117.83757465927829,0.0,117.83757465927829
-45.957996,19,204.44471,-45.957996220668505,0.0,-45.957996220668505
939.852975,145,204.551709,939.852974971821,0.0,939.852974971821
995.329681,152,204.663283,995.3296806888861,0.0,995.3296806888861
211.267071,77,204.719479,211.26707094136827,0.0,211.26707094136827
972.095628,146,204.824761,972.095628250873,0.0,972.095628250873
323.108834,92,204.892948,323.10883387694935,0.0,323.10883387694935
976.811066,149,205.562028,976.8110659400242,0.0,976.8110659400242
951.542983,150,205.671121,951.5429830136942,0.0,951.5429830136942
998.604385,151,205.781385,998.6043854031022,0.0,998.6043854031022
955.925589,152,205.891966,955.925589109126,0.0,955.925589109126
279.147032,87,205.956299,279.1470323020977,0.0,279.1470323020977
301.562272,102,206.028715,301.5622724393716,0.0,301.5622724393716
950.996819,144,206.136641,950.9968188014344,0.0,950.9968188014344
238.295521,78,206.195345,238.29552111502463,0.0,238.29552111502463
-43.091328,18,206.210536,-43.091328128172904,0.0,-43.091328128172904
981.782564,163,206.328434,981.7825640352448,0.0,981.7825640352448
956.119799,144,206.434627,956.1197989726677,0.0,956.1197989726677
87.102204,46,206.470685,87.10220376043569,0.0,87.10220376043569
944.267671,143,206.575651,944.2676712433804,0.0,944.2676712433804
945.256255,141,206.679596,945.2562554878295,0.0,945.2562554878295
168.927588,63,206.727642,168.92758841023272,0.0,168.92758841023272
381.006262,105,206.805654,381.0062617855606,0.0,381.0062617855606
118.815013,52,206.845015,118.81501339388745,0.0,118.81501339388745
60.895534,45,206.879565,60.89553350282489,0.0,60.89553350282489
944.101581,141,206.980935,944.1015809736683,0.0,944.1015809736683
345.291634,96,207.625597,345.29163400777344,0.0,345.29163400777344
985.522427,146,207.728416,985.5224274783901,0.0,985.5224274783901
384.816267,103,207.803589,384.8162673138357,0.0,384.8162673138357
991.740133,149,207.912209,991.7401329834536,0.0,991.7401329834536
1000.9808,156,208.024598,1000.9808003371164,0.0,1000.9808003371164
950.654597,146,208.130752,950.6545974240831,0.0,950.6545974240831
982.707427,154,208.240891,982.7074274151541,0.0,982.7074274151541
987.329094,147,208.348614,987.329093605815,0.0,987.329093605815
982.270552,150,208.466925,982.2705521730894,0.0,982.2705521730894
941.31661,144,208.581375,941.316610450559,0.0,941.316610450559
100.27107,47,208.616159,100.27106989450847,0.0,100.27106989450847
974.129034,213,208.766475,974.1290344046806,0.0,974.1290344046806
-51.986565,17,208.78174,-51.986564802563166,0.0,-51.986564802563166
338.63393,102,208.853696,338.63393003701503,0.0,338.63393003701503
73.934663,45,208.88915,73.93466309811268,0.0,73.93466309811268
943.724659,151,208.99993,943.7246588950597,0.0,943.7246588950597
986.005339,161,209.673086,986.0053387756425,0.0,986.0053387756425
417.189508,102,209.744246,417.18950795088875,0.0,417.18950795088875
950.810299,144,209.84755,950.8102989217239,0.0,950.8102989217239
499.848497,119,209.936572,499.84849691028313,0.0,499.84849691028313
956.181662,149,210.044268,956.1816616180558,0.0,956.1816616180558
967.883696,157,210.157241,967.883696109702,0.0,967.883696109702
990.500744,155,210.266412,990.500743889622,0.0,990.500743889622
981.975054,146,210.371289,981.9750537553598,0.0,981.9750537553598
318.886863,97,210.442354,318.88686312747274,0.0,318.88686312747274
956.5037,153,210.553458,956.5036995745517,0.0,956.5036995745517
135.906232,52,210.593843,135.90623194809072,0.0,135.90623194809072
920.629538,136,210.689417,920.6295382933602,0.0,920.6295382933602
978.922827,152,210.798741,978.9228270699765,0.0,978.9228270699765
-50.047472,18,210.813962,-50.047471863797554,0.0,-50.047471863797554
981.754792,157,210.958966,981.7547923499413,0.0,981.7547923499413
991.618674,153,211.066815,991.6186740748262,0.0,991.6186740748262
977.087548,150,211.733187,977.0875479161834,0.0,977.0875479161834
356.946125,99,211.804959,356.9461246357035,0.0,356.9461246357035
92.832417,42,211.835231,92.83241739927115,0.0,92.83241739927115
931.013505,141,211.934774,931.0135048348923,0.0,931.0135048348923
976.671902,146,212.038846,976.6719020445137,0.0,976.6719020445137
951.098692,145,212.142314,951.0986921998026,0.0,951.0986921998026
1000.485953,150,212.249875,1000.485952596778,0.0,1000.485952596778
951.120585,147,212.358477,951.1205848705905,0.0,951.1205848705905
1017.60769,152,212.466837,1017.6076903546536,0.0,1017.6076903546536
1020.680332,151,212.577582,1020.6803318318308,0.0,1020.6803318318308
990.001985,147,212.684483,990.0019853509588,0.0,990.0019853509588
970.024028,153,212.796617,970.024027563928,0.0,970.024027563928
988.927137,149,212.907518,988.9271374502766,0.0,988.9271374502766
435.414342,102,212.984817,435.41434163329836,0.0,435.41434163329836
954.703848,146,213.090866,954.7038480580962,0.0,954.7038480580962
967.791904,144,213.195005,967.7919039117941,0.0,967.7919039117941
974.71341,155,213.888262,974.7134099541775,0.0,974.7134099541775
998.078722,162,217.553649,998.0787222152557,0.0,998.0787222152557
373.566398,108,217.633135,373.56639815952474,0.0,373.56639815952474
892.563951,137,217.730806,892.5639509176805,0.0,892.5639509176805
286.906759,91,217.797356,286.90675920487007,0.0,286.90675920487007
104.60398,47,217.832223,104.60397989300745,0.0,104.60397989300745
389.554458,107,217.91104,389.5544583805914,0.0,389.5544583805914
959.525292,139,218.01253,959.5252923286641,0.0,959.5252923286641
954.242576,142,218.113549,954.242575540575,0.0,954.242575540575
945.010528,141,218.217054,945.0105280024458,0.0,945.0105280024458
993.259145,152,218.324994,993.2591448738326,0.0,993.2591448738326
947.202572,140,218.427363,947.2025724845919,0.0,947.2025724845919
333.596129,93,218.496011,333.596129350641,0.0,333.596129350641
418.328941,102,218.56873,418.3289410826808,0.0,418.3289410826808
936.260033,139,218.669264,936.2600333386089,0.0,936.2600333386089
-46.292259,19,218.684424,-46.2922590564889,0.0,-46.2922590564889
978.127233,145,218.790719,978.1272325155663,0.0,978.1272325155663
957.698717,144,219.455087,957.69871677734,0.0,957.69871677734
332.89671,96,219.521666,332.8967095193696,0.0,332.8967095193696
909.828472,142,219.624662,909.8284715799864,0.0,909.8284715799864
204.37511,71,219.677282,204.37511030333525,0.0,204.37511030333525
153.204597,65,219.723734,153.2045965607618,0.0,153.2045965607618
1007.508415,149,219.829843,1007.5084151714416,0.0,1007.5084151714416
967.952314,146,219.933029,967.9523141909274,0.0,967.9523141909274
347.470068,98,220.007052,347.4700680386902,0.0,347.4700680386902
146.660414,53,220.044893,146.66041396001827,0.0,146.66041396001827
120.177029,57,220.085899,120.17702864014893,0.0,120.17702864014893
942.651479,140,220.186515,942.6514789050392,0.0,942.6514789050392
982.053443,148,220.294511,982.0534425686285,0.0,982.0534425686285
246.672861,78,220.349864,246.67286087782645,0.0,246.67286087782645
954.582057,145,220.454189,954.582056989093,0.0,954.582056989093
-51.89256,17,220.469372,-51.89256015369217,0.0,-51.89256015369217
-40.297273,19,220.485155,-40.29727324208592,0.0,-40.29727324208592
998.577849,153,220.595152,998.5778488281386,0.0,998.5778488281386
960.640489,146,220.705448,960.6404892605366,0.0,960.6404892605366
56.839623,37,220.732269,56.839622730821844,0.0,56.839622730821844
976.885276,144,220.836673,976.8852761426684,0.0,976.8852761426684
986.982061,147,221.4958,986.9820607330473,0.0,986.9820607330473
52.406865,35,221.521539,52.406865200038624,0.0,52.406865200038624
942.798047,140,221.622129,942.7980474325564,0.0,942.7980474325564
999.043817,162,221.739709,999.0438166725655,0.0,999.0438166725655
975.249433,146,221.844204,975.2494330851337,0.0,975.2494330851337
355.419809,94,221.913802,355.41980911882683,0.0,355.41980911882683
958.62534,142,222.013292,958.6253404194655,0.0,958.6253404194655
975.934124,144,222.114811,975.9341242623257,0.0,975.9341242623257
990.584591,148,222.219468,990.5845907712473,0.0,990.5845907712473
-37.528846,19,222.233894,-37.52884573643422,0.0,-37.52884573643422
138.00489,52,222.273518,138.00488991815857,0.0,138.00488991815857
948.603712,146,222.37937,948.6037123105838,0.0,948.6037123105838
950.634666,143,222.48184,950.6346662030027,0.0,950.6346662030027
992.215146,145,222.585766,992.2151461554195,0.0,992.2151461554195
171.349685,64,222.63396,171.3496849356739,0.0,171.3496849356739
974.535408,148,222.743809,974.535407892886,0.0,974.535407892886
954.886614,143,222.849814,954.8866141505987,0.0,954.8866141505987
123.141843,48,222.884866,123.1418426222886,0.0,123.1418426222886
302.967389,91,223.527183,302.9673887061934,0.0,302.9673887061934
918.602395,141,223.628161,918.602394835337,0.0,918.602394835337
980.865454,144,223.733695,980.865454407156,0.0,980.865454407156
982.696072,151,223.84399,982.6960723694161,0.0,982.6960723694161
924.038458,139,223.947515,924.0384575185893,0.0,924.0384575185893
1001.130985,146,224.053741,1001.1309848819551,0.0,1001.1309848819551
997.957745,157,224.166506,997.9577449498735,0.0,997.9577449498735
950.795134,143,224.281137,950.7951340089503,0.0,950.7951340089503
955.850016,143,224.386547,955.8500156342461,0.0,955.8500156342461
953.334227,142,224.489761,953.3342269938483,0.0,953.3342269938483
-48.629355,18,224.503513,-48.629355304026035,0.0,-48.629355304026035
-48.058242,17,224.519085,-48.05824206823728,0.0,-48.05824206823728
938.026841,138,224.618132,938.0268409668454,0.0,938.0268409668454
970.935141,146,224.722246,970.9351409338599,0.0,970.9351409338599
989.918726,146,224.826167,989.9187260981982,0.0,989.9187260981982
945.025208,147,224.932075,945.0252076545466,0.0,945.0252076545466
994.050815,152,225.607383,994.0508151274371,0.0,994.0508151274371
243.144293,80,225.667684,243.1442933236218,0.0,243.1442933236218
1013.38756,153,225.778059,1013.3875604835207,0.0,1013.3875604835207
987.318727,145,225.884461,987.3187266180678,0.0,987.3187266180678
997.307153,152,225.994768,997.3071531591175,0.0,997.3071531591175
973.835878,147,226.101884,973.8358784641621,0.0,973.8358784641621
213.989689,70,226.153529,213.9896890774508,0.0,213.9896890774508
106.801165,48,226.189404,106.80116516458858,0.0,106.80116516458858
102.103512,48,226.223374,102.10351154094221,0.0,102.10351154094221
948.391338,145,226.327473,948.3913383519782,0.0,948.3913383519782
995.060042,146,226.437124,995.0600417130089,0.0,995.0600417130089
134.472781,58,226.481952,134.47278079963218,0.0,134.47278079963218
995.860301,152,226.593948,995.8603010412342,0.0,995.8603010412342
946.364572,145,226.70076,946.3645722431389,0.0,946.3645722431389
982.1693,148,226.845798,982.1692995865718,0.0,982.1692995865718
999.620921,155,226.957757,999.620920864405,0.0,999.620920864405
1011.546899,150,227.066941,1011.5468991518285,0.0,1011.5468991518285
92.391911,42,230.964237,92.39191068278777,0.0,92.39191068278777
971.990794,146,231.069554,971.9907943734439,0.0,971.9907943734439
990.932493,151,231.180036,990.9324927216585,0.0,990.9324927216585
130.30974,54,231.220505,130.30974044058198,0.0,130.30974044058198
959.500468,143,231.323736,959.5004680970054,0.0,959.5004680970054
41.078884,40,231.354265,41.07888399959177,0.0,41.07888399959177
965.878944,148,231.463273,965.8789439994275,0.0,965.8789439994275
951.904014,144,231.564789,951.9040135227327,0.0,951.9040135227327
973.176375,143,231.666701,973.1763749129293,0.0,973.1763749129293
111.507541,45,231.700122,111.50754066678698,0.0,111.50754066678698
926.11126,133,231.79691,926.1112595198246,0.0,926.1112595198246
933.240153,141,231.897074,933.24015259667,0.0,933.24015259667
940.422858,146,232.000968,940.4228575999635,0.0,940.4228575999635
164.372761,61,232.046176,164.37276133127773,0.0,164.37276133127773
196.902959,73,232.100904,196.90295893778824,0.0,196.90295893778824
976.034422,143,232.205832,976.0344220693514,0.0,976.0344220693514
82.58068,42,232.237468,82.58068029268408,0.0,82.58068029268408
130.138078,50,232.274099,130.13807846404748,0.0,130.13807846404748
966.539065,139,232.373073,966.5390654996836,0.0,966.5390654996836
-24.612715,22,232.389721,-24.612715346423855,0.0,-24.612715346423855
216.458181,73,233.008288,216.458181072127,0.0,216.458181072127
943.408032,141,233.108858,943.4080322634991,0.0,943.4080322634991
64.101155,48,233.144956,64.10115537067003,0.0,64.10115537067003
157.005493,61,233.191178,157.00549282551975,0.0,157.00549282551975
957.946991,142,233.297305,957.9469914699212,0.0,957.9469914699212
118.048475,50,233.336397,118.04847485960553,0.0,118.04847485960553
952.477135,137,233.436947,952.4771349241399,0.0,952.4771349241399
966.995077,148,233.544223,966.9950773518431,0.0,966.9950773518431
924.440118,132,233.640979,924.4401181023612,0.0,924.4401181023612
942.000158,137,233.740063,942.0001575839274,0.0,942.0001575839274
973.998402,152,233.851053,973.9984017470015,0.0,973.9984017470015
983.553416,142,233.957768,983.5534155924903,0.0,983.5534155924903
964.748385,143,234.06423,964.7483853600867,0.0,964.7483853600867
996.155784,154,234.17633,996.1557843405916,0.0,996.1557843405916
967.667053,142,234.280826,967.6670532503712,0.0,967.6670532503712
984.255508,144,234.385458,984.2555080760584,0.0,984.2555080760584
955.141836,140,234.487791,955.1418364240155,0.0,955.1418364240155
1019.705325,152,235.158455,1019.7053249381986,0.0,1019.7053249381986
944.369131,140,235.26123,944.36913146998,0.0,944.36913146998
78.304343,46,235.297853,78.30434327662476,0.0,78.30434327662476
1007.559706,149,235.407146,1007.5597058834202,0.0,1007.5597058834202
220.148022,73,235.461744,220.14802164419825,0.0,220.14802164419825
1021.323251,150,235.56988,1021.3232505908962,0.0,1021.3232505908962
986.617434,150,235.678571,986.6174340847986,0.0,986.6174340847986
7.625618,33,235.712569,7.625618256070965,0.0,7.625618256070965
982.79841,146,235.818774,982.7984098215532,0.0,982.7984098215532
363.125162,100,235.893568,363.12516218816177,0.0,363.12516218816177
168.543877,64,235.940356,168.54387738976456,0.0,168.54387738976456
992.061922,150,236.049608,992.061921751241,0.0,992.061921751241
978.948301,145,236.157129,978.9483011712587,0.0,978.9483011712587
953.109082,139,236.265549,953.1090815863413,0.0,953.1090815863413
974.80902,150,236.37236,974.8090201353216,0.0,974.8090201353216
934.775697,138,236.470518,934.7756970942824,0.0,934.7756970942824
1008.728276,150,237.153299,1008.7282761681096,0.0,1008.7282761681096
922.509287,131,237.25509,922.5092874340273,0.0,922.5092874340273
980.193745,146,237.367385,980.1937454294535,0.0,980.1937454294535
945.410076,141,237.476542,945.4100759844289,0.0,945.4100759844289
924.102515,136,237.580079,924.1025153869181,0.0,924.1025153869181
936.027209,137,237.687854,936.0272087734487,0.0,936.0272087734487
1015.536136,157,237.807417,1015.5361361982871,0.0,1015.5361361982871
953.086586,138,237.911871,953.0865860292258,0.0,953.0865860292258
987.014194,146,238.02371,987.0141935792577,0.0,987.0141935792577
954.371687,144,238.131943,954.3716868436344,0.0,954.3716868436344
962.65839,142,238.239591,962.6583896136675,0.0,962.6583896136675
263.236724,79,238.301758,263.236723913191,0.0,263.236723913191
950.987692,143,238.412274,950.9876924979334,0.0,950.9876924979334
960.005658,137,238.514676,960.0056577608605,0.0,960.0056577608605
89.967217,52,238.554034,89.96721668580892,0.0,89.96721668580892
959.60474,139,238.652966,959.604740057606,0.0,959.604740057606
959.940147,140,239.319649,959.9401465998197,0.0,959.9401465998197
25.535596,30,239.344018,25.535596069766967,0.0,25.535596069766967
964.591694,145,239.447383,964.591694439869,0.0,964.591694439869
944.928083,136,239.544944,944.9280829903732,0.0,944.9280829903732
86.211474,47,239.57819,86.21147429063288,0.0,86.21147429063288
974.779694,143,239.681227,974.7796941897201,0.0,974.7796941897201
-0.964629,25,239.700897,-0.9646293005245212,0.0,-0.9646293005245212
89.023025,42,239.733734,89.0230248113231,0.0,89.0230248113231
992.945172,143,239.836404,992.9451722587933,0.0,992.9451722587933
955.787177,143,239.939345,955.7871770289037,0.0,955.7871770289037
957.048095,140,240.040801,957.0480947112001,0.0,957.0480947112001
205.996721,71,240.09216,205.9967210288976,0.0,205.9967210288976
969.253748,144,240.194447,969.2537478382839,0.0,969.2537478382839
172.51162,66,240.243974,172.5116197568072,0.0,172.5116197568072
207.583119,72,240.296878,207.5831188594459,0.0,207.5831188594459
933.898543,133,240.393699,933.8985431972033,0.0,933.8985431972033
943.19454,142,240.49492,943.1945395944983,0.0,943.1945395944983
985.236343,145,243.722262,985.2363431876437,0.0,985.2363431876437
1001.627084,148,243.830042,1001.6270838777986,0.0,1001.6270838777986
389.03593,94,244.464423,389.0359296119929,0.0,389.0359296119929
995.408482,151,244.572859,995.4084818684345,0.0,995.4084818684345
971.777629,149,244.681286,971.7776294691339,0.0,971.7776294691339
996.937786,151,244.788514,996.9377855788438,0.0,996.9377855788438
927.967737,132,244.887157,927.9677374186617,0.0,927.9677374186617
934.971477,136,244.987536,934.9714770121343,0.0,934.9714770121343
974.078194,145,245.091761,974.078193718785,0.0,974.078193718785
379.753653,98,245.16379,379.7536534671159,0.0,379.7536534671159
1019.669342,150,245.28705,1019.669341754101,0.0,1019.669341754101
990.193875,145,245.392632,990.1938750193916,0.0,990.1938750193916
1000.772726,148,245.499911,1000.7727262549976,0.0,1000.7727262549976
148.701127,53,245.540472,148.70112667426963,0.0,148.70112667426963
937.398833,140,245.642962,937.3988328283797,0.0,937.3988328283797
962.771742,139,245.744788,962.7717419493417,0.0,962.7717419493417
948.268436,143,245.850902,948.2684364142998,0.0,948.2684364142998
954.033181,144,246.517775,954.0331806871637,0.0,954.0331806871637
988.441852,158,246.633382,988.4418518954026,0.0,988.4418518954026
994.846282,151,246.742741,994.8462820788002,0.0,994.8462820788002
415.564802,101,246.818144,415.56480156725365,0.0,415.56480156725365
953.323536,153,246.930402,953.3235364512685,0.0,953.3235364512685
998.505425,144,247.037184,998.5054254908582,0.0,998.5054254908582
995.02559,148,247.143592,995.0255900563718,0.0,995.0255900563718
933.191157,140,247.246485,933.191156517005,0.0,933.191156517005
920.637183,132,247.340819,920.6371825274872,0.0,920.6371825274872
973.132876,148,247.451209,973.1328764991836,0.0,973.1328764991836
1007.763035,154,247.561207,1007.7630347043378,0.0,1007.7630347043378
974.907507,150,247.672283,974.9075073522532,0.0,974.9075073522532
218.881729,71,247.725523,218.8817287113033,0.0,218.8817287113033
258.029143,77,247.784183,258.0291432308587,0.0,258.0291432308587
1015.783734,153,247.89487,1015.7837342692696,0.0,1015.7837342692696
971.400064,141,247.996251,971.400063698665,0.0,971.400063698665
975.676461,148,248.670432,975.6764613879102,0.0,975.6764613879102
937.393714,139,248.771279,937.3937144110362,0.0,937.3937144110362
989.665185,148,248.879914,989.6651851569045,0.0,989.6651851569045
948.384431,141,248.980713,948.3844311951351,0.0,948.3844311951351
396.327561,99,249.052933,396.327560559032,0.0,396.327560559032
966.543816,143,249.154217,966.5438159632063,0.0,966.5438159632063
975.163989,150,249.264551,975.1639889501222,0.0,975.1639889501222
933.127241,136,249.364226,933.1272406461334,0.0,933.1272406461334
929.645018,132,249.458646,929.6450184606869,0.0,929.6450184606869
969.375002,144,249.562195,969.3750018332912,0.0,969.3750018332912
949.68459,149,249.669154,949.6845899569668,0.0,949.6845899569668
103.549537,44,249.702194,103.54953675269834,0.0,103.54953675269834
274.183829,82,249.76072,274.1838293141718,0.0,274.1838293141718
216.695062,69,249.811757,216.69506200023613,0.0,216.69506200023613
973.231378,139,249.913991,973.2313781659401,0.0,973.2313781659401
1016.874588,152,250.022636,1016.8745881150663,0.0,1016.8745881150663
1006.505903,150,250.697984,1006.5059032153806,0.0,1006.5059032153806
965.210206,146,250.800837,965.2102062863457,0.0,965.2102062863457
14.358323,29,250.823551,14.358322672512486,0.0,14.358322672512486
297.641185,85,250.887151,297.64118464521255,0.0,297.64118464521255
100.081781,44,250.918946,100.08178102658117,0.0,100.08178102658117
244.877396,75,250.974001,244.87739602839687,0.0,244.87739602839687
-6.859645,27,250.996764,-6.85964486578429,0.0,-6.85964486578429
996.218081,146,251.103722,996.2180812837223,0.0,996.2180812837223
976.558953,141,251.20373,976.5589528562155,0.0,976.5589528562155
985.902746,144,251.308118,985.9027463027495,0.0,985.9027463027495
200.94428,68,251.358053,200.94428027319375,0.0,200.94428027319375
948.717535,147,251.465389,948.7175349122788,0.0,948.7175349122788
396.241142,95,251.53496,396.2411417076494,0.0,396.2411417076494
987.976088,152,251.642848,987.9760877101293,0.0,987.9760877101293
997.341513,147,251.747309,997.3415125731974,0.0,997.3415125731974
939.653286,138,251.846226,939.6532861827123,0.0,939.6532861827123
967.637234,149,251.952456,967.6372342738191,0.0,967.6372342738191
978.563487,141,252.053531,978.563486869184,0.0,978.563486869184
975.705401,145,252.717449,975.7054013137,0.0,975.7054013137
967.515769,140,252.816645,967.51576920354,0.0,967.51576920354
1003.438361,152,252.925686,1003.4383608022421,0.0,1003.4383608022421
991.407285,149,253.032843,991.4072854729691,0.0,991.4072854729691
933.851913,141,253.133308,933.8519132475388,0.0,933.8519132475388
993.428385,145,253.234796,993.4283854933287,0.0,993.4283854933287
998.891465,154,253.3466,998.8914652268672,0.0,998.8914652268672
953.384108,144,253.451165,953.3841083711611,0.0,953.3841083711611
66.350922,37,253.478378,66.35092155042922,0.0,66.35092155042922
955.921216,137,253.579822,955.9212163819441,0.0,955.9212163819441
114.402685,47,253.614642,114.40268481650351,0.0,114.40268481650351
921.434157,137,253.711549,921.4341570864124,0.0,921.4341570864124
148.688415,58,253.755489,148.68841499182682,0.0,148.68841499182682
205.971051,69,253.806897,205.97105142913568,0.0,205.97105142913568
341.731478,91,257.100197,341.73147820074655,0.0,341.73147820074655
127.432865,55,257.141278,127.4328653659939,0.0,127.4328653659939
958.003973,145,257.248983,958.0039733375775,0.0,958.0039733375775
972.713432,158,257.364157,972.7134317198186,0.0,972.7134317198186
974.449309,145,258.029514,974.4493091102652,0.0,974.4493091102652
217.480412,79,258.087223,217.48041198060605,0.0,217.48041198060605
994.730486,146,258.195359,994.7304864639607,0.0,994.7304864639607
996.967722,151,258.332433,996.9677216077245,0.0,996.9677216077245
951.451878,140,258.434062,951.4518777663776,0.0,951.4518777663776
921.919955,133,258.531675,921.9199548043548,0.0,921.9199548043548
955.940926,146,258.639201,955.9409261607797,0.0,955.9409261607797
937.869587,139,258.742342,937.8695874040197,0.0,937.8695874040197
358.108108,94,258.81339,358.10810809361044,0.0,358.10810809361044
965.959869,147,258.922796,965.9598687412681,0.0,965.9598687412681
937.374684,139,259.029139,937.3746843434354,0.0,937.3746843434354
911.308493,133,259.123282,911.3084932604801,0.0,911.3084932604801
1020.980378,152,259.233309,1020.9803775926624,0.0,1020.9803775926624
45.65009,42,259.265094,45.65008959798004,0.0,45.65008959798004
996.90704,147,259.37367,996.9070403722023,0.0,996.9070403722023
936.472022,141,260.036871,936.4720217906965,0.0,936.4720217906965
59.669307,39,260.066808,59.66930732126585,0.0,59.66930732126585
397.787317,98,260.138915,397.78731742224545,0.0,397.78731742224545
953.28078,140,260.240324,953.2807801816689,0.0,953.2807801816689
77.248811,46,260.275167,77.24881091921824,0.0,77.24881091921824
77.627455,39,260.305349,77.6274548027667,0.0,77.6274548027667
990.286412,148,260.411877,990.2864122763838,0.0,990.2864122763838
919.324593,134,260.50949,919.3245926292082,0.0,919.3245926292082
964.678363,148,260.614216,964.6783631639026,0.0,964.6783631639026
982.976532,146,260.719802,982.9765318252526,0.0,982.9765318252526
197.041884,72,260.772875,197.04188361313754,0.0,197.04188361313754
189.447607,67,260.824103,189.44760671011008,0.0,189.44760671011008
943.646458,138,260.923813,943.6464582555193,0.0,943.6464582555193
965.680214,144,261.027271,965.6802136176283,0.0,965.6802136176283
953.443721,141,261.129154,953.4437209612753,0.0,953.4437209612753
945.031419,139,261.229419,945.0314185798177,0.0,945.0314185798177
419.640036,102,261.303649,419.6400356993727,0.0,419.6400356993727
94.49634,48,261.338658,94.49634046957132,0.0,94.49634046957132
972.006408,149,261.447402,972.0064084989721,0.0,972.0064084989721
980.420155,149,262.116234,980.4201553003319,0.0,980.4201553003319
961.677887,140,262.216277,961.6778865193363,0.0,961.6778865193363
54.343381,36,262.243698,54.343380592656175,0.0,54.343380592656175
1011.223902,152,262.352223,1011.223902193442,0.0,1011.223902193442
927.984534,133,262.448753,927.9845344935259,0.0,927.9845344935259
390.254527,97,262.521351,390.2545268519698,0.0,390.2545268519698
967.041552,144,262.62466,967.0415520932063,0.0,967.0415520932063
1020.020575,157,262.736077,1020.0205750947562,0.0,1020.0205750947562
937.20301,136,262.833533,937.2030100798866,0.0,937.2030100798866
978.25921,141,262.936052,978.2592103745156,0.0,978.2592103745156
968.219198,142,263.043275,968.2191976648759,0.0,968.2191976648759
959.340884,141,263.149383,959.3408844095619,0.0,959.3408844095619
958.276304,141,263.249991,958.2763038908544,0.0,958.2763038908544
206.145846,70,263.301679,206.1458463670598,0.0,206.1458463670598
963.985391,149,263.40766,963.9853911758798,0.0,963.9853911758798
976.218406,144,263.511035,976.2184057145791,0.0,976.2184057145791
2.501629,26,263.531423,2.5016287816652465,0.0,2.5016287816652465
948.316087,139,264.187966,948.3160869252314,0.0,948.3160869252314
83.704316,46,264.223,83.7043162001662,0.0,83.7043162001662
124.362342,59,264.267135,124.36234192981436,0.0,124.36234192981436
170.647791,64,264.313246,170.64779060527928,0.0,170.64779060527928
958.612155,140,264.41448,958.6121550336516,0.0,958.6121550336516
88.406045,42,264.447338,88.40604468912814,0.0,88.40604468912814
1001.95253,151,264.55687,1001.9525303593202,0.0,1001.9525303593202
978.909453,148,264.663346,978.9094526917439,0.0,978.9094526917439
956.592423,141,264.764434,956.5924232732282,0.0,956.5924232732282
955.979662,139,264.867097,955.979662432712,0.0,955.979662432712
968.065469,145,264.973374,968.0654691015866,0.0,968.0654691015866
970.561401,143,265.077158,970.5614010259094,0.0,970.5614010259094
927.05564,135,265.177687,927.0556404417072,0.0,927.0556404417072
108.54994,47,265.213842,108.54993994172415,0.0,108.54993994172415
230.487516,74,265.267624,230.48751591235455,0.0,230.48751591235455
992.046307,144,265.371672,992.0463066476709,0.0,992.0463066476709
486.699345,114,265.454092,486.6993450165864,0.0,486.6993450165864
929.819781,138,265.553667,929.8197807742392,0.0,929.8197807742392
956.309697,139,266.216771,956.3096972738529,0.0,956.3096972738529
-13.940095,24,266.235017,-13.940095009367724,0.0,-13.940095009367724
982.113899,148,266.342689,982.1138989102403,0.0,982.1138989102403
230.127074,71,266.396404,230.1270735688512,0.0,230.1270735688512
957.314282,141,266.49883,957.3142824167596,0.0,957.3142824167596
987.168126,145,266.606071,987.1681262949821,0.0,987.1681262949821
1007.971323,152,266.721101,1007.9713234551812,0.0,1007.9713234551812
-47.407509,19,266.736272,-47.40750903189428,0.0,-47.40750903189428
976.169147,141,266.837687,976.1691470132625,0.0,976.1691470132625
970.725863,147,266.945544,970.7258630236835,0.0,970.7258630236835
914.044773,132,267.043298,914.0447726991192,0.0,914.0447726991192
995.800042,144,267.149071,995.8000418047737,0.0,995.8000418047737
928.449371,137,270.763513,928.4493713219327,0.0,928.4493713219327
70.107621,39,270.790819,70.10762096953458,0.0,70.10762096953458
939.230366,144,270.894275,939.2303664649447,0.0,939.2303664649447
981.350085,145,270.998323,981.3500852107594,0.0,981.3500852107594
1005.217637,147,271.10239,1005.2176369238466,0.0,1005.2176369238466
