#{"t_start": 1789400985.8509417, "env_id": "None"}
r,l,t,episode_base_return,episode_risk_return,episode_training_return
-223.627989,234,0.961525,-223.62798862189013,0.0,-223.62798862189013
-269.5138,380,1.235445,-269.51380039947435,0.0,-269.51380039947435
105.248714,95,1.305127,105.24871432117298,0.0,105.24871432117298
57.075246,69,1.357913,57.075245674288354,0.0,57.075245674288354
-265.744611,271,1.55488,-265.74461124562566,0.0,-265.74461124562566
-334.271383,227,1.718405,-334.2713828817868,0.0,-334.2713828817868
-325.296652,255,1.900547,-325.29665208729875,0.0,-325.29665208729875
-216.253982,185,2.050004,-216.25398210219825,0.0,-216.25398210219825
151.802213,318,2.279833,151.8022127301955,0.0,151.8022127301955
57.068116,487,3.209562,57.06811560611294,0.0,57.06811560611294
88.074577,104,3.285735,88.07457743575279,0.0,88.07457743575279
121.618462,600,3.722667,121.61846248563215,0.0,121.61846248563215
348.629977,196,3.861584,348.6299770625385,0.0,348.6299770625385
-15.814846,191,3.997587,-15.814846017238139,0.0,-15.814846017238139
82.106331,66,4.047606,82.10633134423199,0.0,82.10633134423199
397.648444,168,4.168464,397.64844388960995,0.0,397.64844388960995
144.133674,125,4.259022,144.13367399264266,0.0,144.13367399264266
397.463033,368,5.078577,397.4630329135896,0.0,397.4630329135896
78.142867,102,5.150934,78.14286676463735,0.0,78.14286676463735
538.137536,600,5.582199,538.137536126115,0.0,538.137536126115
-50.443408,28,5.603196,-50.44340838887304,0.0,-50.44340838887304
33.703063,108,5.682329,33.70306294036948,0.0,33.70306294036948
425.848975,600,6.112983,425.8489751688004,0.0,425.8489751688004
154.099826,161,6.229993,154.09982646965818,0.0,154.09982646965818
143.109453,111,6.311226,143.10945255061466,0.0,143.10945255061466
59.258791,116,6.954768,59.258791063327166,0.0,59.258791063327166
203.873035,508,7.31816,203.87303535713215,0.0,203.87303535713215
549.822766,600,7.750928,549.822765857465,0.0,549.822765857465
978.738168,342,7.999587,978.7381682097472,0.0,978.7381682097472
324.450988,331,8.237257,324.4509882425329,0.0,324.4509882425329
95.995337,171,8.360627,95.99533671035736,0.0,95.99533671035736
312.307287,153,9.02685,312.30728657457735,0.0,312.30728657457735
469.899515,390,9.306884,469.89951525454916,0.0,469.89951525454916
928.112331,577,9.720958,928.1123310039054,0.0,928.1123310039054
326.437128,132,9.815212,326.43712818088306,0.0,326.43712818088306
382.451048,537,10.19809,382.4510476334341,0.0,382.4510476334341
149.208135,92,10.265302,149.2081348859202,0.0,149.2081348859202
272.752548,456,15.265182,272.7525476298929,0.0,272.7525476298929
264.735778,140,15.36641,264.7357775777675,0.0,264.7357775777675
972.04413,326,15.602274,972.0441299974584,0.0,972.0441299974584
412.396019,196,15.742937,412.3960185510484,0.0,412.3960185510484
93.672101,88,15.806853,93.6721009783406,0.0,93.6721009783406
167.275653,93,15.872831,167.2756532856274,0.0,167.2756532856274
993.738969,266,16.062697,993.738969472415,0.0,993.738969472415
977.29791,298,16.277261,977.2979095293822,0.0,977.2979095293822
142.242764,83,16.338361,142.24276395431937,0.0,142.24276395431937
412.233472,225,16.49832,412.2334718983102,0.0,412.2334718983102
371.410921,152,17.17843,371.41092092226677,0.0,371.41092092226677
69.110395,60,17.223526,69.11039506300789,0.0,69.11039506300789
113.968471,74,17.275262,113.96847076501533,0.0,113.96847076501533
279.517105,164,17.393349,279.51710483993213,0.0,279.51710483993213
363.656563,179,17.520801,363.65656321429265,0.0,363.65656321429265
60.044947,61,17.565802,60.04494747524785,0.0,60.04494747524785
116.310717,102,17.641383,116.31071724243097,0.0,116.31071724243097
342.884656,126,17.73212,342.88465649521186,0.0,342.88465649521186
70.963904,82,17.792164,70.96390413592414,0.0,70.96390413592414
395.897572,198,17.94006,395.8975723797611,0.0,395.8975723797611
8.906324,46,17.973385,8.906323524512132,0.0,8.906323524512132
150.548117,104,18.047418,150.54811685164444,0.0,150.54811685164444
137.580116,82,18.107291,137.58011609261757,0.0,137.58011609261757
57.368255,64,18.153561,57.368254532946764,0.0,57.368254532946764
439.45567,184,18.285221,439.4556695082394,0.0,439.4556695082394
354.821137,138,18.384895,354.8211368685517,0.0,354.8211368685517
78.623859,80,18.443886,78.62385947325883,0.0,78.62385947325883
915.738926,515,19.391127,915.73892565487,0.0,915.73892565487
302.487654,151,19.498074,302.4876539768973,0.0,302.4876539768973
35.42795,71,19.549824,35.42795024064168,0.0,35.42795024064168
314.595683,150,19.657004,314.59568334888525,0.0,314.59568334888525
152.54792,98,19.728072,152.54792049141707,0.0,152.54792049141707
63.717074,81,19.78672,63.71707387178556,0.0,63.71707387178556
11.268292,40,19.816662,11.268292432875796,0.0,11.268292432875796
131.54205,106,19.894284,131.54205019785098,0.0,131.54205019785098
80.456313,55,19.93508,80.45631324887822,0.0,80.45631324887822
998.656683,239,20.106187,998.6566828968882,0.0,998.6566828968882
244.149407,131,20.201296,244.1494068112465,0.0,244.1494068112465
70.228107,63,20.24912,70.22810731503907,0.0,70.22810731503907
402.727228,546,20.643382,402.7272282420223,0.0,402.7272282420223
320.751843,127,21.295266,320.7518428850583,0.0,320.7518428850583
965.551088,425,21.597307,965.5510877380298,0.0,965.5510877380298
63.326151,45,21.630865,63.32615060575719,0.0,63.32615060575719
910.980107,243,21.802895,910.9801065752524,0.0,910.9801065752524
412.027364,168,21.919358,412.0273637531868,0.0,412.0273637531868
416.721441,200,22.064388,416.72144141143474,0.0,416.72144141143474
54.511006,66,22.111292,54.51100562697731,0.0,54.51100562697731
286.920204,126,22.202915,286.9202044252564,0.0,286.9202044252564
960.999336,288,22.409282,960.9993355468539,0.0,960.9993355468539
918.776978,348,22.660172,918.7769782682753,0.0,918.7769782682753
84.198541,85,22.71925,84.19854065153154,0.0,84.19854065153154
325.74676,221,23.443303,325.7467604277802,0.0,325.7467604277802
72.503184,73,23.495979,72.5031844904656,0.0,72.5031844904656
422.159569,173,23.61974,422.15956877689945,0.0,422.15956877689945
980.800402,252,23.795694,980.8004024698083,0.0,980.8004024698083
941.176909,315,24.019857,941.1769090995028,0.0,941.1769090995028
-29.451521,32,24.045258,-29.451521348072134,0.0,-29.451521348072134
430.281483,166,24.165576,430.28148262771776,0.0,430.28148262771776
980.331545,333,24.406422,980.331544656528,0.0,980.331544656528
531.462794,290,28.837075,531.4627939110381,0.0,531.4627939110381
221.198538,114,28.919896,221.19853848929662,0.0,221.19853848929662
974.020532,234,29.647714,974.0205324046328,0.0,974.0205324046328
48.734093,46,29.682505,48.7340929354488,0.0,48.7340929354488
963.692416,262,29.868644,963.6924163459925,0.0,963.6924163459925
384.560281,124,29.964495,384.56028076591065,0.0,384.56028076591065
69.169904,47,30.033706,69.16990361134077,0.0,69.16990361134077
285.747623,144,30.149119,285.7476231531756,0.0,285.7476231531756
929.552998,273,30.344625,929.5529983413036,0.0,929.5529983413036
403.090214,277,30.539372,403.09021436987234,0.0,403.09021436987234
264.381154,147,30.647714,264.3811541189438,0.0,264.3811541189438
261.042963,114,30.728941,261.0429627847377,0.0,261.0429627847377
426.458191,151,30.838085,426.4581914193708,0.0,426.4581914193708
366.683467,160,30.951424,366.6834674071413,0.0,366.6834674071413
983.987427,226,31.684742,983.9874272572238,0.0,983.9874272572238
246.204288,111,31.763991,246.20428804736488,0.0,246.20428804736488
70.721651,56,31.80597,70.72165069490353,0.0,70.72165069490353
962.585814,220,31.958929,962.5858144912524,0.0,962.5858144912524
-39.818377,30,31.98308,-39.81837662784986,0.0,-39.81837662784986
939.48047,305,32.205218,939.4804700022482,0.0,939.4804700022482
119.164239,77,32.261278,119.16423875490776,0.0,119.16423875490776
944.524442,205,32.408453,944.5244424794396,0.0,944.5244424794396
985.322474,267,32.600157,985.3224735615703,0.0,985.3224735615703
-42.886009,27,32.623019,-42.88600936982759,0.0,-42.88600936982759
265.039912,115,32.706006,265.0399123050227,0.0,265.0399123050227
72.324078,47,32.740505,72.32407768049524,0.0,72.32407768049524
428.364767,164,32.857359,428.36476683067787,0.0,428.36476683067787
106.774124,68,32.90686,106.7741237991988,0.0,106.7741237991988
923.416986,329,33.701812,923.4169862357153,0.0,923.4169862357153
122.408344,71,33.753981,122.40834438597061,0.0,122.40834438597061
977.461282,237,33.921474,977.4612815377061,0.0,977.4612815377061
75.28139,65,33.968302,75.28139029214319,0.0,75.28139029214319
93.432112,55,34.010663,93.43211154863798,0.0,93.43211154863798
952.239895,234,34.176409,952.2398951396154,0.0,952.2398951396154
971.04031,266,34.364383,971.0403098583433,0.0,971.0403098583433
367.691256,166,34.481302,367.6912560608839,0.0,367.6912560608839
92.308513,70,34.533114,92.3085134092271,0.0,92.3085134092271
956.150166,198,34.682618,956.1501659634631,0.0,956.1501659634631
210.614663,99,34.761064,210.61466276419097,0.0,210.61466276419097
946.085708,224,34.936141,946.0857083086419,0.0,946.0857083086419
264.658909,114,35.028069,264.65890932980705,0.0,264.65890932980705
65.409728,72,35.084237,65.40972841462761,0.0,65.40972841462761
914.314329,554,36.091598,914.314328996402,0.0,914.314328996402
-37.471815,25,36.112042,-37.471815417183024,0.0,-37.471815417183024
1009.668528,249,36.290985,1009.6685283286895,0.0,1009.6685283286895
1008.137984,234,36.457385,1008.1379841317673,0.0,1008.1379841317673
56.400327,57,36.499732,56.40032714752874,0.0,56.40032714752874
979.304727,210,36.647679,979.3047265068344,0.0,979.3047265068344
-36.175444,27,36.66808,-36.175444315733415,0.0,-36.175444315733415
959.385787,215,36.824296,959.3857865735747,0.0,959.3857865735747
940.615852,224,36.984319,940.6158523784035,0.0,940.6158523784035
950.576722,239,37.155942,950.576721720112,0.0,950.576721720112
458.335847,178,37.838992,458.3358465704053,0.0,458.3358465704053
183.098707,100,37.912781,183.0987071839711,0.0,183.0987071839711
279.459088,127,38.004598,279.4590876396578,0.0,279.4590876396578
-20.638449,37,38.033448,-20.63844923495924,0.0,-20.63844923495924
59.794753,56,38.074346,59.794753079638696,0.0,59.794753079638696
206.413545,96,38.142247,206.4135451581504,0.0,206.4135451581504
381.326136,176,38.269019,381.32613642807644,0.0,381.32613642807644
363.820817,155,38.380938,363.8208166048578,0.0,363.8208166048578
397.521224,136,38.477553,397.52122362238896,0.0,397.52122362238896
95.406449,68,38.52606,95.4064486908481,0.0,95.4064486908481
953.193,215,38.678292,953.1930001370233,0.0,953.1930001370233
926.050899,199,42.217593,926.0508986359407,0.0,926.0508986359407
643.173918,274,42.412762,643.1739178408654,0.0,643.1739178408654
947.35336,215,42.56611,947.3533598746728,0.0,947.3533598746728
-59.677476,22,42.583803,-59.677475647816046,0.0,-59.677475647816046
117.433447,71,42.633716,117.43344679603877,0.0,117.43344679603877
944.187277,204,43.392812,944.187277123101,0.0,944.187277123101
975.152715,202,43.535868,975.152714918022,0.0,975.152714918022
376.664249,124,43.628116,376.6642488894358,0.0,376.6642488894358
106.398458,62,43.673435,106.3984583196936,0.0,106.3984583196936
985.898215,240,43.847767,985.8982150484513,0.0,985.8982150484513
972.506655,215,44.010844,972.5066545061998,0.0,972.5066545061998
986.271115,220,44.16595,986.2711154615739,0.0,986.2711154615739
972.380049,231,44.330824,972.3800486495602,0.0,972.3800486495602
231.33516,102,44.405489,231.33516017128187,0.0,231.33516017128187
922.784508,209,44.558828,922.7845079405064,0.0,922.7845079405064
648.689917,246,44.733557,648.6899172045054,0.0,648.6899172045054
948.662554,211,45.44177,948.6625536280877,0.0,948.6625536280877
-29.200002,31,45.465432,-29.20000174686062,0.0,-29.20000174686062
-44.173682,25,45.484658,-44.17368244597846,0.0,-44.17368244597846
411.899679,139,45.585632,411.8996789830441,0.0,411.8996789830441
9.170918,38,45.614324,9.17091786345891,0.0,9.17091786345891
217.254204,121,45.703153,217.25420414612032,0.0,217.25420414612032
382.99653,136,45.801772,382.9965301306365,0.0,382.9965301306365
925.424318,254,45.983258,925.4243177291706,0.0,925.4243177291706
970.774871,202,46.124903,970.7748708306167,0.0,970.7748708306167
57.809459,51,46.161761,57.80945873106353,0.0,57.80945873106353
969.302178,205,46.307222,969.3021780299047,0.0,969.3021780299047
387.209697,140,46.409617,387.2096972748944,0.0,387.2096972748944
127.202849,66,46.457281,127.20284939494304,0.0,127.20284939494304
964.511439,262,46.644852,964.5114390778843,0.0,964.5114390778843
49.000248,48,46.679713,49.00024849901223,0.0,49.00024849901223
1008.805918,187,47.426714,1008.8059178132414,0.0,1008.8059178132414
234.697608,107,47.50332,234.69760776481894,0.0,234.69760776481894
36.54549,48,47.538924,36.54549004754543,0.0,36.54549004754543
972.793581,206,47.686306,972.7935807485331,0.0,972.7935807485331
60.249149,59,47.731014,60.24914925850214,0.0,60.24914925850214
348.946296,123,47.817684,348.94629607949196,0.0,348.94629607949196
963.982615,197,47.959576,963.9826147350068,0.0,963.9826147350068
405.260889,118,48.043964,405.2608886429599,0.0,405.2608886429599
927.469567,222,48.202458,927.4695667224107,0.0,927.4695667224107
123.27128,62,48.247857,123.27127969228759,0.0,123.27127969228759
939.829104,212,48.399171,939.829103647773,0.0,939.829103647773
62.772674,62,48.445982,62.77267431392764,0.0,62.77267431392764
960.766844,202,48.590415,960.7668438159317,0.0,960.7668438159317
1000.028466,213,48.746265,1000.0284657380477,0.0,1000.0284657380477
977.695071,207,49.461772,977.6950712782948,0.0,977.6950712782948
112.345254,73,49.514236,112.34525438125051,0.0,112.34525438125051
-43.805488,21,49.530865,-43.80548752278986,0.0,-43.80548752278986
987.025438,205,49.67673,987.0254375173222,0.0,987.0254375173222
368.699819,122,49.767303,368.6998192539114,0.0,368.6998192539114
955.299009,242,49.94131,955.2990088465292,0.0,955.2990088465292
967.473292,194,50.084348,967.4732924650816,0.0,967.4732924650816
73.098288,51,50.123016,73.09828774411943,0.0,73.09828774411943
328.647755,119,50.211329,328.64775532063175,0.0,328.64775532063175
971.448095,197,50.355715,971.4480953890293,0.0,971.4480953890293
953.546336,225,50.516083,953.5463358678813,0.0,953.5463358678813
932.52602,160,50.629016,932.5260203799032,0.0,932.5260203799032
281.458529,104,50.706141,281.45852942571173,0.0,281.45852942571173
975.402152,195,50.845545,975.4021521328207,0.0,975.4021521328207
934.618515,177,51.533973,934.6185149793499,0.0,934.6185149793499
415.069023,136,51.630746,415.06902264364993,0.0,415.06902264364993
928.197092,181,51.758474,928.1970920890872,0.0,928.1970920890872
990.66086,213,51.907155,990.6608596564362,0.0,990.6608596564362
375.154303,135,52.003554,375.1543028972612,0.0,375.1543028972612
950.711219,197,52.146523,950.711218617707,0.0,950.711218617707
934.297204,192,56.11816,934.2972037893782,0.0,934.2972037893782
91.395017,56,56.16168,91.39501674388093,0.0,91.39501674388093
922.539123,169,56.2852,922.5391229292068,0.0,922.5391229292068
67.677157,58,56.327672,67.67715667680606,0.0,67.67715667680606
952.044178,194,56.467151,952.0441777794213,0.0,952.0441777794213
1014.076603,221,56.627266,1014.0766028861495,0.0,1014.0766028861495
920.524396,218,56.783809,920.5243963843258,0.0,920.5243963843258
397.94754,118,57.42454,397.94753998994406,0.0,397.94753998994406
79.505948,54,57.463941,79.50594838087864,0.0,79.50594838087864
947.993979,241,57.6351,947.9939790334108,0.0,947.9939790334108
963.384352,177,57.763588,963.3843518450099,0.0,963.3843518450099
970.514679,185,57.893779,970.5146786628902,0.0,970.5146786628902
-19.744008,30,57.917973,-19.744008195051578,0.0,-19.744008195051578
917.741757,196,58.056464,917.7417565947846,0.0,917.7417565947846
114.587556,65,58.103183,114.58755589516095,0.0,114.58755589516095
955.954152,190,58.240211,955.9541521781418,0.0,955.9541521781418
916.400361,171,58.36385,916.4003610580139,0.0,916.4003610580139
985.458074,215,58.515389,985.4580741023898,0.0,985.4580741023898
224.766269,103,58.590419,224.76626868892927,0.0,224.76626868892927
33.164606,36,58.617696,33.16460633059026,0.0,33.16460633059026
989.044568,230,58.780793,989.0445679558895,0.0,989.0445679558895
364.539248,117,59.430398,364.53924794159394,0.0,364.53924794159394
938.919472,194,59.571331,938.9194716896238,0.0,938.9194716896238
919.423465,168,59.698021,919.4234652954076,0.0,919.4234652954076
274.602315,97,59.774658,274.60231540760174,0.0,274.60231540760174
77.015963,51,59.817038,77.01596325913198,0.0,77.01596325913198
-8.586561,34,59.845459,-8.586561045995111,0.0,-8.586561045995111
923.089033,169,59.974036,923.0890334061917,0.0,923.0890334061917
925.484227,156,60.091369,925.4842265128945,0.0,925.4842265128945
394.690511,119,60.181096,394.69051102073865,0.0,394.69051102073865
959.112494,173,60.312627,959.1124936415541,0.0,959.1124936415541
993.284424,177,60.445686,993.2844243385189,0.0,993.2844243385189
947.776393,175,60.573528,947.776393381926,0.0,947.776393381926
220.941366,94,60.640125,220.94136571935508,0.0,220.94136571935508
979.251596,181,60.768438,979.2515964528224,0.0,979.2515964528224
958.165742,179,60.895879,958.165741839159,0.0,958.165741839159
348.495076,108,61.53325,348.49507648096323,0.0,348.49507648096323
991.045935,180,61.66129,991.0459353283045,0.0,991.0459353283045
921.858883,177,61.784903,921.8588833995715,0.0,921.8588833995715
87.522251,63,61.830205,87.52225065044725,0.0,87.52225065044725
997.14371,183,61.962518,997.1437101697165,0.0,997.1437101697165
954.610199,162,62.079123,954.6101989649256,0.0,954.6101989649256
159.326656,72,62.131837,159.32665551703005,0.0,159.32665551703005
973.166588,250,62.309433,973.1665877726896,0.0,973.1665877726896
961.13304,171,62.430691,961.1330398609853,0.0,961.1330398609853
414.215847,122,62.517531,414.2158468126928,0.0,414.2158468126928
977.276045,199,62.660321,977.2760452769867,0.0,977.2760452769867
176.656838,89,62.724688,176.6568383804815,0.0,176.6568383804815
239.363362,103,62.801381,239.36336171081487,0.0,239.36336171081487
953.850408,172,62.966513,953.8504084688609,0.0,953.8504084688609
142.577828,70,63.591552,142.57782818708836,0.0,142.57782818708836
373.878027,121,63.67745,373.87802675834354,0.0,373.87802675834354
987.336007,185,63.810991,987.3360071113938,0.0,987.3360071113938
115.759476,60,63.855985,115.75947608483206,0.0,115.75947608483206
953.807564,168,63.976856,953.8075641405154,0.0,953.8075641405154
950.050773,189,64.114154,950.0507729093941,0.0,950.0507729093941
361.139279,113,64.196794,361.13927906700746,0.0,361.13927906700746
977.912258,170,64.31866,977.9122583628215,0.0,977.9122583628215
391.665519,120,64.406909,391.66551947638396,0.0,391.66551947638396
997.389229,169,64.52795,997.3892291281342,0.0,997.3892291281342
75.372292,45,64.562035,75.37229161601195,0.0,75.37229161601195
979.446069,178,64.692333,979.4460685615478,0.0,979.4460685615478
-37.734376,20,64.707444,-37.734376057456146,0.0,-37.734376057456146
975.223982,174,64.832508,975.2239822479008,0.0,975.2239822479008
382.205299,121,64.91893,382.2052991557572,0.0,382.2052991557572
959.32981,206,65.630969,959.3298097327204,0.0,959.3298097327204
1000.893084,171,65.75118,1000.893083508697,0.0,1000.893083508697
927.242567,175,65.878331,927.2425666218076,0.0,927.2425666218076
107.35688,75,65.934344,107.35687964411409,0.0,107.35687964411409
932.270115,155,66.049294,932.2701148990272,0.0,932.2701148990272
74.6572,57,66.092333,74.65719975917511,0.0,74.65719975917511
970.118869,186,66.225896,970.118869314528,0.0,970.118869314528
274.421819,109,70.188984,274.4218186408039,0.0,274.4218186408039
114.767545,69,70.241738,114.76754513676264,0.0,114.76754513676264
142.014339,73,70.293689,142.0143386705985,0.0,142.0143386705985
963.331892,180,70.420667,963.3318920058387,0.0,963.3318920058387
1005.894017,236,70.590631,1005.8940168052035,0.0,1005.8940168052035
974.465249,170,70.715465,974.4652491535355,0.0,974.4652491535355
72.686641,56,70.755899,72.68664143039763,0.0,72.68664143039763
960.43991,162,70.873326,960.4399102421891,0.0,960.4399102421891
98.496033,65,70.921203,98.49603331301219,0.0,98.49603331301219
973.930616,197,71.626898,973.9306157095666,0.0,973.9306157095666
-3.218359,34,71.65145,-3.2183586392082617,0.0,-3.2183586392082617
964.388765,190,71.789553,964.3887647664366,0.0,964.3887647664366
992.330432,168,71.910769,992.330431886402,0.0,992.330431886402
955.841622,179,72.040236,955.8416222373672,0.0,955.8416222373672
952.013217,171,72.163631,952.0132171839531,0.0,952.0132171839531
45.723083,48,72.198672,45.72308281482783,0.0,45.72308281482783
923.94459,174,72.323317,923.9445897188169,0.0,923.9445897188169
56.045664,44,72.355089,56.04566429909265,0.0,56.04566429909265
967.103165,164,72.472203,967.1031649677112,0.0,967.1031649677112
910.024886,163,72.59095,910.0248864185443,0.0,910.0248864185443
956.154281,171,72.710877,956.1542809103408,0.0,956.1542809103408
971.110648,180,72.84064,971.1106477273981,0.0,971.1106477273981
83.754601,57,72.883465,83.75460141120107,0.0,83.75460141120107
932.328931,169,73.002303,932.3289307989648,0.0,932.3289307989648
405.491814,114,73.6424,405.49181354286424,0.0,405.49181354286424
170.154221,74,73.695998,170.15422099478167,0.0,170.15422099478167
73.184927,46,73.730444,73.18492702996296,0.0,73.18492702996296
973.943227,161,73.844181,973.9432266573662,0.0,973.9432266573662
392.415398,106,73.922499,392.4153976942074,0.0,392.4153976942074
325.064144,115,74.005283,325.06414408829653,0.0,325.06414408829653
989.715382,172,74.126231,989.7153819960972,0.0,989.7153819960972
971.10041,157,74.23919,971.1004099448895,0.0,971.1004099448895
-28.402662,26,74.257944,-28.40266218346129,0.0,-28.40266218346129
366.106289,105,74.335754,366.1062894568652,0.0,366.1062894568652
1007.810431,173,74.459327,1007.8104311766843,0.0,1007.8104311766843
920.200792,162,74.573792,920.2007915391254,0.0,920.2007915391254
986.945641,164,74.693501,986.9456406912263,0.0,986.9456406912263
70.691903,48,74.728264,70.69190281509458,0.0,70.69190281509458
974.51169,163,74.843915,974.5116900695696,0.0,974.5116900695696
430.576861,124,74.932824,430.5768613421606,0.0,430.5768613421606
-2.51027,28,74.952476,-2.510270281165475,0.0,-2.510270281165475
319.271405,102,75.026814,319.27140515264097,0.0,319.27140515264097
941.181646,162,75.717227,941.1816457637016,0.0,941.1816457637016
982.20668,170,75.846691,982.206680026071,0.0,982.206680026071
238.798409,104,75.928068,238.79840861577784,0.0,238.79840861577784
395.292923,110,76.014992,395.29292327202495,0.0,395.29292327202495
955.507027,173,76.146138,955.507027217403,0.0,955.507027217403
967.79717,152,76.263005,967.7971696709676,0.0,967.7971696709676
168.706908,74,76.321316,168.70690841916718,0.0,168.70690841916718
946.34661,152,76.435923,946.3466099441315,0.0,946.3466099441315
378.491052,104,76.511452,378.49105179221175,0.0,378.49105179221175
289.029436,93,76.58052,289.02943565091425,0.0,289.02943565091425
966.258775,192,76.720032,966.2587754761548,0.0,966.2587754761548
447.321385,124,76.811788,447.3213845830617,0.0,447.3213845830617
916.110003,152,76.923127,916.1100026080634,0.0,916.1100026080634
941.199099,160,77.037404,941.1990988745625,0.0,941.1990988745625
987.68386,171,77.72183,987.683859947963,0.0,987.683859947963
95.866455,51,77.760664,95.86645461975519,0.0,95.86645461975519
982.471542,165,77.878783,982.4715420938956,0.0,982.4715420938956
298.29993,93,77.947764,298.29992958724563,0.0,298.29992958724563
150.159446,68,77.99764,150.15944592731879,0.0,150.15944592731879
363.193114,108,78.075835,363.1931138861363,0.0,363.1931138861363
928.136231,154,78.188755,928.1362311937553,0.0,928.1362311937553
447.945019,124,78.27841,447.94501910377187,0.0,447.94501910377187
421.838589,112,78.359439,421.8385893517075,0.0,421.8385893517075
930.760634,155,78.472164,930.7606344361444,0.0,930.7606344361444
78.101496,45,78.506906,78.1014956899598,0.0,78.1014956899598
330.609023,103,78.582594,330.6090234566856,0.0,330.6090234566856
963.837114,157,78.697555,963.8371137118402,0.0,963.8371137118402
947.965218,158,78.807762,947.965217768038,0.0,947.965217768038
991.501213,232,79.017892,991.5012127492112,0.0,991.5012127492112
-5.083057,30,79.040555,-5.08305663023927,0.0,-5.08305663023927
956.642563,157,79.164515,956.6425632402604,0.0,956.6425632402604
961.476155,159,79.833495,961.4761547703534,0.0,961.4761547703534
1006.071615,162,79.947521,1006.0716153654532,0.0,1006.0716153654532
-14.588003,26,79.968284,-14.58800323193266,0.0,-14.58800323193266
934.285897,156,80.081182,934.2858968039461,0.0,934.2858968039461
1013.087336,167,80.199755,1013.0873363237408,0.0,1013.0873363237408
344.882792,100,83.553555,344.8827923577152,0.0,344.8827923577152
991.699101,167,83.673292,991.6991006095817,0.0,991.6991006095817
90.970999,49,83.709739,90.97099878220226,0.0,90.97099878220226
176.036459,68,83.759434,176.03645940757423,0.0,176.03645940757423
956.822574,160,83.874624,956.8225741937678,0.0,956.8225741937678
327.859729,105,83.948613,327.8597285778336,0.0,327.8597285778336
408.128313,112,84.028935,408.12831346388907,0.0,408.12831346388907
979.632568,164,84.146621,979.6325681383335,0.0,979.6325681383335
401.232043,106,84.225756,401.2320431313191,0.0,401.2320431313191
316.599451,94,84.292,316.5994514656267,0.0,316.5994514656267
376.577967,106,84.369024,376.5779666576244,0.0,376.5779666576244
80.576548,43,84.401874,80.57654833970545,0.0,80.57654833970545
243.602548,85,84.464065,243.60254796464872,0.0,243.60254796464872
957.048607,154,85.135739,957.0486065829136,0.0,957.0486065829136
95.315966,55,85.174213,95.31596607800532,0.0,95.31596607800532
955.648591,151,85.281101,955.6485905381678,0.0,955.6485905381678
970.850661,162,85.397219,970.8506608313676,0.0,970.8506608313676
959.991006,164,85.513098,959.9910063571695,0.0,959.9910063571695
-39.418442,20,85.529764,-39.41844195748827,0.0,-39.41844195748827
151.900142,68,85.580782,151.90014234343914,0.0,151.90014234343914
438.525811,117,85.663702,438.52581072795317,0.0,438.52581072795317
369.208911,102,85.739085,369.20891130253193,0.0,369.20891130253193
89.414515,48,85.77354,89.41451511573844,0.0,89.41451511573844
70.205806,42,85.803261,70.20580645465549,0.0,70.20580645465549
229.518157,81,85.863082,229.5181566982576,0.0,229.5181566982576
383.218761,102,85.934263,383.2187608085692,0.0,383.2187608085692
997.184615,174,86.059772,997.1846152176728,0.0,997.1846152176728
953.103087,156,86.174013,953.1030871819619,0.0,953.1030871819619
114.250537,58,86.215624,114.25053684467198,0.0,114.25053684467198
940.625989,155,86.325955,940.6259891632408,0.0,940.6259891632408
969.715652,161,86.440628,969.7156519774186,0.0,969.7156519774186
958.845558,164,86.556805,958.8455576473661,0.0,958.8455576473661
999.5723,161,87.233677,999.5723003850059,0.0,999.5723003850059
998.892764,166,87.352148,998.8927636365653,0.0,998.8927636365653
947.047013,149,87.457272,947.047012703783,0.0,947.047012703783
955.373569,156,87.568762,955.3735693421273,0.0,955.3735693421273
938.51374,154,87.678217,938.5137395087447,0.0,938.5137395087447
946.908097,157,87.78765,946.9080974324525,0.0,946.9080974324525
957.528546,158,87.90081,957.5285462553045,0.0,957.5285462553045
923.754855,151,88.009712,923.7548551451222,0.0,923.7548551451222
388.773413,110,88.090341,388.7734128219967,0.0,388.7734128219967
966.692731,164,88.204937,966.6927309454584,0.0,966.6927309454584
988.324753,166,88.323929,988.3247530507623,0.0,988.3247530507623
984.271745,169,88.442323,984.2717447699646,0.0,984.2717447699646
905.460288,149,88.549502,905.4602878441336,0.0,905.4602878441336
977.066968,151,89.243871,977.066967549951,0.0,977.066967549951
397.048338,105,89.318028,397.0483383545457,0.0,397.0483383545457
180.50679,76,89.375537,180.50678990634623,0.0,180.50678990634623
384.636006,100,89.446585,384.63600584872273,0.0,384.63600584872273
113.15245,54,89.486069,113.15244991744612,0.0,113.15244991744612
146.82855,69,89.537095,146.82854972410078,0.0,146.82854972410078
965.632864,154,89.646215,965.6328635959094,0.0,965.6328635959094
967.716953,156,89.755993,967.716953373473,0.0,967.716953373473
8.217196,32,89.780176,8.217196194204561,0.0,8.217196194204561
342.083562,98,89.850535,342.08356249697397,0.0,342.08356249697397
993.484324,157,89.962494,993.4843241571623,0.0,993.4843241571623
192.410614,76,90.017141,192.4106142489715,0.0,192.4106142489715
966.076731,152,90.124567,966.0767311248023,0.0,966.0767311248023
957.333696,167,90.242557,957.3336961559955,0.0,957.3336961559955
371.150463,93,90.311861,371.15046330791097,0.0,371.15046330791097
74.396195,50,90.348509,74.3961954144206,0.0,74.3961954144206
958.45237,152,90.454417,958.4523702923169,0.0,958.4523702923169
997.081481,155,90.56741,997.0814811264769,0.0,997.0814811264769
1024.952779,165,91.253719,1024.952778746361,0.0,1024.952778746361
957.531522,153,91.360821,957.5315215417645,0.0,957.5315215417645
988.459704,163,91.477931,988.4597044480299,0.0,988.4597044480299
990.685331,157,91.592514,990.6853308874007,0.0,990.6853308874007
973.755606,157,91.712303,973.7556062316355,0.0,973.7556062316355
1018.113285,161,91.835239,1018.1132852238312,0.0,1018.1132852238312
399.258093,105,91.915558,399.2580933537099,0.0,399.2580933537099
938.189485,150,92.032784,938.1894850686784,0.0,938.1894850686784
134.832859,59,92.078144,134.8328589131698,0.0,134.8328589131698
986.377311,154,92.195376,986.3773109298784,0.0,986.3773109298784
937.074697,152,92.306636,937.0746972275383,0.0,937.0746972275383
973.209594,157,92.415188,973.2095936918558,0.0,973.2095936918558
931.52355,151,92.526343,931.5235502921921,0.0,931.5235502921921
965.113372,156,92.636214,965.1133721322359,0.0,965.1133721322359
964.672454,153,92.744936,964.6724543713801,0.0,964.6724543713801
192.727755,70,93.357831,192.72775451399457,0.0,192.72775451399457
-40.001965,20,93.372941,-40.0019652113415,0.0,-40.0019652113415
991.85295,155,93.482062,991.8529501318994,0.0,991.8529501318994
951.981469,156,96.885465,951.9814686814317,0.0,951.9814686814317
952.375199,150,96.992424,952.3751991526765,0.0,952.3751991526765
977.905257,166,97.111207,977.9052566745122,0.0,977.9052566745122
991.874046,161,97.223801,991.874046114689,0.0,991.874046114689
976.234332,158,97.337151,976.234332221945,0.0,976.234332221945
150.2269,65,97.383656,150.22690012107824,0.0,150.22690012107824
1005.657321,156,97.496139,1005.6573209349355,0.0,1005.6573209349355
58.573045,52,97.532547,58.57304548365008,0.0,58.57304548365008
1000.570051,164,97.649044,1000.57005076477,0.0,1000.57005076477
-56.207877,16,97.661137,-56.20787733170708,0.0,-56.20787733170708
944.609024,145,97.764517,944.6090236603158,0.0,944.6090236603158
961.276952,150,97.871122,961.2769524396211,0.0,961.2769524396211
992.696468,165,97.988561,992.6964679851841,0.0,992.6964679851841
999.50318,161,98.663251,999.5031801634707,0.0,999.5031801634707
1002.522159,156,98.773868,1002.5221588518784,0.0,1002.5221588518784
150.164415,66,98.823428,150.1644154248056,0.0,150.1644154248056
978.943865,159,98.935576,978.9438646554737,0.0,978.9438646554737
946.004458,153,99.044838,946.0044576792393,0.0,946.0044576792393
922.38329,141,99.144424,922.3832903000003,0.0,922.3832903000003
364.233522,98,99.214172,364.2335222867331,0.0,364.2335222867331
958.920162,154,99.324696,958.9201624071738,0.0,958.9201624071738
954.110515,144,99.425504,954.1105145573567,0.0,954.1105145573567
393.529804,100,99.496933,393.5298042523912,0.0,393.5298042523912
136.192734,58,99.540858,136.19273369177625,0.0,136.19273369177625
209.615116,74,99.594948,209.6151156201665,0.0,209.6151156201665
127.718538,59,99.638803,127.71853824365164,0.0,127.71853824365164
949.006043,147,99.744215,949.0060428742102,0.0,949.0060428742102
987.655304,158,99.856817,987.6553041701702,0.0,987.6553041701702
958.347098,151,99.965172,958.347098232779,0.0,958.347098232779
361.851232,96,100.034848,361.8512315945718,0.0,361.8512315945718
-38.470417,21,100.050105,-38.47041723007018,0.0,-38.47041723007018
956.34365,157,100.72306,956.3436503655093,0.0,956.3436503655093
960.76916,158,100.835557,960.7691602120714,0.0,960.7691602120714
958.125806,150,100.944947,958.1258057100624,0.0,958.1258057100624
982.655987,153,101.053621,982.6559868882584,0.0,982.6559868882584
1002.284741,161,101.170382,1002.28474070665,0.0,1002.28474070665
980.71975,157,101.281046,980.71975032354,0.0,980.71975032354
986.824515,194,101.417739,986.8245149310967,0.0,986.8245149310967
1001.905185,157,101.529791,1001.9051849282685,0.0,1001.9051849282685
251.495483,84,101.58878,251.49548265050205,0.0,251.49548265050205
987.154734,164,101.70582,987.1547344908331,0.0,987.1547344908331
969.594935,156,101.81656,969.5949353694582,0.0,969.5949353694582
209.111769,76,101.871861,209.11176914165802,0.0,209.11176914165802
978.165457,154,101.983668,978.165457449001,0.0,978.165457449001
1001.654881,155,102.093574,1001.654880588399,0.0,1001.654880588399
975.238569,155,102.764692,975.2385691014333,0.0,975.2385691014333
-25.570456,26,102.784357,-25.57045574048449,0.0,-25.57045574048449
99.31756,53,102.824653,99.31755987674373,0.0,99.31755987674373
983.715447,152,102.93045,983.7154473584671,0.0,983.7154473584671
940.36429,142,103.030955,940.3642898968068,0.0,940.3642898968068
116.586222,58,103.076481,116.58622196433964,0.0,116.58622196433964
956.245787,147,103.180389,956.245786609439,0.0,956.245786609439
265.433129,91,103.244608,265.4331294519902,0.0,265.4331294519902
411.341117,107,103.322741,411.3411166543947,0.0,411.3411166543947
391.643,101,103.395089,391.64300035374373,0.0,391.64300035374373
995.770935,154,103.505373,995.7709352444652,0.0,995.7709352444652
-25.139978,23,103.521991,-25.139978218189043,0.0,-25.139978218189043
14.346316,30,103.544308,14.346316363557122,0.0,14.346316363557122
-51.392661,17,103.558038,-51.39266079002653,0.0,-51.39266079002653
88.246687,51,103.594204,88.24668671100272,0.0,88.24668671100272
952.5895,145,103.69768,952.5894996468552,0.0,952.5894996468552
374.588563,92,103.76429,374.5885634953973,0.0,374.5885634953973
1013.878932,163,103.878561,1013.8789324747805,0.0,1013.8789324747805
104.833563,48,103.913278,104.833563429742,0.0,104.833563429742
959.946975,159,104.027431,959.9469751780996,0.0,959.9469751780996
445.737161,115,104.10948,445.73716068526477,0.0,445.73716068526477
970.825891,162,104.781939,970.8258908149321,0.0,970.8258908149321
1008.976129,167,104.898942,1008.9761287682285,0.0,1008.9761287682285
966.660605,157,105.012054,966.6606050216994,0.0,966.6606050216994
972.279456,156,105.125055,972.2794561936422,0.0,972.2794561936422
975.974787,163,105.241177,975.9747872840735,0.0,975.9747872840735
960.736402,165,105.358636,960.7364023706418,0.0,960.7364023706418
972.838644,162,105.47303,972.8386439479627,0.0,972.8386439479627
987.934547,154,105.582497,987.9345466703111,0.0,987.9345466703111
966.055533,151,105.688512,966.0555325186779,0.0,966.0555325186779
938.588439,146,105.793845,938.5884391140936,0.0,938.5884391140936
959.380765,157,105.905644,959.3807650934257,0.0,959.3807650934257
970.994882,152,106.014305,970.9948818101735,0.0,970.9948818101735
993.956743,166,106.132699,993.9567431767352,0.0,993.9567431767352
972.055232,149,106.799801,972.0552319413694,0.0,972.0552319413694
1003.950947,158,110.24788,1003.9509468941853,0.0,1003.9509468941853
975.865927,159,110.362796,975.8659274132067,0.0,975.8659274132067
193.636576,76,110.418047,193.63657628308522,0.0,193.63657628308522
71.652465,41,110.448335,71.65246450934123,0.0,71.65246450934123
465.02925,120,110.535245,465.02924977912613,0.0,465.02924977912613
32.15912,35,110.561005,32.1591204187401,0.0,32.1591204187401
-5.371559,26,110.582216,-5.371558684144588,0.0,-5.371558684144588
983.709267,157,110.693397,983.7092668385463,0.0,983.7092668385463
944.340264,145,110.79686,944.3402635497611,0.0,944.3402635497611
251.096551,81,110.856664,251.09655107966296,0.0,251.09655107966296
954.751056,167,110.975365,954.7510559450923,0.0,954.7510559450923
978.421935,154,111.082863,978.4219352334454,0.0,978.4219352334454
145.178661,68,111.131368,145.17866139834086,0.0,145.17866139834086
973.217687,145,111.235878,973.2176870116851,0.0,973.2176870116851
931.387436,141,111.338908,931.3874363022153,0.0,931.3874363022153
61.850333,38,111.36783,61.850333303377084,0.0,61.850333303377084
-3.182496,25,111.386671,-3.182495748468966,0.0,-3.182495748468966
992.0878,161,111.501293,992.0878000649527,0.0,992.0878000649527
981.762591,148,112.173565,981.762590733839,0.0,981.762590733839
944.598136,142,112.275591,944.5981363011734,0.0,944.5981363011734
372.758843,96,112.343566,372.7588432093681,0.0,372.7588432093681
344.813546,94,112.456403,344.8135458942834,0.0,344.8135458942834
958.070113,148,112.563317,958.0701133250274,0.0,958.0701133250274
940.682345,146,112.668933,940.6823450499479,0.0,940.6823450499479
932.303648,145,112.77233,932.3036480354592,0.0,932.3036480354592
931.424691,143,112.876534,931.424690917665,0.0,931.424690917665
1004.373173,151,112.983625,1004.3731734816172,0.0,1004.3731734816172
921.580104,142,113.086428,921.580103977444,0.0,921.580103977444
993.526961,158,113.200106,993.5269611659909,0.0,993.5269611659909
982.611738,151,113.306568,982.6117375849127,0.0,982.6117375849127
962.89867,151,113.414897,962.898669650005,0.0,962.898669650005
962.091894,153,113.524119,962.0918943970801,0.0,962.0918943970801
382.415948,96,113.593724,382.41594773340563,0.0,382.41594773340563
972.478408,154,114.265958,972.4784080674145,0.0,972.4784080674145
989.807588,152,114.374918,989.8075879582813,0.0,989.8075879582813
1030.379643,156,114.48564,1030.3796433229907,0.0,1030.3796433229907
381.807528,105,114.560899,381.80752759296536,0.0,381.80752759296536
423.376233,103,114.637474,423.3762332405962,0.0,423.3762332405962
989.07357,157,114.750437,989.0735701102868,0.0,989.0735701102868
965.922294,151,114.860576,965.92229393416,0.0,965.92229393416
416.674596,112,114.943194,416.6745961461826,0.0,416.6745961461826
946.764145,155,115.053905,946.7641445484853,0.0,946.7641445484853
174.201211,68,115.102413,174.20121144920105,0.0,174.20121144920105
966.823665,143,115.205456,966.8236647832045,0.0,966.8236647832045
959.092025,146,115.310768,959.0920245355343,0.0,959.0920245355343
-7.412238,25,115.331908,-7.412238030177733,0.0,-7.412238030177733
973.554933,149,115.441052,973.5549334656334,0.0,973.5549334656334
966.044287,150,115.549594,966.0442872683643,0.0,966.0442872683643
18.147065,31,115.573743,18.147064953400616,0.0,18.147064953400616
964.25416,152,116.245797,964.2541601115777,0.0,964.2541601115777
-36.798754,20,116.262425,-36.79875383447319,0.0,-36.79875383447319
35.841797,34,116.288094,35.84179716578568,0.0,35.84179716578568
164.781039,74,116.342435,164.78103898650036,0.0,164.78103898650036
973.920516,153,116.451911,973.9205160843385,0.0,973.9205160843385
438.373312,112,116.532131,438.37331156979695,0.0,438.37331156979695
985.730374,160,116.647677,985.7303739836365,0.0,985.7303739836365
1008.525944,156,116.762329,1008.5259435810456,0.0,1008.5259435810456
926.935008,141,116.862815,926.9350079374824,0.0,926.9350079374824
-45.255211,18,116.877985,-45.255210908595004,0.0,-45.255210908595004
954.163609,150,116.984972,954.1636087374244,0.0,954.1636087374244
929.086329,144,117.090909,929.0863293559613,0.0,929.0863293559613
957.326169,149,117.196925,957.32616870009,0.0,957.32616870009
995.80135,157,117.310928,995.8013495201603,0.0,995.8013495201603
54.928628,48,117.345714,54.9286276062908,0.0,54.9286276062908
929.665541,142,117.449881,929.6655409396691,0.0,929.6655409396691
1002.476502,158,117.563681,1002.4765019973078,0.0,1002.4765019973078
944.909633,145,117.668475,944.909632500077,0.0,944.909632500077
444.758303,105,118.310475,444.7583027485881,0.0,444.7583027485881
986.587209,156,118.421704,986.5872090467631,0.0,986.5872090467631
450.83859,112,118.500923,450.8385903873692,0.0,450.8385903873692
965.44868,145,118.606003,965.4486800141268,0.0,965.4486800141268
358.983268,92,118.671621,358.98326833549015,0.0,358.98326833549015
996.329252,157,118.783829,996.3292517456437,0.0,996.3292517456437
958.018579,147,118.890225,958.0185792500315,0.0,958.0185792500315
1014.275309,158,119.002884,1014.275309187454,0.0,1014.275309187454
1019.596202,169,119.124888,1019.596202386406,0.0,1019.596202386406
999.54465,155,119.234541,999.544650203881,0.0,999.544650203881
374.757584,95,119.30256,374.75758448830356,0.0,374.75758448830356
979.83047,154,119.414094,979.8304700830278,0.0,979.8304700830278
-24.871165,22,119.438255,-24.871165084023616,0.0,-24.871165084023616
950.844211,143,119.539785,950.8442107121634,0.0,950.8442107121634
955.448412,150,119.647959,955.448411871909,0.0,955.448411871909
982.882154,153,123.517611,982.8821535550127,0.0,982.8821535550127
973.771517,148,123.626355,973.7715172938196,0.0,973.7715172938196
466.421056,111,123.712641,466.42105596518536,0.0,466.42105596518536
96.352909,46,123.748557,96.3529087281765,0.0,96.3529087281765
938.579637,143,123.858951,938.5796367882306,0.0,938.5796367882306
996.818821,156,123.98055,996.8188211883632,0.0,996.8188211883632
987.476414,151,124.094964,987.4764140038814,0.0,987.4764140038814
151.143775,55,124.138823,151.14377546241982,0.0,151.14377546241982
136.606105,55,124.180899,136.60610544244665,0.0,136.60610544244665
976.822003,148,124.295405,976.8220030718337,0.0,976.8220030718337
970.146342,153,124.412922,970.146342423855,0.0,970.146342423855
991.890548,148,124.519832,991.8905484449588,0.0,991.8905484449588
79.395574,42,124.552899,79.39557383795355,0.0,79.39557383795355
169.306414,63,124.6016,169.3064139154906,0.0,169.3064139154906
958.649021,150,124.708791,958.6490209530921,0.0,958.6490209530921
958.886346,145,124.809665,958.8863463702953,0.0,958.8863463702953
964.317625,150,124.914741,964.3176246112696,0.0,964.3176246112696
979.108697,149,125.017042,979.1086967571598,0.0,979.1086967571598
394.874149,105,125.651601,394.8741490627351,0.0,394.8741490627351
964.00297,150,125.758404,964.0029701152387,0.0,964.0029701152387
245.791731,80,125.816902,245.79173085870886,0.0,245.79173085870886
-50.269412,17,125.832082,-50.269412014143285,0.0,-50.269412014143285
467.186354,123,125.920964,467.1863541479233,0.0,467.1863541479233
1005.480733,157,126.032425,1005.4807326211134,0.0,1005.4807326211134
984.379308,154,126.144657,984.3793077249261,0.0,984.3793077249261
971.010116,189,126.283179,971.0101155604166,0.0,971.0101155604166
962.352692,145,126.387529,962.3526919086677,0.0,962.3526919086677
996.073297,151,126.493696,996.0732969314918,0.0,996.0732969314918
939.479032,141,126.59635,939.4790318468258,0.0,939.4790318468258
183.602507,69,126.64785,183.60250672318836,0.0,183.60250672318836
232.114622,78,126.705165,232.11462231601826,0.0,232.11462231601826
389.216824,105,126.781891,389.2168238937626,0.0,389.2168238937626
983.858725,149,126.890089,983.8587248059963,0.0,983.8587248059963
933.694101,143,127.005168,933.6941010399664,0.0,933.6941010399664
969.351598,150,127.68978,969.3515980916309,0.0,969.3515980916309
992.702,149,127.798878,992.7019996286529,0.0,992.7019996286529
973.701865,152,127.908388,973.7018650289272,0.0,973.7018650289272
303.359012,91,127.975309,303.35901237092094,0.0,303.35901237092094
-32.088502,21,127.992213,-32.088501711833544,0.0,-32.088501711833544
965.864204,152,128.1032,965.8642035505709,0.0,965.8642035505709
980.1036,155,128.21634,980.1035997871213,0.0,980.1035997871213
1009.837809,162,128.378212,1009.8378089558357,0.0,1009.8378089558357
1019.62888,157,128.490831,1019.6288800351674,0.0,1019.6288800351674
964.176772,151,128.599897,964.1767724312771,0.0,964.1767724312771
939.298007,145,128.702029,939.2980068448746,0.0,939.2980068448746
140.016063,59,128.743965,140.01606277297546,0.0,140.01606277297546
954.190013,148,128.851155,954.190012555431,0.0,954.190012555431
943.265279,147,128.956769,943.2652787693223,0.0,943.2652787693223
978.140348,150,129.063103,978.1403483621812,0.0,978.1403483621812
938.331009,154,129.170305,938.3310091216456,0.0,938.3310091216456
994.998779,155,129.842004,994.9987790230898,0.0,994.9987790230898
1004.935549,162,129.958244,1004.9355487464994,0.0,1004.9355487464994
972.83742,154,130.068046,972.8374200695657,0.0,972.8374200695657
967.34835,153,130.176845,967.3483495844557,0.0,967.3483495844557
971.755108,151,130.288782,971.7551078515341,0.0,971.7551078515341
432.007107,106,130.365202,432.00710662671537,0.0,432.00710662671537
964.682318,151,130.47083,964.682317508051,0.0,964.682317508051
341.456404,91,130.533658,341.4564044924299,0.0,341.4564044924299
-34.101647,21,130.550296,-34.10164688894456,0.0,-34.10164688894456
341.890276,97,130.619733,341.8902760970424,0.0,341.8902760970424
957.599328,148,130.724209,957.5993283112462,0.0,957.5993283112462
909.893259,144,130.83065,909.8932588413495,0.0,909.8932588413495
942.689313,139,130.931208,942.689313133308,0.0,942.689313133308
976.795129,148,131.037382,976.7951291072696,0.0,976.7951291072696
964.372223,146,131.140207,964.372223195694,0.0,964.372223195694
1004.828049,159,131.822934,1004.828048906856,0.0,1004.828048906856
979.699152,152,131.933746,979.6991523111242,0.0,979.6991523111242
146.292874,58,131.977301,146.29287410534388,0.0,146.29287410534388
953.255203,150,132.085717,953.2552030849897,0.0,953.2552030849897
950.287549,145,132.190109,950.2875492737145,0.0,950.2875492737145
227.70883,76,132.246412,227.7088300442832,0.0,227.7088300442832
949.008217,143,132.346316,949.0082172016675,0.0,949.0082172016675
-40.345474,21,132.364429,-40.34547388974393,0.0,-40.34547388974393
983.790481,149,132.469863,983.7904808762491,0.0,983.7904808762491
978.694812,153,132.579654,978.6948120673878,0.0,978.6948120673878
1006.113365,159,132.692971,1006.11336525563,0.0,1006.11336525563
978.65642,155,132.807418,978.6564203564261,0.0,978.6564203564261
969.283838,153,132.9151,969.2838380981648,0.0,969.2838380981648
1014.393321,160,136.61015,1014.3933205719004,0.0,1014.3933205719004
101.910927,47,136.646288,101.91092667003034,0.0,101.91092667003034
1001.621334,156,136.758564,1001.6213344104879,0.0,1001.6213344104879
122.12222,68,136.808972,122.12221951259471,0.0,122.12221951259471
145.078055,57,137.41308,145.07805512257875,0.0,145.07805512257875
939.773607,152,137.521841,939.7736071770684,0.0,939.7736071770684
970.281317,155,137.632456,970.2813169721921,0.0,970.2813169721921
963.953988,150,137.74032,963.9539880391435,0.0,963.9539880391435
328.701705,92,137.806216,328.7017046890278,0.0,328.7017046890278
985.982424,152,137.917228,985.9824236604024,0.0,985.9824236604024
-6.282752,26,137.939424,-6.282752418322559,0.0,-6.282752418322559
428.99015,110,138.019686,428.990149662502,0.0,428.990149662502
55.095891,51,138.057809,55.09589069869847,0.0,55.09589069869847
954.513618,146,138.16373,954.5136182921267,0.0,954.5136182921267
966.943893,147,138.269666,966.9438932305495,0.0,966.9438932305495
98.700645,48,138.304806,98.70064452618406,0.0,98.70064452618406
962.727233,145,138.410414,962.7272334280389,0.0,962.7272334280389
184.656983,67,138.458514,184.65698326044975,0.0,184.65698326044975
964.277442,148,138.563703,964.2774420919923,0.0,964.2774420919923
336.5971,95,138.63309,336.5971004769932,0.0,336.5971004769932
969.262992,150,138.742031,969.2629924594866,0.0,969.2629924594866
1002.891498,160,138.858447,1002.8914979073986,0.0,1002.8914979073986
967.420398,149,139.521729,967.42039772506,0.0,967.42039772506
943.251144,150,139.631387,943.2511437776157,0.0,943.2511437776157
969.824288,150,139.748027,969.8242882971579,0.0,969.8242882971579
956.613101,142,139.856478,956.6131007836209,0.0,956.6131007836209
962.563207,149,139.974567,962.5632073201858,0.0,962.5632073201858
965.836602,142,140.08218,965.8366024061885,0.0,965.8366024061885
986.019149,154,140.198918,986.019149351434,0.0,986.019149351434
441.69382,114,140.288872,441.69381986016185,0.0,441.69381986016185
959.783634,144,140.394991,959.7836344492473,0.0,959.7836344492473
943.46412,146,140.499956,943.4641199888448,0.0,943.4641199888448
945.138248,149,140.60512,945.1382475525344,0.0,945.1382475525344
140.205867,63,140.649083,140.20586707027257,0.0,140.20586707027257
940.007854,142,140.751055,940.0078538243322,0.0,940.0078538243322
390.301696,106,140.826903,390.3016958717131,0.0,390.3016958717131
1002.702544,152,140.937466,1002.7025440564355,0.0,1002.7025440564355
336.159666,91,141.563259,336.15966627273247,0.0,336.15966627273247
946.810117,144,141.665405,946.8101170596776,0.0,946.8101170596776
-53.280745,17,141.679136,-53.280744618325805,0.0,-53.280744618325805
1007.266834,153,141.787205,1007.2668341347828,0.0,1007.2668341347828
974.532828,150,141.894764,974.5328280527892,0.0,974.5328280527892
-23.441891,22,141.912939,-23.441891279274017,0.0,-23.441891279274017
963.724994,146,142.017246,963.7249936430237,0.0,963.7249936430237
958.946143,150,142.126132,958.9461425805373,0.0,958.9461425805373
929.674747,140,142.226184,929.6747466777798,0.0,929.6747466777798
6.575042,28,142.245889,6.575042399234576,0.0,6.575042399234576
72.385748,49,142.281826,72.38574773316333,0.0,72.38574773316333
958.586613,147,142.385025,958.5866133783188,0.0,958.5866133783188
309.495295,89,142.45014,309.495295262865,0.0,309.495295262865
1015.142316,155,142.559943,1015.1423155396237,0.0,1015.1423155396237
17.585963,37,142.587294,17.585962893408663,0.0,17.585962893408663
990.989565,150,142.693129,990.989564596239,0.0,990.989564596239
915.209151,141,142.794786,915.2091506122464,0.0,915.2091506122464
91.288596,49,142.831448,91.28859600417286,0.0,91.28859600417286
997.382861,153,142.940081,997.3828609060921,0.0,997.3828609060921
951.164754,145,143.602258,951.1647539193955,0.0,951.1647539193955
944.171353,148,143.70878,944.1713533959568,0.0,944.1713533959568
929.835545,141,143.807974,929.8355452259476,0.0,929.8355452259476
219.855393,75,143.863189,219.85539265231506,0.0,219.85539265231506
952.015597,149,143.970074,952.0155965301333,0.0,952.0155965301333
355.713608,95,144.041773,355.7136076633188,0.0,355.7136076633188
990.164645,156,144.152159,990.1646453892042,0.0,990.1646453892042
108.910025,65,144.199028,108.91002462150965,0.0,108.91002462150965
957.861399,147,144.30655,957.8613991874632,0.0,957.8613991874632
1001.849103,154,144.417263,1001.849102743854,0.0,1001.849102743854
956.817038,145,144.520824,956.817038463626,0.0,956.817038463626
-54.299532,17,144.533969,-54.299532419819315,0.0,-54.299532419819315
923.187554,148,144.64092,923.1875541403517,0.0,923.1875541403517
434.054673,114,144.724044,434.0546725039094,0.0,434.0546725039094
923.024565,142,144.825545,923.0245649564695,0.0,923.0245649564695
986.12979,149,144.929413,986.1297900784789,0.0,986.1297900784789
976.751093,150,145.65513,976.7510930996257,0.0,976.7510930996257
390.035266,120,145.74086,390.0352655477853,0.0,390.0352655477853
992.76531,157,145.851058,992.7653097201023,0.0,992.7653097201023
949.67654,151,145.958571,949.6765399051154,0.0,949.6765399051154
955.955348,147,146.066329,955.9553476379198,0.0,955.9553476379198
211.423644,78,146.121665,211.4236443853106,0.0,211.4236443853106
937.60136,137,146.218596,937.601360181953,0.0,937.601360181953
365.103947,90,146.283658,365.1039471676027,0.0,365.1039471676027
939.794441,148,146.393714,939.7944413647238,0.0,939.7944413647238
201.120835,72,146.446687,201.1208354407692,0.0,201.1208354407692
999.947065,152,146.554693,999.9470651850974,0.0,999.9470651850974
993.26148,153,146.663116,993.26147959146,0.0,993.26147959146
970.980684,150,150.3641,970.98068433206,0.0,970.98068433206
983.474722,154,150.474598,983.474721545442,0.0,983.474721545442
981.536875,150,150.579014,981.5368751833346,0.0,981.5368751833346
411.230884,108,150.656229,411.23088376604835,0.0,411.23088376604835
929.822757,143,151.319566,929.8227574072027,0.0,929.8227574072027
966.936638,149,151.425696,966.9366380652314,0.0,966.9366380652314
943.809518,145,151.528831,943.8095184876659,0.0,943.8095184876659
979.589177,147,151.633791,979.5891772341818,0.0,979.5891772341818
964.26681,150,151.740873,964.266810343191,0.0,964.266810343191
344.328266,91,151.804475,344.32826645202783,0.0,344.32826645202783
937.782343,140,151.904857,937.7823433628471,0.0,937.7823433628471
980.464583,157,152.015002,980.4645826682395,0.0,980.4645826682395
371.959276,97,152.086012,371.95927627842747,0.0,371.95927627842747
926.256539,144,152.189015,926.2565385843692,0.0,926.2565385843692
359.563122,98,152.260607,359.56312196013926,0.0,359.56312196013926
963.972531,141,152.360568,963.9725314700063,0.0,963.9725314700063
380.158649,97,152.430562,380.1586489177854,0.0,380.1586489177854
412.120859,100,152.501431,412.1208585687417,0.0,412.1208585687417
994.666103,152,152.609311,994.6661025321829,0.0,994.6661025321829
989.475234,148,152.713662,989.4752340844631,0.0,989.4752340844631
353.614924,89,153.335321,353.61492400990096,0.0,353.61492400990096
946.368457,142,153.435513,946.3684568864907,0.0,946.3684568864907
982.703101,151,153.545428,982.7031006824774,0.0,982.7031006824774
960.445483,146,153.649704,960.4454830857333,0.0,960.4454830857333
971.110832,148,153.75476,971.110831686888,0.0,971.110831686888
977.734735,149,153.859798,977.7347349858173,0.0,977.7347349858173
1000.096959,152,153.967593,1000.0969593008912,0.0,1000.0969593008912
402.995905,99,154.039774,402.9959050588412,0.0,402.9959050588412
428.380149,107,154.116362,428.3801487018624,0.0,428.3801487018624
418.057001,108,154.194605,418.057001193299,0.0,418.057001193299
996.665026,148,154.299783,996.6650264793683,0.0,996.6650264793683
-53.166326,18,154.313498,-53.16632598877852,0.0,-53.16632598877852
267.811162,82,154.374475,267.8111616545059,0.0,267.8111616545059
119.014551,49,154.410609,119.01455072352816,0.0,119.01455072352816
970.048303,145,154.513078,970.0483032647533,0.0,970.0483032647533
255.706201,83,154.573831,255.70620050462315,0.0,255.70620050462315
950.636176,142,154.67321,950.6361759080806,0.0,950.6361759080806
365.588529,95,154.741664,365.5885288939942,0.0,365.5885288939942
978.518016,155,155.411342,978.5180159976653,0.0,978.5180159976653
976.563575,149,155.516936,976.5635752821803,0.0,976.5635752821803
969.235716,148,155.622771,969.2357161050862,0.0,969.2357161050862
932.730321,143,155.72518,932.7303214938552,0.0,932.7303214938552
923.4248,140,155.828242,923.4247998633555,0.0,923.4247998633555
-35.672416,22,155.844949,-35.67241618709862,0.0,-35.67241618709862
394.682383,109,155.920772,394.6823830054372,0.0,394.6823830054372
1019.96339,160,156.037453,1019.963390041615,0.0,1019.963390041615
975.281112,152,156.14641,975.281111524051,0.0,975.281111524051
369.668669,100,156.217866,369.66866871782247,0.0,369.66866871782247
990.995899,152,156.32644,990.9958987684081,0.0,990.9958987684081
981.624143,150,156.432009,981.6241427532065,0.0,981.6241427532065
986.920577,156,156.544555,986.9205770842236,0.0,986.9205770842236
990.313909,152,156.653849,990.3139086504696,0.0,990.3139086504696
412.281695,107,156.730989,412.28169539359953,0.0,412.28169539359953
959.901786,145,157.398092,959.9017859654558,0.0,959.9017859654558
946.240535,144,157.499419,946.240534844164,0.0,946.240534844164
965.201923,145,157.605304,965.2019233907914,0.0,965.2019233907914
993.526798,159,157.718529,993.5267975903345,0.0,993.5267975903345
223.742215,79,157.776059,223.7422147924629,0.0,223.7422147924629
986.657513,154,157.884166,986.6575132025445,0.0,986.6575132025445
209.36375,75,157.938297,209.36374967337187,0.0,209.36374967337187
952.524305,147,158.04343,952.5243052386695,0.0,952.5243052386695
971.56758,161,158.158662,971.5675800727536,0.0,971.5675800727536
981.444041,151,158.264695,981.4440411264015,0.0,981.4440411264015
1001.043572,154,158.374942,1001.043572133239,0.0,1001.043572133239
144.155784,60,158.418839,144.15578358321866,0.0,144.15578358321866
998.603948,152,158.527562,998.6039476138061,0.0,998.6039476138061
960.276429,145,158.628443,960.2764286797319,0.0,960.2764286797319
339.308435,91,158.694736,339.30843548627956,0.0,339.30843548627956
951.811596,143,159.360248,951.8115960117312,0.0,951.8115960117312
951.090174,144,159.461264,951.0901740403737,0.0,951.0901740403737
943.156297,147,159.564654,943.1562968972555,0.0,943.1562968972555
1000.601921,152,159.676314,1000.6019206830672,0.0,1000.6019206830672
941.275037,144,159.776612,941.275036503814,0.0,941.275036503814
175.702946,67,159.825341,175.7029459131822,0.0,175.7029459131822
1014.034634,151,159.931381,1014.0346340753604,0.0,1014.0346340753604
974.15943,150,160.036112,974.1594300759507,0.0,974.1594300759507
957.941832,142,160.139601,957.9418316764187,0.0,957.9418316764187
983.388605,146,163.873855,983.388604689038,0.0,983.388604689038
954.808832,144,163.980552,954.808831614881,0.0,954.808831614881
993.069427,157,164.091808,993.0694265499877,0.0,993.0694265499877
979.598437,148,164.199296,979.5984374004594,0.0,979.5984374004594
967.921279,150,164.309398,967.9212789035247,0.0,967.9212789035247
168.929532,65,164.356596,168.92953158761244,0.0,168.92953158761244
955.053042,144,165.024834,955.0530415437167,0.0,955.0530415437167
949.479998,146,165.132865,949.4799984419179,0.0,949.4799984419179
205.326592,73,165.182979,205.32659192779624,0.0,205.32659192779624
953.600607,143,165.283521,953.6006073416842,0.0,953.6006073416842
998.867967,150,165.388173,998.8679669205976,0.0,998.8679669205976
-17.935308,24,165.406337,-17.935307733974554,0.0,-17.935307733974554
101.453062,44,165.440372,101.45306164362913,0.0,101.45306164362913
940.834828,146,165.545029,940.8348279573279,0.0,940.8348279573279
975.77951,147,165.647215,975.779509829382,0.0,975.779509829382
956.087669,142,165.747475,956.087668726691,0.0,956.087668726691
242.287211,82,165.805695,242.28721146864967,0.0,242.28721146864967
917.646423,141,165.905814,917.646422957303,0.0,917.646422957303
991.655029,153,166.014212,991.6550286600049,0.0,991.6550286600049
13.733842,30,166.036928,13.7338424573706,0.0,13.7338424573706
999.167441,149,166.143324,999.1674414311778,0.0,999.1674414311778
944.955696,150,166.248427,944.9556959240812,0.0,944.9556959240812
128.507429,57,166.292297,128.50742897695784,0.0,128.50742897695784
964.925592,139,166.389133,964.9255921187306,0.0,964.9255921187306
967.311697,146,167.058663,967.3116968604897,0.0,967.3116968604897
984.088125,154,167.165267,984.0881252464852,0.0,984.0881252464852
406.757363,106,167.242587,406.75736313241,0.0,406.75736313241
982.047953,152,167.3486,982.0479532212034,0.0,982.0479532212034
937.512513,139,167.447092,937.5125129268241,0.0,937.5125129268241
999.264271,152,167.553327,999.2642711403316,0.0,999.2642711403316
995.61068,151,167.658581,995.610680312701,0.0,995.610680312701
384.809257,94,167.725227,384.8092567825042,0.0,384.8092567825042
928.833112,139,167.823376,928.8331120498042,0.0,928.8331120498042
281.570202,88,167.886956,281.5702016669078,0.0,281.5702016669078
958.731984,153,167.997041,958.731984420317,0.0,958.731984420317
953.640473,143,168.098696,953.6404734839138,0.0,953.6404734839138
941.755739,140,168.198705,941.7557393031692,0.0,941.7557393031692
937.950014,156,168.309875,937.9500137747978,0.0,937.9500137747978
131.483229,57,168.350765,131.4832286142323,0.0,131.4832286142323
918.044522,138,168.449233,918.0445224548731,0.0,918.0445224548731
931.782315,146,169.137456,931.7823152254141,0.0,931.7823152254141
236.706853,77,169.193475,236.70685340021407,0.0,236.70685340021407
978.04945,149,169.301609,978.0494504846399,0.0,978.0494504846399
980.305899,154,169.410168,980.3058993693126,0.0,980.3058993693126
992.293797,154,169.524604,992.2937974816048,0.0,992.2937974816048
969.439179,146,169.630728,969.4391794701185,0.0,969.4391794701185
945.12913,147,169.734914,945.1291295048567,0.0,945.1291295048567
912.620195,143,169.835419,912.6201947385723,0.0,912.6201947385723
102.414837,46,169.870772,102.41483686505418,0.0,102.41483686505418
933.13297,140,169.972996,933.1329695857762,0.0,933.1329695857762
955.684352,142,170.075897,955.6843515166386,0.0,955.6843515166386
953.640569,144,170.180251,953.6405691043091,0.0,953.6405691043091
907.46466,142,170.283314,907.4646600915808,0.0,907.4646600915808
393.07299,105,170.360533,393.07298961035866,0.0,393.07298961035866
943.828177,140,170.458897,943.8281769381115,0.0,943.8281769381115
988.077977,150,171.12298,988.0779771396516,0.0,988.0779771396516
953.152876,142,171.223349,953.152875822598,0.0,953.152875822598
978.952022,149,171.33044,978.9520217755924,0.0,978.9520217755924
339.523408,95,171.39969,339.52340800574615,0.0,339.52340800574615
976.105684,149,171.507664,976.1056842078565,0.0,976.1056842078565
973.129334,157,171.621345,973.1293342684961,0.0,973.1293342684961
967.142088,152,171.739675,967.1420882279942,0.0,967.1420882279942
967.459157,148,171.852934,967.4591571741473,0.0,967.4591571741473
1020.522573,159,171.975827,1020.522572864303,0.0,1020.522572864303
408.669524,102,172.053037,408.66952436577685,0.0,408.66952436577685
918.312627,138,172.16263,918.312626810776,0.0,918.312626810776
964.5624,143,172.269939,964.5623995874438,0.0,964.5623995874438
78.907609,41,172.303225,78.90760862084014,0.0,78.90760862084014
947.141203,147,172.411394,947.1412033774866,0.0,947.1412033774866
949.488197,146,172.513787,949.4881971632221,0.0,949.4881971632221
980.899754,156,172.626167,980.8997536310535,0.0,980.8997536310535
12.984026,29,173.210115,12.984025767068616,0.0,12.984025767068616
995.626685,147,173.315272,995.6266847123635,0.0,995.6266847123635
986.040522,149,173.422416,986.0405222865231,0.0,986.0405222865231
953.157975,148,173.528949,953.1579750827502,0.0,953.1579750827502
1007.404061,151,173.637836,1007.4040610836456,0.0,1007.4040610836456
957.393579,146,173.743624,957.3935793030536,0.0,957.3935793030536
131.091452,50,173.780653,131.0914518620298,0.0,131.0914518620298
969.736224,143,173.880992,969.7362244778146,0.0,969.7362244778146
949.970381,140,177.460747,949.9703812051008,0.0,949.9703812051008
945.663885,145,177.563735,945.6638845106417,0.0,945.6638845106417
942.19797,146,177.667864,942.1979696651711,0.0,942.1979696651711
960.938561,150,177.774412,960.9385609796357,0.0,960.9385609796357
383.054719,102,177.847772,383.05471852396437,0.0,383.05471852396437
-40.818065,20,177.863938,-40.81806458630945,0.0,-40.81806458630945
326.569502,87,177.925669,326.56950223316255,0.0,326.56950223316255
1006.098527,160,178.037963,1006.0985266535727,0.0,1006.0985266535727
950.225225,140,178.140651,950.2252251899856,0.0,950.2252251899856
950.359636,146,178.807791,950.3596357782386,0.0,950.3596357782386
67.803986,38,178.83588,67.80398583776005,0.0,67.80398583776005
975.533005,151,178.941417,975.5330050124176,0.0,975.5330050124176
1012.449095,157,179.05301,1012.4490945734839,0.0,1012.4490945734839
960.324462,144,179.154656,960.3244623930323,0.0,960.3244623930323
978.362045,149,179.260085,978.3620446646804,0.0,978.3620446646804
969.088458,150,179.366487,969.0884578629958,0.0,969.0884578629958
993.669491,153,179.476137,993.669490757251,0.0,993.669490757251
-21.911473,24,179.494289,-21.911472705760133,0.0,-21.911472705760133
970.635717,148,179.598383,970.6357170180626,0.0,970.6357170180626
920.137784,136,179.696681,920.1377844821072,0.0,920.1377844821072
988.410267,147,179.800356,988.4102672726091,0.0,988.4102672726091
929.942515,137,179.899495,929.9425154654202,0.0,929.9425154654202
977.124206,145,180.002491,977.124205546523,0.0,977.124205546523
-26.766783,24,180.024765,-26.76678301015437,0.0,-26.76678301015437
62.914669,39,180.055046,62.91466903821163,0.0,62.91466903821163
-18.450191,24,180.07328,-18.45019089267079,0.0,-18.45019089267079
973.503141,146,180.744964,973.5031414484023,0.0,973.5031414484023
966.603234,141,180.845815,966.6032344640032,0.0,966.6032344640032
-14.37697,24,180.864047,-14.376969618974982,0.0,-14.376969618974982
956.700887,143,180.964724,956.7008872333299,0.0,956.7008872333299
225.990524,75,181.019208,225.9905242182654,0.0,225.9905242182654
956.905995,143,181.117205,956.9059950290267,0.0,956.9059950290267
85.489805,49,181.153495,85.48980548933739,0.0,85.48980548933739
-15.298496,25,181.172637,-15.298495826130505,0.0,-15.298495826130505
965.699278,147,181.278527,965.6992775695378,0.0,965.6992775695378
-26.757746,21,181.295145,-26.75774588299275,0.0,-26.75774588299275
957.534743,148,181.401075,957.5347426901329,0.0,957.5347426901329
-43.095894,19,181.416227,-43.09589415979994,0.0,-43.09589415979994
998.7007,154,181.528225,998.7006995295396,0.0,998.7006995295396
951.052043,141,181.628292,951.0520429606727,0.0,951.0520429606727
30.785335,34,181.656097,30.78533533197421,0.0,30.78533533197421
940.181924,144,181.755343,940.1819244854528,0.0,940.1819244854528
418.355405,104,181.829442,418.35540520139523,0.0,418.35540520139523
975.327056,151,181.938643,975.3270560978276,0.0,975.3270560978276
361.188316,92,182.006251,361.18831567589837,0.0,361.18831567589837
975.939286,146,182.109094,975.9392864595369,0.0,975.9392864595369
-54.675314,17,182.121948,-54.67531382592354,0.0,-54.67531382592354
79.991357,47,182.156792,79.99135718539736,0.0,79.99135718539736
971.743132,149,182.818666,971.7431320978915,0.0,971.7431320978915
-39.61805,21,182.834907,-39.618049855694565,0.0,-39.618049855694565
935.567933,136,182.930556,935.5679327239958,0.0,935.5679327239958
935.512585,138,183.028805,935.512584879327,0.0,935.512584879327
993.649636,151,183.135915,993.6496357015733,0.0,993.6496357015733
996.993152,150,183.243134,996.9931522874825,0.0,996.9931522874825
946.598894,146,183.346756,946.5988938906145,0.0,946.5988938906145
260.249899,82,183.408376,260.2498993544428,0.0,260.2498993544428
406.772669,100,183.480721,406.77266889216025,0.0,406.77266889216025
1012.613449,159,183.594758,1012.6134492451437,0.0,1012.6134492451437
416.057101,104,183.66838,416.0571013633737,0.0,416.0571013633737
922.150429,138,183.766622,922.1504290816065,0.0,922.1504290816065
969.52156,150,183.874608,969.521559785639,0.0,969.521559785639
981.573834,150,183.983327,981.5738340148009,0.0,981.5738340148009
1016.145955,152,184.091886,1016.145955113595,0.0,1016.145955113595
-14.819554,26,184.111933,-14.819553982926251,0.0,-14.819553982926251
356.266028,98,184.180679,356.26602766765126,0.0,356.26602766765126
1002.527404,154,184.851943,1002.5274040563795,0.0,1002.5274040563795
944.733487,142,184.954837,944.7334874960591,0.0,944.7334874960591
296.882885,89,185.019798,296.8828846103221,0.0,296.8828846103221
982.831854,149,185.128055,982.8318543499265,0.0,982.8318543499265
-21.549137,24,185.146274,-21.549137165632473,0.0,-21.549137165632473
-46.185195,19,185.162039,-46.18519516588695,0.0,-46.18519516588695
955.199496,143,185.266167,955.1994963089828,0.0,955.1994963089828
970.170243,146,185.367172,970.1702431024271,0.0,970.1702431024271
985.143488,156,185.47773,985.1434879287326,0.0,985.1434879287326
969.202873,151,185.584031,969.2028734945932,0.0,969.2028734945932
989.434543,147,185.688381,989.4345426080508,0.0,989.4345426080508
944.914343,144,185.789449,944.9143434980735,0.0,944.9143434980735
158.641894,63,185.834329,158.64189440075504,0.0,158.64189440075504
963.271262,150,185.94207,963.2712624702885,0.0,963.2712624702885
993.78226,154,186.049741,993.7822604586634,0.0,993.7822604586634
986.982316,146,186.152765,986.9823164249404,0.0,986.9823164249404
202.71845,71,186.202724,202.71845012183917,0.0,202.71845012183917
18.757835,31,186.226971,18.757835205429686,0.0,18.757835205429686
993.388506,154,186.896414,993.3885062052414,0.0,993.3885062052414
998.86728,152,187.003025,998.8672800969521,0.0,998.8672800969521
935.661191,144,187.110489,935.6611910164459,0.0,935.6611910164459
1008.643285,160,187.225073,1008.6432854788757,0.0,1008.6432854788757
1008.179597,153,187.336215,1008.1795968697102,0.0,1008.1795968697102
337.786543,87,190.909556,337.7865427560667,0.0,337.7865427560667
929.29907,138,191.009004,929.2990696589087,0.0,929.2990696589087
1030.231377,160,191.123507,1030.2313769528535,0.0,1030.2313769528535
958.789926,153,191.231061,958.7899259098207,0.0,958.7899259098207
391.843776,101,191.305033,391.8437757224267,0.0,391.8437757224267
970.183125,150,191.412395,970.183124911817,0.0,970.183124911817
948.857178,146,191.514704,948.8571781045188,0.0,948.8571781045188
980.686578,154,191.627847,980.6865778659815,0.0,980.6865778659815
167.305758,65,191.676294,167.30575762510603,0.0,167.30575762510603
65.361329,38,191.705096,65.361329197746,0.0,65.361329197746
991.136012,153,192.373749,991.136011815543,0.0,991.136011815543
1005.705749,151,192.480861,1005.7057488429373,0.0,1005.7057488429373
970.469723,150,192.589022,970.4697229401921,0.0,970.4697229401921
983.06856,151,192.697031,983.0685602180688,0.0,983.0685602180688
150.103503,62,192.742636,150.10350308436168,0.0,150.10350308436168
915.797445,138,192.840349,915.7974447069976,0.0,915.7974447069976
961.29439,145,192.94534,961.2943902995502,0.0,961.2943902995502
361.759558,100,193.018432,361.7595578785722,0.0,361.7595578785722
977.569626,150,193.156732,977.569625536778,0.0,977.569625536778
930.02507,136,193.250509,930.0250701791622,0.0,930.0250701791622
-30.029248,21,193.268606,-30.02924805418462,0.0,-30.02924805418462
439.63051,111,193.348848,439.63050990698696,0.0,439.63050990698696
923.937938,143,193.45079,923.9379384151762,0.0,923.9379384151762
988.477322,155,193.560388,988.4773219176378,0.0,988.4773219176378
938.131588,141,193.659599,938.1315882281878,0.0,938.1315882281878
960.518536,154,193.770924,960.5185358079382,0.0,960.5185358079382
965.057631,142,194.434386,965.0576307498428,0.0,965.0576307498428
204.188888,74,194.488877,204.18888843111327,0.0,204.18888843111327
948.435585,144,194.589793,948.4355847528918,0.0,948.4355847528918
961.778287,143,194.694286,961.7782865523839,0.0,961.7782865523839
985.568094,150,194.800323,985.5680939388128,0.0,985.5680939388128
960.745207,146,194.907894,960.7452066662321,0.0,960.7452066662321
947.510128,144,195.010656,947.5101278801286,0.0,947.5101278801286
933.763019,140,195.114993,933.7630186640176,0.0,933.7630186640176
215.49711,77,195.172319,215.49710973428466,0.0,215.49710973428466
-50.555249,17,195.184504,-50.55524890240895,0.0,-50.55524890240895
934.806243,144,195.286759,934.8062431557537,0.0,934.8062431557537
378.3402,95,195.356241,378.3401999966345,0.0,378.3401999966345
984.308175,148,195.463776,984.3081749960762,0.0,984.3081749960762
980.806896,157,195.577412,980.8068964038812,0.0,980.8068964038812
976.794864,146,195.67846,976.7948635259995,0.0,976.7948635259995
363.400522,96,195.748095,363.4005215636465,0.0,363.4005215636465
-15.589725,23,195.764789,-15.58972525005926,0.0,-15.58972525005926
961.954814,153,195.873942,961.9548138969789,0.0,961.9548138969789
940.703344,142,196.533996,940.7033438281447,0.0,940.7033438281447
971.3573,156,196.645187,971.3573004792244,0.0,971.3573004792244
208.582792,74,196.699561,208.58279199732883,0.0,208.58279199732883
1024.903948,157,196.811129,1024.9039475790669,0.0,1024.9039475790669
406.462352,101,196.884326,406.46235187752916,0.0,406.46235187752916
919.903517,139,196.983635,919.9035173608994,0.0,919.9035173608994
943.673103,143,197.086366,943.6731029251185,0.0,943.6731029251185
146.378265,53,197.125264,146.37826507909475,0.0,146.37826507909475
172.479523,71,197.175178,172.47952288946715,0.0,172.47952288946715
937.957584,145,197.280176,937.9575837306231,0.0,937.9575837306231
945.141622,140,197.380875,945.1416220607302,0.0,945.1416220607302
92.386732,46,197.414226,92.38673153828822,0.0,92.38673153828822
-46.899327,19,197.427908,-46.89932747495607,0.0,-46.89932747495607
351.088417,91,197.493242,351.08841730069577,0.0,351.08841730069577
973.441056,148,197.598785,973.4410557051449,0.0,973.4410557051449
936.361956,136,197.69628,936.3619561283429,0.0,936.3619561283429
-52.52903,17,197.711381,-52.52903004793774,0.0,-52.52903004793774
947.949658,142,197.812071,947.949657533814,0.0,947.949657533814
950.61253,150,197.919076,950.6125296344858,0.0,950.6125296344858
409.680845,102,198.557307,409.6808449199861,0.0,409.6808449199861
-26.196696,22,198.576003,-26.196695790592187,0.0,-26.196695790592187
407.724297,101,198.649035,407.7242968048031,0.0,407.7242968048031
-25.169828,23,198.667683,-25.16982799267636,0.0,-25.16982799267636
952.467476,144,198.766726,952.4674759162993,0.0,952.4674759162993
940.336805,146,198.866574,940.3368049430529,0.0,940.3368049430529
1019.469524,157,198.978485,1019.469524335,0.0,1019.469524335
995.095008,151,199.102081,995.0950076335486,0.0,995.0950076335486
199.87165,71,199.153019,199.87165022438424,0.0,199.87165022438424
953.613066,147,199.25753,953.6130656640006,0.0,953.6130656640006
440.839932,108,199.335699,440.8399321246909,0.0,440.8399321246909
299.324742,88,199.397552,299.32474193066787,0.0,299.32474193066787
995.11219,156,199.509168,995.1121896867527,0.0,995.1121896867527
434.072534,107,199.586775,434.07253440968736,0.0,434.07253440968736
981.750284,150,199.6921,981.7502840774322,0.0,981.7502840774322
975.45501,150,199.798111,975.4550104889602,0.0,975.4550104889602
922.905662,141,199.897305,922.9056616221544,0.0,922.9056616221544
10.170711,30,199.920081,10.1707106412032,0.0,10.1707106412032
990.776139,150,200.599849,990.7761392576494,0.0,990.7761392576494
366.807618,97,200.668915,366.8076179580968,0.0,366.8076179580968
963.640521,147,200.775208,963.6405213817668,0.0,963.6405213817668
184.715094,71,200.827204,184.71509374880364,0.0,184.71509374880364
421.162266,108,204.116492,421.1622658982781,0.0,421.1622658982781
983.02183,149,204.22077,983.021829956507,0.0,983.021829956507
150.818692,60,204.264506,150.81869228456162,0.0,150.81869228456162
958.678277,147,204.372954,958.6782768742536,0.0,958.6782768742536
971.297285,148,204.476084,971.2972846264373,0.0,971.2972846264373
956.108307,144,204.580898,956.1083072976985,0.0,956.1083072976985
997.297227,154,204.690916,997.2972272860604,0.0,997.2972272860604
924.62461,142,204.791768,924.6246100273701,0.0,924.6246100273701
968.848236,144,204.893301,968.8482364033091,0.0,968.8482364033091
403.764025,101,204.965978,403.76402486321126,0.0,403.76402486321126
-45.281823,19,204.982353,-45.2818227439715,0.0,-45.2818227439715
954.333063,150,205.086254,954.333063213255,0.0,954.333063213255
931.98502,144,205.190069,931.9850200451251,0.0,931.9850200451251
221.896427,77,205.804019,221.89642738142643,0.0,221.89642738142643
122.939856,49,205.838503,122.9398559902893,0.0,122.9398559902893
-49.043999,18,205.853646,-49.04399881951956,0.0,-49.04399881951956
931.578795,143,205.953132,931.5787951860061,0.0,931.5787951860061
954.038858,142,206.054486,954.0388577170263,0.0,954.0388577170263
409.717731,103,206.127583,409.71773092538746,0.0,409.71773092538746
77.945639,49,206.164181,77.9456389260526,0.0,77.9456389260526
939.580702,142,206.265941,939.580702453791,0.0,939.580702453791
993.165828,151,206.374614,993.1658282607584,0.0,993.1658282607584
977.866654,156,206.487311,977.8666540729444,0.0,977.8666540729444
967.488211,148,206.591543,967.4882109208212,0.0,967.4882109208212
922.871844,142,206.693567,922.8718435315718,0.0,922.8718435315718
991.050673,152,206.80003,991.0506725286168,0.0,991.0506725286168
149.711975,60,206.843727,149.71197454738402,0.0,149.71197454738402
168.97843,63,206.891134,168.97843011899923,0.0,168.97843011899923
987.216045,149,206.998948,987.2160451492448,0.0,987.2160451492448
100.267807,45,207.030964,100.2678067779922,0.0,100.2678067779922
976.243028,148,207.134796,976.2430282578639,0.0,976.2430282578639
68.091812,39,207.164022,68.0918119085944,0.0,68.0918119085944
943.128919,146,207.830884,943.1289189281952,0.0,943.1289189281952
1020.789962,155,207.941086,1020.7899624443312,0.0,1020.7899624443312
953.00998,146,208.044972,953.009979842725,0.0,953.009979842725
983.93561,146,208.14683,983.9356102491279,0.0,983.9356102491279
924.993283,143,208.250685,924.9932826277384,0.0,924.9932826277384
431.551412,107,208.327654,431.55141158070296,0.0,431.55141158070296
-51.409006,18,208.341347,-51.40900568623434,0.0,-51.40900568623434
1000.729161,152,208.45011,1000.7291610250841,0.0,1000.7291610250841
402.649817,101,208.524119,402.6498167452736,0.0,402.6498167452736
981.113382,149,208.628626,981.1133824475305,0.0,981.1133824475305
430.425969,105,208.704946,430.4259691041071,0.0,430.4259691041071
940.076482,139,208.800436,940.0764815865496,0.0,940.0764815865496
961.861942,148,208.906221,961.8619423290576,0.0,961.8619423290576
957.077141,144,209.006447,957.0771412491272,0.0,957.0771412491272
979.566035,150,209.112453,979.566035006828,0.0,979.566035006828
381.090035,100,209.183334,381.09003523517265,0.0,381.09003523517265
-48.032357,20,209.201004,-48.032357407029124,0.0,-48.032357407029124
62.533792,41,209.231755,62.53379200329631,0.0,62.53379200329631
972.407492,145,209.906359,972.4074922715257,0.0,972.4074922715257
231.967003,78,209.995634,231.9670025639575,0.0,231.9670025639575
111.757527,50,210.032146,111.75752729988118,0.0,111.75752729988118
207.573203,75,210.083689,207.57320324138323,0.0,207.57320324138323
982.57534,151,210.191489,982.57533972946,0.0,982.57533972946
983.874528,147,210.294458,983.874527785051,0.0,983.874527785051
999.363694,155,210.406131,999.3636942124118,0.0,999.3636942124118
955.643409,147,210.511187,955.6434093083444,0.0,955.6434093083444
14.217079,29,210.532376,14.217078910806322,0.0,14.217078910806322
123.488136,49,210.568796,123.48813623153062,0.0,123.48813623153062
986.454282,151,210.677787,986.4542816192513,0.0,986.4542816192513
945.82349,143,210.77897,945.8234900908151,0.0,945.8234900908151
956.130693,143,210.878942,956.1306929219996,0.0,956.1306929219996
428.725687,109,210.956188,428.7256874520065,0.0,428.7256874520065
202.460111,73,211.010309,202.4601107944614,0.0,202.4601107944614
81.853204,42,211.040787,81.85320449039426,0.0,81.85320449039426
1008.478875,153,211.149694,1008.4788751384913,0.0,1008.4788751384913
978.878755,147,211.251217,978.8787550138845,0.0,978.8787550138845
401.129578,107,211.329587,401.1295780085072,0.0,401.1295780085072
971.640901,145,212.04164,971.6409014187454,0.0,971.6409014187454
946.10013,146,212.153058,946.1001304325242,0.0,946.1001304325242
929.034235,147,212.25785,929.0342348686072,0.0,929.0342348686072
28.93443,39,212.288111,28.9344297539821,0.0,28.9344297539821
1003.589555,153,212.395966,1003.5895552036048,0.0,1003.5895552036048
986.713022,151,212.502236,986.7130221501562,0.0,986.7130221501562
972.170565,154,212.611505,972.1705649709529,0.0,972.1705649709529
995.929374,147,212.715515,995.9293735235946,0.0,995.9293735235946
958.813994,146,212.817722,958.8139938315467,0.0,958.8139938315467
64.293965,38,212.845281,64.29396496997568,0.0,64.29396496997568
964.495238,150,212.951567,964.4952380084411,0.0,964.4952380084411
1004.814039,153,213.060894,1004.8140386281855,0.0,1004.8140386281855
417.941727,101,213.131946,417.9417267512871,0.0,417.9417267512871
220.551524,73,213.186227,220.55152384423866,0.0,220.55152384423866
983.39304,157,213.297424,983.3930398265745,0.0,983.3930398265745
923.467395,145,213.403084,923.4673947457546,0.0,923.4673947457546
999.936551,150,214.061063,999.9365514167415,0.0,999.9365514167415
175.210963,65,214.108285,175.21096291080585,0.0,175.21096291080585
991.105684,149,217.480547,991.105683951345,0.0,991.105683951345
95.205339,50,217.515412,95.20533903900886,0.0,95.20533903900886
982.278217,146,217.618419,982.2782170330365,0.0,982.2782170330365
273.039458,85,217.680184,273.03945779266826,0.0,273.03945779266826
-26.338484,22,217.696817,-26.338483954967046,0.0,-26.338483954967046
-19.688634,23,217.716555,-19.688633958616265,0.0,-19.688633958616265
163.496796,63,217.763486,163.4967955956229,0.0,163.4967955956229
87.294179,43,217.795268,87.29417930939617,0.0,87.29417930939617
1009.46252,152,217.901966,1009.4625203603207,0.0,1009.4625203603207
944.27129,142,218.003415,944.2712904550893,0.0,944.2712904550893
69.33326,40,218.033764,69.33325957891135,0.0,69.33325957891135
1015.060191,153,218.14273,1015.0601907352881,0.0,1015.0601907352881
921.945348,137,218.240978,921.9453477386102,0.0,921.9453477386102
-18.406813,23,218.260675,-18.406812598008003,0.0,-18.406812598008003
944.907026,142,218.36006,944.9070259416758,0.0,944.9070259416758
967.301685,149,218.464382,967.3016845737031,0.0,967.3016845737031
342.290166,92,218.531036,342.29016594124516,0.0,342.29016594124516
100.822334,52,218.569018,100.82233430625854,0.0,100.82233430625854
988.881484,150,218.672967,988.8814839750617,0.0,988.8814839750617
1010.278621,158,219.340338,1010.2786209433021,0.0,1010.2786209433021
982.002036,148,219.444899,982.0020361836882,0.0,982.0020361836882
981.314259,154,219.554564,981.314258734358,0.0,981.314258734358
972.185465,145,219.656659,972.1854650907701,0.0,972.1854650907701
-43.82758,18,219.668773,-43.82757987271788,0.0,-43.82757987271788
920.723444,138,219.767175,920.7234436343135,0.0,920.7234436343135
963.380394,144,219.867744,963.3803940709406,0.0,963.3803940709406
332.031063,97,219.938549,332.0310629758932,0.0,332.0310629758932
959.65794,140,220.03844,959.6579402197312,0.0,959.6579402197312
953.865755,148,220.143107,953.8657546956754,0.0,953.8657546956754
116.22399,58,220.186501,116.22398952176843,0.0,116.22398952176843
205.945583,74,220.240534,205.94558296930887,0.0,205.94558296930887
985.143335,151,220.346611,985.1433348803126,0.0,985.1433348803126
8.580108,31,220.369278,8.580108062394245,0.0,8.580108062394245
976.163741,147,220.474464,976.163741086259,0.0,976.163741086259
970.419102,145,220.578423,970.4191018284727,0.0,970.4191018284727
1012.39494,152,220.685429,1012.3949395436538,0.0,1012.3949395436538
356.649988,93,221.311315,356.6499884529711,0.0,356.6499884529711
964.12254,145,221.415533,964.1225403280052,0.0,964.1225403280052
929.554816,150,221.523043,929.554816216961,0.0,929.554816216961
1002.009635,159,221.634605,1002.00963491124,0.0,1002.00963491124
395.806053,103,221.708988,395.8060534063752,0.0,395.8060534063752
918.380392,135,221.804887,918.3803919491627,0.0,918.3803919491627
-57.038583,18,221.821127,-57.03858272310877,0.0,-57.03858272310877
967.35285,145,221.923573,967.3528498280225,0.0,967.3528498280225
954.374844,146,222.026289,954.3748444100569,0.0,954.3748444100569
-25.310382,22,222.044545,-25.31038216701849,0.0,-25.31038216701849
12.336085,30,222.067355,12.336084643190418,0.0,12.336084643190418
983.618833,151,222.175745,983.6188329598987,0.0,983.6188329598987
960.530237,145,222.27874,960.5302372451122,0.0,960.5302372451122
956.749154,149,222.384336,956.7491539533329,0.0,956.7491539533329
965.433693,143,222.483154,965.4336932608791,0.0,965.4336932608791
412.076354,99,222.555102,412.0763544673332,0.0,412.0763544673332
938.872119,141,222.655347,938.8721192198157,0.0,938.8721192198157
957.939894,148,223.318038,957.9398940471724,0.0,957.9398940471724
394.683006,100,223.390515,394.6830057059586,0.0,394.6830057059586
334.063656,96,223.45885,334.0636560073371,0.0,334.0636560073371
419.544509,105,223.535553,419.5445092404459,0.0,419.5445092404459
983.813816,150,223.643728,983.8138163671497,0.0,983.8138163671497
972.197749,147,223.750559,972.1977493562754,0.0,972.1977493562754
977.741486,149,223.855519,977.7414862233834,0.0,977.7414862233834
977.930795,150,223.963186,977.9307953431285,0.0,977.9307953431285
967.029982,150,224.069884,967.0299817970615,0.0,967.0299817970615
958.015552,151,224.177374,958.015551562487,0.0,958.015551562487
989.584023,155,224.287547,989.5840229790476,0.0,989.5840229790476
-48.665769,18,224.301169,-48.665769307373196,0.0,-48.665769307373196
957.394057,148,224.408597,957.3940570386111,0.0,957.3940570386111
263.992722,86,224.469033,263.99272168305833,0.0,263.99272168305833
1013.420282,152,224.578819,1013.4202822704939,0.0,1013.4202822704939
964.309127,148,224.6818,964.3091266247774,0.0,964.3091266247774
967.565282,149,225.345748,967.565281846221,0.0,967.565281846221
936.551588,141,225.443672,936.5515882588588,0.0,936.5515882588588
913.598781,137,225.542727,913.5987809791695,0.0,913.5987809791695
357.13853,96,225.610055,357.13852990877314,0.0,357.13852990877314
968.195754,155,225.722096,968.1957541231313,0.0,968.1957541231313
952.687975,144,225.825755,952.6879752361551,0.0,952.6879752361551
966.81873,144,225.930839,966.8187297984066,0.0,966.8187297984066
416.023462,104,226.004498,416.02346238551604,0.0,416.02346238551604
964.130076,142,226.107116,964.1300755612808,0.0,964.1300755612808
981.08243,150,226.211706,981.0824296285851,0.0,981.0824296285851
950.817126,143,226.313406,950.817125852931,0.0,950.817125852931
981.291635,152,226.421165,981.2916354710195,0.0,981.2916354710195
369.060203,97,226.49103,369.06020301798344,0.0,369.06020301798344
989.489913,153,226.598478,989.4899127305312,0.0,989.4899127305312
972.562621,151,226.705051,972.5626209230463,0.0,972.5626209230463
1006.45988,154,230.752033,1006.4598799345769,0.0,1006.4598799345769
977.887784,147,230.858405,977.8877838282713,0.0,977.8877838282713
949.619281,142,230.960104,949.6192806910266,0.0,949.6192806910266
945.354463,141,231.061714,945.3544629740788,0.0,945.3544629740788
410.99635,103,231.135425,410.99635011029585,0.0,410.99635011029585
968.829052,151,231.24436,968.8290524304939,0.0,968.8290524304939
950.783764,144,231.348787,950.7837640513013,0.0,950.7837640513013
1005.239714,153,231.459506,1005.2397139021075,0.0,1005.2397139021075
938.414202,144,231.564658,938.4142017015247,0.0,938.4142017015247
978.007054,151,231.673513,978.0070543378458,0.0,978.0070543378458
77.630283,49,231.711558,77.6302829702368,0.0,77.6302829702368
-31.747449,23,231.729745,-31.747449122638827,0.0,-31.747449122638827
949.835395,148,231.83459,949.8353953411054,0.0,949.8353953411054
952.919491,145,231.937885,952.9194905440795,0.0,952.9194905440795
1003.40811,158,232.049819,1003.408110169424,0.0,1003.408110169424
991.881628,151,232.158189,991.881628212668,0.0,991.881628212668
990.070135,154,232.824972,990.07013466534,0.0,990.07013466534
971.029194,147,232.929562,971.0291943371749,0.0,971.0291943371749
970.220837,145,233.032445,970.22083748377,0.0,970.22083748377
934.755604,143,233.133965,934.755603913469,0.0,934.755603913469
-24.410682,22,233.152133,-24.410682199415135,0.0,-24.410682199415135
923.887023,139,233.251701,923.887022930508,0.0,923.887022930508
997.655667,151,233.358997,997.6556668740894,0.0,997.6556668740894
949.27586,142,233.461056,949.2758597767122,0.0,949.2758597767122
956.678237,145,233.56583,956.6782367286769,0.0,956.6782367286769
949.165798,145,233.668252,949.1657984323786,0.0,949.1657984323786
987.28544,158,233.781867,987.2854395954024,0.0,987.2854395954024
924.37427,144,233.883521,924.374270251355,0.0,924.374270251355
994.445973,152,233.994813,994.4459726165512,0.0,994.4459726165512
921.239403,140,234.095373,921.239403154082,0.0,921.239403154082
994.488857,166,234.773838,994.4888571390092,0.0,994.4888571390092
924.961946,143,234.873145,924.9619458860723,0.0,924.9619458860723
403.302939,100,234.94587,403.30293916557866,0.0,403.30293916557866
939.508908,145,235.04923,939.5089080614248,0.0,939.5089080614248
929.624396,142,235.151334,929.6243959478865,0.0,929.6243959478865
998.742274,156,235.264646,998.742273841171,0.0,998.742273841171
963.520986,148,235.371845,963.520985757647,0.0,963.520985757647
3.776566,29,235.394584,3.7765664316033565,0.0,3.7765664316033565
1013.149344,154,235.505622,1013.149343615785,0.0,1013.149343615785
-29.990818,22,235.522269,-29.990818047131015,0.0,-29.990818047131015
61.978739,43,235.555611,61.97873855150873,0.0,61.97873855150873
306.335596,93,235.626945,306.33559609217616,0.0,306.33559609217616
961.023577,146,235.740842,961.0235774545872,0.0,961.0235774545872
952.203948,142,235.848078,952.2039484320023,0.0,952.2039484320023
969.557467,151,235.9626,969.5574669608567,0.0,969.5574669608567
999.514503,152,236.080701,999.5145030496567,0.0,999.5145030496567
938.198717,141,236.188267,938.1987173746904,0.0,938.1987173746904
965.317141,148,236.856772,965.3171406700028,0.0,965.3171406700028
131.85263,55,236.896904,131.8526304185217,0.0,131.8526304185217
990.046411,156,237.008279,990.0464109973436,0.0,990.0464109973436
-13.555146,24,237.026469,-13.555145595638706,0.0,-13.555145595638706
971.867707,150,237.135334,971.867707422114,0.0,971.867707422114
965.105908,153,237.246524,965.1059083389539,0.0,965.1059083389539
971.345365,145,237.351811,971.3453650003503,0.0,971.3453650003503
916.054213,145,237.456884,916.0542134683988,0.0,916.0542134683988
930.38967,145,237.560727,930.38966958626,0.0,930.38966958626
1000.444086,157,237.672011,1000.4440859468034,0.0,1000.4440859468034
950.898569,146,237.776627,950.8985687790071,0.0,950.8985687790071
971.819531,150,237.884106,971.819530761835,0.0,971.819530761835
401.706496,102,237.956533,401.70649614758577,0.0,401.70649614758577
991.247688,153,238.065354,991.2476878941354,0.0,991.2476878941354
366.526418,97,238.13673,366.5264181800986,0.0,366.5264181800986
960.609586,149,238.244111,960.609585816065,0.0,960.609585816065
964.774612,144,238.914619,964.7746117755116,0.0,964.7746117755116
935.457391,143,239.0149,935.4573906845209,0.0,935.4573906845209
1024.302584,160,239.130013,1024.3025843874466,0.0,1024.3025843874466
329.142453,96,239.199214,329.14245336361057,0.0,329.14245336361057
164.368158,67,239.249309,164.3681584044781,0.0,164.3681584044781
216.95165,77,239.306662,216.9516498485834,0.0,216.9516498485834
-47.418385,20,239.322559,-47.41838527514625,0.0,-47.41838527514625
84.038396,42,239.354353,84.03839594837015,0.0,84.03839594837015
958.483705,150,239.46137,958.4837047064952,0.0,958.4837047064952
109.024729,56,239.503314,109.02472855906191,0.0,109.02472855906191
968.806276,148,239.612037,968.80627575673,0.0,968.80627575673
989.610917,155,239.723261,989.6109171025,0.0,989.6109171025
179.555401,69,239.774349,179.55540057211945,0.0,179.55540057211945
968.74211,150,239.881756,968.7421104100155,0.0,968.7421104100155
321.923408,90,239.944703,321.92340771769494,0.0,321.92340771769494
154.852757,65,239.993139,154.852757460775,0.0,154.852757460775
293.963172,89,240.058336,293.96317161806456,0.0,293.96317161806456
60.410053,46,240.091653,60.41005346844875,0.0,60.41005346844875
957.822587,143,240.198115,957.8225866978966,0.0,957.8225866978966
47.910369,43,243.718241,47.91036901368986,0.0,47.91036901368986
943.677201,144,243.823962,943.6772009373151,0.0,943.6772009373151
966.113718,142,244.4898,966.1137184066682,0.0,966.1137184066682
-1.797852,27,244.510754,-1.797852259235441,0.0,-1.797852259235441
955.347119,144,244.613981,955.34711897681,0.0,955.34711897681
954.976865,150,244.719446,954.9768650363396,0.0,954.9768650363396
952.170097,145,244.822583,952.1700972385644,0.0,952.1700972385644
127.235746,68,244.869235,127.23574561686692,0.0,127.23574561686692
995.261014,160,244.985822,995.2610141989824,0.0,995.2610141989824
239.965142,82,245.043303,239.96514217451335,0.0,239.96514217451335
968.521964,146,245.148601,968.5219635007011,0.0,968.5219635007011
956.672991,153,245.258524,956.672990893386,0.0,956.672990893386
908.726276,138,245.359734,908.7262764000711,0.0,908.7262764000711
966.379552,152,245.466973,966.3795521929351,0.0,966.3795521929351
974.471286,158,245.581036,974.471285801616,0.0,974.471285801616
418.72968,105,245.659601,418.7296803409075,0.0,418.7296803409075
248.786328,83,245.719767,248.7863275527678,0.0,248.7863275527678
929.557484,143,245.823382,929.5574844887032,0.0,929.5574844887032
102.622696,59,245.865526,102.62269570167444,0.0,102.62269570167444
157.537842,65,246.466407,157.53784241192517,0.0,157.53784241192517
358.402558,99,246.538648,358.4025583957273,0.0,358.4025583957273
934.665109,143,246.641491,934.665109328271,0.0,934.665109328271
1014.255755,161,246.756653,1014.2557547555796,0.0,1014.2557547555796
996.995872,152,246.865175,996.9958722644213,0.0,996.9958722644213
1008.014478,158,246.978338,1008.0144777584871,0.0,1008.0144777584871
959.106959,150,247.085752,959.1069589120373,0.0,959.1069589120373
957.020741,147,247.188524,957.0207409766533,0.0,957.0207409766533
140.361007,71,247.240878,140.36100719093483,0.0,140.36100719093483
366.501302,99,247.312764,366.50130234839645,0.0,366.50130234839645
1003.43354,166,247.431626,1003.433539610891,0.0,1003.433539610891
1032.791423,158,247.545447,1032.7914229513642,0.0,1032.7914229513642
-46.602125,18,247.561255,-46.602124973249815,0.0,-46.602124973249815
952.477947,145,247.663047,952.4779470995371,0.0,952.4779470995371
966.460443,151,247.77194,966.4604432047566,0.0,966.4604432047566
986.699796,156,247.887443,986.6997957239892,0.0,986.6997957239892
980.450389,149,248.553299,980.4503888071089,0.0,980.4503888071089
971.370069,150,248.663562,971.3700685856777,0.0,971.3700685856777
401.586772,107,248.741453,401.5867724877992,0.0,401.5867724877992
964.015704,146,248.845138,964.0157037105929,0.0,964.0157037105929
343.921021,96,248.915492,343.92102128911665,0.0,343.92102128911665
949.130147,144,249.018995,949.1301473751222,0.0,949.1301473751222
962.256235,149,249.129714,962.2562351312669,0.0,962.2562351312669
962.085214,145,249.232857,962.0852135201472,0.0,962.0852135201472
980.595471,149,249.339706,980.5954712756164,0.0,980.5954712756164
991.743565,150,249.450119,991.7435645237347,0.0,991.7435645237347
352.109921,96,249.519495,352.10992110782837,0.0,352.10992110782837
957.657557,158,249.632552,957.6575570856105,0.0,957.6575570856105
967.735112,156,249.744969,967.735111747773,0.0,967.735111747773
973.963585,152,249.855514,973.963585275836,0.0,973.963585275836
1006.973058,160,250.528335,1006.9730583063445,0.0,1006.9730583063445
363.587092,97,250.599029,363.5870917275083,0.0,363.5870917275083
982.230951,152,250.707033,982.2309508882904,0.0,982.2309508882904
964.677105,149,250.815007,964.6771054182227,0.0,964.6771054182227
-30.186906,23,250.832699,-30.18690613206121,0.0,-30.18690613206121
982.254946,150,250.940974,982.2549459300844,0.0,982.2549459300844
157.690999,67,250.990333,157.6909987101321,0.0,157.6909987101321
955.378214,144,251.091387,955.3782138539534,0.0,955.3782138539534
950.057463,144,251.198263,950.0574634159955,0.0,950.0574634159955
989.342184,152,251.308074,989.3421837784915,0.0,989.3421837784915
987.31033,151,251.414575,987.3103303506508,0.0,987.3103303506508
369.173912,98,251.486259,369.17391248856677,0.0,369.17391248856677
346.586943,96,251.556715,346.58694258176047,0.0,346.58694258176047
985.553685,151,251.665884,985.5536852333645,0.0,985.5536852333645
975.52802,148,251.772184,975.5280202422039,0.0,975.5280202422039
313.941491,96,251.84145,313.94149112596597,0.0,313.94149112596597
271.711607,90,251.907197,271.71160726849104,0.0,271.71160726849104
989.438529,154,252.57612,989.4385289827615,0.0,989.4385289827615
954.296385,160,252.68768,954.2963846624283,0.0,954.2963846624283
447.699587,112,252.769446,447.69958736560517,0.0,447.69958736560517
289.079351,94,252.836598,289.07935053579604,0.0,289.07935053579604
974.529417,154,252.946866,974.5294166063156,0.0,974.5294166063156
364.304885,94,253.013331,364.30488479908627,0.0,364.30488479908627
969.500174,148,253.118195,969.5001737208495,0.0,969.5001737208495
96.702652,60,253.163805,96.70265186280568,0.0,96.70265186280568
968.004039,147,253.269567,968.0040386139627,0.0,968.0040386139627
945.075425,145,253.370851,945.0754249367334,0.0,945.0754249367334
397.06249,102,253.4443,397.0624901373676,0.0,397.0624901373676
957.236592,148,253.548054,957.2365920383492,0.0,957.2365920383492
403.960802,97,253.619524,403.96080221548334,0.0,403.96080221548334
385.192337,100,253.693802,385.19233666860583,0.0,385.19233666860583
932.316858,142,257.459098,932.316857502736,0.0,932.316857502736
411.78842,104,257.534642,411.7884195822226,0.0,411.7884195822226
-53.688798,18,257.54979,-53.68879808179329,0.0,-53.68879808179329
947.293004,146,257.654763,947.293003805483,0.0,947.293003805483
104.567352,46,257.689241,104.56735232746722,0.0,104.56735232746722
78.534742,57,258.299695,78.53474203518269,0.0,78.53474203518269
954.594844,162,258.415657,954.5948439525955,0.0,954.5948439525955
924.557801,139,258.51323,924.5578014314674,0.0,924.5578014314674
924.399094,142,258.61504,924.3990936808968,0.0,924.3990936808968
233.527002,80,258.674695,233.52700239262091,0.0,233.52700239262091
938.358714,140,258.770071,938.3587142402514,0.0,938.3587142402514
116.154234,56,258.811782,116.15423429885283,0.0,116.15423429885283
956.104958,163,258.925811,956.1049581719213,0.0,956.1049581719213
1000.500646,153,259.032503,1000.5006458083965,0.0,1000.5006458083965
995.691247,161,259.147323,995.6912471345902,0.0,995.6912471345902
937.260433,143,259.250562,937.2604332971424,0.0,937.2604332971424
928.212803,136,259.347784,928.2128025794384,0.0,928.2128025794384
987.061473,150,259.451794,987.0614729454619,0.0,987.0614729454619
999.549089,152,259.558872,999.5490885959542,0.0,999.5490885959542
96.697794,47,259.595308,96.69779418485687,0.0,96.69779418485687
387.042772,104,259.669357,387.04277244430114,0.0,387.04277244430114
987.236998,149,260.389314,987.236997815183,0.0,987.236997815183
969.230245,150,260.495416,969.2302445875271,0.0,969.2302445875271
926.008909,140,260.594995,926.0089090868953,0.0,926.0089090868953
149.134794,63,260.641086,149.13479357989664,0.0,149.13479357989664
908.507073,134,260.73681,908.5070725354317,0.0,908.5070725354317
966.150205,148,260.843526,966.1502049226723,0.0,966.1502049226723
943.27507,141,260.944509,943.2750699412665,0.0,943.2750699412665
1008.276444,158,261.056912,1008.2764437799834,0.0,1008.2764437799834
961.40299,147,261.162274,961.4029901481542,0.0,961.4029901481542
948.338573,148,261.269157,948.3385732454451,0.0,948.3385732454451
991.000896,149,261.374007,991.0008962747484,0.0,991.0008962747484
1000.218392,156,261.48567,1000.2183918337453,0.0,1000.2183918337453
919.436851,146,261.590217,919.4368509587785,0.0,919.4368509587785
938.257852,141,261.692585,938.2578520846954,0.0,938.2578520846954
380.382223,97,261.761929,380.3822229317379,0.0,380.3822229317379
979.462075,158,262.433262,979.4620746060856,0.0,979.4620746060856
925.312986,144,262.535564,925.3129856612459,0.0,925.3129856612459
1021.522002,158,262.64912,1021.5220018919669,0.0,1021.5220018919669
982.88441,154,262.759689,982.8844097473178,0.0,982.8844097473178
993.962261,150,262.867265,993.962261028976,0.0,993.962261028976
143.326356,61,262.912996,143.32635566661133,0.0,143.32635566661133
225.555439,76,262.968844,225.55543906128582,0.0,225.55543906128582
954.381387,147,263.074513,954.3813870800726,0.0,954.3813870800726
941.051427,143,263.17614,941.0514274664295,0.0,941.0514274664295
925.38524,136,263.273344,925.3852398182447,0.0,925.3852398182447
946.106709,144,263.37768,946.1067089131834,0.0,946.1067089131834
948.477798,142,263.479733,948.4777979242427,0.0,948.4777979242427
968.267678,144,263.582713,968.2676779824624,0.0,968.2676779824624
987.335292,147,263.687338,987.33529209288,0.0,987.33529209288
1011.858393,152,263.798795,1011.8583926696141,0.0,1011.8583926696141
1007.284616,151,264.472424,1007.2846163010784,0.0,1007.2846163010784
959.811694,156,264.586264,959.8116940387634,0.0,959.8116940387634
400.738663,99,264.657657,400.73866346826895,0.0,400.73866346826895
990.20041,162,264.775797,990.200410132672,0.0,990.200410132672
934.684373,148,264.88079,934.6843727810635,0.0,934.6843727810635
434.756162,106,264.95797,434.7561623932292,0.0,434.7561623932292
958.599049,151,265.067536,958.599049034491,0.0,958.599049034491
960.310785,150,265.174615,960.3107846734683,0.0,960.3107846734683
252.129973,86,265.236047,252.12997270021182,0.0,252.12997270021182
946.147121,147,265.341269,946.1471211345151,0.0,946.1471211345151
979.165597,146,265.445934,979.1655973321258,0.0,979.1655973321258
993.686843,149,265.55232,993.6868429133805,0.0,993.6868429133805
955.276474,149,265.661236,955.2764737007602,0.0,955.2764737007602
952.481135,147,265.765716,952.4811347707316,0.0,952.4811347707316
952.91548,145,265.869589,952.915479653572,0.0,952.915479653572
995.792747,152,266.537586,995.7927473559428,0.0,995.7927473559428
115.054674,47,266.572756,115.05467440609776,0.0,115.05467440609776
111.584751,47,266.607621,111.5847508109256,0.0,111.5847508109256
958.631553,147,266.710002,958.6315528447183,0.0,958.6315528447183
969.632931,151,266.819944,969.6329313381043,0.0,969.6329313381043
985.514802,145,266.92394,985.5148020380458,0.0,985.5148020380458
971.491805,150,267.032207,971.4918049207321,0.0,971.4918049207321
18.777411,30,267.056448,18.777410733498,0.0,18.777410733498
990.757932,152,267.165594,990.7579321694958,0.0,990.7579321694958
922.956712,141,267.267566,922.9567116406693,0.0,922.9567116406693
986.630957,154,267.38047,986.630957039921,0.0,986.630957039921
16.278499,31,267.40436,16.278499321697794,0.0,16.278499321697794
1005.873419,156,271.092001,1005.8734185890485,0.0,1005.8734185890485
973.095715,154,271.201222,973.0957147371618,0.0,973.0957147371618
994.016965,171,271.323381,994.0169647333789,0.0,994.0169647333789
1004.450265,153,271.433898,1004.4502652047164,0.0,1004.4502652047164
