#{"t_start": 1788917507.7220068, "env_id": "None"}
r,l,t,episode_base_return,episode_risk_return,episode_training_return
25.90844,499,1.054769,25.90843982425129,0.0,25.90843982425129
-271.994125,288,1.224322,-271.9941249674737,0.0,-271.9941249674737
-231.602309,182,1.352389,-231.60230864788673,0.0,-231.60230864788673
-206.107508,275,1.532148,-206.10750778748672,0.0,-206.10750778748672
-235.361315,565,1.878724,-235.36131533788688,0.0,-235.36131533788688
-25.671406,43,1.90461,-25.671405729772772,0.0,-25.671405729772772
122.055544,102,1.961293,122.05554438858631,0.0,122.05554438858631
-41.83135,432,2.801597,-41.83134986822634,0.0,-41.83134986822634
197.083502,152,2.880881,197.08350158263858,0.0,197.08350158263858
133.845731,380,3.103022,133.84573130894347,0.0,133.84573130894347
191.560069,369,3.34402,191.560068587765,0.0,191.560068587765
971.086442,343,3.56975,971.0864421124454,0.0,971.0864421124454
602.026946,600,4.532216,602.0269455785677,0.0,602.0269455785677
321.88327,600,4.864568,321.8832699238957,0.0,321.8832699238957
940.435598,329,5.082452,940.4355982403042,0.0,940.4355982403042
456.346041,528,5.439743,456.3460412905483,0.0,456.3460412905483
312.484117,268,5.603959,312.484117126358,0.0,312.484117126358
371.562311,188,5.71495,371.5623111985804,0.0,371.5623111985804
345.325517,236,6.517057,345.3255171393852,0.0,345.3255171393852
630.380149,600,6.838315,630.3801493086632,0.0,630.3801493086632
448.943471,299,7.012862,448.94347051073316,0.0,448.94347051073316
541.086501,600,7.332479,541.0865009611543,0.0,541.0865009611543
181.586563,117,7.394649,181.58656273378492,0.0,181.58656273378492
-17.208336,37,7.415771,-17.20833611095715,0.0,-17.20833611095715
242.863765,173,8.135771,242.86376541508307,0.0,242.86376541508307
401.318352,160,8.222261,401.3183515504792,0.0,401.3183515504792
451.956614,285,8.376202,451.9566143082857,0.0,451.9566143082857
381.710515,229,8.496113,381.71051450891355,0.0,381.71051450891355
164.547311,89,8.545033,164.54731133696316,0.0,164.54731133696316
963.735498,273,8.68912,963.7354984879646,0.0,963.7354984879646
394.309743,199,8.793437,394.30974323381304,0.0,394.30974323381304
661.257552,600,13.203216,661.2575516793942,0.0,661.2575516793942
971.378032,380,14.002103,971.3780322464795,0.0,971.3780322464795
102.926569,65,14.037995,102.9265685005842,0.0,102.9265685005842
100.5003,61,14.073032,100.50029982694939,0.0,100.50029982694939
57.125465,61,14.105977,57.125465058860755,0.0,57.125465058860755
-24.479561,29,14.122581,-24.479561075109373,0.0,-24.479561075109373
983.209966,264,14.266526,983.2099664106327,0.0,983.2099664106327
452.516073,291,14.420545,452.5160729014589,0.0,452.5160729014589
246.58407,121,14.486245,246.5840696154201,0.0,246.5840696154201
385.476377,147,14.567106,385.4763768048818,0.0,385.4763768048818
27.674163,77,14.609488,27.674162741643556,0.0,27.674162741643556
924.666024,504,14.877879,924.66602355806,0.0,924.66602355806
347.518122,149,14.958316,347.51812170965195,0.0,347.51812170965195
372.944328,162,15.669541,372.9443283472484,0.0,372.9443283472484
957.238248,230,15.796638,957.2382478729212,0.0,957.2382478729212
48.82608,62,15.835858,48.82608005022891,0.0,48.82608005022891
330.674156,157,15.922922,330.6741562126832,0.0,330.6741562126832
361.634837,166,16.014978,361.63483749215663,0.0,361.63483749215663
992.743826,354,16.20657,992.743825907484,0.0,992.743825907484
555.331891,227,16.330288,555.3318905024178,0.0,555.3318905024178
579.181687,294,16.487663,579.1816874088084,0.0,579.1816874088084
-0.51065,34,16.507978,-0.5106496379061696,0.0,-0.5106496379061696
957.733776,582,17.394191,957.7337757159363,0.0,957.7337757159363
63.729168,53,17.424343,63.72916782398002,0.0,63.72916782398002
55.204035,50,17.451771,55.20403533598689,0.0,55.20403533598689
-8.291138,25,17.468358,-8.29113798423505,0.0,-8.29113798423505
74.247984,54,17.498815,74.24798418592007,0.0,74.24798418592007
953.003991,242,17.627926,953.0039905264089,0.0,953.0039905264089
-50.366961,21,17.640813,-50.36696077316441,0.0,-50.36696077316441
404.870754,137,17.715894,404.87075405543646,0.0,404.87075405543646
416.889877,145,17.794014,416.8898767566091,0.0,416.8898767566091
182.004327,103,17.850586,182.00432662277817,0.0,182.00432662277817
104.117878,66,17.887196,104.11787790245717,0.0,104.11787790245717
958.301519,325,18.061126,958.3015192452322,0.0,958.3015192452322
946.328847,229,18.185503,946.3288473643963,0.0,946.3288473643963
970.632294,265,18.326395,970.6322943606468,0.0,970.6322943606468
962.37582,237,19.060979,962.375819719613,0.0,962.375819719613
971.904378,309,19.229378,971.9043776450326,0.0,971.9043776450326
961.153926,246,19.372873,961.1539259327901,0.0,961.1539259327901
980.326911,250,19.547265,980.3269110334431,0.0,980.3269110334431
934.354937,249,19.717712,934.3549374353847,0.0,934.3549374353847
-43.169376,28,19.737504,-43.169375840850236,0.0,-43.169375840850236
908.428451,343,19.966153,908.4284512707372,0.0,908.4284512707372
925.510442,257,20.108891,925.5104415368984,0.0,925.5104415368984
104.770966,73,20.149023,104.77096630316264,0.0,104.77096630316264
996.153562,262,20.288744,996.1535615797693,0.0,996.1535615797693
373.03636,127,20.994178,373.03636006440286,0.0,373.03636006440286
445.226231,156,21.077237,445.2262310392267,0.0,445.2262310392267
101.49689,72,21.11912,101.49688964288423,0.0,101.49688964288423
939.609326,346,21.329828,939.6093261191037,0.0,939.6093261191037
154.355998,76,21.381516,154.3559978659912,0.0,154.3559978659912
297.502341,115,21.463344,297.50234092158604,0.0,297.50234092158604
247.542066,111,21.540513,247.54206569002537,0.0,247.54206569002537
358.379074,161,21.643057,358.37907403887147,0.0,358.37907403887147
415.782241,146,21.741906,415.7822405549132,0.0,415.7822405549132
149.521987,82,21.800065,149.52198738113603,0.0,149.52198738113603
381.509562,177,21.898306,381.50956219862724,0.0,381.50956219862724
988.7812,299,25.601706,988.7811998754144,0.0,988.7811998754144
103.073622,68,25.639617,103.07362175199933,0.0,103.07362175199933
204.883562,94,25.689498,204.88356222863283,0.0,204.88356222863283
998.630032,234,26.408482,998.6300319773221,0.0,998.6300319773221
591.895326,374,26.671028,591.8953260806479,0.0,591.8953260806479
934.62809,234,26.83803,934.6280897845351,0.0,934.6280897845351
976.951423,203,26.98279,976.9514226212007,0.0,976.9514226212007
1010.461093,264,27.141706,1010.4610928681898,0.0,1010.4610928681898
-33.344971,27,27.156798,-33.34497091512307,0.0,-33.34497091512307
978.362816,257,27.291958,978.3628160708299,0.0,978.3628160708299
362.484081,162,27.379916,362.48408080306183,0.0,362.48408080306183
943.901794,355,28.158544,943.9017942170154,0.0,943.9017942170154
214.910269,106,28.215967,214.91026919914816,0.0,214.91026919914816
-19.744134,33,28.241541,-19.74413431402496,0.0,-19.74413431402496
80.496822,52,28.277536,80.49682222691655,0.0,80.49682222691655
-6.61821,35,28.301321,-6.618210291156657,0.0,-6.618210291156657
116.698084,55,28.338453,116.69808436727168,0.0,116.69808436727168
-49.725714,21,28.353572,-49.725714436799734,0.0,-49.725714436799734
215.888683,115,28.424659,215.88868325881413,0.0,215.88868325881413
943.620608,237,28.580051,943.6206081212335,0.0,943.6206081212335
-19.717055,27,28.60046,-19.717054918504274,0.0,-19.717054918504274
945.121131,245,28.751322,945.1211312894033,0.0,945.1211312894033
-41.251116,21,28.769238,-41.251116387271125,0.0,-41.251116387271125
280.788819,109,28.832669,280.7888186136062,0.0,280.7888186136062
389.902901,128,28.898998,389.9029007242742,0.0,389.9029007242742
-48.355852,25,28.915655,-48.355852321469484,0.0,-48.355852321469484
915.157372,181,29.010524,915.1573717258912,0.0,915.1573717258912
49.407082,57,29.043155,49.40708183823733,0.0,49.40708183823733
59.407722,44,29.068497,59.40772249250918,0.0,59.40772249250918
286.862518,124,29.134732,286.86251773451727,0.0,286.86251773451727
102.968988,55,29.165858,102.96898810999075,0.0,102.96898810999075
98.96824,53,29.194661,98.96824001861083,0.0,98.96824001861083
410.90163,141,29.27212,410.90162964738215,0.0,410.90162964738215
920.166881,236,29.998868,920.1668805826996,0.0,920.1668805826996
97.648587,51,30.02828,97.6485868215539,0.0,97.6485868215539
-7.559732,28,30.043101,-7.559732231600222,0.0,-7.559732231600222
921.927352,217,30.160389,921.9273517116084,0.0,921.9273517116084
-28.91602,25,30.176036,-28.916020497349592,0.0,-28.916020497349592
201.997706,88,30.222728,201.99770640894204,0.0,201.99770640894204
98.206449,48,30.249906,98.20644920187428,0.0,98.20644920187428
170.943142,78,30.292883,170.94314212554332,0.0,170.94314212554332
939.79579,242,30.423977,939.7957903157244,0.0,939.7957903157244
184.816461,84,30.468252,184.81646059594357,0.0,184.81646059594357
950.881328,240,30.596413,950.8813278196136,0.0,950.8813278196136
930.098665,221,30.716604,930.0986653647249,0.0,930.0986653647249
211.770377,96,30.77005,211.7703767831529,0.0,211.7703767831529
327.103226,106,30.826476,327.1032260007965,0.0,327.1032260007965
962.554659,206,30.937737,962.55465894764,0.0,962.55465894764
63.330512,48,30.963969,63.33051221049743,0.0,63.33051221049743
969.026021,268,31.697841,969.026021433793,0.0,969.026021433793
94.323527,55,31.728577,94.32352717302669,0.0,94.32352717302669
71.718904,50,31.755867,71.71890425435726,0.0,71.71890425435726
54.92354,53,31.786136,54.92354020631825,0.0,54.92354020631825
991.213162,210,31.898539,991.2131621445169,0.0,991.2131621445169
403.681839,165,31.987564,403.6818392704464,0.0,403.6818392704464
328.047629,125,32.055733,328.0476293674284,0.0,328.0476293674284
112.070802,55,32.087062,112.07080209281916,0.0,112.07080209281916
-14.748004,31,32.105238,-14.748003699726837,0.0,-14.748003699726837
95.371954,62,32.138938,95.37195378692552,0.0,95.37195378692552
977.774202,207,32.250978,977.774201812279,0.0,977.774201812279
972.408014,232,32.375759,972.4080139819077,0.0,972.4080139819077
129.959328,72,32.413754,129.95932786566044,0.0,129.95932786566044
116.13926,74,32.456058,116.13925984109642,0.0,116.13925984109642
100.87424,58,32.48925,100.87423974279653,0.0,100.87423974279653
398.16226,126,32.556859,398.16225987887094,0.0,398.16225987887094
985.646652,197,32.661192,985.6466520286491,0.0,985.6466520286491
163.06061,82,32.710225,163.06060963654846,0.0,163.06060963654846
179.766005,84,32.767449,179.7660053278137,0.0,179.7660053278137
-17.446644,28,33.399671,-17.44664366758792,0.0,-17.44664366758792
8.123482,34,33.418664,8.123481696214483,0.0,8.123481696214483
0.057846,44,33.44208,0.057846197304598945,0.0,0.057846197304598945
25.205889,45,33.46853,25.205889491401166,0.0,25.205889491401166
968.264246,249,33.600613,968.2642464831297,0.0,968.2642464831297
914.199135,238,33.727032,914.1991349848772,0.0,914.1991349848772
956.179747,227,33.84745,956.1797467726124,0.0,956.1797467726124
956.55252,272,33.992037,956.5525201485124,0.0,956.5525201485124
93.199937,72,34.03135,93.19993728096757,0.0,93.19993728096757
939.059847,303,38.094185,939.0598468946926,0.0,939.0598468946926
662.608837,232,38.248994,662.6088366498624,0.0,662.6088366498624
281.320247,151,38.343606,281.3202466857166,0.0,281.3202466857166
91.804263,59,38.384995,91.80426268273918,0.0,91.80426268273918
969.821494,214,39.144132,969.8214935144613,0.0,969.8214935144613
927.761563,246,39.299559,927.76156260992,0.0,927.76156260992
992.952367,253,39.463188,992.9523669924218,0.0,992.9523669924218
-42.984305,19,39.477733,-42.98430462859456,0.0,-42.98430462859456
108.315312,61,39.510775,108.31531181987067,0.0,108.31531181987067
86.938273,52,39.539091,86.93827265042555,0.0,86.93827265042555
592.917153,238,39.666012,592.9171533021649,0.0,592.9171533021649
131.405256,71,39.706651,131.40525642683417,0.0,131.40525642683417
80.582173,70,39.745045,80.58217302615637,0.0,80.58217302615637
109.126448,66,39.783305,109.12644837212852,0.0,109.12644837212852
957.589004,209,39.90119,957.5890044920694,0.0,957.5890044920694
972.765721,270,40.075054,972.7657214699072,0.0,972.7657214699072
85.75648,50,40.108851,85.75647970481687,0.0,85.75647970481687
348.650586,144,40.200443,348.65058550411237,0.0,348.65058550411237
885.362142,190,40.325264,885.362141936852,0.0,885.362141936852
-38.843383,23,40.948962,-38.84338303028595,0.0,-38.84338303028595
105.691121,56,40.984378,105.69112118974815,0.0,105.69112118974815
993.072397,190,41.100417,993.0723972908087,0.0,993.0723972908087
-39.901374,25,41.117486,-39.901373779514685,0.0,-39.901373779514685
97.06636,57,41.149805,97.06635981820747,0.0,97.06635981820747
945.12941,219,41.289205,945.1294102486289,0.0,945.1294102486289
371.310846,139,41.37189,371.31084591070305,0.0,371.31084591070305
207.990655,90,41.419596,207.99065497519555,0.0,207.99065497519555
384.051182,146,41.500831,384.05118194899,0.0,384.05118194899
424.240603,156,41.584921,424.2406033154747,0.0,424.2406033154747
965.627912,187,41.682401,965.6279119933428,0.0,965.6279119933428
-30.578609,24,41.697044,-30.57860926899498,0.0,-30.57860926899498
937.384493,190,41.799884,937.3844925508067,0.0,937.3844925508067
209.578214,86,41.84746,209.5782141493488,0.0,209.5782141493488
220.335472,100,41.901222,220.33547204411863,0.0,220.33547204411863
82.17311,57,41.93436,82.1731104046005,0.0,82.1731104046005
960.752324,224,42.052378,960.7523240619189,0.0,960.7523240619189
120.732082,57,42.08281,120.7320820867557,0.0,120.7320820867557
93.821101,57,42.720573,93.82110064181467,0.0,93.82110064181467
108.781171,64,42.760981,108.78117128326325,0.0,108.78117128326325
933.188282,201,42.88535,933.1882821771501,0.0,933.1882821771501
978.611751,195,43.008188,978.6117512238266,0.0,978.6117512238266
965.485283,190,43.123828,965.4852828059503,0.0,965.4852828059503
384.839081,119,43.187991,384.83908106811396,0.0,384.83908106811396
389.479575,110,43.246534,389.4795745583833,0.0,389.4795745583833
928.488628,178,43.340678,928.4886284980214,0.0,928.4886284980214
110.02182,61,43.37238,110.02181987982559,0.0,110.02181987982559
942.568213,306,43.535842,942.5682132478628,0.0,942.5682132478628
124.812059,64,43.56966,124.8120591694568,0.0,124.8120591694568
279.983188,102,43.626754,279.98318775211663,0.0,279.98318775211663
976.995723,225,43.746487,976.9957230001294,0.0,976.9957230001294
979.882422,198,43.853549,979.8824217730571,0.0,979.8824217730571
1.935542,31,44.466657,1.9355422435787943,0.0,1.9355422435787943
351.442323,121,44.531774,351.4423228656717,0.0,351.4423228656717
48.462329,37,44.550958,48.462329231240815,0.0,48.462329231240815
956.104977,180,44.651134,956.1049771322314,0.0,956.1049771322314
372.346661,126,44.7182,372.34666131713925,0.0,372.34666131713925
963.364155,260,44.85752,963.3641546979694,0.0,963.3641546979694
946.547563,212,44.973278,946.547563414946,0.0,946.547563414946
199.080397,78,45.019547,199.0803972113149,0.0,199.0803972113149
130.114472,69,45.058046,130.114471863944,0.0,130.114471863944
976.720466,207,45.169031,976.7204661678632,0.0,976.7204661678632
909.219325,172,45.26188,909.2193252339413,0.0,909.2193252339413
278.006433,95,45.314304,278.00643265332275,0.0,278.00643265332275
960.704709,166,45.403479,960.7047094653672,0.0,960.7047094653672
956.552547,162,45.490066,956.5525468649131,0.0,956.5525468649131
962.653582,202,46.222354,962.6535821392335,0.0,962.6535821392335
92.386355,44,46.248137,92.38635534173564,0.0,92.38635534173564
984.535678,194,46.349563,984.5356775453708,0.0,984.5356775453708
386.174952,109,46.409574,386.17495229430784,0.0,386.17495229430784
63.629963,42,46.433762,63.629962740754124,0.0,63.629962740754124
60.977416,47,46.459112,60.97741586176366,0.0,60.97741586176366
74.146224,42,46.484401,74.14622397629728,0.0,74.14622397629728
980.450277,179,46.594644,980.4502767866452,0.0,980.4502767866452
354.157983,121,46.662969,354.15798308590286,0.0,354.15798308590286
937.568124,174,46.754857,937.5681236384772,0.0,937.5681236384772
961.644019,181,50.186157,961.6440194878435,0.0,961.6440194878435
934.069833,188,50.30914,934.0698331419521,0.0,934.0698331419521
1001.822659,190,50.433522,1001.8226593452769,0.0,1001.8226593452769
921.839354,185,50.550917,921.8393544937387,0.0,921.8393544937387
987.030492,207,50.681214,987.0304921461021,0.0,987.0304921461021
959.225422,191,51.405852,959.2254221480272,0.0,959.2254221480272
985.860095,166,51.500604,985.8600947587636,0.0,985.8600947587636
257.839289,87,51.550006,257.8392885817889,0.0,257.8392885817889
993.1832,184,51.64748,993.1832001783872,0.0,993.1832001783872
1000.187775,186,51.747893,1000.1877753742017,0.0,1000.1877753742017
970.567657,175,51.841578,970.5676573778123,0.0,970.5676573778123
51.07538,42,51.864875,51.0753804005863,0.0,51.0753804005863
-19.559969,25,51.880122,-19.559968782653115,0.0,-19.559968782653115
941.952081,172,51.98248,941.9520805216282,0.0,941.9520805216282
319.334202,130,52.063149,319.3342021709353,0.0,319.3342021709353
993.968173,177,52.177599,993.9681730288495,0.0,993.9681730288495
971.454811,180,52.296946,971.4548108620567,0.0,971.4548108620567
925.470415,160,52.398627,925.4704148473895,0.0,925.4704148473895
218.102197,85,52.452636,218.10219729756767,0.0,218.10219729756767
135.589263,61,52.494256,135.58926297082314,0.0,135.58926297082314
-36.795589,21,52.510935,-36.79558879147855,0.0,-36.79558879147855
1.81377,27,52.529067,1.8137696325037922,0.0,1.8137696325037922
993.798195,182,53.257988,993.798194530894,0.0,993.798194530894
335.833872,90,53.313408,335.83387182927555,0.0,335.83387182927555
1012.513298,185,53.410514,1012.5132982972749,0.0,1012.5132982972749
955.468352,173,53.504467,955.468351715929,0.0,955.468351715929
173.481817,75,53.545831,173.481816596403,0.0,173.481816596403
77.990797,44,53.570784,77.99079703715557,0.0,77.99079703715557
953.3914,163,53.659335,953.3914002204739,0.0,953.3914002204739
72.371279,51,53.688927,72.3712790328328,0.0,72.3712790328328
958.639819,181,53.787195,958.6398192058366,0.0,958.6398192058366
410.206605,117,53.881264,410.2066054280548,0.0,410.2066054280548
938.250745,157,53.979233,938.2507447003798,0.0,938.2507447003798
165.236968,65,54.021523,165.2369682630265,0.0,165.2369682630265
-4.826315,31,54.043374,-4.826315324228972,0.0,-4.826315324228972
-35.366444,23,54.060044,-35.36644427825439,0.0,-35.36644427825439
1000.523907,175,54.174887,1000.5239067772991,0.0,1000.5239067772991
212.781648,74,54.22407,212.78164802964753,0.0,212.78164802964753
938.620942,168,54.334019,938.620942231699,0.0,938.620942231699
144.511332,67,54.380442,144.5113316400764,0.0,144.5113316400764
75.74313,48,54.413182,75.74313016491587,0.0,75.74313016491587
994.60018,194,55.127227,994.6001804535433,0.0,994.6001804535433
-5.101373,26,55.142345,-5.101372821682034,0.0,-5.101372821682034
908.996124,167,55.232333,908.9961238558739,0.0,908.9961238558739
975.124146,158,55.333675,975.1241457828153,0.0,975.1241457828153
976.124568,169,55.431823,976.1245682664661,0.0,976.1245682664661
921.798303,162,55.52856,921.798302812953,0.0,921.798302812953
973.587216,153,55.619144,973.5872163953466,0.0,973.5872163953466
217.174053,77,55.664841,217.17405349560886,0.0,217.17405349560886
977.758905,166,55.781122,977.7589054518564,0.0,977.7589054518564
219.340052,75,55.838167,219.3400524932189,0.0,219.3400524932189
116.634544,59,55.881381,116.63454432776533,0.0,116.63454432776533
66.425347,46,55.917983,66.425347083187,0.0,66.425347083187
1015.944066,169,56.032305,1015.9440662609317,0.0,1015.9440662609317
-52.791174,18,56.045578,-52.7911742519279,0.0,-52.7911742519279
45.915955,42,56.071142,45.91595463425057,0.0,45.91595463425057
993.996981,158,56.169127,993.9969810351815,0.0,993.9969810351815
938.487335,166,56.27239,938.4873345938793,0.0,938.4873345938793
992.920314,185,56.984833,992.9203136918643,0.0,992.9203136918643
334.256077,129,57.053513,334.25607702021307,0.0,334.25607702021307
421.241621,107,57.111213,421.2416212991784,0.0,421.2416212991784
57.176731,39,57.133973,57.17673086107983,0.0,57.17673086107983
423.247839,125,57.203447,423.24783914012465,0.0,423.24783914012465
968.198704,224,57.321159,968.1987042231992,0.0,968.1987042231992
950.926112,169,57.413961,950.9261122121322,0.0,950.9261122121322
121.146222,60,57.445567,121.14622244000091,0.0,121.14622244000091
234.828925,86,57.493096,234.8289248550534,0.0,234.8289248550534
914.988718,164,57.580622,914.9887183176434,0.0,914.9887183176434
362.696452,108,57.638874,362.6964524833058,0.0,362.6964524833058
978.892357,175,57.733037,978.8923572660004,0.0,978.8923572660004
979.842902,180,57.830498,979.8429019108561,0.0,979.8429019108561
-18.27108,26,57.85133,-18.27108043072282,0.0,-18.27108043072282
101.272559,48,57.884379,101.27255936361587,0.0,101.27255936361587
966.77929,165,57.993386,966.7792895284736,0.0,966.7792895284736
197.621214,73,58.036519,197.6212135286702,0.0,197.6212135286702
332.664785,116,58.722163,332.66478535121854,0.0,332.66478535121854
20.243674,32,58.740398,20.24367426226442,0.0,20.24367426226442
140.1606,58,58.771165,140.16059969052782,0.0,140.16059969052782
928.280519,165,58.85964,928.2805193726836,0.0,928.2805193726836
212.273793,78,58.902639,212.27379323893538,0.0,212.27379323893538
1003.198446,177,58.998347,1003.1984459337107,0.0,1003.1984459337107
-2.112247,28,59.015583,-2.1122471205226248,0.0,-2.1122471205226248
947.26639,161,59.101251,947.2663901922565,0.0,947.2663901922565
110.743309,55,59.132365,110.74330932493856,0.0,110.74330932493856
228.255767,92,62.489829,228.25576676066646,0.0,228.25576676066646
956.187775,176,62.581696,956.1877749197618,0.0,956.1877749197618
-36.287973,22,62.595316,-36.287973137508445,0.0,-36.287973137508445
935.483666,168,62.686635,935.4836656416653,0.0,935.4836656416653
161.694849,68,62.723679,161.69484911423518,0.0,161.69484911423518
58.850642,40,62.746274,58.850641959710146,0.0,58.850641959710146
-18.92055,24,62.75961,-18.920549636415558,0.0,-18.920549636415558
-22.880196,28,62.776407,-22.88019573317696,0.0,-22.88019573317696
424.560704,117,62.841465,424.56070351102926,0.0,424.56070351102926
1007.971425,170,62.940321,1007.9714252235392,0.0,1007.9714252235392
361.924454,116,63.009148,361.92445389979497,0.0,361.92445389979497
433.04663,115,63.083206,433.04663007195114,0.0,433.04663007195114
979.520384,159,63.83057,979.5203835102684,0.0,979.5203835102684
-17.581686,23,63.846803,-17.581686118583633,0.0,-17.581686118583633
-48.97582,17,63.860151,-48.975819983214464,0.0,-48.975819983214464
987.19428,170,63.958518,987.1942795707344,0.0,987.1942795707344
99.702535,52,63.98906,99.70253483280968,0.0,99.70253483280968
179.949903,67,64.02475,179.9499034269893,0.0,179.9499034269893
956.760587,173,64.119117,956.7605874002004,0.0,956.7605874002004
955.601293,156,64.205124,955.6012927059552,0.0,955.6012927059552
279.98093,96,64.257042,279.98093048592875,0.0,279.98093048592875
93.836561,50,64.285156,93.83656094161714,0.0,93.83656094161714
89.8649,42,64.308238,89.86489997180199,0.0,89.86489997180199
438.997686,122,64.372492,438.9976857203395,0.0,438.9976857203395
915.590697,158,64.458409,915.5906970801991,0.0,915.5906970801991
920.875251,217,64.575191,920.8752510107913,0.0,920.8752510107913
988.000269,161,64.663144,988.0002686040148,0.0,988.0002686040148
49.016511,36,64.683262,49.01651115341902,0.0,49.01651115341902
106.139664,63,64.719529,106.13966431590545,0.0,106.13966431590545
971.189872,152,64.800275,971.1898722452863,0.0,971.1898722452863
65.668938,40,64.823613,65.66893800690302,0.0,65.66893800690302
959.917358,153,64.92097,959.9173582181435,0.0,959.9173582181435
159.782077,71,65.606976,159.78207692932213,0.0,159.78207692932213
95.068522,48,65.63718,95.06852174215956,0.0,95.06852174215956
95.938052,53,65.671632,95.93805240669602,0.0,95.93805240669602
909.834109,161,65.758813,909.8341092298613,0.0,909.8341092298613
948.88238,158,65.843648,948.8823799436294,0.0,948.8823799436294
127.711284,58,65.876309,127.71128368762433,0.0,127.71128368762433
977.640743,173,65.967688,977.6407426513206,0.0,977.6407426513206
2.897419,29,65.984849,2.8974194640424145,0.0,2.8974194640424145
62.997699,38,66.005476,62.997699005155596,0.0,62.997699005155596
957.237117,179,66.103467,957.2371170598982,0.0,957.2371170598982
966.294372,157,66.187833,966.2943718168779,0.0,966.2943718168779
192.298984,70,66.226913,192.29898389139296,0.0,192.29898389139296
128.534039,50,66.256322,128.53403896038645,0.0,128.53403896038645
-50.069897,17,66.266891,-50.069897000087224,0.0,-50.069897000087224
957.284698,160,66.352683,957.2846980673253,0.0,957.2846980673253
349.119756,96,66.405232,349.11975566188505,0.0,349.11975566188505
-42.969393,18,66.417152,-42.96939272637752,0.0,-42.96939272637752
1001.293699,170,66.508636,1001.2936985044123,0.0,1001.2936985044123
63.961076,38,66.531677,63.96107628970242,0.0,63.96107628970242
71.993944,47,66.55635,71.99394429442063,0.0,71.99394429442063
-55.591308,17,66.567926,-55.591307800913654,0.0,-55.591307800913654
37.153332,42,66.590626,37.15333197078138,0.0,37.15333197078138
93.530949,43,66.616689,93.53094875163627,0.0,93.53094875163627
339.302839,104,66.67423,339.3028385950863,0.0,339.3028385950863
99.650616,49,66.702366,99.65061592764785,0.0,99.65061592764785
76.432302,43,66.726888,76.43230211167608,0.0,76.43230211167608
80.50891,52,67.380575,80.50891028170591,0.0,80.50891028170591
-33.756615,21,67.394229,-33.75661539521943,0.0,-33.75661539521943
978.83404,159,67.480946,978.834040201128,0.0,978.834040201128
980.865345,162,67.567323,980.8653452712308,0.0,980.8653452712308
90.053432,45,67.592937,90.05343211855141,0.0,90.05343211855141
68.492934,44,67.618294,68.49293405968938,0.0,68.49293405968938
231.896325,84,67.665017,231.8963245624315,0.0,231.8963245624315
993.020562,167,67.755352,993.0205619806541,0.0,993.0205619806541
947.907127,165,67.843384,947.9071271246544,0.0,947.9071271246544
108.694537,53,67.872887,108.69453747499924,0.0,108.69453747499924
994.150853,159,67.959172,994.1508532785415,0.0,994.1508532785415
949.295673,169,68.048761,949.2956733053,0.0,949.2956733053
363.457422,113,68.111471,363.4574220153447,0.0,363.4574220153447
88.184013,50,68.139261,88.18401308254016,0.0,88.18401308254016
995.741876,204,68.248838,995.7418762525587,0.0,995.7418762525587
1006.620825,187,68.350664,1006.6208250640449,0.0,1006.6208250640449
87.292252,57,68.382906,87.29225175659107,0.0,87.29225175659107
340.312681,119,68.447026,340.3126810405686,0.0,340.3126810405686
932.282038,162,69.159424,932.2820378395351,0.0,932.2820378395351
930.030811,158,69.243299,930.0308108459132,0.0,930.0308108459132
390.498546,112,69.304836,390.49854571154015,0.0,390.49854571154015
433.549217,126,69.373488,433.54921664591166,0.0,433.54921664591166
976.26258,180,69.471015,976.2625803030278,0.0,976.2625803030278
1032.730732,180,69.567839,1032.7307323481268,0.0,1032.7307323481268
970.211794,201,69.693092,970.2117941414003,0.0,970.2117941414003
126.348426,54,69.730937,126.34842577712352,0.0,126.34842577712352
952.699417,166,69.835648,952.699417174605,0.0,952.699417174605
966.561936,171,69.950017,966.5619356973567,0.0,966.5619356973567
-17.121384,25,69.967808,-17.121384460232846,0.0,-17.121384460232846
102.032731,61,70.009798,102.03273072675299,0.0,102.03273072675299
121.69794,60,70.052279,121.69793957528859,0.0,121.69793957528859
77.190473,52,70.087888,77.19047317014056,0.0,77.19047317014056
967.193179,162,70.190225,967.1931787011514,0.0,967.1931787011514
345.080569,105,70.246332,345.080569118116,0.0,345.080569118116
178.645363,65,70.284261,178.6453625119434,0.0,178.6453625119434
390.807813,117,70.948958,390.80781304881975,0.0,390.80781304881975
332.549164,100,71.005016,332.54916384819114,0.0,332.54916384819114
978.083469,164,71.093585,978.0834689609203,0.0,978.0834689609203
118.334239,60,71.126097,118.33423926942817,0.0,118.33423926942817
335.631996,100,71.180671,335.6319962665576,0.0,335.6319962665576
115.671543,60,71.213652,115.67154348353145,0.0,115.67154348353145
924.229278,149,74.374374,924.229277637705,0.0,924.229277637705
936.105447,152,74.473085,936.1054469935608,0.0,936.1054469935608
60.756543,43,74.498827,60.756542928224704,0.0,60.756542928224704
75.460869,41,74.523333,75.46086860262973,0.0,75.46086860262973
53.100319,49,74.550606,53.100319126293186,0.0,53.100319126293186
-54.054606,18,74.561183,-54.0546055720508,0.0,-54.0546055720508
-12.661076,31,74.580558,-12.661076070385661,0.0,-12.661076070385661
942.262163,156,74.66449,942.2621633075948,0.0,942.2621633075948
85.227064,44,74.688022,85.22706405925986,0.0,85.22706405925986
429.304027,125,74.755378,429.3040269744933,0.0,429.3040269744933
67.051613,42,74.778011,67.0516128665645,0.0,67.0516128665645
348.106729,130,74.84887,348.10672880409186,0.0,348.10672880409186
26.091513,40,74.871399,26.091513222264666,0.0,26.091513222264666
946.822718,155,74.956002,946.8227177577658,0.0,946.8227177577658
989.74419,163,75.059838,989.7441895883258,0.0,989.7441895883258
937.076579,159,75.163244,937.0765788465487,0.0,937.0765788465487
369.183452,99,75.853431,369.18345183338096,0.0,369.18345183338096
967.590579,187,75.97383,967.5905794440436,0.0,967.5905794440436
329.398585,102,76.034472,329.39858542551406,0.0,329.39858542551406
891.805316,149,76.127853,891.8053155048606,0.0,891.8053155048606
113.085004,53,76.162707,113.0850041818785,0.0,113.0850041818785
280.286037,96,76.225297,280.2860365607523,0.0,280.2860365607523
106.103229,46,76.256681,106.10322938040925,0.0,106.10322938040925
62.428033,37,76.280889,62.428033086685545,0.0,62.428033086685545
418.724092,111,76.351018,418.7240921438434,0.0,418.7240921438434
938.876053,149,76.428266,938.8760531308957,0.0,938.8760531308957
11.964992,29,76.44598,11.964992432736238,0.0,11.964992432736238
1006.947607,198,76.553123,1006.9476068475935,0.0,1006.9476068475935
934.141325,152,76.635762,934.141325218661,0.0,934.141325218661
954.05979,182,76.733004,954.059789567462,0.0,954.059789567462
315.386684,101,76.78756,315.38668401416396,0.0,315.38668401416396
971.43191,164,76.888593,971.4319099320081,0.0,971.4319099320081
54.222297,36,76.915513,54.22229726327271,0.0,54.22229726327271
-34.268643,22,76.931699,-34.268643437470686,0.0,-34.268643437470686
406.776175,103,76.99778,406.77617529238915,0.0,406.77617529238915
979.254563,157,77.703956,979.2545626396991,0.0,979.2545626396991
-19.074576,24,77.721619,-19.074575651884075,0.0,-19.074575651884075
958.567963,157,77.823087,958.5679633657014,0.0,958.5679633657014
961.441623,158,77.927306,961.4416229659441,0.0,961.4416229659441
-0.866087,26,77.945465,-0.8660870800029272,0.0,-0.8660870800029272
972.13971,241,78.096895,972.1397104752618,0.0,972.1397104752618
71.53908,42,78.125082,71.53908021969323,0.0,71.53908021969323
1004.978954,184,78.247009,1004.9789542996759,0.0,1004.9789542996759
938.506254,163,78.33212,938.5062536120844,0.0,938.5062536120844
178.418477,62,78.366404,178.41847699022284,0.0,178.41847699022284
952.699522,164,78.452175,952.6995217015502,0.0,952.6995217015502
988.659117,163,78.539391,988.6591170081346,0.0,988.6591170081346
9.745502,28,78.558519,9.745501665194595,0.0,9.745501665194595
139.18363,52,78.586221,139.18363036668936,0.0,139.18363036668936
943.338349,174,78.680712,943.338349489574,0.0,943.338349489574
58.112446,40,78.702392,58.11244624197006,0.0,58.11244624197006
1018.525503,177,78.79781,1018.5255029036979,0.0,1018.5255029036979
970.472144,158,79.513196,970.4721443443942,0.0,970.4721443443942
119.451044,58,79.553614,119.45104442041165,0.0,119.45104442041165
-19.744047,23,79.570476,-19.74404709559562,0.0,-19.74404709559562
126.184186,54,79.605965,126.1841857412589,0.0,126.1841857412589
144.611074,64,79.651169,144.61107448598992,0.0,144.61107448598992
101.695981,50,79.68589,101.69598142110932,0.0,101.69598142110932
59.922449,38,79.713155,59.92244890147283,0.0,59.92244890147283
957.21228,154,79.80952,957.212279576165,0.0,957.212279576165
971.589873,151,79.90517,971.5898731840879,0.0,971.5898731840879
77.774314,43,79.932475,77.77431406105559,0.0,77.77431406105559
1003.844584,164,80.039938,1003.8445841964922,0.0,1003.8445841964922
968.313607,152,80.121929,968.3136069489411,0.0,968.3136069489411
115.273716,51,80.152404,115.27371615880658,0.0,115.27371615880658
68.801211,41,80.175107,68.80121099621381,0.0,68.80121099621381
961.816723,182,80.27392,961.8167231253128,0.0,961.8167231253128
139.081298,57,80.305116,139.08129779098124,0.0,139.08129779098124
953.724116,156,80.387932,953.7241163116485,0.0,953.7241163116485
1007.353578,165,80.476212,1007.353577665488,0.0,1007.353577665488
324.814098,94,80.529363,324.81409804695534,0.0,324.81409804695534
-42.919632,19,80.539649,-42.919632301526875,0.0,-42.919632301526875
965.869938,171,80.631013,965.8699383147058,0.0,965.8699383147058
998.564449,167,81.337811,998.564449415089,0.0,998.564449415089
1002.054932,152,81.441457,1002.0549320814337,0.0,1002.0549320814337
983.988011,172,81.552772,983.9880107044826,0.0,983.9880107044826
424.807431,118,81.63115,424.80743146140827,0.0,424.80743146140827
986.419827,156,81.72932,986.4198269800657,0.0,986.4198269800657
78.172874,40,81.758163,78.17287397144328,0.0,78.17287397144328
154.488771,64,81.798133,154.48877058447025,0.0,154.48877058447025
980.660981,167,81.905254,980.6609811834979,0.0,980.6609811834979
81.316208,42,81.930573,81.31620846981347,0.0,81.31620846981347
-43.317612,20,81.956024,-43.31761221937231,0.0,-43.31761221937231
961.612586,158,82.041101,961.6125856313029,0.0,961.6125856313029
411.125465,100,82.092693,411.125465330148,0.0,411.125465330148
-8.067774,27,82.107608,-8.067773883390117,0.0,-8.067773883390117
973.995925,155,82.192653,973.9959250004496,0.0,973.9959250004496
-11.326621,24,82.20778,-11.326620956820335,0.0,-11.326620956820335
961.923013,154,82.291825,961.923013060739,0.0,961.923013060739
95.103523,52,82.321322,95.10352343472636,0.0,95.10352343472636
418.501273,108,82.37831,418.5012729281333,0.0,418.5012729281333
254.870907,84,82.423957,254.870907364214,0.0,254.870907364214
66.089752,38,82.445185,66.08975189721457,0.0,66.08975189721457
402.640171,104,82.501388,402.64017130504305,0.0,402.64017130504305
983.509968,165,83.205342,983.509968222798,0.0,983.509968222798
214.319069,76,83.248091,214.31906887140195,0.0,214.31906887140195
115.397681,53,83.276899,115.39768128163061,0.0,115.39768128163061
999.836718,215,86.777304,999.8367176503017,0.0,999.8367176503017
118.498943,47,86.810298,118.49894251189416,0.0,118.49894251189416
925.8974,162,86.91552,925.8973999335444,0.0,925.8973999335444
927.422554,157,87.016359,927.4225535963112,0.0,927.4225535963112
80.022034,48,87.049854,80.022033994402,0.0,80.022033994402
177.306897,65,87.087676,177.30689699091081,0.0,177.30689699091081
990.23739,163,87.190531,990.2373896250809,0.0,990.2373896250809
3.772283,27,87.206829,3.77228348316099,0.0,3.77228348316099
997.424348,176,87.300688,997.4243475351769,0.0,997.4243475351769
955.786961,157,87.386692,955.7869606372976,0.0,955.7869606372976
942.99991,159,87.470954,942.9999103258377,0.0,942.9999103258377
922.991817,198,87.577879,922.9918169433429,0.0,922.9918169433429
996.399485,161,87.66379,996.3994854987025,0.0,996.3994854987025
953.350416,158,88.370724,953.3504158166277,0.0,953.3504158166277
981.04054,165,88.470463,981.0405399116929,0.0,981.0405399116929
344.30172,114,88.544389,344.30172035503927,0.0,344.30172035503927
964.764572,144,88.636763,964.7645718051645,0.0,964.7645718051645
924.324249,158,88.733742,924.3242492840212,0.0,924.3242492840212
142.972247,60,88.775311,142.97224668227838,0.0,142.97224668227838
930.866967,150,88.872914,930.8669672722344,0.0,930.8669672722344
94.178776,44,88.903163,94.1787762858832,0.0,94.1787762858832
946.850292,214,89.042108,946.8502924981676,0.0,946.8502924981676
155.277913,65,89.078487,155.27791333526443,0.0,155.27791333526443
997.890653,163,89.164736,997.890652629828,0.0,997.890652629828
395.788083,114,89.226969,395.78808310337445,0.0,395.78808310337445
972.519538,171,89.321357,972.5195384664132,0.0,972.5195384664132
972.047712,153,89.402023,972.0477116852131,0.0,972.0477116852131
382.244613,97,89.454,382.24461270902805,0.0,382.24461270902805
322.027815,108,89.514286,322.0278146779134,0.0,322.0278146779134
379.871777,109,90.199989,379.87177688637024,0.0,379.87177688637024
940.190369,151,90.293689,940.190368675496,0.0,940.190368675496
939.614027,146,90.383194,939.6140270189517,0.0,939.6140270189517
-7.306953,33,90.408588,-7.306953244348449,0.0,-7.306953244348449
100.176264,55,90.446983,100.17626393496937,0.0,100.17626393496937
1006.59955,171,90.563084,1006.5995501286715,0.0,1006.5995501286715
940.189699,163,90.664714,940.1896986871925,0.0,940.1896986871925
940.317811,150,90.763819,940.3178113540996,0.0,940.3178113540996
984.103009,153,90.865425,984.1030090119625,0.0,984.1030090119625
393.540282,111,90.935319,393.54028221801536,0.0,393.54028221801536
963.726809,158,91.022051,963.7268093057309,0.0,963.7268093057309
935.113302,149,91.101501,935.1133023523872,0.0,935.1133023523872
168.920256,65,91.137619,168.9202562709072,0.0,168.9202562709072
390.836797,95,91.189819,390.83679704356024,0.0,390.83679704356024
952.401419,159,91.273169,952.4014186780231,0.0,952.4014186780231
977.195201,159,91.358299,977.1952008758924,0.0,977.1952008758924
969.8788,150,92.03666,969.8788004837153,0.0,969.8788004837153
-58.841352,16,92.046837,-58.84135178803678,0.0,-58.84135178803678
171.183707,69,92.087015,171.183706679249,0.0,171.183706679249
-24.621205,22,92.099087,-24.62120512318161,0.0,-24.62120512318161
422.039354,119,92.164001,422.03935428621605,0.0,422.03935428621605
147.828838,53,92.202431,147.8288381285767,0.0,147.8288381285767
16.443063,28,92.220139,16.443063429843733,0.0,16.443063429843733
278.059638,94,92.281891,278.05963785114767,0.0,278.05963785114767
248.423121,78,92.331815,248.42312086192737,0.0,248.42312086192737
64.541543,53,92.369644,64.54154266526473,0.0,64.54154266526473
17.472463,36,92.396053,17.472462711173733,0.0,17.472462711173733
978.348221,154,92.492694,978.348220758478,0.0,978.348220758478
87.087843,50,92.527655,87.08784347765682,0.0,87.08784347765682
961.634339,152,92.626422,961.6343391747065,0.0,961.6343391747065
985.254906,176,92.742751,985.2549061548764,0.0,985.2549061548764
135.761662,50,92.772565,135.7616623561539,0.0,135.7616623561539
971.848369,158,92.8557,971.8483685938324,0.0,971.8483685938324
936.937865,155,92.938423,936.9378648423221,0.0,936.9378648423221
126.669006,55,92.968127,126.66900554894522,0.0,126.66900554894522
957.182509,148,93.050728,957.1825085833514,0.0,957.1825085833514
994.81588,174,93.143787,994.8158802159282,0.0,994.8158802159282
935.209274,148,93.823034,935.2092735218029,0.0,935.2092735218029
260.875778,84,93.867451,260.8757782276953,0.0,260.8757782276953
329.046199,94,93.91765,329.0461986964011,0.0,329.0461986964011
942.749983,145,94.002587,942.7499827811739,0.0,942.7499827811739
-0.453506,27,94.024786,-0.45350570467635976,0.0,-0.45350570467635976
394.879319,107,94.091749,394.8793191047216,0.0,394.8793191047216
993.174783,157,94.194728,993.174783347842,0.0,993.174783347842
968.115158,158,94.301304,968.1151581029746,0.0,968.1151581029746
920.63853,141,94.395694,920.6385304305544,0.0,920.6385304305544
385.633804,99,94.455699,385.6338036606022,0.0,385.6338036606022
927.674366,163,94.561389,927.6743660853099,0.0,927.6743660853099
961.293563,147,94.640379,961.2935625345615,0.0,961.2935625345615
978.781953,148,94.720116,978.7819527561608,0.0,978.7819527561608
975.623248,158,94.805168,975.6232479889006,0.0,975.6232479889006
366.538758,97,94.85802,366.5387576370853,0.0,366.5387576370853
948.081444,163,94.945858,948.081444233562,0.0,948.081444233562
980.05933,163,95.636344,980.0593304123586,0.0,980.0593304123586
255.873001,88,99.399587,255.87300077168985,0.0,255.87300077168985
960.996628,169,99.510774,960.9966283895878,0.0,960.9966283895878
953.917503,154,99.621998,953.9175031488128,0.0,953.9175031488128
337.336366,109,99.697248,337.33636593938604,0.0,337.33636593938604
971.892141,162,99.805309,971.8921412464921,0.0,971.8921412464921
43.49229,44,99.835769,43.492289797350594,0.0,43.492289797350594
-48.232449,20,99.850965,-48.2324488501108,0.0,-48.2324488501108
-53.476439,16,99.863091,-53.47643927761416,0.0,-53.47643927761416
429.148796,109,99.920737,429.14879591959993,0.0,429.14879591959993
67.463407,47,99.946895,67.46340688198416,0.0,67.46340688198416
971.138183,152,100.030046,971.1381830900771,0.0,971.1381830900771
971.642643,158,100.112563,971.6426427568653,0.0,971.6426427568653
90.937481,48,100.140998,90.93748056964131,0.0,90.93748056964131
996.611971,150,100.220064,996.6119711816077,0.0,996.6119711816077
982.024565,154,100.304166,982.0245648464768,0.0,982.0245648464768
1026.304297,185,100.402489,1026.3042965663599,0.0,1026.3042965663599
72.836848,51,100.430706,72.83684797549026,0.0,72.83684797549026
953.041786,154,100.514837,953.0417864431397,0.0,953.0417864431397
984.381032,161,101.218198,984.381031623785,0.0,984.381031623785
982.106896,155,101.327786,982.106895859635,0.0,982.106895859635
85.145476,44,101.353082,85.14547611494064,0.0,85.14547611494064
383.866032,118,101.4372,383.866032206587,0.0,383.866032206587
129.22426,53,101.47088,129.22426035091158,0.0,129.22426035091158
88.684764,52,101.508794,88.68476409057548,0.0,88.68476409057548
984.251177,152,101.608751,984.2511774522926,0.0,984.2511774522926
368.680607,103,101.671433,368.6806072214162,0.0,368.6806072214162
920.140105,162,101.759872,920.1401050141214,0.0,920.1401050141214
985.287877,155,101.841986,985.2878766078177,0.0,985.2878766078177
958.172987,142,101.917852,958.1729871777075,0.0,958.1729871777075
991.469754,220,102.035825,991.4697541669461,0.0,991.4697541669461
921.659047,162,102.122421,921.6590474969249,0.0,921.6590474969249
998.590094,162,102.210821,998.5900935838608,0.0,998.5900935838608
993.734571,158,102.296292,993.7345710864015,0.0,993.7345710864015
77.528924,46,102.320485,77.52892408278709,0.0,77.52892408278709
981.17791,158,103.027251,981.1779102171045,0.0,981.1779102171045
981.508573,149,103.137202,981.5085725742587,0.0,981.5085725742587
-43.624443,18,103.152189,-43.624442848498745,0.0,-43.624442848498745
989.654065,161,103.260931,989.6540653200796,0.0,989.6540653200796
-17.241946,23,103.282114,-17.241946492590017,0.0,-17.241946492590017
974.628568,147,103.386951,974.6285675588538,0.0,974.6285675588538
988.500226,157,103.488518,988.5002255956881,0.0,988.5002255956881
964.568452,154,103.576893,964.5684516510024,0.0,964.5684516510024
-45.982514,19,103.588499,-45.9825142804217,0.0,-45.9825142804217
73.053119,44,103.611646,73.0531185366474,0.0,73.0531185366474
127.730144,52,103.640809,127.7301442890095,0.0,127.7301442890095
987.262862,160,103.723905,987.2628617363453,0.0,987.2628617363453
995.00207,158,103.80967,995.0020700783641,0.0,995.0020700783641
-28.377823,28,103.825466,-28.37782306986449,0.0,-28.37782306986449
965.129629,187,103.925228,965.12962872218,0.0,965.12962872218
358.089754,92,103.975284,358.0897542229842,0.0,358.0897542229842
926.969582,144,104.052311,926.9695824958195,0.0,926.9695824958195
47.414112,56,104.081638,47.41411200859045,0.0,47.41411200859045
313.638038,99,104.137852,313.63803794796013,0.0,313.63803794796013
937.797861,147,104.839128,937.7978606461403,0.0,937.7978606461403
76.339548,48,104.865861,76.33954782025349,0.0,76.33954782025349
1005.632386,162,104.965795,1005.6323862979842,0.0,1005.6323862979842
950.665917,154,105.065827,950.6659169610302,0.0,950.6659169610302
967.107417,154,105.167057,967.1074168832974,0.0,967.1074168832974
434.913757,109,105.226642,434.9137565202118,0.0,434.9137565202118
102.835462,54,105.255373,102.83546193555605,0.0,102.83546193555605
-24.064388,28,105.27204,-24.064388258333253,0.0,-24.064388258333253
963.609039,159,105.356429,963.6090385444367,0.0,963.6090385444367
115.985187,51,105.385229,115.98518689556437,0.0,115.98518689556437
966.032596,147,105.463749,966.032595980196,0.0,966.032595980196
952.457894,149,105.545162,952.4578935201645,0.0,952.4578935201645
81.830616,42,105.567395,81.83061562774958,0.0,81.83061562774958
443.855174,111,105.626076,443.8551737105437,0.0,443.8551737105437
356.089575,88,105.672887,356.0895749977424,0.0,356.0895749977424
968.078134,149,105.753391,968.0781335446962,0.0,968.0781335446962
991.697965,151,105.83504,991.6979654927567,0.0,991.6979654927567
955.178731,153,105.915914,955.1787313832913,0.0,955.1787313832913
9.997309,28,105.931687,9.997309150325023,0.0,9.997309150325023
967.51689,148,106.668092,967.5168895483423,0.0,967.5168895483423
381.45729,103,106.735829,381.4572900556585,0.0,381.4572900556585
966.578969,146,106.831367,966.5789694405712,0.0,966.5789694405712
82.855477,47,106.863369,82.85547694694009,0.0,82.85547694694009
1003.54677,155,106.969829,1003.5467701457909,0.0,1003.5467701457909
969.016977,143,107.065974,969.0169768039901,0.0,969.0169768039901
116.162056,48,107.093308,116.16205628998529,0.0,116.16205628998529
72.581493,42,107.117289,72.58149252322177,0.0,72.58149252322177
937.426943,141,107.192085,937.4269430852705,0.0,937.4269430852705
969.239215,150,107.27413,969.239215414257,0.0,969.239215414257
960.543785,151,107.353378,960.5437849431041,0.0,960.5437849431041
75.140848,44,107.378478,75.14084761720044,0.0,75.14084761720044
922.003582,143,107.456915,922.0035820877933,0.0,922.0035820877933
967.914918,159,107.541843,967.9149184899463,0.0,967.9149184899463
435.938721,110,107.602393,435.9387214505718,0.0,435.9387214505718
425.500494,105,107.658428,425.50049375760193,0.0,425.50049375760193
83.085054,44,107.683939,83.08505433084699,0.0,83.08505433084699
301.624699,88,107.732519,301.62469894856645,0.0,301.62469894856645
966.440153,164,111.554029,966.4401533111691,0.0,966.4401533111691
141.307026,58,111.590397,141.30702638362246,0.0,141.30702638362246
53.909951,35,111.611601,53.909950613497074,0.0,53.909950613497074
182.721925,68,111.653467,182.72192487751425,0.0,182.72192487751425
958.779664,156,111.754108,958.7796644326071,0.0,958.7796644326071
115.659741,46,111.783541,115.65974106814126,0.0,115.65974106814126
977.286353,156,111.867371,977.2863528675072,0.0,977.2863528675072
373.910831,98,111.923336,373.910830837572,0.0,373.910830837572
1015.082415,159,112.007242,1015.0824145438173,0.0,1015.0824145438173
133.187273,55,112.038054,133.18727258539406,0.0,133.18727258539406
935.839996,159,112.12424,935.8399959856588,0.0,935.8399959856588
425.822939,111,112.183928,425.8229388485696,0.0,425.8229388485696
104.367494,49,112.213342,104.36749415140048,0.0,104.36749415140048
17.915137,38,112.234498,17.915136501519783,0.0,17.915136501519783
88.210265,49,112.261944,88.21026507517874,0.0,88.21026507517874
936.835875,149,112.341318,936.8358747073937,0.0,936.8358747073937
347.162926,107,112.400895,347.162925539286,0.0,347.162925539286
-56.930827,16,112.411471,-56.930826794270054,0.0,-56.930826794270054
970.230031,158,112.497612,970.2300305064889,0.0,970.2300305064889
965.2826,146,112.590977,965.2826001733785,0.0,965.2826001733785
90.291842,43,112.619745,90.29184204626382,0.0,90.29184204626382
115.053906,49,112.654589,115.05390616207835,0.0,115.05390616207835
926.248589,141,113.362858,926.2485892137715,0.0,926.2485892137715
108.186544,46,113.393174,108.18654421303184,0.0,108.18654421303184
84.375998,47,113.428072,84.37599817453372,0.0,84.37599817453372
991.945442,163,113.528659,991.9454415974311,0.0,991.9454415974311
979.152796,144,113.614619,979.1527957273186,0.0,979.1527957273186
155.904011,61,113.647109,155.9040106528337,0.0,155.9040106528337
1014.203364,160,113.732705,1014.2033639099039,0.0,1014.2033639099039
371.639573,94,113.783237,371.63957269367563,0.0,371.63957269367563
-46.446037,19,113.793578,-46.446037010014464,0.0,-46.446037010014464
72.632876,49,113.82075,72.63287625997279,0.0,72.63287625997279
337.060744,91,113.86869,337.0607442949754,0.0,337.0607442949754
89.549373,44,113.892844,89.549373219391,0.0,89.549373219391
-26.670377,21,113.906493,-26.670376714099902,0.0,-26.670376714099902
87.885543,41,113.929213,87.88554337993648,0.0,87.88554337993648
989.091042,152,114.013552,989.0910422459473,0.0,989.0910422459473
935.484176,141,114.0886,935.4841762876979,0.0,935.4841762876979
-23.741391,25,114.105265,-23.74139095289283,0.0,-23.74139095289283
8.015115,35,114.126019,8.015115171186466,0.0,8.015115171186466
989.407554,161,114.211352,989.4075536318642,0.0,989.4075536318642
968.937967,154,114.292289,968.9379667887489,0.0,968.9379667887489
-6.122638,25,114.307441,-6.122637767987854,0.0,-6.122637767987854
17.222533,36,114.330142,17.222532863773353,0.0,17.222532863773353
954.151683,150,114.425201,954.1516826497033,0.0,954.1516826497033
987.642457,148,115.152868,987.6424565641231,0.0,987.6424565641231
149.686448,60,115.187782,149.68644799647473,0.0,149.68644799647473
968.714688,147,115.281263,968.7146881294246,0.0,968.7146881294246
324.660482,91,115.345035,324.6604820245062,0.0,324.6604820245062
107.978119,45,115.379574,107.97811899490621,0.0,107.97811899490621
-51.609099,17,115.393255,-51.60909938288149,0.0,-51.60909938288149
33.242335,38,115.41909,33.24233522893283,0.0,33.24233522893283
993.7291,150,115.511533,993.7290995996846,0.0,993.7290995996846
969.301127,160,115.604256,969.3011266753169,0.0,969.3011266753169
137.446144,62,115.642288,137.44614365022832,0.0,137.44614365022832
54.000477,36,115.66497,54.00047666930094,0.0,54.00047666930094
952.309028,142,115.746243,952.3090276778405,0.0,952.3090276778405
356.843199,92,115.799604,356.84319915304894,0.0,356.84319915304894
958.68957,149,115.887744,958.6895698992146,0.0,958.6895698992146
156.646683,65,115.925217,156.64668266664802,0.0,156.64668266664802
995.378834,159,116.012919,995.3788337954177,0.0,995.3788337954177
977.273919,147,116.093296,977.2739186396271,0.0,977.2739186396271
277.176537,88,116.139561,277.1765373432655,0.0,277.1765373432655
983.775278,154,116.221782,983.775278357018,0.0,983.775278357018
984.916233,145,116.298111,984.9162327916688,0.0,984.9162327916688
396.07503,101,116.960089,396.07503037645023,0.0,396.07503037645023
954.481935,150,117.055404,954.4819352688585,0.0,954.4819352688585
-32.468827,20,117.070533,-32.46882651832793,0.0,-32.46882651832793
160.144825,60,117.111421,160.1448245999064,0.0,160.1448245999064
77.057912,40,117.140239,77.05791159655975,0.0,77.05791159655975
1003.560113,151,117.238192,1003.5601133451287,0.0,1003.5601133451287
983.212696,168,117.333083,983.2126956959007,0.0,983.2126956959007
41.809477,47,117.360013,41.80947747866705,0.0,41.80947747866705
972.952916,146,117.43754,972.9529160781226,0.0,972.9529160781226
381.987277,99,117.490346,381.98727705272256,0.0,381.98727705272256
96.020258,43,117.515491,96.02025835712114,0.0,96.02025835712114
73.834387,40,117.537484,73.83438674849704,0.0,73.83438674849704
979.223589,147,117.61785,979.2235887020063,0.0,979.2235887020063
325.529967,92,117.667003,325.5299671835934,0.0,325.5299671835934
107.834485,52,117.697314,107.83448505258707,0.0,107.83448505258707
967.16481,147,117.775535,967.1648104997967,0.0,967.1648104997967
152.342135,54,117.805884,152.34213461123073,0.0,152.34213461123073
122.153153,51,117.837929,122.15315265494456,0.0,122.15315265494456
158.592535,61,117.871617,158.59253519697202,0.0,158.59253519697202
210.533378,72,117.912095,210.53337818355956,0.0,210.53337818355956
991.29566,156,117.99672,991.2956595066224,0.0,991.2956595066224
-35.415579,20,118.008807,-35.41557942502922,0.0,-35.41557942502922
-45.79641,18,118.023964,-45.7964100467688,0.0,-45.7964100467688
-8.387192,27,118.040427,-8.38719171751137,0.0,-8.38719171751137
24.165026,31,118.059693,24.165025576412148,0.0,24.165025576412148
954.464208,143,118.136258,954.4642077298588,0.0,954.4642077298588
130.858956,53,118.780294,130.85895642961003,0.0,130.85895642961003
947.08698,149,118.873409,947.0869800001844,0.0,947.0869800001844
976.069665,150,118.973481,976.0696651529889,0.0,976.0696651529889
85.822512,42,119.002258,85.82251195737982,0.0,85.82251195737982
960.467612,157,119.095436,960.4676116887531,0.0,960.4676116887531
-21.345817,22,119.109032,-21.345816702917446,0.0,-21.345816702917446
123.641267,48,119.136729,123.64126701125761,0.0,123.64126701125761
919.279029,135,119.207848,919.2790289402845,0.0,919.2790289402845
958.296372,142,119.282483,958.2963722132718,0.0,958.2963722132718
961.368101,150,119.367897,961.368100579409,0.0,961.368100579409
933.965008,147,119.446033,933.9650081134962,0.0,933.9650081134962
204.955006,71,119.485306,204.95500563982768,0.0,204.95500563982768
92.169139,45,119.510981,92.16913851118912,0.0,92.16913851118912
969.995762,147,119.588873,969.9957615821529,0.0,969.9957615821529
451.701269,114,119.652592,451.70126875551455,0.0,451.70126875551455
-24.478141,22,119.66578,-24.478141141261972,0.0,-24.478141141261972
963.912989,157,122.929789,963.9129894119577,0.0,963.9129894119577
112.206455,46,122.955024,112.20645546747396,0.0,112.20645546747396
1001.405673,163,123.041356,1001.405672766513,0.0,1001.405672766513
421.062358,110,123.714885,421.06235751909685,0.0,421.06235751909685
1000.94966,156,123.816943,1000.9496598401255,0.0,1000.9496598401255
996.530313,156,123.928749,996.5303128113554,0.0,996.5303128113554
75.874865,40,123.957525,75.87486519334925,0.0,75.87486519334925
997.196146,150,124.06355,997.1961458216724,0.0,997.1961458216724
986.108493,181,124.18916,986.1084930672783,0.0,986.1084930672783
995.452018,153,124.284368,995.4520183703828,0.0,995.4520183703828
942.579079,137,124.358637,942.5790792463674,0.0,942.5790792463674
368.722396,99,124.411453,368.7223955101781,0.0,368.7223955101781
988.422639,155,124.496097,988.4226389903066,0.0,988.4226389903066
949.159797,148,124.577315,949.1597973212627,0.0,949.1597973212627
187.180324,69,124.616606,187.18032428230603,0.0,187.18032428230603
140.338385,57,124.647142,140.3383850791732,0.0,140.3383850791732
949.439868,152,124.728071,949.4398684904579,0.0,949.4398684904579
27.613088,38,124.749508,27.613087840662303,0.0,27.613087840662303
966.695275,144,124.828695,966.6952745796394,0.0,966.6952745796394
997.149235,160,124.913048,997.1492349365074,0.0,997.1492349365074
385.683569,107,125.5893,385.6835688511836,0.0,385.6835688511836
434.856742,111,125.670122,434.8567423297827,0.0,434.8567423297827
116.944217,55,125.711248,116.9442168812424,0.0,116.9442168812424
7.541693,28,125.735484,7.541693178286266,0.0,7.541693178286266
993.795614,153,125.838775,993.7956140571973,0.0,993.7956140571973
196.34407,68,125.890345,196.3440695655078,0.0,196.3440695655078
962.383401,151,125.991873,962.3834005856621,0.0,962.3834005856621
416.266501,106,126.058468,416.2665008174689,0.0,416.2665008174689
972.380975,151,126.158456,972.3809749970819,0.0,972.3809749970819
157.633923,62,126.193742,157.6339226875917,0.0,157.6339226875917
112.067164,46,126.218956,112.06716392647249,0.0,112.06716392647249
935.920129,143,126.29632,935.9201289699374,0.0,935.9201289699374
65.345292,37,126.317552,65.34529212401044,0.0,65.34529212401044
99.486363,47,126.343226,99.48636287847661,0.0,99.48636287847661
434.17641,104,126.400247,434.17641041622727,0.0,434.17641041622727
968.696589,151,126.479443,968.6965885309346,0.0,968.6965885309346
952.857701,142,126.554399,952.8577011449845,0.0,952.8577011449845
968.431184,147,126.634062,968.4311841719341,0.0,968.4311841719341
399.688952,114,126.6963,399.6889524753537,0.0,399.6889524753537
927.174037,137,126.771338,927.1740367249727,0.0,927.1740367249727
379.225955,109,127.444294,379.22595517928914,0.0,379.22595517928914
973.381208,148,127.553056,973.3812079452567,0.0,973.3812079452567
994.148603,150,127.660609,994.1486031102984,0.0,994.1486031102984
980.934422,149,127.765821,980.9344221326567,0.0,980.9344221326567
2.949449,28,127.786513,2.9494486159949815,0.0,2.9494486159949815
81.52535,41,127.818338,81.52535016669931,0.0,81.52535016669931
155.673421,56,127.855369,155.6734208980276,0.0,155.6734208980276
354.973966,88,127.909925,354.97396604401894,0.0,354.97396604401894
399.799067,110,127.980835,399.79906682741836,0.0,399.79906682741836
79.908772,42,128.007674,79.90877198631878,0.0,79.90877198631878
109.71669,51,128.0349,109.71669021917222,0.0,109.71669021917222
-38.510063,20,128.046502,-38.51006255665261,0.0,-38.51006255665261
979.551462,150,128.125145,979.5514618892937,0.0,979.5514618892937
105.82356,47,128.152116,105.823560270579,0.0,105.823560270579
934.248947,162,128.237429,934.2489468814642,0.0,934.2489468814642
155.581921,61,128.270489,155.58192094460364,0.0,155.58192094460364
983.443054,168,128.360244,983.4430541919328,0.0,983.4430541919328
985.264501,150,128.438337,985.2645012249459,0.0,985.2645012249459
-9.246474,24,128.453551,-9.246474427589462,0.0,-9.246474427589462
-49.270607,17,128.464103,-49.27060712738185,0.0,-49.27060712738185
191.065414,67,128.503077,191.065413720352,0.0,191.065413720352
952.322375,148,128.580103,952.3223747474274,0.0,952.3223747474274
982.71423,153,129.271624,982.7142298062101,0.0,982.7142298062101
-5.360017,25,129.291311,-5.360017045908947,0.0,-5.360017045908947
944.606941,142,129.380216,944.606941413538,0.0,944.606941413538
83.842077,41,129.410535,83.8420770341148,0.0,83.8420770341148
409.580351,113,129.486287,409.58035063237935,0.0,409.58035063237935
82.979645,42,129.516593,82.9796446371913,0.0,82.9796446371913
278.425033,88,129.57564,278.4250329329253,0.0,278.4250329329253
88.802614,50,129.61048,88.80261395994657,0.0,88.80261395994657
937.685141,146,129.703803,937.6851410925242,0.0,937.6851410925242
69.729458,38,129.731078,69.72945781762891,0.0,69.72945781762891
98.338457,43,129.75776,98.338456690665,0.0,98.338456690665
135.28028,52,129.794079,135.28027959814767,0.0,135.28027959814767
34.639801,34,129.816391,34.639800757562796,0.0,34.639800757562796
993.426226,150,129.897022,993.4262258534785,0.0,993.4262258534785
-36.226459,20,129.910611,-36.2264587241134,0.0,-36.2264587241134
44.759949,33,129.930275,44.75994871384984,0.0,44.75994871384984
988.986747,147,130.010417,988.9867474495107,0.0,988.9867474495107
948.716668,146,130.091524,948.7166678160961,0.0,948.7166678160961
103.446699,47,130.11875,103.44669884253902,0.0,103.44669884253902
955.83691,157,130.203069,955.8369100106106,0.0,955.8369100106106
1001.744277,159,130.288419,1001.7442769820914,0.0,1001.7442769820914
119.423065,54,130.318655,119.42306531598888,0.0,119.42306531598888
950.33377,148,130.400335,950.3337700743782,0.0,950.3337700743782
404.131924,100,130.454821,404.1319237815207,0.0,404.1319237815207
983.01712,155,131.137787,983.0171195079545,0.0,983.0171195079545
79.870896,52,131.164442,79.87089584823318,0.0,79.87089584823318
426.281802,104,131.221075,426.2818017973657,0.0,426.2818017973657
119.693795,53,131.250749,119.6937945262708,0.0,119.6937945262708
913.693729,140,131.323287,913.6937294511658,0.0,913.6937294511658
-15.341626,24,131.338436,-15.341626166969604,0.0,-15.341626166969604
945.760983,139,131.412466,945.7609825371419,0.0,945.7609825371419
968.295749,147,131.490407,968.2957485597203,0.0,968.2957485597203
75.676181,44,131.514615,75.67618100541034,0.0,75.67618100541034
926.072676,144,131.604254,926.0726764260887,0.0,926.0726764260887
407.9523,104,131.662907,407.9522996727338,0.0,407.9522996727338
-9.54053,24,131.678049,-9.54052982873182,0.0,-9.54052982873182
266.178541,85,131.722276,266.178541141958,0.0,266.178541141958
84.668042,42,131.745717,84.66804226351536,0.0,84.66804226351536
271.949952,90,131.793709,271.9499524722215,0.0,271.9499524722215
929.725266,139,134.736522,929.725266211799,0.0,929.725266211799
-8.127904,33,134.7588,-8.127904283352336,0.0,-8.127904283352336
415.822221,109,134.832087,415.82222143878676,0.0,415.82222143878676
918.663192,147,134.929371,918.6631919495134,0.0,918.6631919495134
91.466032,43,134.9556,91.4660316085954,0.0,91.4660316085954
972.229193,149,135.055631,972.2291933773213,0.0,972.2291933773213
-25.939314,21,135.070798,-25.939313674499175,0.0,-25.939313674499175
198.274316,68,135.736285,198.2743160657605,0.0,198.2743160657605
83.619041,41,135.7592,83.61904085256394,0.0,83.61904085256394
951.475629,146,135.835933,951.4756286615623,0.0,951.4756286615623
84.801233,43,135.860795,84.80123306166382,0.0,84.80123306166382
920.18816,140,135.936085,920.1881601342161,0.0,920.1881601342161
391.848221,102,135.990764,391.84822137855576,0.0,391.84822137855576
76.019266,40,136.013043,76.01926567373789,0.0,76.01926567373789
86.890162,41,136.037205,86.89016178077294,0.0,86.89016178077294
367.928999,90,136.086455,367.9289990274938,0.0,367.9289990274938
-35.190335,20,136.097038,-35.19033455466163,0.0,-35.19033455466163
93.874759,46,136.122696,93.874759437737,0.0,93.874759437737
976.849579,157,136.203902,976.849579062472,0.0,976.849579062472
61.525144,36,136.224418,61.525144253168506,0.0,61.525144253168506
10.70641,36,136.246681,10.70641006345761,0.0,10.70641006345761
-2.089125,26,136.263813,-2.0891252518786416,0.0,-2.0891252518786416
974.874869,163,136.37127,974.8748694132538,0.0,974.8748694132538
97.328089,45,136.406109,97.32808912210666,0.0,97.32808912210666
-19.79681,24,136.424103,-19.796810048790803,0.0,-19.796810048790803
94.317444,44,136.455476,94.31744376138185,0.0,94.31744376138185
968.25328,148,136.555791,968.2532798561579,0.0,968.2532798561579
67.807453,40,136.579541,67.80745333031986,0.0,67.80745333031986
-46.876605,18,136.592145,-46.876605212835514,0.0,-46.876605212835514
960.345643,150,136.692881,960.3456434474408,0.0,960.3456434474408
-9.734668,25,136.712044,-9.734668441349385,0.0,-9.734668441349385
958.139679,175,136.840258,958.1396794980583,0.0,958.1396794980583
989.451541,149,136.935045,989.451541442103,0.0,989.451541442103
-8.281237,32,136.957756,-8.281236951726726,0.0,-8.281236951726726
-43.60847,19,136.971384,-43.60846970275516,0.0,-43.60846970275516
996.058825,157,137.668245,996.0588250971155,0.0,996.0588250971155
984.784872,145,137.74349,984.7848722862368,0.0,984.7848722862368
85.799454,41,137.767156,85.79945361534415,0.0,85.79945361534415
960.998599,158,137.853762,960.9985993018494,0.0,960.9985993018494
90.333534,42,137.877908,90.33353362925672,0.0,90.33353362925672
959.685047,148,137.955333,959.6850471295588,0.0,959.6850471295588
362.355861,97,138.007776,362.3558608929165,0.0,362.3558608929165
988.005012,158,138.093441,988.0050118563815,0.0,988.0050118563815
82.813729,42,138.1176,82.81372911575713,0.0,82.81372911575713
-34.197563,20,138.13084,-34.19756262967519,0.0,-34.19756262967519
-21.581411,29,138.153555,-21.581410547534617,0.0,-21.581410547534617
380.64925,95,138.215337,380.64925012029687,0.0,380.64925012029687
50.687009,36,138.239082,50.68700946332844,0.0,50.68700946332844
997.106718,155,138.342337,997.1067179914348,0.0,997.1067179914348
947.044129,138,138.43333,947.0441293507411,0.0,947.0441293507411
113.4367,46,138.460572,113.43669974081668,0.0,113.43669974081668
-9.151471,26,138.480309,-9.151470612603788,0.0,-9.151470612603788
122.581349,49,138.513662,122.58134920271878,0.0,122.58134920271878
930.864153,138,138.601041,930.864152668335,0.0,930.864152668335
185.722153,68,138.651033,185.72215308260934,0.0,185.72215308260934
962.642529,150,138.758956,962.6425287669376,0.0,962.6425287669376
349.098344,89,138.814806,349.0983441013899,0.0,349.0983441013899
143.378858,59,138.853683,143.3788578491197,0.0,143.3788578491197
435.801341,111,139.55595,435.8013408660943,0.0,435.8013408660943
961.473331,148,139.635624,961.4733308110859,0.0,961.4733308110859
972.561497,153,139.718119,972.5614973331488,0.0,972.5614973331488
-49.398611,17,139.729475,-49.39861142218845,0.0,-49.39861142218845
373.821638,92,139.777079,373.82163753287193,0.0,373.82163753287193
154.604762,53,139.809411,154.60476183147833,0.0,154.60476183147833
-58.785241,15,139.818972,-58.78524112409821,0.0,-58.78524112409821
970.44223,149,139.898135,970.442230056764,0.0,970.442230056764
204.117085,80,139.942693,204.117084537254,0.0,204.117084537254
385.846979,100,140.003283,385.8469792249289,0.0,385.8469792249289
-14.759611,23,140.023085,-14.759610591850716,0.0,-14.759610591850716
90.745404,49,140.056396,90.7454043705641,0.0,90.7454043705641
32.434904,38,140.083201,32.43490427779858,0.0,32.43490427779858
10.673715,28,140.104398,10.673714819934801,0.0,10.673714819934801
953.927528,147,140.195339,953.9275283233872,0.0,953.9275283233872
67.245845,38,140.222598,67.24584547913166,0.0,67.24584547913166
961.21215,189,140.344276,961.2121501960767,0.0,961.2121501960767
89.991289,43,140.374538,89.99128949588078,0.0,89.99128949588078
-34.088203,21,140.389675,-34.088202656340485,0.0,-34.088202656340485
336.113586,96,140.456563,336.1135860388897,0.0,336.1135860388897
129.875717,50,140.493844,129.87571715340633,0.0,129.87571715340633
55.992613,45,140.531738,55.992613038429454,0.0,55.992613038429454
958.831191,144,140.632804,958.831190580856,0.0,958.831190580856
67.879636,39,140.659545,67.87963627597107,0.0,67.87963627597107
101.384555,52,140.693459,101.38455523016736,0.0,101.38455523016736
414.794956,103,140.759434,414.79495558763807,0.0,414.79495558763807
1006.758108,149,141.441446,1006.7581083396253,0.0,1006.7581083396253
81.957185,43,141.464706,81.95718495399362,0.0,81.95718495399362
116.500268,49,141.493554,116.50026831011455,0.0,116.50026831011455
219.479788,77,141.534341,219.47978799854167,0.0,219.47978799854167
973.206798,149,141.616529,973.2067978821327,0.0,973.2067978821327
260.175562,78,141.656795,260.175562323788,0.0,260.175562323788
983.363163,157,141.742746,983.363162763062,0.0,983.363162763062
972.513062,162,141.829934,972.5130621672029,0.0,972.5130621672029
322.373287,110,141.905938,322.373287247687,0.0,322.373287247687
140.803981,57,141.942251,140.80398088492453,0.0,140.80398088492453
939.521149,140,142.032461,939.5211486289038,0.0,939.5211486289038
404.351486,107,142.104235,404.3514863904808,0.0,404.3514863904808
1009.587638,161,142.205901,1009.5876376154772,0.0,1009.5876376154772
972.892371,150,142.301607,972.892370775956,0.0,972.892370775956
60.643603,36,142.325807,60.643603024115066,0.0,60.643603024115066
-21.156176,23,142.342457,-21.156175528321725,0.0,-21.156175528321725
941.762086,143,142.429542,941.7620863966396,0.0,941.7620863966396
953.814734,153,142.509334,953.8147344259268,0.0,953.8147344259268
990.279728,159,143.197209,990.279728053253,0.0,990.279728053253
952.967732,143,143.27485,952.9677324611264,0.0,952.9677324611264
-23.604355,23,143.288469,-23.6043545427962,0.0,-23.6043545427962
362.946357,97,143.341339,362.94635740203876,0.0,362.94635740203876
960.714224,154,143.425692,960.7142242337966,0.0,960.7142242337966
109.801854,47,143.453707,109.80185360234604,0.0,109.80185360234604
12.338602,29,143.468822,12.338602395950488,0.0,12.338602395950488
942.389821,150,143.549506,942.3898212414443,0.0,942.3898212414443
939.05035,149,143.628578,939.0503498538494,0.0,939.0503498538494
4.068872,26,143.645238,4.068872260609112,0.0,4.068872260609112
955.360956,154,143.72892,955.3609560111158,0.0,955.3609560111158
378.80638,100,143.781834,378.8063797416993,0.0,378.8063797416993
95.913797,44,143.80958,95.9137970537414,0.0,95.9137970537414
84.483493,41,143.832968,84.48349311518078,0.0,84.48349311518078
955.825987,143,146.886114,955.8259871216977,0.0,955.8259871216977
1012.407958,161,146.990153,1012.4079575545832,0.0,1012.4079575545832
982.186695,152,147.092663,982.1866951659295,0.0,982.1866951659295
95.435114,53,147.124457,95.43511353653136,0.0,95.43511353653136
380.849765,100,147.193673,380.8497651732006,0.0,380.8497651732006
913.996574,223,147.338694,913.9965741561225,0.0,913.9965741561225
956.318241,145,148.068077,956.3182408072893,0.0,956.3182408072893
223.1545,78,148.118541,223.15449968954752,0.0,223.15449968954752
21.729292,37,148.144289,21.729291825173817,0.0,21.729291825173817
54.280033,38,148.169064,54.280032513727875,0.0,54.280032513727875
329.057495,90,148.224445,329.05749495689594,0.0,329.05749495689594
991.15405,161,148.32605,991.1540501767278,0.0,991.1540501767278
-41.726872,20,148.342707,-41.72687190151788,0.0,-41.72687190151788
940.55229,143,148.436367,940.5522896474349,0.0,940.5522896474349
950.290082,159,148.536334,950.2900817170249,0.0,950.2900817170249
1007.093438,171,148.638414,1007.0934378615034,0.0,1007.0934378615034
958.685018,148,148.718028,958.6850183557908,0.0,958.6850183557908
956.41667,146,148.798201,956.4166703051629,0.0,956.4166703051629
995.453816,151,148.894215,995.4538161747354,0.0,995.4538161747354
995.701514,149,148.994144,995.7015138395187,0.0,995.7015138395187
102.075367,49,149.028925,102.07536728092441,0.0,102.07536728092441
935.883148,142,149.11617,935.8831481558324,0.0,935.8831481558324
89.782944,44,149.147739,89.78294396374459,0.0,89.78294396374459
328.550995,93,149.207766,328.5509949794539,0.0,328.5509949794539
926.396881,144,149.899189,926.3968806370515,0.0,926.3968806370515
1016.836799,159,149.998562,1016.8367992987762,0.0,1016.8367992987762
930.417199,138,150.082801,930.417198679065,0.0,930.417198679065
973.684578,158,150.186192,973.6845776511857,0.0,973.6845776511857
410.382294,107,150.25808,410.38229394062074,0.0,410.38229394062074
64.370137,39,150.285312,64.37013677546281,0.0,64.37013677546281
102.718327,50,150.321676,102.7183270580961,0.0,102.7183270580961
947.226909,151,150.418221,947.2269088963845,0.0,947.2269088963845
132.867274,54,150.455942,132.86727436315135,0.0,132.86727436315135
162.954054,60,150.495821,162.9540542992261,0.0,162.9540542992261
985.806103,148,150.572844,985.8061033652878,0.0,985.8061033652878
366.806273,101,150.625759,366.80627256636626,0.0,366.80627256636626
967.676561,144,150.709222,967.6765607083025,0.0,967.6765607083025
75.83354,49,150.737949,75.83354028259967,0.0,75.83354028259967
999.922665,152,150.838109,999.9226647090791,0.0,999.9226647090791
423.878926,104,150.909844,423.8789262529175,0.0,423.8789262529175
932.345597,152,151.000714,932.3455967385792,0.0,932.3455967385792
460.646795,110,151.068773,460.6467952999315,0.0,460.6467952999315
974.163024,144,151.161992,974.1630235264407,0.0,974.1630235264407
384.746689,95,151.819005,384.7466887891987,0.0,384.7466887891987
20.075547,35,151.8428,20.075546795497786,0.0,20.075546795497786
454.931558,111,151.91852,454.9315581221729,0.0,454.9315581221729
969.32966,159,152.025563,969.3296603316938,0.0,969.3296603316938
959.477858,147,152.119883,959.4778576846918,0.0,959.4778576846918
388.582391,106,152.187709,388.5823912856434,0.0,388.5823912856434
1005.287246,163,152.296658,1005.2872459865858,0.0,1005.2872459865858
-2.322298,27,152.316381,-2.3222979185217554,0.0,-2.3222979185217554
970.272545,173,152.42478,970.2725451003205,0.0,970.2725451003205
942.089257,150,152.504788,942.0892571726777,0.0,942.0892571726777
957.379313,151,152.584905,957.3793126328817,0.0,957.3793126328817
118.999304,55,152.619672,118.9993040608988,0.0,118.9993040608988
216.559457,72,152.669042,216.5594569786521,0.0,216.5594569786521
248.191657,88,152.729661,248.19165732861515,0.0,248.19165732861515
9.662542,29,152.750861,9.662541802662162,0.0,9.662541802662162
1008.035819,156,152.854168,1008.0358187417293,0.0,1008.0358187417293
991.869104,146,152.952006,991.8691035401184,0.0,991.8691035401184
973.831422,151,153.050462,973.8314215130761,0.0,973.8314215130761
411.770233,101,153.70485,411.77023268960085,0.0,411.77023268960085
417.488293,105,153.770367,417.48829340491596,0.0,417.48829340491596
994.620179,161,153.874966,994.620179169759,0.0,994.620179169759
77.09903,41,153.905261,77.09903001438236,0.0,77.09903001438236
85.836471,40,153.9335,85.83647103645114,0.0,85.83647103645114
911.564155,201,154.071094,911.5641551444339,0.0,911.5641551444339
396.182221,98,154.130118,396.1822212033452,0.0,396.1822212033452
89.335542,42,154.160368,89.33554164810698,0.0,89.33554164810698
43.161967,35,154.184626,43.1619668860568,0.0,43.1619668860568
964.287709,146,154.280788,964.2877090623394,0.0,964.2877090623394
-1.211586,25,154.29895,-1.211585863839801,0.0,-1.211585863839801
979.284366,150,154.378507,979.2843662592352,0.0,979.2843662592352
916.211303,145,154.457205,916.2113026947591,0.0,916.2113026947591
954.702758,143,154.553191,954.7027577332316,0.0,954.7027577332316
54.31338,36,154.578424,54.31337951847138,0.0,54.31337951847138
123.068828,48,154.611697,123.06882794693186,0.0,123.06882794693186
88.957948,41,154.63855,88.95794758254685,0.0,88.95794758254685
442.280614,107,154.705522,442.2806137875393,0.0,442.2806137875393
967.795035,159,154.809304,967.7950347965574,0.0,967.7950347965574
99.076808,52,154.848001,99.07680761318136,0.0,99.07680761318136
949.92804,140,154.940417,949.9280404528553,0.0,949.9280404528553
10.360029,28,154.960096,10.360028726386034,0.0,10.360028726386034
962.059188,160,155.640965,962.0591875746269,0.0,962.0591875746269
50.794012,34,155.66009,50.79401204374918,0.0,50.79401204374918
447.898749,108,155.719254,447.89874918338126,0.0,447.89874918338126
-24.161044,22,155.732833,-24.161044122848338,0.0,-24.161044122848338
958.805648,150,155.813774,958.805648226152,0.0,958.805648226152
126.336708,53,155.844813,126.3367075209197,0.0,126.3367075209197
971.486177,158,155.928239,971.4861771249973,0.0,971.4861771249973
-21.424772,23,155.941844,-21.42477202435454,0.0,-21.42477202435454
1001.392842,167,156.030662,1001.3928415049976,0.0,1001.3928415049976
950.449619,142,156.107306,950.4496194962142,0.0,950.4496194962142
116.321257,48,159.012662,116.32125653661961,0.0,116.32125653661961
79.243849,39,159.033819,79.24384906822073,0.0,79.24384906822073
86.821524,41,159.056503,86.82152440970262,0.0,86.82152440970262
-31.606503,20,159.068598,-31.606502756214425,0.0,-31.606502756214425
989.679967,153,159.150927,989.6799672970185,0.0,989.6799672970185
1030.978438,157,159.232178,1030.9784377584585,0.0,1030.9784377584585
957.168356,146,159.32098,957.1683562364235,0.0,957.1683562364235
398.52749,97,159.387272,398.52749003902954,0.0,398.52749003902954
-41.92206,19,159.400911,-41.92206001122159,0.0,-41.92206001122159
985.675428,153,159.502291,985.6754279717272,0.0,985.6754279717272
935.650299,145,159.599117,935.6502987435967,0.0,935.6502987435967
959.329107,148,160.311418,959.3291067335189,0.0,959.3291067335189
1026.397486,167,160.401533,1026.397485954888,0.0,1026.397485954888
962.663611,145,160.478611,962.6636112340399,0.0,962.6636112340399
988.221896,159,160.562472,988.2218957743729,0.0,988.2218957743729
74.339334,38,160.584988,74.33933351279606,0.0,74.33933351279606
124.329859,48,160.612247,124.3298591936798,0.0,124.3298591936798
461.937395,115,160.675061,461.9373945548365,0.0,461.9373945548365
212.217095,81,160.720464,212.2170949122636,0.0,212.2170949122636
98.364954,45,160.746114,98.3649540901702,0.0,98.3649540901702
946.52349,139,160.82106,946.5234898380371,0.0,946.5234898380371
939.195226,145,160.897681,939.1952255122878,0.0,939.1952255122878
972.709959,153,160.979333,972.7099592476143,0.0,972.7099592476143
995.07171,152,161.064915,995.0717096712497,0.0,995.0717096712497
180.771337,64,161.107321,180.77133741589316,0.0,180.77133741589316
57.534078,40,161.134569,57.5340782493991,0.0,57.5340782493991
440.123538,110,161.207049,440.1235377865429,0.0,440.1235377865429
423.017814,103,161.276508,423.0178143634812,0.0,423.0178143634812
968.50257,161,161.385643,968.5025701853863,0.0,968.5025701853863
-45.519454,18,161.396256,-45.51945350496496,0.0,-45.51945350496496
8.078197,28,161.419532,8.078197245580142,0.0,8.078197245580142
125.137847,48,161.456974,125.13784685129501,0.0,125.13784685129501
-11.211488,25,162.090652,-11.21148768935295,0.0,-11.21148768935295
960.164424,153,162.170227,960.1644238861613,0.0,960.1644238861613
140.199622,61,162.202111,140.1996223977937,0.0,140.1996223977937
972.954058,146,162.281747,972.9540576449876,0.0,972.9540576449876
391.956663,104,162.338931,391.9566626910897,0.0,391.9566626910897
975.561256,154,162.422226,975.5612561215653,0.0,975.5612561215653
13.30692,28,162.438912,13.306920347480471,0.0,13.306920347480471
1011.214448,156,162.521455,1011.2144476007841,0.0,1011.2144476007841
88.14493,42,162.542639,88.14493030958006,0.0,88.14493030958006
-12.087755,25,162.559266,-12.087754512824418,0.0,-12.087754512824418
326.215964,96,162.61138,326.21596441140326,0.0,326.21596441140326
977.209751,148,162.688601,977.2097512448004,0.0,977.2097512448004
118.282325,46,162.715829,118.28232506216987,0.0,118.28232506216987
54.009094,36,162.737039,54.00909418251294,0.0,54.00909418251294
104.461722,45,162.762478,104.46172235681573,0.0,104.46172235681573
87.893371,43,162.786289,87.89337076665053,0.0,87.89337076665053
915.959091,145,162.873401,915.9590905594517,0.0,915.9590905594517
371.601941,107,162.942641,371.6019406895766,0.0,371.6019406895766
385.330959,97,163.008707,385.330958501092,0.0,385.330958501092
946.465532,157,163.107972,946.4655323989423,0.0,946.4655323989423
89.781973,50,163.148851,89.78197316044219,0.0,89.78197316044219
28.664543,36,163.172564,28.664543243769216,0.0,28.664543243769216
134.643612,52,163.2131,134.64361176210758,0.0,134.64361176210758
115.929406,50,163.254026,115.92940579493617,0.0,115.92940579493617
80.047379,42,163.28493,80.04737940940456,0.0,80.04737940940456
978.272092,148,163.978102,978.272091536053,0.0,978.272091536053
406.549411,98,164.032593,406.5494108494711,0.0,406.5494108494711
977.162392,154,164.116738,977.1623917769853,0.0,977.1623917769853
-32.200014,20,164.128481,-32.200014193496415,0.0,-32.200014193496415
960.781846,149,164.208307,960.7818462972284,0.0,960.7818462972284
936.465525,143,164.285416,936.4655246095489,0.0,936.4655246095489
128.053265,54,164.317646,128.05326530619647,0.0,128.05326530619647
72.404968,39,164.338853,72.40496789206288,0.0,72.40496789206288
-52.644085,16,164.347914,-52.64408535827553,0.0,-52.64408535827553
953.101096,151,164.427807,953.1010956279481,0.0,953.1010956279481
427.842303,107,164.486618,427.84230274497867,0.0,427.84230274497867
64.564167,37,164.506269,64.564166799724,0.0,64.564166799724
952.186023,156,164.590327,952.1860234912534,0.0,952.1860234912534
15.651688,29,164.606571,15.65168781580465,0.0,15.65168781580465
1008.855233,157,164.704086,1008.8552331497133,0.0,1008.8552331497133
966.481471,148,164.800704,966.4814710662062,0.0,966.4814710662062
980.302343,155,164.904031,980.3023425059016,0.0,980.3023425059016
1003.505775,165,165.016284,1003.5057749383833,0.0,1003.5057749383833
93.278142,49,165.052244,93.27814179671256,0.0,93.27814179671256
991.049186,160,165.758683,991.0491855645821,0.0,991.0491855645821
967.66485,148,165.836668,967.6648502422037,0.0,967.6648502422037
332.582526,93,165.885607,332.582526388621,0.0,332.582526388621
921.91329,140,165.960339,921.9132901375208,0.0,921.9132901375208
966.696395,143,166.037139,966.6963947613381,0.0,966.6963947613381
943.157244,170,166.128107,943.1572438604596,0.0,943.1572438604596
953.078144,157,166.216206,953.0781444720706,0.0,953.0781444720706
985.671342,149,166.296976,985.6713419066526,0.0,985.6713419066526
130.08411,55,166.327599,130.08410962690948,0.0,130.08410962690948
84.097015,41,166.350257,84.09701468505081,0.0,84.09701468505081
947.346926,141,166.425303,947.3469258072333,0.0,947.3469258072333
994.344238,163,166.529767,994.3442380196155,0.0,994.3442380196155
81.733607,40,166.556988,81.7336066299239,0.0,81.7336066299239
167.511335,66,166.60193,167.51133533962098,0.0,167.51133533962098
61.05609,36,166.62762,61.05609012845859,0.0,61.05609012845859
988.082341,152,166.734193,988.082341338086,0.0,988.082341338086
330.845246,98,166.798854,330.84524613249596,0.0,330.84524613249596
931.418061,190,167.549891,931.418060704939,0.0,931.418060704939
927.79498,158,167.630975,927.794979583073,0.0,927.794979583073
981.114385,158,167.715062,981.1143846334106,0.0,981.1143846334106
967.277537,148,167.796597,967.2775371080236,0.0,967.2775371080236
79.37037,45,167.821635,79.3703703100751,0.0,79.3703703100751
420.14512,103,167.877127,420.14511993210715,0.0,420.14511993210715
-41.890326,18,167.889211,-41.89032581824482,0.0,-41.89032581824482
-33.353279,21,167.90281,-33.35327938132154,0.0,-33.35327938132154
911.815629,134,170.756524,911.8156291807311,0.0,911.8156291807311
382.312647,102,170.810951,382.3126470068043,0.0,382.3126470068043
92.868761,41,170.833249,92.8687607990857,0.0,92.8687607990857
937.540762,140,170.908441,937.5407616913876,0.0,937.5407616913876
362.567418,114,170.971422,362.5674181702682,0.0,362.5674181702682
920.066154,140,171.047059,920.0661541000802,0.0,920.0661541000802
974.395389,141,171.121273,974.3953886931547,0.0,974.3953886931547
1003.136667,155,171.203931,1003.1366673175551,0.0,1003.1366673175551
966.022333,146,171.283291,966.0223333367235,0.0,966.0223333367235
85.908296,42,171.30598,85.90829628990004,0.0,85.90829628990004
944.950705,141,171.38172,944.9507052527795,0.0,944.9507052527795
981.278453,167,172.091016,981.2784530441637,0.0,981.2784530441637
928.480924,139,172.18973,928.4809239752808,0.0,928.4809239752808
-41.168726,18,172.204433,-41.16872637992708,0.0,-41.16872637992708
-35.53936,20,172.221142,-35.5393596827096,0.0,-35.5393596827096
21.941284,35,172.243908,21.941283879290694,0.0,21.941283879290694
985.327209,150,172.347193,985.3272094173534,0.0,985.3272094173534
124.923848,53,172.380041,124.92384805035366,0.0,124.92384805035366
935.968923,136,172.466955,935.9689234226219,0.0,935.9689234226219
70.42404,41,172.495282,70.42403952527859,0.0,70.42403952527859
310.628106,88,172.551417,310.62810634447794,0.0,310.62810634447794
957.271902,149,172.642425,957.2719022657585,0.0,957.2719022657585
206.104142,67,172.683974,206.10414158629774,0.0,206.10414158629774
-41.352305,19,172.696076,-41.35230494093102,0.0,-41.35230494093102
372.787684,95,172.74752,372.7876837276028,0.0,372.7876837276028
60.354512,37,172.76866,60.35451167843348,0.0,60.35451167843348
936.168187,142,172.845647,936.1681867335122,0.0,936.1681867335122
326.863657,106,172.904674,326.86365657825945,0.0,326.86365657825945
956.704156,148,172.983513,956.7041562946764,0.0,956.7041562946764
977.076235,144,173.060112,977.0762345800362,0.0,977.0762345800362
951.391475,142,173.137377,951.391475243453,0.0,951.391475243453
3.070718,26,173.154035,3.0707182809197064,0.0,3.0707182809197064
24.986619,31,173.172225,24.98661918947407,0.0,24.98661918947407
92.192668,44,173.196516,92.19266830335852,0.0,92.19266830335852
-2.19463,25,173.2117,-2.19462994107721,0.0,-2.19462994107721
392.075607,110,173.271167,392.07560686178863,0.0,392.07560686178863
927.82315,143,173.971412,927.8231501407936,0.0,927.8231501407936
965.641478,154,174.076126,965.6414777871414,0.0,965.6414777871414
933.09987,152,174.179789,933.0998703238972,0.0,933.0998703238972
85.024967,40,174.207215,85.02496741347102,0.0,85.02496741347102
420.99497,106,174.27544,420.9949702780222,0.0,420.9949702780222
-51.764654,18,174.292157,-51.764654393583356,0.0,-51.764654393583356
-55.160779,16,174.302788,-55.16077895886339,0.0,-55.16077895886339
56.968714,44,174.332683,56.96871425932122,0.0,56.96871425932122
980.284096,143,174.422537,980.2840956930069,0.0,980.2840956930069
59.905766,43,174.452916,59.90576579003945,0.0,59.90576579003945
99.911239,45,174.484794,99.91123918485592,0.0,99.91123918485592
982.558457,149,174.569486,982.5584573694747,0.0,982.5584573694747
961.226694,147,174.64777,961.2266935641926,0.0,961.2266935641926
946.353186,144,174.724174,946.3531858250311,0.0,946.3531858250311
-58.573725,15,174.733228,-58.57372498022085,0.0,-58.57372498022085
915.132324,134,174.805453,915.1323240952366,0.0,915.1323240952366
990.88192,146,174.882994,990.8819196362431,0.0,990.8819196362431
-26.466411,22,174.896585,-26.466410668922407,0.0,-26.466410668922407
158.539399,63,174.931403,158.5393991350937,0.0,158.5393991350937
-53.622285,16,174.943513,-53.622285089274826,0.0,-53.622285089274826
996.757388,153,175.022514,996.7573876616229,0.0,996.7573876616229
935.723636,142,175.097559,935.7236363847468,0.0,935.7236363847468
126.306557,49,175.739125,126.30655709630356,0.0,126.30655709630356
105.024169,44,175.767946,105.02416892412243,0.0,105.02416892412243
966.503248,162,175.88226,966.5032484704584,0.0,966.5032484704584
152.888802,57,175.923045,152.88880248557203,0.0,152.88880248557203
98.320123,49,175.961105,98.32012288334812,0.0,98.32012288334812
957.632523,150,176.057595,957.6325231111912,0.0,957.6325231111912
939.602539,147,176.148572,939.6025391933276,0.0,939.6025391933276
967.865288,161,176.251293,967.8652884213404,0.0,967.8652884213404
925.379977,146,176.358303,925.3799773639118,0.0,925.3799773639118
977.194426,153,176.454659,977.1944264967851,0.0,977.1944264967851
943.913275,176,176.54904,943.9132745179072,0.0,943.9132745179072
-24.618415,21,176.561164,-24.61841538204419,0.0,-24.61841538204419
396.678505,97,176.614508,396.67850462057885,0.0,396.67850462057885
968.863216,158,176.699845,968.8632163691155,0.0,968.8632163691155
1007.562859,152,176.78229,1007.562859099454,0.0,1007.562859099454
969.210456,143,176.859234,969.2104560999261,0.0,969.2104560999261
941.018693,152,176.94047,941.0186929206131,0.0,941.0186929206131
52.431979,36,176.960114,52.4319792975289,0.0,52.4319792975289
974.166818,152,177.654355,974.1668182795679,0.0,974.1668182795679
1007.821059,155,177.767437,1007.8210591075785,0.0,1007.8210591075785
124.738562,48,177.802346,124.73856223096156,0.0,124.73856223096156
-42.299848,19,177.815538,-42.2998479174332,0.0,-42.2998479174332
943.253655,139,177.905703,943.2536553386797,0.0,943.2536553386797
68.99316,43,177.936052,68.99316029770766,0.0,68.99316029770766
983.973018,158,178.036175,983.9730183240533,0.0,983.9730183240533
356.640715,91,178.094907,356.6407151631845,0.0,356.6407151631845
357.39598,95,178.159492,357.3959795550991,0.0,357.3959795550991
910.483125,185,178.277326,910.4831253356479,0.0,910.4831253356479
-45.27691,20,178.288465,-45.276909585646706,0.0,-45.276909585646706
948.237565,151,178.366683,948.2375649284626,0.0,948.2375649284626
95.983251,43,178.390563,95.98325115946933,0.0,95.98325115946933
940.614911,144,178.468089,940.614910525895,0.0,940.614910525895
122.050285,48,178.493877,122.05028488762275,0.0,122.05028488762275
397.207897,103,178.551414,397.20789711423305,0.0,397.20789711423305
360.613905,91,178.599364,360.61390485936636,0.0,360.61390485936636
950.681108,141,178.674016,950.6811076941178,0.0,950.6811076941178
107.491978,44,178.698221,107.49197819595797,0.0,107.49197819595797
112.584809,45,178.723989,112.58480905245266,0.0,112.58480905245266
996.197419,153,179.413773,996.1974185271243,0.0,996.1974185271243
938.354665,150,179.507524,938.3546654511085,0.0,938.3546654511085
961.967101,150,179.609315,961.9671014277153,0.0,961.9671014277153
119.1745,46,179.641209,119.17450030357202,0.0,119.17450030357202
-5.774871,27,179.660939,-5.77487143551501,0.0,-5.77487143551501
982.493606,151,182.67767,982.4936060074713,0.0,982.4936060074713
1009.763602,154,182.760944,1009.7636021377573,0.0,1009.7636021377573
0.46345,26,182.774541,0.4634504331801992,0.0,0.4634504331801992
117.152767,46,182.801781,117.15276724624871,0.0,117.15276724624871
397.985921,105,182.859278,397.9859205606027,0.0,397.9859205606027
983.155385,167,182.948186,983.1553846860191,0.0,983.1553846860191
415.1114,101,183.003474,415.11139951745054,0.0,415.11139951745054
-51.44506,17,183.015609,-51.44505968594418,0.0,-51.44505968594418
-38.355684,19,183.027694,-38.35568394740656,0.0,-38.35568394740656
16.834664,28,183.042815,16.834664399252503,0.0,16.834664399252503
329.665004,113,183.103458,329.6650041411722,0.0,329.6650041411722
968.874423,145,183.182191,968.874423484654,0.0,968.874423484654
25.470734,37,183.204146,25.470734103836747,0.0,25.470734103836747
929.56644,148,183.283636,929.5664400713068,0.0,929.5664400713068
139.708117,60,183.316615,139.70811676787585,0.0,139.70811676787585
955.840998,154,183.397619,955.8409982455372,0.0,955.8409982455372
973.864176,152,183.4817,973.8641761351037,0.0,973.8641761351037
957.646802,147,184.16152,957.6468020912781,0.0,957.6468020912781
959.535128,147,184.250458,959.5351284576988,0.0,959.5351284576988
993.87896,151,184.344571,993.8789603201981,0.0,993.8789603201981
925.636056,139,184.437551,925.6360557539499,0.0,925.6360557539499
-48.017421,18,184.454233,-48.01742119928946,0.0,-48.01742119928946
54.599198,35,184.478455,54.59919787682627,0.0,54.59919787682627
7.252387,27,184.496686,7.252387476068435,0.0,7.252387476068435
354.032414,95,184.559899,354.03241395274995,0.0,354.03241395274995
142.896148,59,184.597304,142.89614836552383,0.0,142.89614836552383
961.671284,141,184.690198,961.6712843144595,0.0,961.6712843144595
990.652197,148,184.784075,990.6521972551225,0.0,990.6521972551225
951.63216,195,184.890477,951.6321599123858,0.0,951.6321599123858
930.934599,147,184.968909,930.9345990360321,0.0,930.9345990360321
978.288029,157,185.051364,978.2880290934002,0.0,978.2880290934002
67.617438,37,185.071021,67.61743774694041,0.0,67.61743774694041
943.522117,144,185.149867,943.5221165326838,0.0,943.5221165326838
1013.609491,154,185.239342,1013.6094914821398,0.0,1013.6094914821398
345.941104,104,185.302035,345.9411035059361,0.0,345.9411035059361
23.38017,30,185.323279,23.380170298632606,0.0,23.380170298632606
92.180831,42,185.958158,92.1808314514707,0.0,92.1808314514707
994.06905,151,186.036812,994.0690503481459,0.0,994.0690503481459
55.377127,37,186.057977,55.3771265226293,0.0,55.3771265226293
966.325483,148,186.152545,966.325483226014,0.0,966.325483226014
983.756652,214,186.295022,983.7566521810436,0.0,983.7566521810436
64.989792,44,186.325375,64.98979199719344,0.0,64.98979199719344
75.829652,38,186.346541,75.82965192052566,0.0,75.82965192052566
77.013656,41,186.374417,77.0136564276978,0.0,77.0136564276978
304.748326,100,186.44081,304.7483260057688,0.0,304.7483260057688
424.807059,110,186.512691,424.8070588472964,0.0,424.8070588472964
990.257976,160,186.615345,990.257976270507,0.0,990.257976270507
953.576725,143,186.703171,953.5767249451183,0.0,953.5767249451183
979.008229,150,186.785311,979.0082294302028,0.0,979.0082294302028
992.525843,157,186.871899,992.5258425595379,0.0,992.5258425595379
95.28328,56,186.902279,95.28328044503671,0.0,95.28328044503671
976.764102,156,186.986593,976.7641016504504,0.0,976.7641016504504
1020.52811,158,187.080595,1020.5281101890005,0.0,1020.5281101890005
916.413142,140,187.17004,916.4131424904948,0.0,916.4131424904948
936.439718,145,187.859761,936.4397175266839,0.0,936.4397175266839
61.833333,36,187.880949,61.83333338444403,0.0,61.83333338444403
936.116196,145,187.962642,936.1161958372924,0.0,936.1161958372924
-26.765995,21,187.977796,-26.765995097375338,0.0,-26.765995097375338
-39.530914,20,187.995935,-39.53091395451047,0.0,-39.53091395451047
112.623096,46,188.027244,112.62309563899684,0.0,112.62309563899684
914.537648,145,188.1259,914.5376481999394,0.0,914.5376481999394
993.160943,149,188.229101,993.1609428449764,0.0,993.1609428449764
949.010648,138,188.317679,949.0106482387727,0.0,949.0106482387727
967.993604,141,188.409026,967.9936037129565,0.0,967.9936037129565
79.823147,41,188.437887,79.82314653795399,0.0,79.82314653795399
79.757949,40,188.466219,79.75794856423133,0.0,79.75794856423133
942.825404,148,188.559697,942.8254044539254,0.0,942.8254044539254
1001.441658,152,188.641455,1001.4416582056,0.0,1001.4416582056
984.171261,156,188.723803,984.1712609462621,0.0,984.1712609462621
-6.014084,27,188.740527,-6.014083946031846,0.0,-6.014083946031846
1009.342469,153,188.821816,1009.3424693436949,0.0,1009.3424693436949
-19.085932,22,188.834746,-19.085932305843286,0.0,-19.085932305843286
-43.412793,19,188.845826,-43.412792900815205,0.0,-43.412792900815205
988.742563,156,188.937087,988.7425627548134,0.0,988.7425627548134
271.453084,101,189.005585,271.4530843084865,0.0,271.4530843084865
968.361518,154,189.70358,968.361518069381,0.0,968.361518069381
12.381915,35,189.723222,12.381914654905131,0.0,12.381914654905131
428.95877,106,189.778615,428.9587704425034,0.0,428.9587704425034
109.3284,52,189.809573,109.32839974102936,0.0,109.32839974102936
977.882751,151,189.908369,977.8827505536132,0.0,977.8827505536132
977.973517,145,190.005508,977.9735165687371,0.0,977.9735165687371
12.87925,29,190.026723,12.879249802737178,0.0,12.879249802737178
998.049675,157,190.125267,998.0496747890509,0.0,998.0496747890509
-23.678995,24,190.143474,-23.678994844336742,0.0,-23.678994844336742
994.729406,155,190.245165,994.7294064177504,0.0,994.7294064177504
984.309148,148,190.343672,984.3091482814223,0.0,984.3091482814223
67.836691,39,190.372026,67.83669082977346,0.0,67.83669082977346
933.842246,141,190.452216,933.8422457078799,0.0,933.8422457078799
52.022526,37,190.473095,52.0225264865967,0.0,52.0225264865967
964.036374,144,190.551231,964.0363737564379,0.0,964.0363737564379
359.429779,108,190.611799,359.42977885534145,0.0,359.42977885534145
956.985833,139,190.685328,956.985833061978,0.0,956.985833061978
958.737162,152,190.77836,958.7371617037247,0.0,958.7371617037247
980.977768,161,190.879819,980.977767655289,0.0,980.977767655289
-16.972268,30,190.90293,-16.97226773497121,0.0,-16.97226773497121
336.872969,101,191.567404,336.87296916111865,0.0,336.87296916111865
939.992464,150,191.647052,939.9924640060772,0.0,939.9924640060772
988.974502,148,194.740833,988.9745016003791,0.0,988.9745016003791
420.458833,104,194.7969,420.4588330476315,0.0,420.4588330476315
982.978486,162,194.883793,982.9784863677852,0.0,982.9784863677852
57.834513,36,194.90448,57.834513172557095,0.0,57.834513172557095
167.856737,62,194.938884,167.8567366902502,0.0,167.8567366902502
999.11497,158,195.022993,999.1149698042692,0.0,999.1149698042692
924.355111,147,195.10135,924.355110787215,0.0,924.355110787215
342.746182,98,195.154451,342.7461816404206,0.0,342.7461816404206
980.831242,161,195.238903,980.8312415039277,0.0,980.8312415039277
973.603328,151,195.321598,973.6033276585276,0.0,973.6033276585276
77.499528,39,195.342767,77.49952845477185,0.0,77.49952845477185
-27.293899,22,195.356423,-27.293899250604937,0.0,-27.293899250604937
449.106863,107,195.41442,449.1068628038226,0.0,449.1068628038226
930.577878,142,195.490946,930.5778779670037,0.0,930.5778779670037
943.164703,151,195.571336,943.1647030679703,0.0,943.1647030679703
-40.469164,22,195.586464,-40.469163910225575,0.0,-40.469163910225575
98.319084,52,195.615163,98.319084362913,0.0,98.319084362913
386.286959,100,196.27149,386.2869590910087,0.0,386.2869590910087
8.942524,27,196.288329,8.942524053221561,0.0,8.942524053221561
976.210935,148,196.365403,976.210934989095,0.0,976.210934989095
971.775921,149,196.459466,971.7759212654943,0.0,971.7759212654943
923.789237,141,196.535463,923.7892372410925,0.0,923.7892372410925
69.992773,43,196.558126,69.99277264961523,0.0,69.99277264961523
961.718253,154,196.64174,961.718252536832,0.0,961.718252536832
-0.896692,26,196.657929,-0.8966917079536643,0.0,-0.8966917079536643
384.019934,109,196.71694,384.01993361559255,0.0,384.01993361559255
1013.141174,149,196.79977,1013.1411737191823,0.0,1013.1411737191823
56.236877,36,196.820491,56.236876777363136,0.0,56.236876777363136
85.318157,44,196.844308,85.3181573602427,0.0,85.3181573602427
1015.412675,154,196.940646,1015.4126751527958,0.0,1015.4126751527958
1002.718781,151,197.043014,1002.7187805055214,0.0,1002.7187805055214
934.179937,151,197.145512,934.1799366252193,0.0,934.1799366252193
937.207306,140,197.235145,937.2073062131864,0.0,937.2073062131864
944.964359,138,197.326805,944.9643589984674,0.0,944.9643589984674
105.513854,45,197.358649,105.51385366065176,0.0,105.51385366065176
952.409564,149,197.456135,952.4095642389643,0.0,952.4095642389643
14.140755,28,197.474336,14.140755396140705,0.0,14.140755396140705
118.279824,55,198.114276,118.2798242604193,0.0,118.2798242604193
959.839123,146,198.192536,959.8391225180187,0.0,959.8391225180187
414.787558,103,198.247611,414.78755773730217,0.0,414.78755773730217
980.485912,146,198.340151,980.4859122074831,0.0,980.4859122074831
941.614527,154,198.438184,941.6145265440717,0.0,941.6145265440717
988.278482,145,198.530299,988.2784819824,0.0,988.2784819824
930.659203,152,198.631279,930.6592026794872,0.0,930.6592026794872
130.109037,52,198.668123,130.10903667811866,0.0,130.10903667811866
987.254608,148,198.765245,987.2546075132459,0.0,987.2546075132459
990.802011,149,198.871428,990.8020105890156,0.0,990.8020105890156
319.898659,91,198.931893,319.8986591602968,0.0,319.8986591602968
-39.185508,19,198.94524,-39.1855077873184,0.0,-39.1855077873184
365.526391,99,199.013139,365.5263907022562,0.0,365.5263907022562
129.964407,49,199.04341,129.9644068270863,0.0,129.9644068270863
93.035558,42,199.073838,93.03555756121172,0.0,93.03555756121172
985.969387,152,199.169489,985.9693870688515,0.0,985.9693870688515
968.352179,149,199.267284,968.3521790443864,0.0,968.3521790443864
66.580743,38,199.294626,66.58074329310955,0.0,66.58074329310955
937.989803,140,199.385193,937.989803424941,0.0,937.989803424941
954.23285,150,200.07796,954.2328499297448,0.0,954.2328499297448
1004.189127,154,200.16103,1004.1891273273262,0.0,1004.1891273273262
138.998199,58,200.197345,138.99819935332823,0.0,138.99819935332823
967.009943,152,200.298772,967.0099428944458,0.0,967.0099428944458
1011.546593,222,200.438519,1011.5465933215705,0.0,1011.5465933215705
78.875526,39,200.465755,78.87552577581515,0.0,78.87552577581515
987.399348,158,200.570729,987.3993476440237,0.0,987.3993476440237
1.575028,26,200.589874,1.5750281938606179,0.0,1.5750281938606179
965.8065,152,200.686538,965.8064997770414,0.0,965.8064997770414
991.353508,149,200.789243,991.3535078541681,0.0,991.3535078541681
969.74994,147,200.886859,969.749940039785,0.0,969.749940039785
942.756804,190,201.004746,942.7568044837353,0.0,942.7568044837353
973.184077,150,201.100059,973.1840774096584,0.0,973.1840774096584
1001.909013,157,201.202314,1001.9090132271574,0.0,1001.9090132271574
1003.367699,179,201.922093,1003.3676986849264,0.0,1003.3676986849264
272.097667,84,201.967986,272.097667353869,0.0,272.097667353869
956.202244,153,202.048466,956.2022442759662,0.0,956.2022442759662
130.63961,55,202.081172,130.63961043789104,0.0,130.63961043789104
994.90418,151,202.181157,994.9041797628058,0.0,994.9041797628058
-21.127655,24,202.199346,-21.127654905619906,0.0,-21.127654905619906
436.450187,107,202.273339,436.4501868891185,0.0,436.4501868891185
971.258325,144,202.37334,971.2583250400244,0.0,971.2583250400244
969.984203,146,202.465808,969.9842034863991,0.0,969.9842034863991
971.92252,148,202.560876,971.9225204116283,0.0,971.9225204116283
1013.573618,147,202.665903,1013.573618443708,0.0,1013.573618443708
371.970556,104,202.731036,371.9705561904847,0.0,371.9705561904847
944.137952,141,202.82375,944.1379516490234,0.0,944.1379516490234
931.071421,140,202.913634,931.0714205191789,0.0,931.0714205191789
158.94131,63,202.955372,158.94131024505427,0.0,158.94131024505427
0.642542,26,202.973553,0.6425419484525037,0.0,0.6425419484525037
84.543117,42,203.001877,84.54311722389404,0.0,84.54311722389404
272.158158,81,203.052981,272.1581578020098,0.0,272.1581578020098
982.921892,151,203.148335,982.9218916079665,0.0,982.9218916079665
951.961406,147,207.082325,951.9614060824291,0.0,951.9614060824291
380.212786,93,207.134742,380.212785897218,0.0,380.212785897218
99.308586,42,207.157432,99.30858557294218,0.0,99.30858557294218
153.313259,63,207.19357,153.31325899556688,0.0,153.31325899556688
997.533412,157,207.27659,997.533411792847,0.0,997.533411792847
368.141182,99,207.330457,368.1411815700077,0.0,368.1411815700077
144.540857,51,207.359179,144.5408566587282,0.0,144.5408566587282
954.380053,149,207.43838,954.3800528437902,0.0,954.3800528437902
132.514858,50,207.467176,132.5148584639255,0.0,132.5148584639255
991.245175,158,207.550419,991.2451748915329,0.0,991.2451748915329
938.33768,144,207.627235,938.3376802163294,0.0,938.3376802163294
-24.708251,21,207.640817,-24.70825050830969,0.0,-24.70825050830969
345.967309,101,207.694779,345.9673090581425,0.0,345.9673090581425
96.740236,43,207.718423,96.74023597595966,0.0,96.74023597595966
964.61146,144,207.794236,964.6114604597369,0.0,964.6114604597369
937.541286,144,207.871859,937.54128583141,0.0,937.54128583141
992.38298,147,207.951135,992.382979917656,0.0,992.382979917656
356.536892,104,208.005761,356.5368920212612,0.0,356.5368920212612
947.375131,147,208.085778,947.3751306893333,0.0,947.3751306893333
959.917833,151,208.166704,959.9178331822045,0.0,959.9178331822045
363.041542,107,208.822866,363.04154217209043,0.0,363.04154217209043
958.999,142,208.89818,958.9989996627667,0.0,958.9989996627667
113.569421,48,208.924956,113.56942078684685,0.0,113.56942078684685
2.123037,26,208.941578,2.123036802599657,0.0,2.123036802599657
1015.717879,155,209.027108,1015.7178790827021,0.0,1015.7178790827021
348.877733,96,209.078711,348.8777329708743,0.0,348.8777329708743
363.495897,102,209.135698,363.4958974702708,0.0,363.4958974702708
18.31053,30,209.152315,18.310530008516224,0.0,18.310530008516224
438.495201,109,209.210793,438.49520133133734,0.0,438.49520133133734
260.924016,79,209.254609,260.92401638021636,0.0,260.92401638021636
950.255761,151,209.337771,950.2557613937298,0.0,950.2557613937298
55.582998,35,209.356396,55.5829975187264,0.0,55.5829975187264
-26.394386,28,209.373629,-26.39438579870034,0.0,-26.39438579870034
978.982519,149,209.451993,978.9825194905353,0.0,978.9825194905353
93.914162,50,209.479513,93.914161793349,0.0,93.914161793349
426.815958,113,209.540146,426.81595791717274,0.0,426.81595791717274
955.83737,160,209.626642,955.8373702967804,0.0,955.8373702967804
966.457028,156,209.711044,966.4570278381318,0.0,966.4570278381318
971.045128,147,209.792175,971.0451276874498,0.0,971.0451276874498
980.041413,144,209.880061,980.0414129665,0.0,980.0414129665
346.532173,102,210.549639,346.53217310231764,0.0,346.53217310231764
438.549184,109,210.607259,438.54918391792023,0.0,438.54918391792023
962.72205,149,210.685869,962.7220498641071,0.0,962.7220498641071
407.220834,108,210.741835,407.22083442347736,0.0,407.22083442347736
32.348992,34,210.761518,32.34899150008145,0.0,32.34899150008145
1005.920416,178,210.856806,1005.920416235482,0.0,1005.920416235482
973.381536,150,210.939054,973.3815362758626,0.0,973.3815362758626
987.653174,160,211.023406,987.6531740774084,0.0,987.6531740774084
947.894034,141,211.099148,947.8940343272103,0.0,947.8940343272103
966.530701,149,211.179202,966.5307009126426,0.0,966.5307009126426
121.092567,47,211.206024,121.0925669941247,0.0,121.0925669941247
77.938252,40,211.228689,77.9382518711397,0.0,77.9382518711397
1006.385853,175,211.322905,1006.385853357536,0.0,1006.385853357536
369.096495,96,211.374289,369.0964948063789,0.0,369.0964948063789
996.371003,151,211.455754,996.3710027296554,0.0,996.3710027296554
-1.206505,27,211.472721,-1.2065047902373323,0.0,-1.2065047902373323
82.960171,41,211.495882,82.96017075538677,0.0,82.96017075538677
261.445007,80,211.541332,261.4450072666831,0.0,261.4450072666831
14.940489,39,211.570079,14.940488550771335,0.0,14.940488550771335
29.017858,32,211.595814,29.017858192091268,0.0,29.017858192091268
954.784704,141,212.321964,954.7847038178429,0.0,954.7847038178429
942.393018,138,212.395518,942.393018243644,0.0,942.393018243644
963.674354,155,212.478079,963.674354421772,0.0,963.674354421772
53.808475,35,212.496709,53.80847457485379,0.0,53.80847457485379
261.390639,79,212.542109,261.3906391466902,0.0,261.3906391466902
113.411465,46,212.56782,113.41146476183228,0.0,113.41146476183228
-15.056565,23,212.58143,-15.056565363391641,0.0,-15.056565363391641
223.388612,79,212.624303,223.3886124488328,0.0,223.3886124488328
1002.821719,161,212.711612,1002.8217185280611,0.0,1002.8217185280611
420.057462,103,212.766129,420.05746169547143,0.0,420.05746169547143
218.470432,72,212.806397,218.47043225837183,0.0,218.47043225837183
278.009722,80,212.84975,278.0097215908488,0.0,278.0097215908488
116.615833,52,212.878446,116.61583322831638,0.0,116.61583322831638
-30.713887,22,212.890523,-30.713886603658977,0.0,-30.713886603658977
925.321156,159,212.976073,925.3211555643879,0.0,925.3211555643879
99.966385,51,213.006023,99.96638517249431,0.0,99.96638517249431
-39.26163,19,213.017935,-39.261629520631445,0.0,-39.261629520631445
442.538717,107,213.074429,442.5387169055741,0.0,442.5387169055741
963.63898,145,213.152304,963.6389797285879,0.0,963.6389797285879
991.075522,151,213.230649,991.075521961708,0.0,991.075521961708
254.508369,87,213.278984,254.50836882452413,0.0,254.50836882452413
980.173724,147,213.388345,980.1737240126972,0.0,980.1737240126972
958.442057,149,214.111406,958.4420568658418,0.0,958.4420568658418
973.84648,144,214.188463,973.8464798221921,0.0,973.8464798221921
188.575348,64,214.224267,188.57534773405,0.0,188.57534773405
931.605614,167,214.314921,931.6056137536816,0.0,931.6056137536816
-6.909018,24,214.33004,-6.909018026568333,0.0,-6.909018026568333
362.253025,103,214.386383,362.25302493842037,0.0,362.25302493842037
-38.635566,19,214.398533,-38.635565936086905,0.0,-38.635565936086905
78.696238,50,214.42799,78.69623788012223,0.0,78.69623788012223
6.737092,28,214.44312,6.737092306624604,0.0,6.737092306624604
401.595708,103,214.498911,401.59570752454454,0.0,401.59570752454454
133.967125,50,214.527078,133.96712539208352,0.0,133.96712539208352
945.881423,150,214.609504,945.881423159288,0.0,945.881423159288
928.76378,145,214.68836,928.7637797640184,0.0,928.7637797640184
965.497066,149,214.768818,965.4970663704127,0.0,965.4970663704127
936.020354,147,214.848467,936.0203535362207,0.0,936.0203535362207
174.649866,66,214.884702,174.64986566871397,0.0,174.64986566871397
987.775039,169,214.976804,987.7750390649054,0.0,987.7750390649054
97.062123,49,215.00443,97.06212328324673,0.0,97.06212328324673
-46.058656,18,215.017927,-46.05865567175951,0.0,-46.05865567175951
955.461697,148,218.151334,955.4616969226774,0.0,955.4616969226774
49.188091,35,218.171268,49.18809136066933,0.0,49.18809136066933
424.573121,113,218.233526,424.5731208459406,0.0,424.5731208459406
992.222586,177,218.948197,992.2225860737487,0.0,992.2225860737487
287.90873,91,219.009119,287.9087303490462,0.0,287.9087303490462
78.925244,41,219.034757,78.92524371088408,0.0,78.92524371088408
113.061032,48,219.065254,113.06103166713066,0.0,113.06103166713066
977.155377,145,219.155471,977.1553767916159,0.0,977.1553767916159
42.048458,34,219.178095,42.048458213070376,0.0,42.048458213070376
101.721541,47,219.205807,101.72154136058892,0.0,101.72154136058892
988.129934,147,219.283542,988.1299343271216,0.0,988.1299343271216
949.927913,164,219.370349,949.9279126903491,0.0,949.9279126903491
-55.189259,17,219.38193,-55.18925869773916,0.0,-55.18925869773916
950.764511,139,219.455978,950.7645108404319,0.0,950.7645108404319
946.626328,140,219.529681,946.6263283762364,0.0,946.6263283762364
967.639587,161,219.618577,967.6395867670375,0.0,967.6395867670375
155.119788,62,219.652543,155.11978812318446,0.0,155.11978812318446
143.021262,59,219.68472,143.02126166182464,0.0,143.02126166182464
966.961186,171,219.776952,966.961185896166,0.0,966.961185896166
50.155519,34,219.797354,50.155519217194,0.0,50.155519217194
236.151526,74,219.838631,236.15152574549077,0.0,236.15152574549077
-53.275605,16,219.848949,-53.275605138270315,0.0,-53.275605138270315
986.456018,155,219.933003,986.4560184769208,0.0,986.4560184769208
935.80347,146,220.011639,935.8034695004081,0.0,935.8034695004081
436.610725,104,220.667482,436.61072483194465,0.0,436.61072483194465
934.752978,143,220.744124,934.7529783194042,0.0,934.7529783194042
76.734235,39,220.765434,76.73423533328953,0.0,76.73423533328953
1008.804909,165,220.853752,1008.8049090628376,0.0,1008.8049090628376
980.091028,147,220.933186,980.0910281111824,0.0,980.0910281111824
947.417093,146,221.023659,947.4170932542463,0.0,947.4170932542463
293.007477,90,221.072097,293.0074768651731,0.0,293.0074768651731
1003.974082,147,221.149422,1003.9740817015277,0.0,1003.9740817015277
364.452714,102,221.204931,364.45271380521876,0.0,364.45271380521876
965.469536,149,221.286773,965.469536396486,0.0,965.469536396486
973.20928,164,221.375251,973.2092796760205,0.0,973.2092796760205
954.66271,149,221.455161,954.6627102770393,0.0,954.6627102770393
130.181362,54,221.486926,130.18136207117894,0.0,130.18136207117894
102.974792,50,221.514525,102.9747920265014,0.0,102.9747920265014
928.004117,145,221.594195,928.004117193691,0.0,928.004117193691
961.646937,193,221.697341,961.6469374509427,0.0,961.6469374509427
953.868507,147,222.382339,953.868507473257,0.0,953.868507473257
132.675351,57,222.41326,132.6753510439827,0.0,132.6753510439827
937.629186,143,222.495545,937.6291859609241,0.0,937.6291859609241
1006.130707,158,222.602652,1006.130707003133,0.0,1006.130707003133
-49.400995,18,222.618484,-49.40099540615596,0.0,-49.40099540615596
1011.26541,154,222.716763,1011.2654096497283,0.0,1011.2654096497283
930.773202,141,222.808743,930.7732024015133,0.0,930.7732024015133
124.922156,48,222.84305,124.92215565373151,0.0,124.92215565373151
72.370589,40,222.871981,72.37058923024237,0.0,72.37058923024237
945.289127,147,222.972136,945.2891272261722,0.0,945.2891272261722
124.108179,54,223.009762,124.1081787535615,0.0,124.1081787535615
967.053646,154,223.103323,967.0536463649531,0.0,967.0536463649531
1015.26587,160,223.190022,1015.265869854017,0.0,1015.265869854017
952.835424,156,223.274622,952.8354240642187,0.0,952.8354240642187
998.973089,157,223.357697,998.9730889705053,0.0,998.9730889705053
359.97069,101,223.414324,359.97069047076087,0.0,359.97069047076087
975.613904,145,223.492674,975.6139037490639,0.0,975.6139037490639
918.708632,149,224.186858,918.7086321991675,0.0,918.7086321991675
913.404131,140,224.261304,913.4041313933739,0.0,913.4041313933739
409.01411,97,224.315888,409.0141096207527,0.0,409.0141096207527
940.493727,153,224.431542,940.4937265312474,0.0,940.4937265312474
998.318547,144,224.539182,998.3185472243157,0.0,998.3185472243157
948.810053,163,224.649063,948.8100533287944,0.0,948.8100533287944
996.158283,151,224.764158,996.1582831284222,0.0,996.1582831284222
964.170465,156,224.874506,964.1704654381447,0.0,964.1704654381447
962.722863,145,224.966091,962.7228626852308,0.0,962.7228626852308
936.283385,152,225.048197,936.28338469127,0.0,936.28338469127
961.563337,163,225.136391,961.5633373712283,0.0,961.5633373712283
166.554199,61,225.169759,166.55419907567628,0.0,166.55419907567628
956.750986,211,225.285547,956.7509859586705,0.0,956.7509859586705
1003.460145,148,225.364685,1003.4601446486704,0.0,1003.4601446486704
260.51128,77,225.408453,260.51128043700703,0.0,260.51128043700703
329.83865,94,226.085358,329.8386500183565,0.0,329.8386500183565
100.016984,51,226.11286,100.0169838481022,0.0,100.0169838481022
-26.393574,21,226.125932,-26.393574227149273,0.0,-26.393574227149273
994.664716,155,226.224108,994.6647164844464,0.0,994.6647164844464
126.560069,50,226.263889,126.56006926989689,0.0,126.56006926989689
969.145358,147,226.367228,969.1453576486186,0.0,969.1453576486186
943.170128,142,226.484803,943.1701282767893,0.0,943.1701282767893
931.547342,137,226.580218,931.5473417383255,0.0,931.5473417383255
82.529924,46,226.613393,82.52992399372098,0.0,82.52992399372098
931.251037,142,226.714808,931.2510373649334,0.0,931.2510373649334
49.003294,34,226.734129,49.00329368722572,0.0,49.00329368722572
965.704927,144,226.825202,965.7049272591092,0.0,965.7049272591092
73.968919,49,226.851304,73.96891881731094,0.0,73.96891881731094
983.188751,151,226.930891,983.1887509621426,0.0,983.1887509621426
41.971053,43,226.955456,41.971053157854726,0.0,41.971053157854726
948.121432,147,227.034435,948.1214322937603,0.0,948.1214322937603
966.226624,199,230.833323,966.2266244182872,0.0,966.2266244182872
988.198102,151,230.915749,988.1981021333576,0.0,988.1981021333576
440.574266,107,230.974419,440.5742659047188,0.0,440.5742659047188
374.958021,112,231.03586,374.9580210555033,0.0,374.9580210555033
938.709011,144,231.711879,938.7090106062459,0.0,938.7090106062459
939.864724,158,231.797212,939.8647236339478,0.0,939.8647236339478
979.775121,164,231.887274,979.7751209361664,0.0,979.7751209361664
232.13136,78,231.931202,232.13135996547746,0.0,232.13135996547746
108.367659,44,231.955387,108.3676594558469,0.0,108.3676594558469
-0.82589,33,231.975004,-0.8258900518744667,0.0,-0.8258900518744667
117.209934,46,232.000285,117.20993409871544,0.0,117.20993409871544
263.552383,87,232.046794,263.55238343498513,0.0,263.55238343498513
963.296242,192,232.148987,963.2962424370866,0.0,963.2962424370866
180.732899,69,232.189503,180.73289887953152,0.0,180.73289887953152
373.660276,99,232.242556,373.66027625537265,0.0,373.66027625537265
1001.583174,195,232.347315,1001.5831741476741,0.0,1001.5831741476741
85.108263,43,232.3715,85.10826255359643,0.0,85.10826255359643
341.611205,97,232.42415,341.6112046123209,0.0,341.6112046123209
357.279582,107,232.480826,357.27958167375607,0.0,357.27958167375607
75.219797,39,232.503572,75.21979743713175,0.0,75.21979743713175
64.194664,37,232.5232,64.19466351116657,0.0,64.19466351116657
936.076218,140,232.599901,936.0762178446425,0.0,936.0762178446425
942.765885,149,232.680453,942.7658854689829,0.0,942.7658854689829
951.516669,139,233.355204,951.5166686256503,0.0,951.5166686256503
967.439994,143,233.431629,967.439993784466,0.0,967.439993784466
436.416444,111,233.492265,436.41644448728954,0.0,436.41644448728954
-36.261787,19,233.503438,-36.261786702098135,0.0,-36.261786702098135
86.713217,44,233.528082,86.7132169955045,0.0,86.7132169955045
97.211345,42,233.552275,97.21134464908044,0.0,97.21134464908044
97.253557,43,233.577264,97.25355690963363,0.0,97.25355690963363
965.889502,142,233.651386,965.8895016261158,0.0,965.8895016261158
1017.24175,164,233.738051,1017.2417501575321,0.0,1017.2417501575321
979.745643,155,233.822369,979.7456433838718,0.0,979.7456433838718
398.481611,116,233.88665,398.4816111751253,0.0,398.4816111751253
987.937808,158,233.970172,987.9378083578548,0.0,987.9378083578548
386.961796,102,234.026317,386.9617956996657,0.0,386.9617956996657
952.461546,146,234.105644,952.4615456475923,0.0,952.4615456475923
971.94658,152,234.186769,971.9465796199856,0.0,971.9465796199856
218.844082,73,234.227831,218.8440816560988,0.0,218.8440816560988
348.18174,102,234.283682,348.1817398391073,0.0,348.1817398391073
420.346626,104,234.34127,420.34662596506115,0.0,420.34662596506115
1000.864535,160,234.428448,1000.8645349580344,0.0,1000.8645349580344
-10.327523,30,234.446572,-10.32752341004172,0.0,-10.32752341004172
943.108663,141,235.142097,943.1086632921163,0.0,943.1086632921163
979.840356,148,235.237549,979.8403561201621,0.0,979.8403561201621
-53.848718,16,235.248146,-53.848717910547975,0.0,-53.848717910547975
1026.124709,157,235.350852,1026.1247090500062,0.0,1026.1247090500062
980.99186,156,235.452637,980.9918596316077,0.0,980.9918596316077
969.666157,148,235.553945,969.6661571778859,0.0,969.6661571778859
401.524952,103,235.617882,401.52495229280345,0.0,401.52495229280345
1001.90214,189,235.741867,1001.9021395277582,0.0,1001.9021395277582
940.289253,143,235.822586,940.2892525267771,0.0,940.2892525267771
-41.49764,18,235.834252,-41.497640358555444,0.0,-41.497640358555444
104.807455,45,235.857992,104.80745479332123,0.0,104.80745479332123
990.051594,149,235.939532,990.0515943695888,0.0,990.0515943695888
975.552177,146,236.019253,975.5521770710186,0.0,975.5521770710186
-50.35753,18,236.030301,-50.35753044092108,0.0,-50.35753044092108
1011.008948,171,236.12256,1011.0089477019292,0.0,1011.0089477019292
368.768075,95,236.17403,368.7680751974288,0.0,368.7680751974288
970.410227,164,236.26183,970.4102274263684,0.0,970.4102274263684
947.01468,139,236.962796,947.0146798966828,0.0,947.0146798966828
346.865719,96,237.014141,346.86571862767516,0.0,346.86571862767516
1004.158663,159,237.113958,1004.158663217639,0.0,1004.158663217639
75.503989,40,237.1437,75.50398931200408,0.0,75.50398931200408
955.56878,157,237.242134,955.5687801869453,0.0,955.5687801869453
940.395566,148,237.339861,940.3955658491263,0.0,940.3955658491263
953.492414,140,237.433099,953.4924138481182,0.0,953.4924138481182
389.711167,111,237.501292,389.7111669043387,0.0,389.7111669043387
130.503764,59,237.542136,130.5037639597005,0.0,130.5037639597005
230.525621,85,237.595192,230.52562139154264,0.0,230.52562139154264
-49.70491,17,237.60731,-49.704909789063635,0.0,-49.704909789063635
100.947741,43,237.6376,100.94774052844411,0.0,100.94774052844411
944.132079,148,237.715847,944.1320792287847,0.0,944.1320792287847
970.180169,144,237.792949,970.1801685623127,0.0,970.1801685623127
977.016444,160,237.880898,977.0164438071856,0.0,977.0164438071856
-15.819766,23,237.893818,-15.819765580462871,0.0,-15.819765580462871
985.318525,158,237.978596,985.3185253171453,0.0,985.3185253171453
88.023886,44,238.003194,88.02388570160915,0.0,88.02388570160915
931.05876,145,238.081271,931.0587595265025,0.0,931.0587595265025
951.875307,153,238.78765,951.8753073287126,0.0,951.8753073287126
956.391271,150,238.870291,956.3912708921482,0.0,956.3912708921482
963.230229,202,238.997122,963.2302289180138,0.0,963.2302289180138
104.989276,50,239.032143,104.98927594647199,0.0,104.98927594647199
96.341915,46,239.063949,96.34191477254977,0.0,96.34191477254977
917.188668,135,239.156339,917.1886677762601,0.0,917.1886677762601
981.039876,165,239.261877,981.0398758524241,0.0,981.0398758524241
176.788641,65,239.304263,176.78864142687476,0.0,176.78864142687476
958.531055,155,239.40931,958.5310553758799,0.0,958.5310553758799
963.483292,158,239.510881,963.4832923349072,0.0,963.4832923349072
-35.577616,20,239.52409,-35.57761551554687,0.0,-35.57761551554687
124.615966,49,239.549741,124.6159660812463,0.0,124.6159660812463
140.377337,57,239.580827,140.37733677773056,0.0,140.37733677773056
952.904067,149,243.374158,952.9040673867536,0.0,952.9040673867536
927.375592,144,243.450069,927.3755916226833,0.0,927.3755916226833
964.570798,144,243.528527,964.5707977165893,0.0,964.5707977165893
-45.758494,21,243.54183,-45.75849386945299,0.0,-45.75849386945299
259.746968,79,243.586669,259.7469679465928,0.0,259.7469679465928
927.424093,140,243.662281,927.4240925314022,0.0,927.4240925314022
16.407768,29,243.679517,16.407768090008787,0.0,16.407768090008787
