#{"t_start": 1788917513.1496034, "env_id": "None"}
r,l,t,episode_base_return,episode_risk_return,episode_training_return
25.90844,499,1.158721,25.90843982425129,0.0,25.90843982425129
-271.994125,288,1.30991,-271.9941249674737,0.0,-271.9941249674737
-231.602309,182,1.407707,-231.60230864788673,0.0,-231.60230864788673
-206.107508,275,1.555535,-206.10750778748672,0.0,-206.10750778748672
-235.361315,565,1.852148,-235.36131533788688,0.0,-235.36131533788688
-40.577427,43,1.879213,-25.671405729772772,-14.90602138140834,-40.57742711118112
106.943712,102,1.933155,122.05554438858631,-15.111832800940405,106.94371158764592
-35.041799,430,2.787096,-35.04179888630914,0.0,-35.04179888630914
194.162135,153,2.866675,199.3288356719069,-5.1667006149277706,194.1621350569791
60.879197,101,2.924158,67.61842924290636,-6.739231913345209,60.87919732956115
106.086799,328,3.096425,106.0867993533119,0.0,106.0867993533119
287.942638,335,3.277716,287.94263758300525,0.0,287.94263758300525
1011.03321,283,3.425924,1011.0332095822716,0.0,1011.0332095822716
557.118125,600,4.35584,557.1181247914296,0.0,557.1181247914296
113.751283,80,4.419217,117.98789746610049,-4.2366146608870086,113.75128280521346
371.604883,191,4.525954,375.46541474858975,-3.86053215914698,371.60488258944287
236.000492,175,4.618085,238.6273860247135,-2.6268936199572135,236.00049240475633
435.722621,282,4.763081,443.22739614579393,-7.504774722950461,435.7226214228434
53.434149,183,4.858846,71.7902937356061,-18.356145056715157,53.43414867889098
909.694795,384,5.062344,909.694794844163,0.0,909.694794844163
341.170752,525,5.352548,358.0387923299104,-16.868040567918747,341.1707517619914
578.17229,385,6.174098,579.219990379515,-1.0476999226682917,578.1722904568466
351.809173,175,6.268294,358.81613889518246,-7.006966283186313,351.8091726119962
-6.746857,47,6.297166,8.346885445906352,-15.093742493005792,-6.7468570470994536
466.577539,262,6.434136,476.8670703589465,-10.289531220742207,466.57753913820426
384.539424,595,6.745177,391.40285322811565,-6.863429096867942,384.53942413124776
78.321836,368,6.940479,78.32183582736512,0.0,78.32183582736512
378.152397,232,7.063429,405.6524099273559,-27.500012471254138,378.1523974561016
226.779593,124,7.129067,230.280585177256,-3.5009922391547397,226.7795929381012
587.116386,464,7.99123,587.1163857557216,0.0,587.1163857557216
46.259176,101,8.057166,52.07886960648884,-5.819693137752234,46.2591764687366
970.293658,265,8.222354,970.6360937781237,-0.34243574473647165,970.2936580333873
341.775752,418,8.485765,354.9609739351888,-13.185222151943755,341.775751783245
98.978305,67,8.523525,102.06229351729598,-3.083988456767555,98.97830506052841
362.766466,292,8.676875,380.5897088110619,-17.823242652691064,362.7664661583709
27.512716,66,8.713807,29.99684218360491,-2.48412571165524,27.51271647194966
-32.87008,32,8.731957,-25.494336281239,-7.3757437218510775,-32.87008000309007
947.084914,512,14.644802,953.3121438737675,-6.227229638388829,947.0849142353788
968.31853,248,14.777078,968.3185302667107,0.0,968.3185302667107
202.20362,161,14.865233,218.22442840766712,-16.020807984107336,202.2036204235597
381.31414,166,14.970233,386.8686439379788,-5.554503966180828,381.31413997179794
327.149805,458,15.276569,353.516670082192,-26.366864598905014,327.1498054832869
299.268245,371,15.526863,328.0985120058742,-28.830266865934348,299.26824513993995
344.245862,208,15.639025,349.0195049105836,-4.773642681110138,344.2458622294735
77.321954,74,15.68088,82.4886835582262,-5.166730009329689,77.32195354889649
426.150238,212,16.416588,433.40169134436934,-7.251452889779835,426.1502384545893
45.013374,65,16.452333,54.65283720108988,-9.639463016483017,45.013374184606846
381.42661,342,16.631742,389.0894596372351,-7.662849256046739,381.4266103811883
333.154079,395,16.843987,342.64442214105986,-9.49034266401935,333.15407947704057
104.8615,76,16.885065,112.83980328799609,-7.978303032930251,104.86150025506583
981.636248,340,17.062513,981.636248263365,0.0,981.636248263365
65.496363,74,17.106778,68.78595583213077,-3.2895923424646902,65.49636348966605
357.339784,228,17.225489,417.0938502364417,-59.75406590030639,357.3397843361353
331.914896,167,17.314791,335.6726690105386,-3.7577728019968877,331.9148962085418
946.498729,259,17.451473,946.498729414647,0.0,946.498729414647
934.738088,382,18.276584,945.3663444794701,-10.628256893994664,934.7380875854755
-12.516612,37,18.298889,-5.197289119956778,-7.319323086364004,-12.516612206320787
89.921281,76,18.339257,97.00500342082346,-7.083722348802949,89.9212810720205
85.312071,70,18.377411,91.93503775891217,-6.622966382441307,85.31207137647085
935.262339,245,18.509941,947.1292225008954,-11.866883890768946,935.2623386101263
953.153321,364,18.704424,953.1533212188453,0.0,953.1533212188453
68.12273,84,18.751357,75.34985913155711,-7.227128925602633,68.1227302059545
969.037944,316,18.919081,969.0379444524108,0.0,969.0379444524108
102.119071,70,18.957693,107.38304905673576,-5.263978397145365,102.11907065959034
146.849849,90,19.007354,153.50383648142696,-6.653987087127556,146.84984939429938
926.347229,551,19.922103,926.3472285396058,0.0,926.3472285396058
589.234723,600,20.241101,629.8332636482254,-40.59854022129124,589.2347234269338
572.288879,347,20.454067,572.288878789069,0.0,572.288878789069
962.28041,465,20.754445,962.2804100496388,0.0,962.2804100496388
612.309,412,20.989943,612.3089996856206,0.0,612.3089996856206
943.684474,249,21.742785,962.6852817463629,-19.000807747211613,943.6844739991516
358.540681,163,21.830879,363.3304984461771,-4.789816953309477,358.54068149286763
-55.588565,27,21.846196,-49.2947333487907,-6.2938316482315075,-55.58856499702221
-32.215182,32,21.864362,-27.435659053179734,-4.779523185722814,-32.21518223890256
172.466188,103,21.919981,178.6209342980204,-6.154746364832146,172.46618793318825
99.896415,118,21.983694,104.65951872968618,-4.763103829336971,99.8964149003492
997.413976,240,22.112573,997.413975687079,0.0,997.413975687079
933.411418,231,22.251864,933.4114175982509,0.0,933.4114175982509
948.997002,275,22.432619,977.4684967663693,-28.4714946865058,948.9970020798639
233.710849,139,22.520775,241.2494554760863,-7.538606598533493,233.71084887755288
941.76482,301,27.11413,941.7648196731261,0.0,941.7648196731261
232.591017,118,27.177092,247.32927857714557,-14.7382610964127,232.59101748073286
270.39844,139,27.859258,275.4785588765816,-5.080119265569696,270.398439611012
939.225575,346,28.056022,967.6474459247121,-28.421870798402573,939.2255751263095
331.63559,169,28.14739,342.56435973022326,-10.928769437531793,331.6355902926913
111.023953,75,28.18944,114.55315317341355,-3.5292003884176966,111.02395278499587
171.273764,96,28.242779,182.1819761708329,-10.908212373433301,171.27376379739968
326.050962,158,28.327055,329.3169986851352,-3.26603710188769,326.0509615832475
943.546801,245,28.459217,973.5787423099516,-30.031941278765412,943.546801031186
87.14046,73,28.498636,93.1464734692477,-6.006013615125645,87.14045985412199
58.336,71,28.537871,61.22846902673375,-2.8924689856096,58.336000041124166
161.735406,83,28.5845,165.8918794586567,-4.156473919573911,161.7354055390828
-18.687767,40,28.6068,-10.130523087086061,-8.5572441256008,-18.68776721268688
935.407318,303,28.76765,935.4073181568789,0.0,935.4073181568789
244.124244,114,28.827856,252.76470031931683,-8.640456524913319,244.12424379440353
409.316767,180,28.924315,416.35445051802395,-7.037683872957129,409.3167666450668
-36.144248,35,28.94399,-26.688593472186767,-9.455654964232528,-36.14424843641929
954.721248,229,29.655051,975.5876652443744,-20.866416794431224,954.7212484499433
272.694593,112,29.715597,277.9517503976987,-5.257157745309511,272.6945926523892
941.287074,402,29.962971,941.2870736216599,0.0,941.2870736216599
949.815236,290,30.150628,949.8152359894103,0.0,949.8152359894103
-35.505231,23,30.168272,-30.70843599874081,-4.7967952794247335,-35.50523127816554
943.336679,205,30.30295,954.5313004175423,-11.194621788117102,943.3366786294253
966.535358,219,30.429116,966.5353581888387,0.0,966.5353581888387
345.719293,152,30.507543,355.58341444758844,-9.864121757624691,345.7192926899638
-56.665891,31,30.527048,-43.92040009920413,-12.74549135353989,-56.66589145274401
953.040929,239,30.656064,964.4551769254938,-11.414248332394433,953.0409285930991
929.72926,239,31.387329,934.2471866863775,-4.517926392628209,929.7292602937493
930.098742,230,31.508516,959.7305890699046,-29.631847552251017,930.0987415176535
375.258518,131,31.582878,379.85329554705123,-4.594777508037897,375.2585180390134
942.517569,215,31.72062,969.3507955962862,-26.83322699308032,942.5175686032061
947.098478,228,31.893165,947.255690378719,-0.1572127224144202,947.0984776563046
950.152721,237,32.042431,966.9184713886658,-16.76574991946719,950.1527214691986
-54.553884,30,32.063668,-46.06920709814899,-8.484676634584863,-54.55388373273386
918.346569,192,32.186206,918.3465689440075,0.0,918.3465689440075
92.225484,83,32.236518,105.09582738322179,-12.870343168090802,92.22548421513095
354.178837,150,32.314461,358.1219628126305,-3.9431253501614094,354.17883746246906
925.766035,192,32.418463,939.3270649527102,-13.561030085519146,925.7660348671909
104.218546,64,32.453706,113.19101905686634,-8.972473291966025,104.21854576490031
299.675874,110,32.510314,302.7377071032833,-3.0618331379112638,299.675873965372
949.114493,235,33.243301,953.4905187188092,-4.376026089598417,949.1144926292109
-20.843033,30,33.261816,-15.249027286911755,-5.594005984032685,-20.84303327094443
115.44963,63,33.300983,119.57131571125271,-4.121685605832807,115.44963010541989
-29.307223,30,33.32067,-22.874640158663652,-6.4325826803485935,-29.307222839012255
49.058818,42,33.34588,52.771281091254934,-3.712463483108392,49.05881760814657
940.282932,209,33.481128,945.5037152330093,-5.220783611722867,940.2829316212863
944.29957,328,33.704414,944.2995701281563,0.0,944.2995701281563
955.073438,213,33.837868,955.0734378894078,0.0,955.0734378894078
75.897981,50,33.871963,80.84920860702069,-4.951228077508473,75.8979805295122
944.64268,200,33.996076,944.6426801340749,0.0,944.6426801340749
949.944953,236,34.130191,949.9449525497638,0.0,949.9449525497638
279.574047,114,34.189724,282.5555453574497,-2.981498805858503,279.5740465515912
-35.155806,30,34.210032,-29.05096936078705,-6.104836878541831,-35.15580623932891
125.296896,71,34.249728,133.03094524634537,-7.734049185506775,125.29689606083855
315.904547,107,34.310041,327.1352754192777,-11.23072841437849,315.9045470048992
247.001313,113,34.373764,254.79581329879719,-7.794500779500566,247.0013125192967
448.13271,136,35.059461,459.2579505209593,-11.125240895748888,448.1327096252104
-63.152777,43,35.086009,-32.696483600952604,-30.456293841814325,-63.15277744276694
404.837243,170,35.194176,412.076072058863,-7.238828612774888,404.83724344608834
191.827277,108,35.257666,204.76710294057415,-12.93982558205785,191.8272773585163
941.052627,205,35.397688,941.0526270897954,0.0,941.0526270897954
974.998532,279,35.589674,978.7429114537609,-3.7443792967232152,974.9985321570377
971.80511,240,35.73973,971.80511012855,0.0,971.80511012855
310.842848,139,35.828102,318.40132037764073,-7.558472331243703,310.8428480463971
121.527161,76,35.878277,131.27780412622164,-9.750642937040077,121.52716118918153
389.857362,150,39.732363,396.18676205987697,-6.32939977359989,389.85736228627695
88.418027,58,39.762601,92.41141246193841,-3.9933853169033737,88.41802714503505
972.951536,290,39.918479,972.951535525255,0.0,972.951535525255
174.245309,109,39.975882,178.86429831048886,-4.618989619502565,174.24530869098626
938.429986,221,40.710718,947.7530455930676,-9.323059255256965,938.4299863378108
107.280788,64,40.75011,111.55217281905797,-4.271384480014933,107.28078833904303
205.245246,91,40.802283,214.78275378900494,-9.537507941634328,205.24524584737068
914.544954,243,40.93259,948.2812119360947,-33.73625797740562,914.5449539586895
56.170132,52,40.962322,60.55146050457434,-4.3813280565141435,56.170132448060244
141.451702,76,41.003125,145.67943502013853,-4.227732640994934,141.4517023791436
369.029616,151,41.096204,374.1473820628066,-5.117765805082356,369.02961625772434
-20.531954,36,41.116354,-13.547273906870828,-6.9846803937081186,-20.531954300578946
-0.601876,38,41.136825,10.119409561953177,-10.72128506823779,-0.6018755062845997
968.068685,220,41.255887,977.1649401621202,-9.096254783502946,968.0686853786171
184.421048,104,41.311891,195.62091779322068,-11.19986949149886,184.42104830172187
969.058837,216,41.426293,969.0588372669911,0.0,969.0588372669911
920.759743,184,41.525284,920.9490126944027,-0.18926926300105062,920.7597434314016
954.585683,229,41.6491,954.5856827348398,0.0,954.5856827348398
119.289138,65,41.683667,124.01456672455052,-4.725428373783321,119.28913835076719
912.802779,250,42.413332,921.2495168337391,-8.446738302859053,912.80277853088
958.921543,215,42.526428,958.9215432846216,0.0,958.9215432846216
1027.079955,177,42.621783,1027.0799546098515,0.0,1027.0799546098515
968.090487,223,42.740562,968.0904868617262,0.0,968.0904868617262
74.636254,47,42.76749,78.87111073557662,-4.234856530933626,74.636254204643
962.596971,198,42.878338,962.5969710369444,0.0,962.5969710369444
387.672207,146,42.976356,394.81127899803744,-7.139072308034107,387.67220669000335
993.731733,206,43.108745,993.743442944335,-0.011710381880440046,993.7317325624546
941.9459,213,43.24556,961.8325195815262,-19.886619551026314,941.9459000304998
103.792086,54,43.284013,106.73426107697428,-2.9421745932343004,103.79208648374
89.175614,46,43.316534,93.3004598689304,-4.124845620551828,89.17561424837857
273.229811,111,43.387161,276.3752973543602,-3.145486590911994,273.2298107634483
122.948675,58,43.426635,128.15762471504246,-5.208949562994094,122.94867515204835
979.001758,223,43.549157,979.0017579933052,0.0,979.0017579933052
94.559054,62,43.583622,99.96963992861242,-5.410585689245745,94.55905423936667
96.130471,59,44.210091,100.63503508196229,-4.504564340346082,96.1304707416162
969.313451,200,44.317604,979.0896889640684,-9.77623820152343,969.313450762545
80.009519,48,44.343252,84.22980274839699,-4.220284174144904,80.0095185742521
80.796781,50,44.37153,85.7945660766704,-4.9977847408151925,80.79678133585526
176.52629,74,44.412631,183.70534689238778,-7.17905725413947,176.5262896382482
-50.014342,28,44.42878,-44.32369633081457,-5.690645170262988,-50.01434150107757
107.929896,59,44.46005,112.16317045639204,-4.233274630533518,107.92989582585855
990.694284,200,44.566252,990.6942841485788,0.0,990.6942841485788
-48.090809,25,44.581627,-41.97190390996083,-6.11890554087866,-48.0908094508395
973.371686,197,44.692444,985.0217351715097,-11.650048810350306,973.3716863611594
963.359579,182,44.8112,963.3595788406158,0.0,963.3595788406158
-1.789588,28,44.832453,2.166601755794389,-3.9561898407449103,-1.7895880849505374
198.854665,94,44.893644,201.11734027874033,-2.2626755071878373,198.85466477155242
109.75642,54,44.929532,117.56556419903191,-7.809144647809561,109.75641955122234
985.872083,264,45.096062,985.8720833599934,0.0,985.8720833599934
963.636022,174,45.205389,963.6360217288475,0.0,963.6360217288475
911.088107,300,45.384146,937.13367358942,-26.045566103297396,911.0881074861228
56.705556,60,46.036122,62.05977345586268,-5.3542178625040195,56.70555559335867
384.954842,126,46.105106,390.4535713211791,-5.498729031159498,384.95484229001966
381.797965,122,46.170354,387.0535958002629,-5.255631139391287,381.79796466087157
437.782189,137,46.247131,446.8149129643255,-9.032724160243486,437.78218880408184
960.179498,206,46.356648,960.1794983138568,0.0,960.1794983138568
954.768967,193,46.46013,960.5196366024804,-5.750669889585139,954.7689667128952
93.798553,47,46.486379,98.20613872957735,-4.407585561086528,93.79855316849081
103.24522,58,46.5184,107.80679335111762,-4.5615732206938215,103.2452201304238
108.076814,52,46.552352,112.89351169973258,-4.816697429655631,108.07681427007697
981.383186,194,46.677826,981.3831861045858,0.0,981.3831861045858
965.562618,190,46.802062,965.5626179863609,0.0,965.5626179863609
381.435905,122,46.875399,386.1128920280863,-4.676987174325615,381.4359048537607
388.842123,110,46.949314,392.3290907285706,-3.48696767973712,388.8421230488334
930.782132,167,47.056085,930.7821316314103,0.0,930.7821316314103
105.514808,58,47.095425,107.70153074796397,-2.1867231951045207,105.51480755285945
953.971985,162,47.190627,953.971984747304,0.0,953.971984747304
975.453536,204,47.935155,975.453535767185,0.0,975.453535767185
95.497864,53,47.964567,99.21374931054767,-3.7158851741365586,95.49786413641111
978.785885,199,48.069294,978.7858847590892,0.0,978.7858847590892
981.062106,185,48.167362,981.0621056618908,0.0,981.0621056618908
-2.534982,38,48.188768,2.3846246743029127,-4.919606312303862,-2.534981638000943
367.923267,114,48.250732,373.35955366918887,-5.436286992962141,367.92326667622666
959.666099,228,48.389478,959.6660987124087,0.0,959.6660987124087
259.995139,100,48.459719,262.8964340886107,-2.9012955237041416,259.99513856490654
93.794956,63,51.878445,118.06283857705685,-24.267882972817016,93.7949556042399
963.282012,210,51.990901,963.2820117625827,0.0,963.2820117625827
928.81975,191,52.093675,942.8323518994061,-14.012601458329062,928.8197504410773
193.586828,87,52.140952,198.33339717569447,-4.746569236518103,193.58682793917637
894.51585,182,52.236396,917.1106953767215,-22.594845505721686,894.5158498709998
126.754252,60,52.269248,133.25713813549572,-6.502885713722511,126.75425242177323
90.347935,53,52.299385,95.79139748886291,-5.443462811788943,90.34793467707394
371.924161,141,52.374413,383.8627695005048,-11.938608554386345,371.9241609461185
961.274346,171,53.086262,961.2743455027495,0.0,961.2743455027495
929.490557,164,53.190042,953.5354430941346,-24.044886360690647,929.490556733444
968.604604,180,53.300646,968.6046036890299,0.0,968.6046036890299
953.971676,174,53.393101,955.6043166140882,-1.6326409477019626,953.9716756663863
259.272823,100,53.447185,262.1006248824685,-2.8278023141918966,259.27282256827664
957.784407,183,53.545738,957.784407349735,0.0,957.784407349735
62.680124,41,53.566235,67.0560664462207,-4.375942346739238,62.68012409948146
120.26057,66,53.603015,126.58678247030153,-6.326212871997499,120.2605695983041
69.925572,49,53.630553,73.95440071057288,-4.028828757940358,69.92557195263251
983.120692,191,53.733062,983.1206919887093,0.0,983.1206919887093
141.777494,66,53.767921,147.76886507178858,-5.991370851846361,141.77749421994218
939.05431,174,53.861914,939.0543099993683,0.0,939.0543099993683
86.862114,52,53.889715,93.37291768943547,-6.510803460445251,86.86211422899024
913.442141,160,53.976247,923.0223692512376,-9.580228146406458,913.4421411048312
1001.059639,195,54.079328,1001.0596389330369,0.0,1001.0596389330369
924.60403,154,54.759427,924.6040304895262,0.0,924.6040304895262
990.808708,180,54.852606,990.8087081117296,0.0,990.8087081117296
960.59664,191,54.953603,960.5966404287531,0.0,960.5966404287531
984.231669,172,55.044761,984.2316685790306,0.0,984.2316685790306
226.76554,87,55.09373,229.836345364911,-3.070805173424147,226.76554019148685
1010.719593,170,55.185644,1010.719593388733,0.0,1010.719593388733
-37.280436,27,55.200207,-32.00749971795554,-5.272936416785373,-37.28043613474091
969.681174,210,55.311891,969.6811740271293,0.0,969.6811740271293
49.637209,45,55.33783,54.771386014623104,-5.134177435933756,49.63720857868937
-35.521003,23,55.352137,-32.662429218342425,-2.8585738217764147,-35.52100304011884
944.413459,160,55.437185,944.4134589155688,0.0,944.4134589155688
973.983977,156,55.519326,973.9839768522537,0.0,973.9839768522537
277.647034,93,55.570098,284.30447791620975,-6.657444340629275,277.6470335755804
946.761117,181,55.668752,968.2276951320804,-21.466578088511188,946.7611170435691
145.923781,64,55.702069,149.87424708087582,-3.950466225690529,145.92378085518533
230.872123,90,55.751295,234.5289719610506,-3.656849016840529,230.87212294421008
149.647039,72,55.792008,155.6984034803935,-6.051364615118226,149.64703886527525
-44.815462,20,55.805152,-41.76511765614548,-3.0503438671557417,-44.815461523301224
-11.561556,29,55.822976,-7.832229798221391,-3.729326684139786,-11.561556482361183
995.401497,183,56.535845,995.4014966805256,0.0,995.4014966805256
337.822267,98,56.597388,342.3921786525738,-4.569911617316274,337.8222670352575
133.581943,54,56.632275,136.64363140900397,-3.0616881875593185,133.58194322144465
-25.75371,25,56.650393,-20.935435885722654,-4.818273950117122,-25.75370983583977
180.518877,71,56.694363,184.24900482592665,-3.730127412902281,180.51887741302437
913.227397,174,56.788039,918.5401369204619,-5.31273950789911,913.2273974125629
223.016597,78,56.828975,226.65578273684605,-3.639185400698829,223.0165973361473
936.468726,175,56.924462,948.5416655024484,-12.072939629382144,936.4687258730662
948.616652,160,57.012262,954.9201325532355,-6.303480449387126,948.6166521038484
224.955991,78,57.056694,231.6485886690629,-6.692597799510627,224.95599086955227
937.603399,160,57.140288,937.6033993205406,0.0,937.6033993205406
160.314278,68,57.176877,163.67993262136937,-3.365654796454195,160.31427782491514
953.535076,194,57.279441,953.5350763350775,0.0,953.5350763350775
-34.232162,22,57.293063,-28.487117673580457,-5.7450440395562055,-34.232161713136676
1004.091278,173,57.38517,1004.091277739811,0.0,1004.091277739811
210.762027,75,57.425047,213.53168620416494,-2.769659346022493,210.76202685814246
937.669688,191,57.536403,937.6696877191397,0.0,937.6696877191397
966.316355,186,58.293374,973.8957052874687,-7.579350575411702,966.316354712057
130.287831,69,58.339382,140.3453787633806,-10.057547561519243,130.28783120186125
980.100115,171,58.449007,995.6345178434154,-15.534403275343223,980.1001145680723
-13.234824,26,58.464197,-10.407865263964709,-2.8269585503709713,-13.23482381433567
-15.323383,26,58.479986,-12.364554280153541,-2.9588284918338053,-15.32338277198734
974.783381,181,58.5745,974.7833811203441,0.0,974.7833811203441
201.335521,85,58.621699,203.542208058373,-2.206687165418746,201.33552089295424
-52.81695,21,58.633798,-47.80640072117873,-5.010549663931119,-52.816950385109855
972.241218,170,58.72528,972.2412179468799,0.0,972.2412179468799
934.528999,179,58.823361,944.5008652491583,-9.971865914090149,934.5289993350684
5.455336,30,58.840002,14.563365965618218,-9.108030244836879,5.455335720781349
969.538601,182,58.938806,969.5386005533253,0.0,969.5386005533253
997.901005,170,59.030306,998.4872826907116,-0.5862774507360884,997.9010052399755
52.165234,41,59.05257,56.9790069700538,-4.813772722036761,52.16523424801704
1017.559403,184,59.149102,1017.5594027275977,0.0,1017.5594027275977
-57.158508,17,59.161163,-53.439327169982306,-3.7191811676680375,-57.15850833765035
28.812106,39,59.182937,34.09387790980304,-5.281771750620759,28.812106159182292
377.207863,115,59.245353,381.3323831396077,-4.12451973881211,377.20786340079565
940.636033,158,59.329342,940.6360329912535,0.0,940.6360329912535
974.110842,174,60.055849,992.4007108857385,-18.28986857106367,974.1108423146748
63.81752,41,60.083688,66.41546619227977,-2.5979458074947557,63.817520384785
474.898915,147,60.17938,489.60084092284944,-14.701925824603542,474.8989150982459
44.912126,40,60.20398,48.66865544697718,-3.7565289918080413,44.912126455169116
417.205909,111,60.267965,420.46164572738337,-3.2557372070750574,417.2059085203082
63.122131,42,60.290622,66.01556626489617,-2.893435414351581,63.12213085054455
59.643778,42,60.31354,64.45112009843132,-4.807342409281031,59.64377768915028
993.334809,181,60.410007,994.1015100315313,-0.7667014048551284,993.3348086266761
257.576722,86,60.457819,263.06485990194597,-5.488137924357141,257.5767219775888
889.18493,173,63.510009,910.2175715710559,-21.03264184605454,889.1849297250016
341.831413,110,63.588276,346.62715462654955,-4.795741685616642,341.8314129409329
980.262911,164,63.703855,980.262911458314,0.0,980.262911458314
130.196999,58,63.737859,133.84845044692304,-3.6514515785726145,130.19699886835042
-24.002236,24,63.75296,-20.02978926804323,-3.9724464327385123,-24.002235700781725
967.75044,167,63.841445,967.7504396508016,0.0,967.7504396508016
70.234969,47,63.868547,74.51173866033328,-4.276769933279848,70.23496872705341
201.31899,71,63.90546,204.47344539457237,-3.1544557880323163,201.31898960654007
888.28938,163,63.995382,910.5448890612518,-22.25550903612452,888.2893800251275
18.792009,31,64.012939,23.084835017152656,-4.292826439119986,18.792008578032707
275.893646,92,64.062696,282.52268647821694,-6.629040000456186,275.8936464777608
75.335184,53,64.092158,79.69427095773858,-4.359087094113516,75.33518386362508
234.71212,78,64.134167,238.63449611723843,-3.9223756580299733,234.71212045920845
984.333231,159,64.815697,992.5734456478385,-8.240214192077715,984.3332314557609
1.395188,29,64.832432,6.035592420726715,-4.640404378476957,1.3951880422497709
954.95998,159,64.924776,954.9599795354968,0.0,954.9599795354968
965.174824,177,65.042325,970.3113171656997,-5.13649268066104,965.1748244850386
-39.130818,22,65.055942,-35.51426880889181,-3.616549310915304,-39.13081811980712
959.743799,163,65.157178,959.7437985163817,0.0,959.7437985163817
-48.711102,19,65.169301,-43.673390760082086,-5.037711396679046,-48.71110215676113
934.347271,171,65.281563,934.3472710646964,0.0,934.3472710646964
205.503085,83,65.337251,210.06956239958959,-4.5664771996506355,205.503085199939
49.939887,39,65.362055,54.624968435441716,-4.685081260217194,49.93988717522454
935.514127,157,65.459741,935.5141274707462,0.0,935.5141274707462
-4.948934,39,65.485701,3.694620068979276,-8.643553966682797,-4.948933897703569
966.915288,171,65.577944,966.915288216536,0.0,966.915288216536
1001.202143,164,65.665989,1001.3945974276701,-0.19245400811273417,1001.2021434195574
294.280618,90,65.715958,297.7059844507625,-3.425366481717939,294.2806179690446
98.201643,69,65.753579,102.51083949825262,-4.309196066909815,98.20164343134282
979.392502,181,65.853116,979.3925024421823,0.0,979.3925024421823
-28.461751,23,65.867165,-25.03530833564541,-3.42644283535848,-28.46175117100387
-48.519979,21,65.880527,-43.844463393808525,-4.675515179891793,-48.519978573700314
24.413502,40,65.902156,29.244920481511116,-4.831418382803044,24.41350209870805
92.1004,48,65.930077,94.61657941577438,-2.516179573332458,92.10039984244197
169.984663,67,65.964739,173.34402941900123,-3.359366543283053,169.98466287571824
957.468803,179,66.664636,957.4688032530479,0.0,957.4688032530479
-30.981957,22,66.679804,-27.528956973716404,-3.4529997541158277,-30.981956727832213
938.751065,166,66.76813,938.7510649936262,0.0,938.7510649936262
119.645815,58,66.799319,127.27476187882297,-7.628946470963128,119.6458154078598
961.337827,179,66.897782,961.3378271914644,0.0,961.3378271914644
988.307031,172,66.989017,988.3070309870535,0.0,988.3070309870535
910.20719,155,67.072098,910.2071904127693,0.0,910.2071904127693
902.350834,157,67.157738,922.1982655682473,-19.847431917178476,902.3508336510688
415.085892,116,67.221016,421.00787745278944,-5.9219853940654,415.0858920587241
76.317016,43,67.245805,80.53877987782815,-4.221764172270985,76.31701570555714
88.783193,53,67.277172,93.67271538967333,-4.889521895890089,88.78319349378327
965.661315,168,67.366157,965.6613148126927,0.0,965.6613148126927
960.820701,172,67.458318,960.8207008728343,0.0,960.8207008728343
405.809531,108,67.516274,410.42575707090737,-4.616226178134912,405.8095308927727
928.861395,155,67.600647,928.8613946519474,0.0,928.8613946519474
1013.327756,169,68.29828,1013.3277563909409,0.0,1013.3277563909409
338.699419,104,68.356952,342.219751057176,-3.520331661672569,338.6994193955034
911.057951,155,68.439685,911.057950893372,0.0,911.057950893372
99.153638,56,68.469857,102.54659102794075,-3.392952867247173,99.15363816069357
118.828853,60,68.511738,123.33135320222388,-4.502500242196914,118.82885296002698
111.460007,64,68.552361,116.80222216535165,-5.342215239528274,111.4600069258234
-2.474233,28,68.568447,2.6703727218407494,-5.144605268609399,-2.474232546768633
986.804135,177,68.682044,986.8041347363944,0.0,986.8041347363944
955.480886,163,68.793902,955.4808859593163,0.0,955.4808859593163
263.61131,85,68.852379,268.76435296518764,-5.153042736406277,263.61131022878135
317.143672,96,68.913985,321.1080798163156,-3.964407739843282,317.1436720764723
1000.268287,174,69.029391,1000.2682869450553,0.0,1000.2682869450553
352.049568,115,69.099876,377.32919844089287,-25.27963045251389,352.0495679883789
960.386968,164,69.185279,960.3869679855803,0.0,960.3869679855803
956.590388,156,69.268862,956.590387897093,0.0,956.590387897093
-49.358371,19,69.280943,-44.954368082940704,-4.404002697061556,-49.35837078000226
378.940224,118,69.347403,382.8830357798399,-3.942811883389778,378.9402238964501
963.891777,166,69.436437,963.8917774708381,0.0,963.8917774708381
945.565551,158,70.153155,946.5543870902146,-0.9888357045350133,945.5655513856797
-59.604156,17,70.165263,-54.77980843480462,-4.824347661541523,-59.60415609634615
348.665436,111,70.229224,353.1411780668991,-4.475741591620429,348.6654364752786
196.339096,81,70.282327,202.08997664752627,-5.750880790958069,196.33909585656824
384.839241,111,70.355903,390.22387469900264,-5.384633667550546,384.8392410314521
1011.85577,159,70.459173,1011.8557704702346,0.0,1011.8557704702346
55.821292,41,70.488532,60.13409729637661,-4.3128052750099775,55.82129202136667
936.653635,169,70.592066,936.6536354801345,0.0,936.6536354801345
-28.064577,24,70.609493,-22.191397368615455,-5.873179973125953,-28.064577341741398
961.493236,164,70.712388,969.8016745030747,-8.308438368811771,961.4932361342629
202.110004,72,70.75957,204.50241000696295,-2.392405827704369,202.11000417925848
68.023716,41,70.787902,71.39032531973612,-3.366609123683407,68.0237161960527
934.047232,162,70.886986,934.0472317875985,0.0,934.0472317875985
376.144353,109,70.957176,380.8010254609892,-4.656672883239398,376.1443525777498
366.706566,103,71.013541,371.33946437395394,-4.6328981328194,366.7065662411347
961.253883,191,71.119415,961.2538832134815,0.0,961.2538832134815
981.627842,160,71.207143,981.6278418543355,0.0,981.6278418543355
420.860316,111,71.267598,426.7617770110251,-5.901460525199753,420.8603164858254
49.070806,38,71.288738,54.40013376454719,-5.329327370546001,49.070806394001224
89.875837,54,71.317531,93.1878829362762,-3.3120461966585433,89.87583673961765
238.225769,80,71.361469,240.8277206486221,-2.601951208339284,238.2257694402828
995.758978,160,72.074504,995.7589784950633,0.0,995.7589784950633
290.891524,98,72.139819,296.8307254038476,-5.939201069343257,290.8915243345044
1016.987507,165,72.238484,1016.9875066228852,0.0,1016.9875066228852
994.716158,162,72.342621,994.7161584152112,0.0,994.7161584152112
74.273822,45,72.373306,78.37259210478726,-4.098770477953821,74.27382162683344
104.939233,54,76.326956,108.14196822719978,-3.2027351629295655,104.93923306427024
948.410853,162,76.434122,948.4108529584897,0.0,948.4108529584897
1000.157729,167,76.52741,1007.2671440025229,-7.109415079625441,1000.1577289228974
402.226113,104,76.581539,409.67458144348,-7.448468851252711,402.22611259222714
1030.861378,164,76.665097,1030.8613777579685,0.0,1030.8613777579685
973.377739,165,76.75318,973.3777385149725,0.0,973.3777385149725
992.974482,162,76.840058,992.9744816636315,0.0,992.9744816636315
955.135367,152,76.922442,955.1353668506576,0.0,955.1353668506576
23.185096,43,76.946166,31.68543134438508,-8.500335747824273,23.185095596560814
-8.866711,26,76.961272,-4.691610558963916,-4.1751008137684,-8.866711372732311
117.165756,56,76.991846,119.49773212872302,-2.3319758474148093,117.1657562813082
91.669741,50,77.022119,99.43789439911149,-7.768153348849842,91.66974105026165
910.928148,155,77.722491,943.1410656395528,-32.212917612051314,910.9281480275015
964.835484,149,77.80241,964.8354843308092,0.0,964.8354843308092
914.529568,217,77.919775,927.8981844735646,-13.368616104921225,914.5295683686434
970.741574,175,78.013523,971.5230049798276,-0.7814308203189482,970.7415741595087
353.318896,112,78.077632,359.10867085045425,-5.789775142950584,353.31889570750366
318.604987,104,78.134317,322.8695401491655,-4.264552929301058,318.6049872198644
204.732575,75,78.174692,208.69629517903022,-3.96371976109924,204.73257541793103
971.793048,153,78.259269,971.7930482992233,0.0,971.7930482992233
284.946932,96,78.311468,288.2253790502009,-3.2784467782176945,284.9469322719832
915.347893,154,78.393148,928.5467010219404,-13.198807578195217,915.3478934437452
937.02678,161,78.481726,937.0267797925586,0.0,937.0267797925586
219.797781,82,78.525641,227.9053785766123,-8.107597551309922,219.7977810253024
162.281788,74,78.567291,170.98494462643814,-8.703156626880379,162.2817879995578
85.259782,46,78.594591,90.19001399799059,-4.9302317759159795,85.25978222207463
953.334134,224,78.718803,955.7266586687234,-2.392524434758389,953.3341342339651
-56.267946,17,78.729533,-51.48550285913358,-4.782443325597912,-56.2679461847315
367.260852,110,78.787185,376.64808281241505,-9.387230965712735,367.2608518467023
367.055468,96,79.445656,371.2790015975967,-4.223533135396987,367.05546846219966
925.862971,139,79.52022,927.6487950355452,-1.7858242815179706,925.8629707540274
395.16104,115,79.581732,400.1859173360138,-5.024877338681002,395.16103999733286
77.035367,44,79.606959,85.11587063514196,-8.080503392514462,77.03536724262756
957.605426,174,79.698488,957.6054262963188,0.0,957.6054262963188
343.904571,107,79.756914,353.3108092075269,-9.40623865625864,343.90457055126825
945.599357,165,79.846986,945.5993565338974,0.0,945.5993565338974
989.613385,169,79.937387,989.6133848148422,0.0,989.6133848148422
937.645961,147,80.014956,937.6459614959253,0.0,937.6459614959253
409.726159,111,80.073699,413.63368523396065,-3.9075263375801867,409.72615889638035
976.981408,174,80.16802,976.9814078092011,0.0,976.9814078092011
323.557598,95,80.219098,328.07457021291043,-4.516971976698625,323.5575982362118
-26.52902,25,80.233563,-20.864199878210826,-5.6648198017787275,-26.529019679989545
109.806716,51,80.262131,112.35872920414155,-2.552013377895448,109.80671582624612
370.129647,98,80.31598,373.5091178194547,-3.379470916087689,370.12964690336685
968.615539,169,80.406754,968.6155386706537,0.0,968.6155386706537
60.853922,40,80.428994,67.52566701266284,-6.671745019491509,60.8539219931713
1020.783994,174,80.520198,1020.7839944283637,0.0,1020.7839944283637
943.172114,153,81.257353,943.1721136091035,0.0,943.1721136091035
948.324715,168,81.363467,963.3427988940913,-15.018083713964035,948.3247151801273
984.600939,158,81.468239,992.1161413728072,-7.515202268568608,984.6009391042386
934.287661,141,81.56199,934.2876606950902,0.0,934.2876606950902
956.925,142,81.650478,957.3331407786579,-0.4081409946725225,956.9249997839854
136.121534,63,81.693147,145.24083136573861,-9.119296998446265,136.1215343672923
972.862228,157,81.791399,972.862228351973,0.0,972.862228351973
46.995746,37,81.812921,50.27448069247528,-3.278734531154586,46.995746161320696
957.7765,158,81.896186,957.7765000770679,0.0,957.7765000770679
931.190012,170,81.990295,931.190011709395,0.0,931.190011709395
981.93378,161,82.076035,981.933779908844,0.0,981.933779908844
-11.92759,28,82.091167,-6.568842311892368,-5.3587473386735365,-11.927589650565906
948.801604,163,82.178777,955.9089781876042,-7.107374508667365,948.8016036789365
370.729358,105,82.236194,385.3216011134971,-14.592243107654724,370.7293580058424
175.311466,71,82.273541,184.4813398492934,-9.169873764546956,175.3114660847464
977.945756,152,82.370997,977.945755517027,0.0,977.945755517027
950.206125,170,83.093647,953.8980708146648,-3.691945968958848,950.206124845706
1010.313895,168,83.20157,1010.3138954905174,0.0,1010.3138954905174
346.410751,109,83.274837,351.17181503376224,-4.7610640225743746,346.4107510111879
132.103593,52,83.312207,137.68233717304594,-5.578743868242797,132.10359330480316
361.449542,116,83.385293,364.8255322493873,-3.37599030197386,361.4495419474135
-43.390946,19,83.400647,-37.889202124989296,-5.501743698245207,-43.3909458232345
980.422394,165,83.511887,980.6306953343651,-0.20830122679582885,980.4223941075693
997.008514,161,83.61149,998.3751144965406,-1.3666006803288813,997.0085138162116
929.298334,143,83.692485,944.4118707934791,-15.113536834330398,929.2983339591489
939.885922,148,83.771137,955.5569215929206,-15.670999459947998,939.8859221329725
360.292404,104,83.826309,378.06376044260173,-17.771356100866203,360.2924043417356
126.865491,61,83.859097,130.18322375368624,-3.317732906235344,126.86549084745096
386.27763,109,83.917969,390.1231172879227,-3.8454875978433254,386.2776296900793
958.94489,153,84.000748,963.4749117360536,-4.530021660147552,958.9448900759062
951.592595,167,84.089293,964.9758905393334,-13.383295839901924,951.5925946994316
358.803623,112,84.162342,362.08609326788314,-3.282470278341533,358.80362298954157
314.706493,96,84.223258,319.6102550323283,-4.903762156751612,314.70649287557677
942.826553,149,84.930437,945.0647077294605,-2.2381549474045963,942.8265527820558
975.080815,160,85.041907,975.0808154155555,0.0,975.0808154155555
391.118375,100,85.100303,395.35200422551833,-4.233629639747665,391.1183745857706
937.72009,167,89.447089,949.2533927193937,-11.533302521497871,937.7200901978958
998.735462,158,89.533421,1000.5947990199696,-1.8593366937516578,998.735462326218
966.968467,148,89.622794,966.96846674934,0.0,966.96846674934
379.435907,115,89.699361,383.853792062994,-4.417884951427927,379.43590711156605
931.689967,164,89.805668,931.6899672464281,0.0,931.6899672464281
967.92848,155,89.905758,967.9284802886841,0.0,967.9284802886841
125.538,49,89.937261,128.96842577060215,-3.430425798739104,125.53799997186306
943.410603,150,90.035708,944.5422190672713,-1.1316161555777118,943.4106029116936
1005.656212,161,90.138627,1006.1774340121597,-0.5212215820918411,1005.6562124300675
921.943468,165,90.236057,921.9434679080732,0.0,921.9434679080732
-56.702069,17,90.245731,-53.85669545820459,-2.8453730965749804,-56.70206855477957
170.122847,74,90.283523,187.75007745438307,-17.627230552365955,170.122846902017
-10.759901,28,90.299884,-6.184624117366695,-4.575276839637495,-10.75990095700422
1005.592999,151,90.986768,1005.5929990042594,0.0,1005.5929990042594
980.312278,154,91.069483,987.097592429262,-6.785314337058626,980.3122780922038
130.391248,60,91.103249,133.49106296184146,-3.099815293286418,130.39124766855502
985.144993,159,91.187504,985.144993199122,0.0,985.144993199122
984.387568,164,91.276876,984.3875682345223,0.0,984.3875682345223
971.049468,166,91.366019,971.0494682613862,0.0,971.0494682613862
945.056591,156,91.452493,968.8531049077493,-23.79651354875707,945.056591358992
62.719534,40,91.474506,66.52888688114317,-3.8093529077439428,62.719533973399194
968.229488,160,91.561377,968.2294880827839,0.0,968.2294880827839
954.844241,159,91.648351,957.7134523764391,-2.8692115681856647,954.8442408082536
970.597206,156,91.733674,970.5972060238905,0.0,970.5972060238905
905.337318,159,91.819295,923.041058464593,-17.70374008956715,905.337318375026
351.314387,101,91.875639,354.86886049660313,-3.55447398250163,351.3143865141015
998.696783,162,91.963174,1009.8047041675866,-11.107921653840428,998.6967825137463
941.886487,149,92.045314,951.5706607115583,-9.684173357931094,941.886487353627
967.079938,150,92.723624,967.0799382829675,0.0,967.0799382829675
993.663648,153,92.805201,994.916109274432,-1.252461669465423,993.6636476049665
943.618013,148,92.885262,943.6180133855602,0.0,943.6180133855602
211.450926,76,92.927163,215.67991396499852,-4.228987742092252,211.4509262229063
973.643803,146,93.006551,973.643802846701,0.0,973.643802846701
110.955487,59,93.038185,117.45539092865312,-6.499903890625306,110.9554870380278
403.022224,105,93.095152,409.2416634768521,-6.219439286020463,403.02222419083154
92.380066,45,93.119352,97.60910911434517,-5.22904322055789,92.38006589378726
1003.223142,155,93.202206,1003.2231421110303,0.0,1003.2231421110303
1007.279881,163,93.289907,1007.2798813333856,0.0,1007.2798813333856
924.500229,145,93.367667,924.5002294863814,0.0,924.5002294863814
924.173349,155,93.451052,924.1733491077623,0.0,924.1733491077623
955.882711,157,93.536024,955.8827108666524,0.0,955.8827108666524
354.026626,98,93.587742,358.0083914633915,-3.9817651283672753,354.0266263350242
990.265475,153,93.671042,990.2654747222095,0.0,990.2654747222095
943.184759,160,93.765526,945.9823598959892,-2.7976006484990528,943.1847592474901
1000.10752,156,94.475085,1000.1075198933091,0.0,1000.1075198933091
938.537751,147,94.55405,949.8084147910001,-11.270663441856712,938.5377513491436
944.589126,150,94.634156,944.5891258035773,0.0,944.5891258035773
316.466289,97,94.686484,320.4860603288763,-4.019771538553073,316.4662887903233
998.903474,161,94.773303,998.90347447658,0.0,998.90347447658
956.5606,150,94.853679,957.298636861993,-0.7380371575663167,956.5605997044267
985.753006,150,94.936401,985.7530058613099,0.0,985.7530058613099
1024.139057,169,95.027341,1024.6366428405804,-0.49758607042010095,1024.1390567701603
50.710074,49,95.05417,53.52710710722823,-2.8170331123102184,50.71007399491799
926.392886,139,95.132376,926.3928857744974,0.0,926.3928857744974
920.394541,143,95.224438,920.5197948584864,-0.12525380337178227,920.3945410551146
171.520461,65,95.269432,174.29127726319675,-2.7708163190836474,171.52046094411313
79.111404,40,95.297253,82.33782517547007,-3.226421520229483,79.1114036552406
957.394897,149,95.399478,957.3948966354732,0.0,957.3948966354732
976.030138,161,95.502822,976.0301377435296,0.0,976.0301377435296
995.293391,162,95.62435,997.7983363292207,-2.504944932970165,995.2933913962504
1003.284589,153,96.33077,1003.4017999571315,-0.11721062453048692,1003.284589332601
971.335106,145,96.408339,971.3351055781675,0.0,971.3351055781675
968.232027,151,96.490255,971.3575210221934,-3.125493815514215,968.2320272066793
972.370132,150,96.571895,972.3701316470053,0.0,972.3701316470053
957.241384,154,96.65683,957.24138376499,0.0,957.24138376499
965.047206,150,96.736781,969.0043212196323,-3.9571147719542754,965.047206447678
195.838846,73,96.776006,198.13229170467105,-2.2934452986465717,195.83884640602446
941.685144,147,96.855056,941.6851442925013,0.0,941.6851442925013
427.002893,112,96.916112,430.52396900765075,-3.521075540911398,427.00289346673924
345.424168,92,96.973315,349.12000772689703,-3.695839539893197,345.4241681870038
359.525403,103,97.044562,362.7436076234377,-3.218205068924834,359.5254025545128
241.577408,79,97.094147,244.99892508756207,-3.4215166518180817,241.57740843574405
940.781897,147,97.191843,940.7818972978794,0.0,940.7818972978794
435.955681,110,97.264351,440.8840896265653,-4.928408198804913,435.95568142776034
967.291137,157,97.371116,977.756730783881,-10.465594239796081,967.2911365440852
978.90093,151,97.48458,978.9009304858128,0.0,978.9009304858128
107.201162,63,98.144777,110.50600361868004,-3.3048412262075173,107.20116239247253
956.37788,156,102.463266,973.5599403840127,-17.18206079731624,956.3778795866964
378.25709,112,102.526711,391.24984900765935,-12.99275899923532,378.2570900084239
248.637688,80,102.570592,252.69061763316824,-4.052930051889117,248.63768758127912
953.418296,160,102.664411,964.8819633718074,-11.463667311406319,953.418296060401
367.69429,97,102.7191,371.1914252175914,-3.4971350093178115,367.6942902082737
-51.355222,20,102.732749,-45.16963896881701,-6.185582737639212,-51.35522170645622
988.500143,153,102.816012,993.4363208606838,-4.936177592232644,988.5001432684511
955.35259,159,102.908673,955.3525897700171,0.0,955.3525897700171
421.546755,109,102.968621,427.3250925555475,-5.778337546533719,421.5467550090136
986.985756,157,103.055165,986.9857559004314,0.0,986.9857559004314
962.801699,151,103.139788,979.4878597775617,-16.686161228140136,962.8016985494216
1015.580302,150,103.218139,1015.5803018729002,0.0,1015.5803018729002
987.160982,161,103.306726,987.1609815953242,0.0,987.1609815953242
971.220149,165,103.395552,971.2201486536724,0.0,971.2201486536724
373.386159,96,103.446423,378.8804640920325,-5.494305213336229,373.38615887869634
401.928555,102,104.148254,407.1268916706008,-5.198336287226724,401.92855538337403
1002.876448,153,104.229813,1002.8764479657322,0.0,1002.8764479657322
340.089432,95,104.280857,353.1204987382497,-13.03106688817315,340.0894318500765
985.51523,149,104.361541,985.5152300850748,0.0,985.5152300850748
137.843088,52,104.390876,145.8893730470454,-8.046285220073408,137.84308782697204
179.988361,65,104.426887,182.9791145041522,-2.990753764570429,179.9883607395818
46.037617,35,104.446072,49.54121257185396,-3.5035957575386396,46.03761681431534
371.524476,102,104.504161,375.4492125045205,-3.9247360266909306,371.5244764778296
952.119072,151,104.591371,962.3316325125453,-10.212560557834362,952.1190719547108
998.623813,164,104.684088,998.6238130784783,0.0,998.6238130784783
928.087474,145,104.762458,933.8525389108939,-5.765065032032519,928.0874738788611
374.418833,106,104.822299,377.3301233535001,-2.9112904598523546,374.41883289364773
96.305004,44,104.848872,101.54474374146034,-5.239739972765167,96.30500376869514
943.443047,158,104.958,943.4430469771626,0.0,943.4430469771626
-9.591551,26,104.973162,-5.37057742763993,-4.22097312507471,-9.591550552714608
429.323371,109,105.030206,436.38076631546505,-7.057395003725302,429.3233713117396
993.080982,152,105.111961,993.0809821747525,0.0,993.0809821747525
-5.61733,33,105.13162,0.9804748242485175,-6.597804343115754,-5.61732951886728
924.278077,142,105.214116,924.2780768533742,0.0,924.2780768533742
391.189621,100,105.267637,394.2550007390363,-3.065379719917713,391.1896210191186
203.83617,73,105.939967,207.21342001671286,-3.3772496554764793,203.83617036123638
339.048948,94,106.002204,343.55502081956377,-4.506073319229626,339.0489475003342
452.894143,113,106.077037,457.44584850174226,-4.551705366317528,452.89414313542477
962.633694,161,106.177963,965.9377336890107,-3.304039502006221,962.6336941870045
930.535514,150,106.270937,930.5355142857063,0.0,930.5355142857063
958.246038,150,106.361997,958.2460383764536,0.0,958.2460383764536
306.436496,91,106.411492,309.16554378639177,-2.7290476950521514,306.43649609133956
392.213727,99,106.463954,398.8034200026488,-6.589692874863721,392.2137271277851
960.064578,148,106.544812,960.0645777192473,0.0,960.0645777192473
370.171477,94,106.595795,374.33665074638924,-4.1651740141861975,370.1714767322031
-48.767645,22,106.608941,-40.741503592334254,-8.026141619492835,-48.76764521182709
405.970568,111,106.669831,417.7401703284424,-11.769602640674716,405.9705676877675
954.085581,147,106.750297,958.1433936617764,-4.057812506952752,954.0855811548236
948.382298,164,106.838897,966.4553671501807,-18.07306879103174,948.382298359149
-59.277898,16,106.84796,-56.113162780983096,-3.164735462583864,-59.27789824356695
1000.836364,154,106.929554,1000.8363638831223,0.0,1000.8363638831223
895.017916,160,107.018116,906.5294895212335,-11.511573943039439,895.0179155781939
967.477884,148,107.714026,967.4778838164207,0.0,967.4778838164207
975.662136,155,107.814208,975.6621364717685,0.0,975.6621364717685
969.826868,147,107.912563,969.8268677154765,0.0,969.8268677154765
997.623911,160,108.009121,997.6239111396781,0.0,997.6239111396781
980.676984,149,108.102577,980.6769843004329,0.0,980.6769843004329
1025.9245,157,108.1991,1025.9245003812389,0.0,1025.9245003812389
1001.099444,161,108.287188,1001.099443951169,0.0,1001.099443951169
952.467533,160,108.375034,952.4675330929085,0.0,952.4675330929085
434.094292,108,108.432038,438.8284152921042,-4.734123466311157,434.0942918257931
295.16044,87,108.480413,298.24739231059954,-3.0869521903558717,295.1604401202437
960.671623,148,108.557663,961.8370291629003,-1.1654065071905295,960.6716226557096
326.292421,92,108.608181,330.7402456032295,-4.447824154780217,326.2924214484492
962.59981,146,108.686731,962.5998096484849,0.0,962.5998096484849
951.343008,141,108.76106,951.3430081448025,0.0,951.3430081448025
985.594467,150,108.840528,985.5944667428121,0.0,985.5944667428121
76.516034,47,108.867743,83.29031143478618,-6.774277436081886,76.51603399870429
927.41186,144,109.579682,927.4118598441578,0.0,927.4118598441578
240.933852,82,109.634268,245.0286687532324,-4.09481683225358,240.9338519209789
81.489442,50,109.66919,86.54311962028417,-5.053678055343012,81.48944156494115
999.396335,154,109.766245,999.396334610306,0.0,999.396334610306
919.702914,141,109.858205,919.7029137691281,0.0,919.7029137691281
996.480608,150,109.961118,996.4806083348102,0.0,996.4806083348102
53.320967,44,109.994508,58.02659429848498,-4.705627098943438,53.32096719954157
346.443209,93,110.055125,351.84510092059827,-5.401891512093954,346.44320940850434
985.251997,145,110.135479,985.2519966004877,0.0,985.2519966004877
984.571386,151,110.22037,984.5713856789009,0.0,984.5713856789009
187.563184,71,110.260432,198.40782543237148,-10.844641424833197,187.5631840075383
159.207717,67,110.29938,162.89628865733687,-3.6885712663446624,159.20771739099212
-4.601494,26,110.317142,0.8066750611752553,-5.408169287985178,-4.601494226809905
976.726997,149,110.40306,976.7269973389901,0.0,976.7269973389901
991.355291,162,110.493085,991.3552905236328,0.0,991.3552905236328
81.319866,43,110.518762,84.34816598335098,-3.0282996936760975,81.31986628967488
-47.253952,18,110.531907,-43.12004856215579,-4.133903267454982,-47.253951829610784
936.655233,137,110.606638,936.6552330265837,0.0,936.6552330265837
111.282109,46,110.63133,114.14258484833722,-2.8604761868938295,111.28210866144339
986.982154,156,114.573598,986.9821538951884,0.0,986.9821538951884
995.584609,154,115.260027,995.584608906451,0.0,995.584608906451
929.097323,155,115.342426,978.9153231308171,-49.81799987164294,929.0973232591742
969.844883,153,115.422829,969.8448827820594,0.0,969.8448827820594
919.336872,140,115.498008,930.3889883707781,-11.052116619616964,919.3368717511612
321.023294,89,115.547516,323.8078389497934,-2.7845446721751834,321.0232942776182
996.275223,153,115.630769,996.2752226852415,0.0,996.2752226852415
270.381178,87,115.676905,276.34255098070946,-5.961373426056036,270.3811775546534
163.508724,72,115.715764,167.14838074016785,-3.6396570476993633,163.50872369246844
980.418602,156,115.798452,987.5856086187721,-7.167006148538483,980.4186024702337
1004.971969,161,115.886235,1004.9719693851442,0.0,1004.9719693851442
118.640197,58,115.918874,121.61376390536884,-2.9735664073159667,118.64019749805288
216.795324,78,115.959661,219.38594727951025,-2.5906230532495798,216.79532422626065
96.102318,51,115.988462,98.5608750682292,-2.4585568493803605,96.10231821884886
110.226307,55,116.018195,116.19291887246129,-5.966612186524946,110.22630668593632
-33.432152,27,116.034833,-27.730263106949806,-5.701888954660984,-33.432152061610765
969.164542,155,116.127867,969.164541811686,0.0,969.164541811686
977.127505,150,116.210007,978.1838890389802,-1.0563844542037186,977.1275045847765
964.700971,142,116.285857,964.7009714872913,0.0,964.7009714872913
379.972627,98,116.942132,383.2081840547729,-3.235557003496166,379.97262705127673
969.400036,150,117.022649,969.4000356526017,0.0,969.4000356526017
981.377589,150,117.103911,981.3775887229242,0.0,981.3775887229242
383.278858,98,117.157339,387.8837591026113,-4.604901366902812,383.27885773570847
966.687433,152,117.237641,967.1046442199608,-0.417210943831579,966.6874332761292
170.446696,71,117.277009,176.67690285088966,-6.2302065342025506,170.44669631668708
952.570836,155,117.357362,955.5706553770747,-2.9998195208808376,952.5708358561939
10.689824,29,117.374097,14.336169542744187,-3.6463453052314954,10.689824237512667
351.56287,94,117.430157,357.5611647383704,-5.998294932814652,351.56286980555575
977.684838,160,117.516814,977.6848383621833,0.0,977.6848383621833
342.395651,96,117.566753,345.8846396291973,-3.4889889720757505,342.39565065712156
986.539109,157,117.65009,994.1295173675578,-7.590408752344386,986.5391086152136
996.419828,157,117.74856,996.608189536208,-0.18836179283623355,996.4198277433718
909.462374,155,117.851967,945.2107629347638,-35.748388722318374,909.4623742124452
131.973663,51,117.88831,137.95923235799336,-5.985569271886027,131.97366308610736
386.36272,106,117.959106,389.82903958594443,-3.466319808306859,386.3627197776376
66.069134,38,117.985957,69.55178027498918,-3.48264674459074,66.0691335303985
930.388906,149,118.079344,956.5275730967227,-26.13866735889924,930.3889057378235
181.961295,74,118.746259,185.62191619202335,-3.660620717048661,181.96129547497466
949.621963,148,118.835538,950.1506128707983,-0.528649865219438,949.6219630055789
918.305046,143,118.921941,918.3050459661133,0.0,918.3050459661133
972.129967,145,118.999051,972.1299667258651,0.0,972.1299667258651
918.792321,141,119.074553,926.8473807951999,-8.055060118093849,918.7923206771062
457.196663,120,119.139078,461.87979498382174,-4.683132007889764,457.1966629759319
945.808088,156,119.225324,965.9087873421646,-20.100699333228167,945.8080880089366
984.289311,157,119.30922,987.604867358657,-3.315556053250865,984.289311305406
964.283335,152,119.391472,964.2833347170222,0.0,964.2833347170222
148.05707,59,119.423826,153.24690723364364,-5.18983682411907,148.0570704095246
934.42618,147,119.501698,934.4261800711481,0.0,934.4261800711481
971.356711,155,119.601749,971.3567110177617,0.0,971.3567110177617
12.41111,36,119.62906,18.975871452926356,-6.564761642308101,12.411109810618257
956.988365,153,119.727471,967.0503915355325,-10.062026201466203,956.9883653340664
987.165373,155,119.828984,987.1653733784208,0.0,987.1653733784208
315.060946,91,119.891085,319.89974189494455,-4.838796166209269,315.0609457287353
996.873298,158,120.611198,1014.9788176923341,-18.10551945666411,996.8732982356698
963.529377,152,120.705127,964.9338243773152,-1.4044473087207594,963.5293770685944
941.864788,148,120.78985,941.8647882192467,0.0,941.8647882192467
432.298925,106,120.846418,436.1586353142114,-3.859710525176512,432.29892478903486
1001.333659,171,120.939399,1001.3336591833051,0.0,1001.3336591833051
4.35791,33,120.957554,9.117349148252742,-4.759438765508948,4.357910382743796
1008.101085,151,121.03799,1008.1010848872279,0.0,1008.1010848872279
385.774242,110,121.098075,394.19507844282174,-8.420836177319138,385.77424226550255
335.700224,93,121.149083,339.5436605656514,-3.8434363075264866,335.70022425812493
-47.895202,18,121.16116,-42.75366594103998,-5.141535925485352,-47.895201866525326
982.73007,144,121.237845,982.7300702234752,0.0,982.7300702234752
957.368368,151,121.31883,959.635962066873,-2.267593881348591,957.3683681855244
161.930257,62,121.352812,165.72448283515777,-3.7942258646880607,161.93025697046969
102.98855,44,121.382025,105.65921337197494,-2.67066324026246,102.98855013171249
109.305239,54,121.419312,124.33930419543324,-15.034065513776184,109.30523868165716
222.224475,75,121.470335,224.39378052872084,-2.169305065679109,222.22447546304178
346.349272,100,121.542048,367.30281652106174,-20.953544091078353,346.3492724299835
979.864723,222,121.683617,987.6896593963322,-7.8249363258144315,979.8647230705178
963.01171,152,122.399383,976.535893827725,-13.52418375512607,963.011710072599
403.320286,100,122.46262,415.72147455516756,-12.40118820719465,403.320286347973
95.348324,53,122.495985,99.30681881230586,-3.958495031673519,95.34832378063231
137.409787,59,122.532349,143.77995579919065,-6.370168798519474,137.40978700067117
-46.849404,18,122.546033,-42.55820431653099,-4.291199461412917,-46.849403777943905
361.158128,101,122.604276,364.8279849292296,-3.669857025210166,361.1581279040195
955.769397,151,122.686951,955.7693970867731,0.0,955.7693970867731
1017.525201,161,122.772384,1021.295619454134,-3.770418092645321,1017.5252013614887
-41.150352,19,122.784441,-38.08485882620822,-3.065493262455357,-41.15035208866357
982.848676,160,122.869107,986.9964955043737,-4.147819333104526,982.8486761712692
168.104586,65,122.90544,171.88428238208,-3.779696463589186,168.10458591849076
337.880329,96,122.956798,342.05464150371233,-4.17431210781103,337.8803293959013
994.355454,163,123.048246,994.3554541640153,0.0,994.3554541640153
931.211864,147,123.128376,939.6549838949173,-8.44311981572871,931.2118640791884
997.653481,153,123.209913,998.5568732213179,-0.9033920143984489,997.6534812069194
965.84147,146,123.301679,965.8414701638933,0.0,965.8414701638933
-9.904277,26,123.322397,-5.399061738862898,-4.505215103033903,-9.904276841896802
17.51223,39,123.349691,26.188052699393552,-8.675822714183745,17.512229985209814
965.718124,155,127.590254,965.7181235027056,0.0,965.7181235027056
988.857554,164,127.680631,988.8575541018251,0.0,988.8575541018251
1012.689123,164,128.36761,1012.6891226406408,0.0,1012.6891226406408
254.266672,79,128.409341,262.70153403073766,-8.434861890277233,254.26667214046054
981.640241,155,128.492439,981.640241290255,0.0,981.640241290255
968.198592,147,128.571688,968.1985916954743,0.0,968.1985916954743
-59.399284,17,128.581912,-56.41867899019212,-2.9806048455984104,-59.399283835790534
946.516364,149,128.664192,953.4228223904322,-6.906458850651048,946.516363539781
997.462998,156,128.747072,997.4629978806327,0.0,997.4629978806327
973.903764,150,128.826436,973.9037636948666,0.0,973.9037636948666
946.834372,151,128.909303,946.8343715309995,0.0,946.8343715309995
971.994487,154,128.999699,971.9944867186147,0.0,971.9944867186147
384.653893,101,129.066128,388.47582380873195,-3.82193118546458,384.6538926232674
972.484677,146,129.158795,972.5951319369223,-0.11045491866090096,972.4846770182613
957.898887,149,129.259628,957.8988867006458,0.0,957.8988867006458
967.360864,149,129.354,969.5836307613254,-2.2227667099746373,967.3608640513507
993.748774,164,129.461689,993.748774208595,0.0,993.748774208595
974.388296,150,130.164695,974.3882960716796,0.0,974.3882960716796
929.886643,141,130.253195,929.8866429873332,0.0,929.8866429873332
993.22993,160,130.348212,993.2299301385136,0.0,993.2299301385136
330.151961,98,130.401173,333.7472643222747,-3.595303225229287,330.15196109704533
961.876747,150,130.484307,961.8767470293737,0.0,961.8767470293737
954.972148,144,130.561652,954.9721482461163,0.0,954.9721482461163
939.269367,152,130.643749,950.5711475303717,-11.30178040362437,939.2693671267474
971.278163,151,130.723788,971.2781627780693,0.0,971.2781627780693
965.041553,159,130.80898,965.0415525928165,0.0,965.0415525928165
1003.752843,146,130.90048,1003.7528429581923,0.0,1003.7528429581923
982.503086,152,130.998014,982.503086007042,0.0,982.503086007042
933.447561,148,131.093354,933.4475611627289,0.0,933.4475611627289
961.745369,156,131.19558,971.6140153423016,-9.868646234889837,961.7453691074116
354.95512,95,131.255152,357.59649048897796,-2.6413709502280343,354.95511953875
965.843856,153,131.962233,965.8438560673757,0.0,965.8438560673757
940.184082,146,132.055765,949.3324446727846,-9.148362873898511,940.184081798886
129.092971,64,132.096639,134.68204422809427,-5.589073340572194,129.09297088752206
1006.386953,151,132.191114,1006.3869530427229,0.0,1006.3869530427229
978.279318,148,132.270997,978.2793178233061,0.0,978.2793178233061
967.242614,145,132.348222,967.2426137872999,0.0,967.2426137872999
1008.068272,161,132.433713,1008.0682723708514,0.0,1008.0682723708514
399.909564,108,132.49349,404.79944822912785,-4.889883760932849,399.90956446819496
50.167425,36,132.514637,54.60463039258438,-4.437205686024628,50.16742470655974
968.366824,148,132.593776,968.3668236006743,0.0,968.3668236006743
336.002415,100,132.647661,338.8404909920445,-2.838076154757556,336.00241483728695
943.136231,159,132.743834,964.3384941183247,-21.202262995865052,943.1362311224598
-63.439877,16,132.760509,-59.57616506903549,-3.8637117410803024,-63.439876810115805
977.452684,156,132.867148,977.4526844746465,0.0,977.4526844746465
998.577604,156,132.969401,998.5776035846054,0.0,998.5776035846054
943.003172,160,133.078487,950.3985938180949,-7.395421457821214,943.003172360274
338.245608,100,133.144671,342.418119586784,-4.172511096171324,338.24560849061254
947.294459,148,133.872769,952.8136714151751,-5.519212026106968,947.2944593890682
379.007104,100,133.93444,382.8157820615431,-3.8086776666996407,379.00710439484345
994.726795,157,134.034424,994.726795049887,0.0,994.726795049887
961.112123,151,134.123819,961.1121231548886,0.0,961.1121231548886
32.629338,47,134.151072,36.709619961041824,-4.080282163000769,32.62933779804109
999.590702,154,134.232947,999.5907021608238,0.0,999.5907021608238
376.590058,100,134.285964,381.8918557456582,-5.301797992511669,376.59005775314654
169.997728,76,134.328362,171.8450342745054,-1.8473062655601273,169.99772800894527
351.798851,101,134.382321,355.52354863638743,-3.7246980915396906,351.7988505448477
937.525581,144,134.461477,937.5255809493317,0.0,937.5255809493317
977.073155,149,134.540836,977.0731547217815,0.0,977.0731547217815
395.325264,113,134.609133,398.42160430059,-3.096339813373713,395.3252644872163
969.023449,157,134.713222,969.0234493602662,0.0,969.0234493602662
282.040052,82,134.770776,284.3885761629102,-2.3485244447675386,282.04005171814265
-31.039822,23,134.788958,-25.393456824749464,-5.646365590008475,-31.03982241475792
952.005848,148,134.887917,962.4555507164351,-10.449702870043067,952.005847846392
241.266271,85,134.940894,245.42805133062865,-4.161780005191583,241.26627132543695
999.71359,155,135.64496,999.7135902150579,0.0,999.7135902150579
932.482615,143,135.732834,943.3629731641079,-10.880357679800479,932.4826154843073
1000.341101,163,135.836027,1000.3411014258021,0.0,1000.3411014258021
470.289807,117,135.907219,482.3100928852867,-12.020286033253715,470.2898068520329
1014.188262,159,136.000283,1014.1882618683574,0.0,1014.1882618683574
997.797322,148,136.078013,997.7973215852613,0.0,997.7973215852613
988.34384,148,136.154637,988.3438399413914,0.0,988.3438399413914
98.147644,46,136.181398,103.04599251763871,-4.898348292632947,98.14764422500572
942.859312,135,136.25311,942.8593115629519,0.0,942.8593115629519
365.133478,98,136.305381,370.13187029940633,-4.998392655482136,365.1334776439242
967.553387,158,136.390655,987.6522598071849,-20.098873093118442,967.5533867140664
950.242991,148,140.343109,957.6211671016271,-7.37817629721161,950.2429908044155
986.818654,150,140.423019,986.8186543578315,0.0,986.8186543578315
1011.615934,155,140.507735,1011.6452516810012,-0.029317953862440405,1011.6159337271389
949.420645,143,140.58294,949.4206447643661,0.0,949.4206447643661
1029.19424,156,141.26948,1029.1942404100694,0.0,1029.1942404100694
917.342524,153,141.349377,950.9542311012203,-33.611706640486325,917.3425244607341
388.534927,98,141.403189,392.16382248584256,-3.6288951703062295,388.5349273155363
992.248457,156,141.492491,992.2484574165177,0.0,992.2484574165177
1006.493946,159,141.594347,1006.4939455844953,0.0,1006.4939455844953
988.131964,149,141.695344,988.1319643581165,0.0,988.1319643581165
-21.739627,22,141.712027,-18.493299130289458,-3.246328105643313,-21.739627235932772
990.069413,151,141.806538,993.4988623468674,-3.429449071666256,990.0694132752012
958.291567,145,141.900494,967.4616084606653,-9.170041767911698,958.2915666927536
959.016746,152,142.014558,964.4656728177248,-5.448926424575785,959.0167463931489
1017.573068,163,142.126748,1017.5730676822686,0.0,1017.5730676822686
953.492687,143,142.21949,969.7590014910379,-16.266313999628643,953.4926874914092
954.45614,148,142.31291,954.45614006902,0.0,954.45614006902
191.862835,70,142.359439,197.06517561089572,-5.202340990994023,191.8628346199016
364.72868,107,142.449998,368.15707753841906,-3.4283972314066213,364.7286803070124
210.878764,77,142.49699,213.90393872342528,-3.025174732000629,210.87876399142468
1019.414153,158,143.186634,1019.41415276302,0.0,1019.41415276302
456.777631,115,143.249637,464.63185457332474,-7.854223248039181,456.7776313252856
969.351385,144,143.329115,969.351385034688,0.0,969.351385034688
948.911177,154,143.424307,948.9111767108982,0.0,948.9111767108982
971.493934,142,143.511682,971.4939342428493,0.0,971.4939342428493
-57.178638,16,143.524975,-53.79684803742675,-3.381790089516163,-57.17863812694291
147.785077,60,143.566548,150.75916574326493,-2.974088580976357,147.7850771622886
989.214558,155,143.665894,999.5479721458353,-10.333414619201044,989.214557526634
959.033534,147,143.76506,964.3380591392955,-5.304525216400909,959.0335339228945
994.505786,148,143.856646,994.505785756693,0.0,994.505785756693
977.708505,149,143.960124,977.7085050081866,0.0,977.7085050081866
973.348934,144,144.05554,973.3489344162803,0.0,973.3489344162803
280.92001,87,144.11307,284.7276351598972,-3.8076253482270888,280.92000981167007
324.24957,90,144.16534,326.87205844376933,-2.6224884972138716,324.2495699465555
340.158345,98,144.229775,342.36775134887847,-2.209406222010685,340.15834512686774
176.190945,63,144.269074,180.1223675839496,-3.9314230334740543,176.19094455047548
75.162961,40,144.296548,80.30834070851859,-5.145379334521731,75.16296137399681
973.758278,148,144.393341,975.8681156681789,-2.1098376954876343,973.7582779726913
-48.722143,18,144.408058,-45.398810902606925,-3.3233319447477845,-48.72214284735472
380.665209,102,144.471592,383.8542195994126,-3.1890110960016163,380.665208503411
952.487324,143,145.146754,953.4904270688708,-1.0031035234327605,952.4873235454379
941.609338,139,145.220115,941.6093375783958,0.0,941.6093375783958
997.982623,150,145.314878,997.9826229056799,0.0,997.9826229056799
972.247475,147,145.412046,984.3372465092357,-12.089771143867349,972.2474753653685
984.279801,155,145.511067,984.2798007412193,0.0,984.2798007412193
-18.277966,23,145.529226,-14.702465627524589,-3.575500601261548,-18.27796622878614
-24.882812,23,145.545876,-17.39540079659328,-7.487410972806747,-24.882811769400035
984.400441,153,145.642689,984.4004411910444,0.0,984.4004411910444
403.725086,100,145.710702,409.8293752757837,-6.104289625999702,403.7250856497841
968.169642,146,145.807759,968.9837257309899,-0.8140841000167311,968.1696416309732
-17.401511,25,145.828569,-13.09887240887177,-4.302638467720834,-17.40151087659261
366.632543,102,145.894609,372.0114986640935,-5.378955582177702,366.6325430819158
951.343749,147,145.991012,952.6021082881357,-1.2583595030843258,951.3437487850514
18.800908,31,146.013697,23.24193600567544,-4.441028184359009,18.800907821316414
980.391632,151,146.107824,980.3916319628722,0.0,980.3916319628722
383.711857,109,146.17811,386.75169919433296,-3.0398422460347145,383.7118569482982
1000.621744,157,146.277751,1000.6217441638469,0.0,1000.6217441638469
136.073325,64,146.321612,141.5885582022577,-5.515233533717596,136.07332466854015
1002.66151,150,147.009245,1002.6615101170681,0.0,1002.6615101170681
104.378278,48,147.036409,108.9062431174689,-4.527965068609357,104.37827804885953
356.887605,106,147.093853,362.77745584106935,-5.88985105465649,356.887604786413
968.744234,144,147.179977,968.7442338102909,0.0,968.7442338102909
107.836812,55,147.213257,112.89280945359224,-5.055997639034514,107.8368118145577
988.103286,156,147.31871,988.1032862742386,0.0,988.1032862742386
952.059167,159,147.423552,952.0591667356593,0.0,952.0591667356593
978.309625,150,147.518358,985.8466972871993,-7.537071876607433,978.3096254105918
960.908454,145,147.615287,960.9084542281066,0.0,960.9084542281066
365.529815,99,147.684928,368.2561601564192,-2.726345110469727,365.5298150459494
950.922558,145,147.785484,956.5100917226516,-5.587533369126979,950.9225583535244
318.261363,91,147.845382,321.0513796522704,-2.7900163002645755,318.2613633520058
1009.005288,152,147.940814,1009.0052882528162,0.0,1009.0052882528162
392.610924,101,148.005544,396.0433646862625,-3.4324408128705377,392.61092387339215
964.059786,148,148.10054,964.0597856236889,0.0,964.0597856236889
969.395311,168,148.20518,986.2371000087264,-16.841788832915753,969.3953111758108
76.405637,52,148.23938,83.25792234492032,-6.85228521349556,76.4056371314248
984.322521,154,148.922704,984.3225207526139,0.0,984.3225207526139
372.433273,100,148.978172,376.6858611632742,-4.252588237298245,372.433272925976
132.036947,70,149.016011,136.04205052584132,-4.005103929582123,132.0369465962592
941.365894,141,149.107417,941.9433550580354,-0.5774607487065753,941.3658943093287
945.073496,142,149.196267,945.0734957793595,0.0,945.0734957793595
365.944962,99,149.263699,368.98806911897145,-3.043106820684719,365.9449622982867
978.60854,155,149.368089,978.6085404307062,0.0,978.6085404307062
910.017427,164,149.476539,920.5699094173156,-10.552482108764137,910.0174273085513
990.225605,157,149.580365,990.225604932104,0.0,990.225604932104
1011.32218,159,153.406787,1011.3221796575731,0.0,1011.3221796575731
932.29378,140,153.481869,932.2937800613045,0.0,932.2937800613045
990.070055,159,153.566951,1002.0110453815788,-11.940990577625495,990.0700548039534
968.153211,157,153.650078,980.6238950498987,-12.47068427863185,968.1532107712669
924.170203,144,153.727864,924.170202833915,0.0,924.170202833915
125.50162,58,153.759291,133.81180238256377,-8.310182239893233,125.50162014267048
957.565887,146,154.456146,957.5658866573237,0.0,957.5658866573237
921.036574,140,154.544924,921.0365741088145,0.0,921.0365741088145
357.191529,99,154.611598,362.14957122517643,-4.958042682124779,357.1915285430516
970.13446,157,154.711647,970.1344604411092,0.0,970.1344604411092
-8.054164,26,154.729889,-1.479334489563513,-6.574829728024858,-8.05416421758838
349.741273,99,154.792,353.4726131046842,-3.7313399355823744,349.7412731691019
929.700339,153,154.880811,941.0365339073777,-11.336194865688697,929.700339041689
950.078795,145,154.958832,950.0787953248972,0.0,950.0787953248972
84.318582,41,154.981513,90.24529703525687,-5.926715078586077,84.31858195667076
923.305875,141,155.057064,923.3058747384918,0.0,923.3058747384918
921.781506,138,155.133371,921.7815055348872,0.0,921.7815055348872
933.451194,153,155.213316,950.9808639530688,-17.529669581138272,933.4511943719306
1001.307609,159,155.297385,1008.2929187102767,-6.985309463868107,1001.3076092464086
109.013391,56,155.330714,113.86800993407883,-4.854618451464766,109.01339148261408
-33.407141,21,155.342771,-27.7956731380675,-5.6114675459019345,-33.40714068396946
933.951053,142,155.417749,933.9510530032338,0.0,933.9510530032338
57.75244,47,155.442937,61.16621446173883,-3.4137745406967035,57.75243992104214
966.030223,149,155.522968,966.7067430378247,-0.676520280385625,966.0302227574391
343.387863,102,155.580332,348.2540829108141,-4.866220224280343,343.3878626865337
982.754269,155,156.285702,985.9904235127078,-3.2361540789088297,982.754269433799
977.209614,148,156.387171,977.2096135747282,0.0,977.2096135747282
945.636944,145,156.484771,954.2724408136859,-8.635497245172552,945.6369435685133
-16.055632,25,156.503839,-10.791800644168504,-5.263831100015066,-16.05563174418357
938.096254,150,156.597727,949.1707139661554,-11.074460061297952,938.0962539048576
103.710134,47,156.629769,109.3336442451677,-5.623509746970481,103.71013449819725
60.27606,36,156.652489,64.04332367411983,-3.7672638801804474,60.27605979393941
-51.394681,18,156.663055,-46.46580540005209,-4.928875175221946,-51.39468057527404
-12.735236,25,156.678172,-7.057599391916867,-5.677636767206004,-12.735236159122877
975.192945,154,156.759358,984.073081282294,-8.880136558345942,975.1929447239481
237.865413,74,156.798311,241.24286126817353,-3.377447915117007,237.86541335305654
990.551118,151,156.880608,991.5676372457114,-1.0165190924241854,990.551118153287
945.134943,146,156.958288,945.1349433247535,0.0,945.1349433247535
984.790999,151,157.0395,984.7909987502751,0.0,984.7909987502751
996.79683,152,157.118088,996.7968304967999,0.0,996.7968304967999
982.53093,142,157.193742,982.5309296951485,0.0,982.5309296951485
927.318419,145,157.271599,933.0634534422285,-5.745034647065616,927.3184187951629
370.750976,107,157.330364,377.1318640770606,-6.380888409641658,370.75097566741897
1002.112546,155,158.025177,1002.1125457677506,0.0,1002.1125457677506
419.770332,106,158.096469,426.34700743475975,-6.5766751772311105,419.77033225752865
963.673393,144,158.189985,963.673392771733,0.0,963.673392771733
362.897176,95,158.250234,367.17006286330445,-4.272886759588712,362.8971761037157
90.420651,44,158.282063,96.19068002798582,-5.770029281123669,90.42065074686212
-33.330994,23,158.300438,-27.50220720651032,-5.828786918110877,-33.330994124621185
986.570685,153,158.397257,986.5706851855118,0.0,986.5706851855118
935.545894,140,158.480359,946.8199013255787,-11.274007146215823,935.5458941793629
42.309101,35,158.501457,47.28643032936705,-4.977329411488453,42.309100917878595
959.216397,150,158.579273,977.2334369652319,-18.017039985658748,959.2163969795733
310.245846,92,158.630764,313.1037990927099,-2.857952977763551,310.2458461149464
962.860483,151,158.710018,974.5120468760584,-11.651564178504687,962.8604826975537
0.948218,29,158.728211,7.756648611222019,-6.8084308847155315,0.9482177265064848
935.204868,152,158.807869,941.116285132807,-5.911417233505561,935.2048678993015
396.817837,96,158.860837,399.6373026183636,-2.8194658598380586,396.8178367585256
392.659489,107,158.917281,397.2203156038227,-4.5608266119952345,392.65948899182746
959.66225,143,158.99267,959.662250192729,0.0,959.662250192729
929.445921,138,159.06808,929.4459207821762,0.0,929.4459207821762
996.044619,151,159.149051,996.0446193576423,0.0,996.0446193576423
991.31729,153,159.844316,991.3172904133128,0.0,991.3172904133128
361.830627,102,159.916328,364.74801624261545,-2.917388838571151,361.8306274040443
392.086713,102,159.985612,403.837238416123,-11.750525240632864,392.0867131754901
926.664741,141,160.083122,943.0185107194806,-16.353769686862233,926.6647410326184
968.445343,149,160.174937,968.4453432301696,0.0,968.4453432301696
991.428238,156,160.273654,991.4282377318145,0.0,991.4282377318145
-62.755015,16,160.285757,-58.605574621192936,-4.149440511354537,-62.75501513254747
352.153494,102,160.340142,356.2500394905483,-4.09654551690084,352.15349397364747
969.093339,145,160.41511,969.0933390494259,0.0,969.0933390494259
1002.754858,157,160.496613,1002.7548575835095,0.0,1002.7548575835095
997.687844,157,160.583818,998.1003906908433,-0.4125470776487452,997.6878436131946
935.520128,142,160.660015,935.5201279502784,0.0,935.5201279502784
298.346602,86,160.708064,302.87420089421767,-4.52759921092372,298.3466016832939
945.501563,140,160.78258,959.0395260810528,-13.537963186137365,945.5015628949153
362.994261,103,160.840711,367.6296416603057,-4.6353804406833445,362.99426121962233
980.613368,153,160.92266,980.6133682851581,0.0,980.6133682851581
966.883885,148,161.616393,967.3799160314109,-0.4960312186702227,966.8838848127407
961.76638,145,161.71476,961.7663795286826,0.0,961.7663795286826
-47.217501,18,161.725333,-43.6402497576441,-3.577251001413761,-47.21750075905784
-29.042388,22,161.742993,-23.61861798547787,-5.423769673734145,-29.04238765921201
998.136612,150,161.844359,998.1366122542257,0.0,998.1366122542257
941.553121,144,161.937793,955.7165229543594,-14.163401663927127,941.5531212904324
960.263373,139,162.026174,960.2633726000413,0.0,960.2633726000413
220.005801,83,162.075399,223.1815313109253,-3.1757299590447916,220.00580135188054
981.133214,145,162.159547,981.1332135918162,0.0,981.1332135918162
975.480791,145,165.960188,975.4807912520239,0.0,975.4807912520239
1003.524207,148,166.048331,1003.5242067010706,0.0,1003.5242067010706
939.110992,147,166.140881,939.110991513627,0.0,939.110991513627
998.287155,158,166.24205,998.287154737563,0.0,998.287154737563
375.449397,100,166.310532,379.2282629885219,-3.778865574846603,375.44939741367534
369.246441,101,166.386675,375.32930083933303,-6.082859361124964,369.2464414782082
1007.716925,158,166.493904,1007.7169248551111,0.0,1007.7169248551111
411.291134,102,166.563132,416.90547450040697,-5.614340664073602,411.2911338363333
400.7657,109,167.240202,406.4379767887893,-5.672276394339576,400.76570039444965
973.89744,159,167.324452,983.5812995552637,-9.683859064865935,973.8974404903979
352.806758,96,167.375569,357.2746996442752,-4.467942088067429,352.8067575562078
944.068621,137,167.44832,944.068620995643,0.0,944.068620995643
393.352083,101,167.50279,395.8081622810485,-2.4560793687927234,393.35208291225575
437.240642,111,167.560483,441.8525043791047,-4.611862266185684,437.24064211291903
975.789935,151,167.641607,975.7899349141196,0.0,975.7899349141196
953.406155,147,167.718845,953.406155189466,0.0,953.406155189466
900.502808,142,167.794702,924.1838875371201,-23.681079045876128,900.502808491244
947.572732,147,167.879499,947.5727317229971,0.0,947.5727317229971
349.519307,99,167.941346,361.09631324240456,-11.57700594625617,349.51930729614844
365.301571,98,168.007606,370.0580553761765,-4.756484555395088,365.30157082078136
145.538303,59,168.046331,148.3604373424424,-2.8221347617080603,145.53830258073432
-24.23887,24,168.061304,-17.71730860129871,-6.521561280646502,-24.23886988194522
931.644382,140,168.162103,936.729094275159,-5.0847119633595605,931.6443823117993
327.054734,102,168.239038,330.6323575190444,-3.5776230285625976,327.05473449048174
347.774965,97,168.314588,351.0571247170485,-3.2821596468199923,347.7749650702284
-0.471437,26,168.337317,2.854776180925171,-3.32621302699493,-0.4714368460697642
924.431802,144,168.436062,933.5525082028943,-9.120705888690459,924.4318023142039
938.723734,145,169.129725,938.7237343342804,0.0,938.7237343342804
957.802019,153,169.223215,965.2894106646069,-7.487391454474859,957.802019210132
956.460726,151,169.30411,956.4607259499448,0.0,956.4607259499448
355.837558,95,169.355125,359.0244926231775,-3.186934693622889,355.8375579295546
969.345359,142,169.431221,969.3453590744938,0.0,969.3453590744938
971.404902,146,169.506857,971.4049016071926,0.0,971.4049016071926
953.839508,156,169.58916,953.8395078214782,0.0,953.8395078214782
1012.330094,162,169.674531,1014.143914260925,-1.813820317538669,1012.3300939433864
982.707643,155,169.77401,982.7076427720461,0.0,982.7076427720461
954.888479,147,169.876298,969.1179132790041,-14.229434760368552,954.8884785186356
964.591953,148,169.978041,978.4460611374656,-13.854108213742812,964.5919529237226
919.202429,139,170.078334,919.2024291761037,0.0,919.2024291761037
957.212902,143,170.185683,957.2129024668725,0.0,957.2129024668725
952.681272,153,170.302885,952.6812719620148,0.0,952.6812719620148
940.101046,144,171.015745,940.101045725771,0.0,940.101045725771
975.864037,146,171.094165,975.8640370288906,0.0,975.8640370288906
948.362949,138,171.168741,948.3629489938176,0.0,948.3629489938176
972.55386,148,171.247543,987.6261416780583,-15.072281636126709,972.5538600419316
913.45899,137,171.319161,916.9040457136714,-3.4450552591110775,913.4589904545603
941.554848,142,171.39825,941.5548476615767,0.0,941.5548476615767
963.389232,151,171.47959,963.3892323778392,0.0,963.3892323778392
1008.349199,160,171.570372,1008.3491987159528,0.0,1008.3491987159528
958.398864,145,171.665934,958.3988639241766,0.0,958.3988639241766
957.245928,148,171.769112,962.2343702136941,-4.988442046969638,957.2459281667244
1000.078558,152,171.878999,1000.078558408424,0.0,1000.078558408424
977.002414,153,171.989186,985.1662983099726,-8.16388396482655,977.002414345146
967.297169,151,172.099967,967.2971687275966,0.0,967.2971687275966
183.631367,69,172.151612,187.19487945726513,-3.563512370648084,183.63136708661705
1006.775481,157,172.854756,1006.775480839189,0.0,1006.775480839189
407.561996,104,172.911152,412.8960728825902,-5.3340770314144,407.5619958511758
58.847236,48,172.937573,62.437014602857204,-3.5897788551279772,58.84723574772923
1016.531788,154,173.020816,1016.5317876254344,0.0,1016.5317876254344
930.926914,142,173.095051,930.9269140644967,0.0,930.9269140644967
967.603732,146,173.174858,967.7170516212393,-0.11331974394196465,967.6037318772974
981.070843,156,173.258549,981.0708430776145,0.0,981.0708430776145
986.694401,153,173.353912,986.6944013986381,0.0,986.6944013986381
201.760731,74,173.397518,206.43848735831176,-4.677756337788159,201.76073102052356
954.563262,143,173.489149,954.5632615425332,0.0,954.5632615425332
974.551354,152,173.591362,974.5513539251101,0.0,974.5513539251101
965.344159,142,173.698741,965.3441588636542,0.0,965.3441588636542
986.779869,144,173.799013,986.779868785016,0.0,986.779868785016
939.209721,138,173.893131,939.2097209811644,0.0,939.2097209811644
966.976524,145,173.997895,966.976524141525,0.0,966.976524141525
984.686955,146,174.092117,984.6869553157967,0.0,984.6869553157967
998.285946,152,174.771335,998.2859461955891,0.0,998.2859461955891
998.582311,152,174.852754,998.5823107639881,0.0,998.5823107639881
933.063134,137,174.925831,935.9319710184445,-2.868836532097931,933.0631344863466
409.321182,98,174.977643,412.9927636334953,-3.6715814491726917,409.32118218432254
121.548614,48,175.004874,126.2595768373129,-4.710962500050645,121.54861433726226
968.969332,144,175.083418,976.1621942412662,-7.192862654064425,968.9693315872019
969.553626,144,179.066049,969.5536256561677,0.0,969.5536256561677
453.080217,107,179.136846,456.76144762541537,-3.6812303015257344,453.0802173238899
967.414071,144,179.228171,967.4140710876856,0.0,967.4140710876856
966.610528,142,179.320138,966.6105280701956,0.0,966.6105280701956
977.427527,142,179.408713,977.427526758365,0.0,977.427526758365
994.151976,148,179.485096,997.7999469735378,-3.647971152571568,994.1519758209663
1010.45888,155,179.569528,1010.4588803494892,0.0,1010.4588803494892
966.354176,145,179.644943,974.5000719246489,-8.145895486835727,966.3541764378131
945.291489,136,179.719209,945.2914892119768,0.0,945.2914892119768
958.057214,141,180.399322,958.0572135916331,0.0,958.0572135916331
412.07882,98,180.462383,414.8560623463281,-2.7772420047111286,412.078820341617
922.543858,141,180.545696,940.5354064063453,-17.991548097882088,922.5438583084631
978.191662,146,180.624341,978.1916616826263,0.0,978.1916616826263
928.937941,148,180.721882,948.5182105381258,-19.58026970247995,928.9379408356458
1010.907678,153,180.822829,1010.9076779754657,0.0,1010.9076779754657
166.277002,67,180.859792,170.17831854300428,-3.901316151864643,166.27700239113958
975.101187,144,180.955557,975.1011873496107,0.0,975.1011873496107
399.830067,100,181.022326,404.50207932197594,-4.672012120224072,399.8300672017519
976.458896,144,181.115457,977.0826530707502,-0.623757466629483,976.4588956041207
992.392543,152,181.215042,1002.7451794851462,-10.352636489093484,992.3925429960526
972.144321,144,181.295658,992.3137627375477,-20.16944155616319,972.1443211813846
987.535042,151,181.377268,987.5350420454565,0.0,987.5350420454565
918.262676,132,181.446844,918.2626756132526,0.0,918.2626756132526
951.885865,141,181.522678,952.2015410607971,-0.3156763767378816,951.8858646840591
197.868529,72,181.562011,208.53627449511382,-10.667745673222168,197.86852882189166
935.703561,138,182.244225,937.8277966738257,-2.1242359759180625,935.7035606979076
368.809604,95,182.307441,372.7104739559802,-3.9008701280953275,368.80960382788487
976.732004,151,182.39337,978.7153439651111,-1.9833394662407269,976.7320044988703
974.566675,147,182.469854,978.3569374158831,-3.7902627168821645,974.5666746990008
370.906641,96,182.52596,386.5340888208687,-15.627447443500404,370.9066413773682
141.126896,62,182.568338,146.1904284647998,-5.0635325758060175,141.1268958889938
957.790388,144,182.664866,957.7903878661149,0.0,957.7903878661149
241.500351,83,182.71497,250.46558339756987,-8.965232435126596,241.50035096244338
272.094693,83,182.771084,281.3702828044049,-9.275590107244945,272.0946926971599
1002.091382,149,182.867325,1002.2463793319052,-0.15499755505584734,1002.0913817768494
965.683849,144,182.961524,965.6838494667035,0.0,965.6838494667035
966.811977,139,183.056364,966.8119772663705,0.0,966.8119772663705
411.238545,101,183.119998,415.6794975172189,-4.440952241316441,411.2385452759024
984.6749,149,183.198735,985.8610126003816,-1.1861123075779094,984.6749002928036
943.12717,146,183.278019,960.2635316198971,-17.136361257867446,943.1271703620296
911.182041,136,183.350729,911.182040908453,0.0,911.182040908453
463.583869,115,183.41368,470.4656262700764,-6.881757067925577,463.58386920215094
-29.175913,22,183.427327,-24.52775443576968,-4.648159011091024,-29.17591344686069
956.306646,140,184.123701,956.6916972655632,-0.38505095283805524,956.3066463127251
361.977661,99,184.186529,380.1982532264587,-18.220592703408705,361.9776605230501
969.467735,142,184.26692,969.4677347324765,0.0,969.4677347324765
-46.392453,19,184.27749,-41.86673555010728,-4.525717492028534,-46.39245304213581
16.243026,29,184.29412,20.712733822275382,-4.46970802212564,16.243025800149738
949.886162,137,184.366254,949.8861617661167,0.0,949.8861617661167
189.190005,68,184.408645,193.4811438699735,-4.291138942642758,189.19000492733073
972.170802,148,184.5096,972.1708022460522,0.0,972.1708022460522
969.464006,148,184.608224,969.4640055017062,0.0,969.4640055017062
960.361177,142,184.699182,966.2951168588306,-5.933940143777489,960.361176715053
994.348864,147,184.794791,994.348863717745,0.0,994.348863717745
1026.368975,152,184.894874,1026.3689748077848,0.0,1026.3689748077848
958.081532,145,184.988299,958.3985506279953,-0.3170182808106663,958.0815323471847
900.02565,133,185.057597,917.0683204269284,-17.042670078552355,900.0256503483762
971.710089,145,185.134233,978.3270131027075,-6.616924083426907,971.7100890192806
188.445602,69,185.173648,191.7921627421632,-3.346560606452874,188.44560213571037
936.048919,140,185.248885,936.0489185576146,0.0,936.0489185576146
960.773993,140,185.943707,960.7739932683038,0.0,960.7739932683038
1015.199648,158,186.040294,1026.3236030396538,-11.12395515864057,1015.1996478810132
268.219633,82,186.092905,270.76865585654366,-2.5490233045146864,268.219632552029
407.640305,101,186.145412,413.044088197885,-5.4037828800176735,407.6403053178673
942.382405,146,186.223998,942.3824046558743,0.0,942.3824046558743
279.285419,83,186.274714,281.72687602918916,-2.441456799678817,279.28541922951035
1009.572966,149,186.370273,1009.5729661173004,0.0,1009.5729661173004
978.662579,148,186.467447,978.662579253474,0.0,978.662579253474
921.586426,136,186.557864,927.7359523093128,-6.149526494393183,921.5864258149196
915.674494,140,186.654998,935.300458085363,-19.625963964250857,915.674494121112
-50.150294,17,186.668665,-47.15081896878098,-2.999475021019526,-50.1502939898005
406.311374,103,186.741483,409.9333492153715,-3.6219748263113694,406.3113743890602
999.100682,145,186.830155,999.1006823013685,0.0,999.1006823013685
374.463637,95,186.885726,378.8689252381215,-4.405288058038204,374.46363718008337
899.833391,132,186.955165,914.9267689549795,-15.09337747046574,899.8333914845136
401.004223,101,187.009175,403.6921299598707,-2.6879072205088494,401.0042227393618
429.73996,102,187.063658,433.66814384680026,-3.928184278457339,429.7399595683429
968.873822,145,187.736492,968.8738215793276,0.0,968.8738215793276
-52.86811,17,187.745591,-48.28575402506566,-4.582355605575662,-52.86810963064132
-11.140412,25,187.760761,-7.4314272765212905,-3.7089843431171836,-11.14041161963847
972.206489,142,187.834529,972.2064893013396,0.0,972.2064893013396
970.375565,145,187.913202,982.0839144488227,-11.708349811490194,970.3755646373324
921.125662,148,187.991768,940.6588693883053,-19.533207539839427,921.1256618484659
72.375048,40,191.868866,77.86980829473048,-5.494760178648278,72.3750481160822
972.517455,150,191.964384,972.5174554871749,0.0,972.5174554871749
963.269303,139,192.05128,963.2693027697172,0.0,963.2693027697172
969.804911,146,192.142491,969.8049113389195,0.0,969.8049113389195
-11.297958,27,192.163728,-8.327804003097413,-2.9701536556688692,-11.297957658766293
1009.519705,148,192.257993,1011.2308869808098,-1.7111818351828614,1009.5197051456269
984.762904,151,192.361677,984.7629042691669,0.0,984.7629042691669
-11.929473,24,192.379383,-7.891047045641869,-4.038425527835605,-11.929472573477483
959.144756,138,192.460505,959.1447558286595,0.0,959.1447558286595
367.668178,93,192.520638,370.69912828891756,-3.0309505151604617,367.6681777737571
958.740136,147,192.615424,958.7401359072584,0.0,958.7401359072584
921.80693,134,192.692734,924.7208127625821,-2.913883167883606,921.8069295946984
981.582079,149,192.772035,981.5820789495494,0.0,981.5820789495494
85.821323,41,192.794773,89.73434536044788,-3.913022148913334,85.82132321153456
916.045875,133,193.486256,916.0458748136059,0.0,916.0458748136059
940.270394,144,193.582527,940.2703936126645,0.0,940.2703936126645
964.770357,143,193.671864,964.7703574515639,0.0,964.7703574515639
949.051259,146,193.764712,949.0512593359223,0.0,949.0512593359223
991.279072,149,193.86552,991.2790723500352,0.0,991.2790723500352
1000.814274,148,193.9637,1000.8142741688642,0.0,1000.8142741688642
1008.860544,152,194.06113,1008.8605441772326,0.0,1008.8605441772326
948.375424,138,194.151186,948.3754240302277,0.0,948.3754240302277
981.258446,149,194.253271,981.2584464751253,0.0,981.2584464751253
979.162442,147,194.34884,979.6703621657819,-0.5079199922717041,979.1624421735102
439.076341,108,194.421496,448.443700396731,-9.367359450611335,439.0763409461197
971.620443,150,194.518406,976.0712156291695,-4.450773049132352,971.6204425800372
-8.84499,26,194.536595,-0.10801155572148957,-8.736978739785187,-8.844990295506676
964.686107,142,194.623138,964.686106517276,0.0,964.686106517276
906.840625,141,194.69716,934.4892776764802,-27.648652562582303,906.8406251138986
910.926765,132,195.38545,910.9267649125613,0.0,910.9267649125613
174.463066,67,195.430507,178.3975966156227,-3.9345307938180856,174.46306582180458
-48.953782,19,195.445634,-42.885480545898645,-6.068301771278878,-48.95378231717753
957.054679,139,195.537027,957.0546794798285,0.0,957.0546794798285
984.048273,147,195.627105,990.4672188632724,-6.418945955266547,984.0482729080059
965.355501,144,195.71938,965.3555014844409,0.0,965.3555014844409
949.868473,145,195.81486,949.8684733548856,0.0,949.8684733548856
945.713441,142,195.904006,956.1516821675698,-10.438241371215469,945.7134407963543
121.762186,47,195.93135,124.79999111438053,-3.037805405653285,121.76218570872726
203.196721,76,195.982906,207.13949631131092,-3.942775581520121,203.19672072979083
982.205425,145,196.076082,982.2054248910803,0.0,982.2054248910803
357.367209,98,196.142849,361.7980623072162,-4.430853060980653,357.3672092462355
921.761947,134,196.232236,927.1350798781257,-5.373133279071402,921.7619465990543
971.168752,148,196.325697,987.0184266938668,-15.84967454091014,971.1687521529566
965.754382,146,196.422728,965.7543820846356,0.0,965.7543820846356
936.507032,142,196.506982,950.4158559018038,-13.908824389630817,936.5070315121732
366.415472,94,196.557084,371.20136239142346,-4.785890889900586,366.4154715015228
970.292744,141,196.632829,970.2927439213327,0.0,970.2927439213327
945.250227,139,197.324636,945.2502266720039,0.0,945.2502266720039
425.237276,106,197.393112,433.30144065277386,-8.064164943007578,425.2372757097661
349.231464,98,197.45929,352.72104749750173,-3.4895836127094597,349.2314638847922
963.929746,146,197.553518,963.929746195017,0.0,963.929746195017
981.003906,145,197.648072,981.003906143412,0.0,981.003906143412
949.991278,138,197.734396,949.9912779985701,0.0,949.9912779985701
992.758736,144,197.818504,992.7587357206568,0.0,992.7587357206568
960.221058,145,197.909773,960.2210577375439,0.0,960.2210577375439
956.860491,142,198.0031,956.8604909284945,0.0,956.8604909284945
999.892465,151,198.104104,999.8924645781947,0.0,999.8924645781947
993.215693,147,198.201733,995.0299920558383,-1.814299061313621,993.2156929945247
145.318232,59,198.237521,152.4871668385646,-7.16893486075498,145.31823197780963
934.495116,137,198.32533,934.4951163267046,0.0,934.4951163267046
930.138511,137,198.412186,930.1385107221638,0.0,930.1385107221638
421.796405,101,198.466598,426.6839044971883,-4.887499756726116,421.79640474046204
930.757726,146,199.155562,957.7625978390155,-27.004871567150772,930.7577262718647
223.252419,75,199.200606,226.27047280404688,-3.018054016565954,223.25241878748088
964.267833,146,199.29559,964.2678327186354,0.0,964.2678327186354
-23.611223,24,199.312262,-15.201750896959737,-8.409471766338797,-23.61122266329852
958.949204,144,199.409826,958.9492037456629,0.0,958.9492037456629
218.291893,74,199.456776,222.68252584365868,-4.390633062981099,218.2918927806775
361.325196,94,199.517354,365.79093523121935,-4.465739345221687,361.3251958859976
978.871849,145,199.608742,981.1451992023291,-2.2733502185839356,978.871848983745
941.506963,140,199.687382,941.5069630945276,0.0,941.5069630945276
1001.728165,156,199.770755,1001.728165290885,0.0,1001.728165290885
348.035304,92,199.820081,351.6335552165789,-3.5982509037154085,348.0353043128635
977.438494,148,199.897853,977.4384940388676,0.0,977.4384940388676
1000.595971,148,199.977602,1000.5959712598094,0.0,1000.5959712598094
968.452732,141,200.054813,968.4527316864528,0.0,968.4527316864528
987.904983,145,200.132491,992.2875016064779,-4.3825186609497635,987.9049829455282
946.778825,140,200.211414,946.7788247723297,0.0,946.7788247723297
988.87242,150,200.293224,988.8724196491037,0.0,988.8724196491037
931.068912,140,200.969731,931.0689116066212,0.0,931.0689116066212
953.898061,145,201.049734,971.8411395466825,-17.94307889181757,953.8980606548649
-37.945345,22,201.063353,-30.62193419840061,-7.323410442364648,-37.94534464076523
929.294516,138,205.179662,938.3493432580988,-9.054827003023021,929.2945162550757
964.796857,147,205.259778,976.3068797302728,-11.510023153483989,964.796856576789
974.96512,146,205.340005,974.9651201686914,0.0,974.9651201686914
337.238897,90,205.3868,340.5825947513468,-3.3436975247561964,337.23889722659067
986.08778,145,205.465121,986.087779861474,0.0,986.087779861474
928.31153,134,205.538258,928.4011587530308,-0.0896282988515349,928.3115304541793
403.742284,102,205.594292,408.43734653116104,-4.695062047258651,403.74228448390244
379.328206,99,205.648855,383.6919505422097,-4.363744042787524,379.3282064994222
-38.355425,20,205.662504,-32.94872830132509,-5.406697073061169,-38.35542537438627
954.537762,140,205.736507,954.5377619864769,0.0,954.5377619864769
928.682998,142,205.814684,938.4295197169423,-9.74652128289636,928.6829984340459
147.174487,62,205.850026,150.88099792545015,-3.7065108884376468,147.17448703701254
1.635073,28,205.866643,7.136196500661342,-5.501123572030249,1.6350729286310894
956.277194,142,205.940667,956.2771936642995,0.0,956.2771936642995
979.518907,151,206.023606,979.5189067698818,0.0,979.5189067698818
955.291556,144,206.73358,955.2915558008527,0.0,955.2915558008527
981.952566,149,206.823177,990.3821988484174,-8.42963254391804,981.9525663044993
944.898928,141,206.903441,945.044221978908,-0.14529403061767976,944.8989279482904
956.704041,141,206.978486,956.8968779526206,-0.19283745048738332,956.704040502133
916.330034,140,207.055532,916.3300335451893,0.0,916.3300335451893
952.574673,147,207.134144,974.0308677380274,-21.456194883268765,952.5746728547584
928.748141,141,207.210298,928.7481414622391,0.0,928.7481414622391
969.050242,152,207.291556,970.4953329600145,-1.4450911828122033,969.0502417772022
359.698214,98,207.346089,362.20515649733153,-2.5069423178210126,359.69821417951056
969.684731,141,207.423672,969.6847308908164,0.0,969.6847308908164
988.805835,147,207.500153,997.17335956191,-8.367524826741306,988.8058347351689
1004.776799,153,207.586021,1004.7767993986587,0.0,1004.7767993986587
-57.712324,16,207.596215,-54.27224864290522,-3.440075438895404,-57.71232408180062
976.139896,144,207.673429,976.13989559451,0.0,976.13989559451
976.247703,146,207.751928,976.2477025493752,0.0,976.2477025493752
912.037131,136,207.827237,934.1484434131894,-22.111312047469326,912.0371313657201
953.358821,142,208.549601,953.3588214312688,0.0,953.3588214312688
966.283014,146,208.637356,981.8856924396173,-15.602678868143286,966.2830135714739
960.916105,145,208.715529,960.9161049903987,0.0,960.9161049903987
945.764696,139,208.79062,945.76469649478,0.0,945.76469649478
993.125738,149,208.870651,994.0154150096017,-0.8896773500216693,993.12573765958
913.169015,138,208.943457,913.169015084509,0.0,913.169015084509
990.247581,145,209.02159,990.247581243382,0.0,990.247581243382
-31.308245,21,209.034838,-27.962816502909945,-3.345428697987077,-31.30824520089702
975.230358,146,209.111546,975.2303578617016,0.0,975.2303578617016
957.429062,143,209.187938,957.4290615806894,0.0,957.4290615806894
998.282992,146,209.266794,998.2829915871561,0.0,998.2829915871561
935.051215,138,209.341222,935.0512148976891,0.0,935.0512148976891
963.856835,142,209.419354,963.8568347719552,0.0,963.8568347719552
975.918241,141,209.494384,977.6432180211428,-1.7249770993283713,975.9182409218145
938.119208,141,209.569605,953.881543903032,-15.762336397235847,938.1192075057963
402.960179,99,210.251939,408.2889019460026,-5.328722871801659,402.9601790742007
443.639913,106,210.309037,447.81477745307996,-4.174864337242175,443.63991311583766
958.231093,138,210.38107,958.2310929553807,0.0,958.2310929553807
935.984867,135,210.453198,935.9848672228636,0.0,935.9848672228636
973.352856,142,210.529869,973.3528561465931,0.0,973.3528561465931
87.273702,49,210.557559,91.64110572363393,-4.367403368173271,87.27370235546064
977.103195,145,210.642307,977.1031949448536,0.0,977.1031949448536
249.192095,79,210.703755,253.49678718735203,-4.304692416770396,249.19209477058155
-34.693405,21,210.716588,-30.113759507290126,-4.579645455750383,-34.69340496304051
374.910633,95,210.769299,378.1786441284406,-3.268010664108533,374.91063346433214
966.557905,141,210.844345,966.5579050284293,0.0,966.5579050284293
1011.7037,151,210.927567,1011.7036995900658,0.0,1011.7036995900658
964.668738,140,211.003641,964.6687383951296,0.0,964.6687383951296
928.372461,142,211.079824,934.931282495866,-6.558821106452548,928.3724613894135
919.542303,138,211.154521,928.0713016673968,-8.528998727389556,919.5423029400072
136.096255,58,211.186547,141.92393353860527,-5.827678846760402,136.0962546918449
1004.515049,148,211.266864,1014.9626873731695,-10.447637925847427,1004.5150494473223
958.689562,143,211.345112,958.6895622779159,0.0,958.6895622779159
922.301697,142,212.034994,936.9950400215714,-14.693342610261023,922.3016974113102
945.54769,135,212.108415,945.5476903776837,0.0,945.5476903776837
121.724527,56,212.138866,125.87958737173403,-4.155060152956452,121.72452721877755
446.210286,104,212.194995,450.55551390036646,-4.3452283532670695,446.2102855470996
962.32215,148,212.276434,962.3221503489842,0.0,962.3221503489842
928.514814,136,212.350341,928.5148143204453,0.0,928.5148143204453
912.754699,132,212.421274,912.7546992095062,0.0,912.7546992095062
-42.955987,20,212.433016,-36.2518690297686,-6.704117884495007,-42.955986914263605
937.03059,134,212.506241,950.1137461683591,-13.083156132574551,937.0305900357845
960.161554,140,212.580766,960.1615540263408,0.0,960.1615540263408
937.774341,155,212.666101,937.7743414679317,0.0,937.7743414679317
958.287521,145,212.744687,964.3348104453077,-6.047289245193153,958.2875212001145
929.334349,134,212.817201,929.3343491557661,0.0,929.3343491557661
352.903025,90,212.869622,357.22563769493354,-4.322612397284515,352.90302529764904
950.463926,138,212.96327,950.4639255752523,0.0,950.4639255752523
991.619971,152,213.064283,991.6199707935057,0.0,991.6199707935057
988.304628,147,217.685633,988.3046278512927,0.0,988.3046278512927
979.804413,145,217.763951,991.6457199526166,-11.8413071024364,979.8044128501801
938.890746,136,217.837287,938.8907464045835,0.0,938.8907464045835
414.81528,102,217.893472,421.8335406350356,-7.018260352644073,414.8152802823915
145.02391,53,217.922772,151.01924726523373,-5.995337599626629,145.02390966560705
928.428763,141,218.000968,938.4846854214419,-10.055921924351324,928.4287634970906
984.400807,141,218.077106,984.4008066660352,0.0,984.4008066660352
414.568333,99,218.130298,417.8226689669698,-3.2543361155463746,414.5683328514234
1.575289,26,218.144278,4.984027359044745,-3.40873884979957,1.5752885092451976
116.475029,46,218.173969,120.30614587816318,-3.831116887359772,116.47502899080341
974.56038,140,218.268153,974.5603798159513,0.0,974.5603798159513
219.635219,75,218.313649,223.56725609020174,-3.932037112716218,219.63521897748552
944.085843,139,218.401386,961.6456993730643,-17.559856778027395,944.0858425950369
960.069276,143,218.497932,967.9853138824689,-7.91603820473658,960.0692756777323
-35.961071,20,218.513747,-31.352843133015185,-4.608228314505144,-35.96107144752034
38.206644,35,218.539652,48.53742686484527,-10.330783097418237,38.20664376742708
329.72809,94,218.601981,334.06503751603407,-4.336947535552145,329.72808998048185
973.412557,142,218.691582,973.4125565405398,0.0,973.4125565405398
913.729156,137,218.776646,923.5301959487492,-9.801039662798082,913.729156285951
933.458868,135,218.84853,933.4588680054621,0.0,933.4588680054621
386.297956,94,219.530029,389.86336722382543,-3.565411634874259,386.29795558895114
408.745355,102,219.584677,414.80559939931777,-6.0602439863097946,408.74535541300804
971.865116,142,219.663976,971.8651155665159,0.0,971.8651155665159
389.397486,97,219.717838,395.0769616626596,-5.679475627788427,389.39748603487124
958.731421,139,219.792163,958.7314213957894,0.0,958.7314213957894
996.173646,146,219.871556,996.1736456690242,0.0,996.1736456690242
924.990217,132,219.943128,924.99021693892,0.0,924.99021693892
939.233342,136,220.020508,950.0605271629813,-10.82718517908663,939.2333419838947
971.077992,144,220.120756,983.8957201081096,-12.817727987350377,971.0779921207593
112.971065,56,220.156183,117.88343058981587,-4.912365816492851,112.97106477332295
965.652677,143,220.245009,965.6601828736682,-0.0075054918780557145,965.6526773817902
909.067163,134,220.330091,923.476447540776,-14.409284837309238,909.0671627034666
952.276317,140,220.420903,959.1422325019442,-6.865915798136429,952.276316703808
987.320458,142,220.511125,987.3204582429469,0.0,987.3204582429469
959.004663,141,220.601884,959.0046628679542,0.0,959.0046628679542
933.375862,134,220.68426,933.3758615611528,0.0,933.3758615611528
154.262016,61,220.71803,157.6050159006985,-3.342999947949041,154.2620159527495
949.282675,140,221.42049,949.282674554922,0.0,949.282674554922
59.072102,36,221.440509,63.535336226329235,-4.463233808895311,59.07210241743391
423.392904,103,221.496323,430.27110004153326,-6.878196538102333,423.39290350343106
929.442984,141,221.571857,929.4429842844435,0.0,929.4429842844435
6.946162,28,221.587681,10.795938354838228,-3.849776274042876,6.946162080795361
968.698751,141,221.662772,968.6987514044488,0.0,968.6987514044488
995.896923,147,221.742316,995.896923329113,0.0,995.896923329113
936.143332,135,221.813569,936.1433321934815,0.0,936.1433321934815
970.581073,141,221.890181,970.5810732731544,0.0,970.5810732731544
448.244789,107,221.948345,452.5717117471363,-4.32692274256241,448.24478900457393
415.68362,99,222.001981,420.09447821603726,-4.410858439742432,415.6836197762948
990.686287,144,222.080627,991.8951281242489,-1.2088407794969092,990.686287344752
972.02432,148,222.159853,975.4690764209854,-3.444756578105655,972.0243198428795
-59.468511,17,222.170861,-55.25927211168134,-4.209239192922292,-59.46851130460363
409.621654,96,222.221596,413.3991667396681,-3.777512833790201,409.6216539058779
992.4224,146,222.301657,992.4223996524776,0.0,992.4223996524776
952.658465,138,222.37539,952.6584647939414,0.0,952.6584647939414
392.84563,101,222.431276,397.495593170689,-4.649963574885804,392.84562959580313
83.105936,41,222.455738,87.68811909068374,-4.582182678720542,83.10593641196321
974.427728,141,223.162309,974.4277284900087,0.0,974.4277284900087
970.993422,151,223.242291,973.2045322322372,-2.2111100442090077,970.9934221880283
1020.232039,150,223.329568,1020.2320388274184,0.0,1020.2320388274184
929.410612,134,223.399383,929.5445014748009,-0.13388921333136405,929.4106122614696
938.644289,137,223.473319,938.6442887211304,0.0,938.6442887211304
949.858459,142,223.551368,967.3103278812308,-17.45186917313207,949.8584587080987
2.811971,36,223.57314,12.052834957914285,-9.240864071012584,2.8119708869016904
946.249964,141,223.649054,954.1747959253556,-7.924831950277303,946.2499639750783
910.074691,135,223.72347,919.1971079543871,-9.12241650792095,910.0746914464661
943.514612,142,223.800077,947.4816180673689,-3.967005985627579,943.5146120817416
924.738894,138,223.875495,924.7388942152126,0.0,924.7388942152126
992.378089,147,223.952789,992.3780893416038,0.0,992.3780893416038
158.27108,64,223.989312,164.2350962842403,-5.96401673151108,158.27107955272922
968.805763,146,224.067193,968.8057634158852,0.0,968.8057634158852
959.627181,143,224.143752,959.627180854206,0.0,959.627180854206
84.361387,41,224.166677,89.29906603929521,-4.93767906809015,84.36138697120506
942.970695,138,224.866884,942.9706946317306,0.0,942.9706946317306
268.935397,82,224.912182,273.2832681326718,-4.347870989379575,268.9353971432922
996.250621,146,224.990079,996.2506211601079,0.0,996.2506211601079
972.674699,143,225.066513,978.6411122145479,-5.966413576307067,972.6746986382409
1007.831741,146,225.14771,1007.8317412501973,0.0,1007.8317412501973
996.232796,149,225.227833,1003.1160300951253,-6.883234546692546,996.2327955484327
1007.22441,149,225.309859,1010.2701825632959,-3.0457725535657874,1007.22441000973
23.064663,31,225.327976,28.47797103089337,-5.413307547993874,23.064663482899505
931.509174,141,225.405727,931.509174053706,0.0,931.509174053706
972.043681,144,225.480605,972.0436808964271,0.0,972.0436808964271
982.915537,144,225.560434,983.1035897876017,-0.18805289164924055,982.9155368959525
958.659376,141,225.638503,961.0933984357479,-2.4340226417047006,958.6593757940433
942.294128,140,225.733658,949.5747495230445,-7.280621867952825,942.2941276550918
962.023321,141,225.822887,979.427746340124,-17.40442569543872,962.0233206446853
973.076507,141,229.646424,973.0765070106488,0.0,973.0765070106488
962.859479,141,229.723568,962.8594794890884,0.0,962.8594794890884
998.6448,149,230.402131,998.6447997581283,0.0,998.6447997581283
971.835254,146,230.482147,985.4810711153677,-13.645816733631051,971.8352543817366
995.14516,142,230.56032,995.1451602785355,0.0,995.1451602785355
995.386318,149,230.64209,995.3863175735248,0.0,995.3863175735248
88.943087,53,230.670796,116.5456458160956,-27.602558831405723,88.94308698468996
945.997403,137,230.7449,945.9974029793482,0.0,945.9974029793482
238.258226,77,230.7858,241.37876912752765,-3.1205427627317706,238.25822636479583
964.108866,143,230.867171,964.1088657146614,0.0,964.1088657146614
955.740062,144,230.976699,961.0155305795556,-5.275468330823848,955.7400622487319
953.887163,138,231.080105,953.8871630165809,0.0,953.8871630165809
13.219232,29,231.09813,18.881638224223437,-5.662405954434284,13.219232269789131
981.422639,143,231.190876,981.4226386317337,0.0,981.4226386317337
-31.69554,27,231.212063,-25.1830856570525,-6.512454788199628,-31.69554044525212
303.497118,88,231.280945,306.2957209974753,-2.7986025584965137,303.4971184389787
926.194731,137,231.385999,941.0039715857308,-14.809240315034891,926.194731270696
989.394907,140,231.47774,989.3949068853537,0.0,989.3949068853537
1020.190091,151,231.562389,1020.1900911470693,0.0,1020.1900911470693
982.226099,141,232.237246,982.2260990133244,0.0,982.2260990133244
955.379008,139,232.312483,969.7367287924931,-14.357720378920181,955.3790084135727
994.991983,147,232.392147,994.9919825315238,0.0,994.9919825315238
976.298016,151,232.473805,989.8970359393553,-13.599020012465509,976.2980159268899
176.072771,66,232.509208,179.51825486263698,-3.445483570175835,176.07277129246114
962.360443,142,232.586142,962.3604429720743,0.0,962.3604429720743
141.146631,53,232.61441,150.35152094485875,-9.204889990771186,141.14663095408753
226.159122,73,232.655182,229.45234220018978,-3.2932204940193888,226.15912170617042
185.477408,67,232.696013,188.83818762302172,-3.3607799397040274,185.47740768331772
-5.055265,27,232.715679,4.3927388012878055,-9.448004246410408,-5.055265445122615
423.454929,100,232.784718,427.25871727350506,-3.803788288157773,423.4549289853473
933.020677,134,232.878966,933.0206767246982,0.0,933.0206767246982
948.259675,135,232.981934,948.2596751485086,0.0,948.2596751485086
-38.478493,20,233.000125,-33.713842321546196,-4.764650763729946,-38.47849308527613
915.24641,132,233.087904,915.2464096890685,0.0,915.2464096890685
1000.799448,145,233.184853,1000.7994478323637,0.0,1000.7994478323637
20.553765,31,233.21024,28.306874986279908,-7.753110340281415,20.55376464599847
938.269921,144,233.305459,967.5165774585752,-29.246656581673097,938.2699208769022
969.232015,143,233.385911,969.2320154801682,0.0,969.2320154801682
43.569158,35,233.40488,48.707812487531854,-5.138654139592537,43.569158347939336
909.315062,131,234.080161,909.3150622076589,0.0,909.3150622076589
974.923258,145,234.156247,974.9232582535415,0.0,974.9232582535415
963.644269,144,234.234665,980.1124433062038,-16.468174303608745,963.644269002595
960.710371,141,234.309742,960.7103713480024,0.0,960.7103713480024
228.184463,73,234.350957,231.8559138426136,-3.6714513312016157,228.18446251141202
946.507463,138,234.425632,959.2787510240692,-12.771288263413737,946.5074627606556
127.166621,59,234.460323,134.85041992602507,-7.683798971512052,127.16662095451304
117.591802,54,234.489866,121.7540106006027,-4.162209059967815,117.59180154063486
1001.27126,154,234.588095,1001.2712596086438,0.0,1001.2712596086438
940.745196,134,234.677091,940.7451955791979,0.0,940.7451955791979
938.585219,137,234.770625,938.5852188058723,0.0,938.5852188058723
147.280794,60,234.808034,152.15827379999362,-4.877479945584581,147.2807938544091
242.261618,80,234.862571,248.2584146673217,-5.996796890073413,242.2616177772482
952.182695,141,234.953329,952.1826952263239,0.0,952.1826952263239
28.533513,33,234.97755,35.80005915669352,-7.266546215250045,28.533512941443462
394.010409,97,235.042608,400.2710381980203,-6.260629132030077,394.0104090659903
266.379969,82,235.097338,271.04087081167705,-4.660901415277719,266.3799693963993
414.440019,101,235.151874,417.1713493769964,-2.7313308032885715,414.44001857370773
977.531292,143,235.229381,977.5312922777318,0.0,977.5312922777318
344.836294,90,235.277691,358.3752994930777,-13.539005331514767,344.83629416156293
989.264056,142,235.956583,989.2640562253528,0.0,989.2640562253528
-50.211236,18,235.967159,-44.63941775468035,-5.571818034020638,-50.21123578870099
980.758407,145,236.045614,980.7584068074577,0.0,980.7584068074577
86.72722,50,236.074474,92.76298611063964,-6.035766319709749,86.72721979092992
991.880898,149,236.1542,991.880897973029,0.0,991.880897973029
380.711785,93,236.20523,385.5081172988073,-4.796332292860378,380.711785005947
-26.646914,25,236.218819,-16.503108437071035,-10.143805395882953,-26.64691383295397
987.353184,145,236.299479,987.3531839788147,0.0,987.3531839788147
146.036131,53,236.329691,152.15514183698448,-6.119010560986351,146.0361312759981
953.516534,146,236.409078,966.5329751956951,-13.01644164220535,953.5165335534898
986.687469,147,236.486263,986.6874685408407,0.0,986.6874685408407
965.619177,141,236.562173,965.6191765137497,0.0,965.6191765137497
950.743445,139,236.639869,950.7434449731572,0.0,950.7434449731572
242.848231,76,236.680703,245.99404329088802,-3.1458120810271506,242.84823120986076
930.759986,141,236.757052,945.046856877894,-14.286870388046227,930.7599864898477
1005.854762,149,236.840056,1005.8547622349764,0.0,1005.8547622349764
946.08421,136,236.913617,946.1770597000514,-0.09284941164984684,946.0842102884016
948.039601,141,236.990775,964.2230201155277,-16.18341948933059,948.0396006261971
1018.032967,150,237.677608,1018.0329674103016,0.0,1018.0329674103016
929.279083,137,237.751186,946.2264037592738,-16.94732044567716,929.2790833135964
985.885614,145,237.829387,985.8856138707226,0.0,985.8856138707226
960.107244,143,237.908309,978.6110774767825,-18.503833646687205,960.1072438300953
969.951295,140,237.985453,969.9512948415215,0.0,969.9512948415215
204.86957,72,238.025567,208.5800149656094,-3.710444711412703,204.86957025419673
972.542923,140,238.10093,972.5429225065697,0.0,972.5429225065697
15.896548,37,238.121574,27.531645528193053,-11.63509745118491,15.896548077008163
972.423905,141,238.197462,972.4239049258356,0.0,972.4239049258356
985.682589,150,238.278924,993.4899429990094,-7.8073541012019385,985.6825888978074
984.707173,148,238.369951,1001.5274384309968,-16.820264937917823,984.707173493079
1006.736823,147,238.464684,1006.7368233365663,0.0,1006.7368233365663
95.685128,44,238.496588,100.93603793550746,-5.2509102723616286,95.68512766314585
1002.330154,149,242.352893,1002.3301541615449,0.0,1002.3301541615449
1003.750307,146,242.429919,1003.7503068857613,0.0,1003.7503068857613
-22.190083,22,242.441632,-19.184688250358946,-3.0053945049889057,-22.190082755347845
995.468159,148,242.522382,995.468159028021,0.0,995.468159028021
975.287018,151,243.251137,975.2870177863058,0.0,975.2870177863058
951.578192,147,243.34552,968.5075182090942,-16.929326179553186,951.578192029541
971.320202,145,243.436051,971.3202016654955,0.0,971.3202016654955
1016.283721,150,243.517391,1016.2837207060903,0.0,1016.2837207060903
125.06075,47,243.545877,128.2853987377677,-3.224648256496823,125.06075048127086
947.723498,141,243.623511,947.7234981575008,0.0,947.7234981575008
927.449195,134,243.697733,930.9262433585393,-3.477048204131445,927.4491951544078
927.993733,133,243.767584,927.9937325926693,0.0,927.9937325926693
-3.961028,25,243.781338,-1.1279882007149524,-2.833039539395897,-3.9610277401108647
994.433198,149,243.863867,994.4331982876253,0.0,994.4331982876253
998.040528,148,243.944926,999.2514667342604,-1.2109387116280876,998.0405280226323
421.308163,102,244.001292,425.8266953931359,-4.518531983426422,421.30816340970944
104.637977,55,244.032203,111.93563986534197,-7.2976630134762805,104.63797685186564
395.954924,100,244.087407,408.4894797702718,-12.534555694808088,395.95492407546357
180.512128,67,244.124848,185.32356581259123,-4.811437334166485,180.51212847842478
908.699323,132,244.197259,915.5064810411902,-6.80715843963335,908.6993226015567
964.92615,144,244.277115,981.643261093712,-16.717110660496896,964.9261504332148
980.450968,139,245.018295,980.4509675120414,0.0,980.4509675120414
970.262794,150,245.120133,982.390307544793,-12.127513582833867,970.262793961959
953.350141,145,245.212943,959.8972664409798,-6.547125580284158,953.3501408606958
117.917643,47,245.245229,121.8400302049547,-3.922387200440575,117.91764300451416
973.412885,144,245.323635,991.8795019187999,-18.4666164870618,973.412885431738
931.743859,135,245.397241,938.3504967825281,-6.606638091382973,931.7438586911451
-27.975048,22,245.410898,-24.12254710978638,-3.85250046447194,-27.975047574258312
1018.409721,153,245.494023,1025.1616445161596,-6.75192388783813,1018.4097206283213
993.059172,151,245.573695,993.0591715903006,0.0,993.0591715903006
118.504749,54,245.605759,124.30669376332644,-5.801944643972683,118.50474911935369
935.658058,143,245.683788,935.6580582473064,0.0,935.6580582473064
992.479567,144,245.760382,992.4795665765761,0.0,992.4795665765761
994.290307,142,245.839088,994.2903068807399,0.0,994.2903068807399
-33.267525,20,245.850556,-29.377404460472547,-3.890120210133783,-33.267524670606335
947.396496,142,245.929723,962.5310630963652,-15.134566660952013,947.3964964354134
51.573711,35,245.949578,54.01082549289748,-2.4371144111893877,51.573711081708126
959.308502,147,246.032496,959.3085020502482,0.0,959.3085020502482
206.099779,73,246.074224,208.47585566226581,-2.376076571829577,206.09977909043624
1003.736747,152,246.160009,1007.4252408182035,-3.6884935009591384,1003.7367473172444
278.156413,85,246.835314,282.2206966585202,-4.064283270264454,278.1564133882556
982.044849,145,246.937053,984.2410068835989,-2.196157500271661,982.0448493833272
954.764015,143,247.030199,954.7640148658674,0.0,954.7640148658674
974.777306,146,247.113503,974.777306280886,0.0,974.777306280886
418.494925,103,247.167571,422.68177270131986,-4.186847349953367,418.4949253513666
80.550335,45,247.19491,84.71808973663477,-4.167754824019463,80.55033491261531
121.299342,51,247.222174,126.66169478170828,-5.362352724588874,121.29934205711935
971.359702,145,247.300494,971.359701723483,0.0,971.359701723483
968.310955,143,247.377031,968.3109554946896,0.0,968.3109554946896
961.873499,148,247.458721,976.4348066214444,-14.561308076369636,961.8734985450748
913.710748,138,247.533147,938.6639537412276,-24.95320570200252,913.7107480392249
1008.416184,144,247.611578,1008.4161842234806,0.0,1008.4161842234806
138.654157,52,247.639663,145.9077443346149,-7.253586959193423,138.65415737542145
969.93042,143,247.727069,969.9304197187857,0.0,969.9304197187857
971.114492,150,247.824294,971.1144923505818,0.0,971.1144923505818
980.046639,143,247.912634,980.0466394118816,0.0,980.0466394118816
955.135799,135,248.608243,955.1357986724469,0.0,955.1357986724469
973.60423,199,248.712954,973.6042300914071,0.0,973.6042300914071
953.12171,144,248.790051,955.6615160698452,-2.539806286458128,953.1217097833871
409.6969,104,248.845922,413.48930654280036,-3.792406687193308,409.69689985560717
962.932806,140,248.918938,962.932805908835,0.0,962.932805908835
1009.09847,145,248.997466,1009.0984703305954,0.0,1009.0984703305954
971.933966,146,249.075535,971.9339660948383,0.0,971.9339660948383
990.851677,148,249.153046,990.8516768901189,0.0,990.8516768901189
951.801181,141,249.229918,951.8011810532605,0.0,951.8011810532605
945.689139,143,249.308014,963.5269993221156,-17.83786075296881,945.6891385691468
115.810738,49,249.333899,120.17205220105662,-4.361313906092998,115.81073829496363
990.046132,149,249.413791,990.0461315748706,0.0,990.0461315748706
1010.465462,145,249.505147,1010.4654622889991,0.0,1010.4654622889991
960.688247,143,249.602628,961.5957604750691,-0.9075137686180881,960.6882467064511
124.549025,60,249.644544,128.34089531427367,-3.791870008005647,124.54902530626805
10.626876,31,249.664242,16.263287550000044,-5.636412005766004,10.62687554423404
960.457994,142,249.75673,960.5209389641645,-0.06294544734957341,960.4579935168149
348.097553,98,250.414224,351.2107836176987,-3.113231044735403,348.09755257296325
916.058864,138,250.487414,927.0381394313133,-10.979274962871644,916.0588644684416
3.916924,28,250.50554,9.872824111869207,-5.955900188774869,3.9169239230943447
951.399465,138,250.577648,951.3994648490841,0.0,951.3994648490841
940.320134,137,250.649692,940.3201340988488,0.0,940.3201340988488
-8.939581,25,250.66545,-4.455108103198484,-4.48447318492991,-8.939581288128394
346.341539,100,250.719822,357.94711708543707,-11.605578432292965,346.34153865314414
333.916227,92,250.769698,340.57826377693914,-6.662036787359637,333.91622698957946
118.174842,58,250.802502,129.82703194629525,-11.652190107254796,118.17484183904051
945.946461,138,250.875242,947.5797645761443,-1.6333037936083787,945.9464607825357
996.585345,151,250.958447,997.1586377400591,-0.5732928878884618,996.5853448521707
395.472238,94,251.010226,398.05291114389377,-2.580672851053805,395.4722382928401
964.576551,147,251.08928,977.8328707563913,-13.25632019374958,964.5765505626417
994.740931,148,255.348807,994.7409305384856,0.0,994.7409305384856
404.98615,101,255.420109,409.16862175798224,-4.182471761875182,404.9861499961071
950.896451,141,255.510038,952.4035841844089,-1.5071332826276196,950.8964509017812
-35.216384,21,255.525443,-31.92190688689564,-3.294477550020529,-35.21638443691617
927.870161,135,255.619002,927.8701609827268,0.0,927.8701609827268
950.492417,136,255.700584,950.4924169992133,0.0,950.4924169992133
-45.021647,18,255.715238,-41.64981603419868,-3.3718305077474735,-45.021646541946154
