dataset,method,scenario_id,success,reason,reward,steps,full_speed_fraction_after_2s,clipped_speed_fraction,raw_speed_mean_min,raw_speed_mean_max,safety_entry_to_collision_s,abs_w_at_safety_entry,safety_active_nonterminal_steps,safety_active_positive_reward_steps,reward_progress_sum,reward_static_safety_sum,reward_dynamic_safety_sum,reward_time_sum,reward_terminal_sum
validation_D,C-seed1,0,True,success,971.3359833521131,141,1.0,1.0,1.807992696762085,2.389530897140503,,,12,12,779.786362960961,0.0,-1.4003796088479574,-7.049999999999999,200.0
validation_D,C-seed1,1,True,success,932.5804172932901,135,1.0,1.0,1.727858066558838,2.290099859237671,,,0,0,739.3304172932902,0.0,0.0,-6.749999999999998,200.0
validation_D,C-seed1,2,True,success,940.8918767187321,135,1.0,1.0,1.8931167125701904,2.4343221187591553,,,0,0,747.6418767187322,0.0,0.0,-6.749999999999998,200.0
validation_D,C-seed1,3,True,success,972.2658829395989,142,1.0,1.0,1.7030117511749268,2.37817645072937,,,13,13,780.6876452840495,-1.321762344450676,0.0,-7.099999999999998,200.0
validation_D,C-seed1,4,True,success,1011.3568607621394,147,1.0,1.0,1.9605283737182617,2.3779866695404053,,,0,0,818.7068607621393,0.0,0.0,-7.349999999999999,200.0
validation_D,C-seed1,5,True,success,974.7908021406481,139,1.0,1.0,1.581741452217102,2.191343307495117,,,25,25,783.7413362147724,-1.102037106978805,-0.8984969671455256,-6.949999999999999,200.0
validation_D,C-seed1,6,True,success,993.3562581341178,146,1.0,1.0,1.8300237655639648,2.2517611980438232,,,14,14,806.441251514394,0.0,-5.7849933802764095,-7.299999999999999,200.0
validation_D,C-seed1,7,False,static_collision_2,362.82756902021924,94,1.0,1.0,1.7164106369018555,2.404543876647949,1.0,0.05284941364163931,14,14,489.2956677910062,-1.098300568186343,-0.6697982026006719,-4.699999999999998,-120.0
validation_D,C-seed1,8,False,dynamic_collision,284.8718674001102,84,1.0,1.0,1.8275117874145508,2.1478922367095947,1.2000000000000002,0.029162402936851742,6,6,443.08301040556887,0.0,-4.0111430054587585,-4.199999999999999,-150.0
validation_D,C-seed1,9,False,static_collision_1,77.80525237269589,44,1.0,1.0,1.363274097442627,1.9047046899795532,0.8,0.0654954451310394,4,4,200.94391924019914,-0.9386668675032693,0.0,-2.1999999999999993,-120.0
validation_D,C-seed1,10,True,success,976.1060847933858,142,1.0,1.0,1.8639881610870361,2.4430153369903564,,,0,0,783.2060847933858,0.0,0.0,-7.099999999999998,200.0
validation_D,C-seed1,11,True,success,982.4406780388434,142,1.0,1.0,1.497786045074463,1.9332544803619385,,,0,0,789.5406780388435,0.0,0.0,-7.099999999999998,200.0
validation_D,C-seed1,12,False,static_collision_2,389.2433611943878,95,1.0,1.0,1.7061786651611328,2.286412477493286,0.8,0.03077476687542452,4,4,515.0029798875499,-1.0096186931623277,0.0,-4.749999999999998,-120.0
validation_D,C-seed1,13,True,success,985.1716412944887,144,1.0,1.0,1.7662038803100586,2.4220104217529297,,,0,0,792.3716412944885,0.0,0.0,-7.199999999999999,200.0
validation_D,C-seed1,14,True,success,997.4270017295748,146,1.0,1.0,1.8646459579467773,2.1929385662078857,,,7,7,805.3690741658133,0.0,-0.642072436238591,-7.299999999999999,200.0
validation_D,C-seed1,15,False,static_collision_1,88.38618351493521,47,1.0,1.0,1.3906327486038208,1.9270439147949219,0.8,0.03876533075448345,4,4,211.70842699772584,-0.9722434827906368,0.0,-2.3499999999999988,-120.0
validation_D,C-seed1,16,True,success,970.8954489169919,141,1.0,1.0,1.324225664138794,2.0121145248413086,,,0,0,777.9454489169916,0.0,0.0,-7.049999999999999,200.0
validation_D,C-seed1,17,False,static_collision_1,-56.22519248855191,17,1.0,1.0,1.438269853591919,2.129485845565796,0.8,0.07255226351013601,4,4,65.65443868800799,-1.0296311765598998,0.0,-0.8500000000000001,-120.0
validation_D,C-seed1,18,True,success,994.6472995682789,145,1.0,1.0,1.3935296535491943,2.056273937225342,,,0,0,801.8972995682786,0.0,0.0,-7.249999999999999,200.0
validation_D,C-seed1,19,True,success,989.0319818197813,143,1.0,1.0,1.5278815031051636,2.324814558029175,,,13,13,797.5195956244611,-1.3376138046798065,0.0,-7.149999999999999,200.0
validation_D,C-seed1,20,True,success,1002.6228851221248,144,1.0,1.0,1.760941505432129,2.2187116146087646,,,0,0,809.8228851221247,0.0,0.0,-7.199999999999999,200.0
validation_D,C-seed1,21,False,static_collision_1,101.75878470637126,50,1.0,1.0,1.3320584297180176,1.7517104148864746,0.8,0.046265196799722276,4,4,225.08829654422294,-0.8295118378516766,0.0,-2.4999999999999996,-120.0
validation_D,C-seed1,22,True,success,928.1373269280526,134,1.0,1.0,1.8241748809814453,2.445571184158325,,,0,0,734.8373269280527,0.0,0.0,-6.699999999999998,200.0
validation_D,C-seed1,23,False,dynamic_collision,140.5524593231368,59,1.0,1.0,1.8258159160614014,2.18998122215271,1.2000000000000002,0.04693781727420773,6,6,297.86618149262716,0.0,-4.363722169490403,-2.9499999999999993,-150.0
validation_D,C-seed1,24,False,static_collision_1,-12.577095829613029,25,1.0,1.0,1.79463791847229,2.377880334854126,1.2000000000000002,0.011407844691092826,6,6,109.94206185991331,-1.2691576895263412,0.0,-1.2500000000000002,-120.0
validation_D,C-seed1,25,True,success,952.3174585777688,138,1.0,1.0,1.881274700164795,2.436006546020508,,,13,13,760.959016613169,-1.7415580354001243,0.0,-6.899999999999999,200.0
validation_D,C-seed1,26,True,success,969.9698055168049,140,1.0,1.0,1.7979388236999512,2.4717795848846436,,,0,0,776.9698055168049,0.0,0.0,-6.999999999999998,200.0
validation_D,C-seed1,27,True,success,946.6405401021613,135,1.0,1.0,1.853046178817749,2.537508726119995,,,0,0,753.3905401021613,0.0,0.0,-6.749999999999998,200.0
validation_D,C-seed1,28,True,success,968.3591759980238,141,1.0,1.0,1.8847918510437012,2.412182092666626,,,16,16,778.2681344489033,-2.8589584508794506,0.0,-7.049999999999999,200.0
validation_D,C-seed1,29,True,success,961.0963365128437,140,1.0,1.0,1.8161723613739014,2.1981403827667236,,,8,8,769.0906064548781,0.0,-0.994269942034409,-6.999999999999998,200.0
validation_D,C-seed1,30,True,success,948.5622435752224,137,1.0,1.0,1.7464044094085693,2.425156354904175,,,11,11,756.2637264590962,-0.8514828838737842,0.0,-6.85,200.0
validation_D,C-seed1,31,False,static_collision_2,410.8188767826576,100,1.0,1.0,1.7825353145599365,2.232374429702759,1.0,0.03133447348087982,9,9,536.9541657003354,-1.0617933166889069,-0.07349560098885677,-4.999999999999999,-120.0
validation_D,C-seed1,32,False,static_collision_1,125.5817274644686,54,1.0,1.0,1.4826974868774414,1.9241023063659668,0.8,0.03951229672575726,4,4,249.14891056523282,-0.8671831007641704,0.0,-2.699999999999999,-120.0
validation_D,C-seed1,33,True,success,976.5541435897165,144,1.0,1.0,1.6449791193008423,2.4488308429718018,,,0,0,783.7541435897165,0.0,0.0,-7.199999999999999,200.0
validation_D,C-seed1,34,False,static_collision_1,-48.40222107116945,18,1.0,1.0,1.7869045734405518,2.2992618083953857,0.8,0.024144740216773312,4,4,73.4827083362488,-0.9849294074182685,0.0,-0.9000000000000001,-120.0
validation_D,C-seed1,35,True,success,999.5621412364819,148,1.0,1.0,1.6164336204528809,2.389008045196533,,,0,0,806.962141236482,0.0,0.0,-7.399999999999999,200.0
validation_D,C-seed1,36,True,success,984.2116741435589,143,1.0,1.0,1.687369704246521,2.420795202255249,,,0,0,791.3616741435587,0.0,0.0,-7.149999999999999,200.0
validation_D,C-seed1,37,True,success,919.3650215755889,129,1.0,1.0,1.7572154998779297,2.5022971630096436,,,16,16,727.9836493672524,-2.168627791663548,0.0,-6.449999999999999,200.0
validation_D,C-seed1,38,True,success,977.084989318377,142,1.0,1.0,1.8200688362121582,2.4600956439971924,,,0,0,784.1849893183769,0.0,0.0,-7.099999999999998,200.0
validation_D,C-seed1,39,False,static_collision_2,377.4550810329702,93,1.0,1.0,1.693381667137146,2.2325446605682373,0.8,0.030621804161056344,4,4,502.955805059532,-0.8507240265618383,0.0,-4.649999999999999,-120.0
validation_D,C-seed1,40,True,success,987.6971878664972,144,1.0,1.0,1.7234315872192383,2.475672483444214,,,15,15,797.5700544279259,-2.6728665614286955,0.0,-7.199999999999999,200.0
validation_D,C-seed1,41,True,success,949.9035996184784,140,1.0,1.0,1.2793211936950684,2.0118167400360107,,,14,14,759.6809519502606,0.0,-2.7773523317822058,-6.999999999999998,200.0
validation_D,C-seed1,42,True,success,930.1813755838991,134,1.0,1.0,1.8270255327224731,2.3725500106811523,,,0,0,736.8813755838991,0.0,0.0,-6.699999999999998,200.0
validation_D,C-seed1,43,True,success,986.1253752953949,143,1.0,1.0,1.423048734664917,1.9800567626953125,,,0,0,793.2753752953947,0.0,0.0,-7.149999999999999,200.0
validation_D,C-seed1,44,True,success,1027.5208006572573,148,1.0,1.0,1.611167311668396,2.3350863456726074,,,12,12,835.6654922333051,-0.744691576047982,0.0,-7.399999999999999,200.0
validation_D,C-seed1,45,False,static_collision_1,-51.058566534411966,18,1.0,1.0,1.5115405321121216,2.1369266510009766,1.0,0.05383355374359623,5,5,70.99666685425902,-1.1552333886709754,0.0,-0.9000000000000001,-120.0
validation_D,C-seed1,46,True,success,982.5273317376133,140,1.0,1.0,1.5154941082000732,2.0852131843566895,,,0,0,789.5273317376132,0.0,0.0,-6.999999999999998,200.0
validation_D,C-seed1,47,True,success,981.0583553666115,141,1.0,1.0,1.603473424911499,2.230319023132324,,,0,0,788.1083553666114,0.0,0.0,-7.049999999999999,200.0
validation_D,C-seed1,48,False,static_collision_1,-38.5004804790013,20,1.0,1.0,1.4446005821228027,1.9903006553649902,1.0,0.027369128696924473,5,5,83.47089383987765,-0.9713743188789465,0.0,-1.0000000000000002,-120.0
validation_D,C-seed1,49,False,static_collision_2,398.32355126671183,99,1.0,1.0,1.8698028326034546,2.3969228267669678,0.8,0.045484337942388,4,4,524.0723313172497,-0.798780050537975,0.0,-4.949999999999999,-120.0
validation_D,C-seed1,50,True,success,955.8520590385922,137,1.0,1.0,1.4907479286193848,2.1987340450286865,,,16,16,765.3221535949855,-2.6200945563933677,0.0,-6.85,200.0
validation_D,C-seed1,51,True,success,934.2288195497676,139,1.0,1.0,1.518294334411621,2.183340311050415,,,17,17,748.0887589014815,0.0,-6.909939351713915,-6.949999999999999,200.0
validation_D,C-seed1,52,True,success,956.1002235527137,142,1.0,1.0,1.495654821395874,2.299985408782959,,,25,25,777.2572148459476,0.0,-14.05699129323383,-7.099999999999998,200.0
validation_D,C-seed1,53,False,dynamic_collision,234.6941319994673,80,1.0,1.0,1.2515912055969238,1.7264845371246338,1.6,0.07351608075413574,17,17,394.74363980311523,-0.7336976458129855,-5.315810157834985,-3.9999999999999996,-150.0
validation_D,C-seed1,54,False,static_collision_1,97.10343569213074,48,1.0,1.0,1.4101718664169312,1.7962489128112793,0.8,0.050639318930894926,4,4,220.3036318275901,-0.8001961354593654,0.0,-2.4,-120.0
validation_D,C-seed1,55,True,success,926.5192956342039,134,1.0,1.0,1.4936800003051758,2.0050745010375977,,,8,8,733.668380707818,-0.44908507361405714,0.0,-6.699999999999998,200.0
validation_D,C-seed1,56,True,success,939.85596246101,134,1.0,1.0,1.6492564678192139,2.0476975440979004,,,0,0,746.55596246101,0.0,0.0,-6.699999999999998,200.0
validation_D,C-seed1,57,True,success,995.9661009936046,145,1.0,1.0,1.5542981624603271,2.0374364852905273,,,0,0,803.2161009936046,0.0,0.0,-7.249999999999999,200.0
validation_D,C-seed1,58,True,success,926.8337918447212,135,1.0,1.0,1.4881255626678467,2.2706239223480225,,,0,0,733.5837918447212,0.0,0.0,-6.749999999999998,200.0
validation_D,C-seed1,59,True,success,1000.7491581642093,144,1.0,1.0,1.3106080293655396,1.8547176122665405,,,9,9,808.5332820490812,-0.5841238848718677,0.0,-7.199999999999999,200.0
common_encounters,C-seed1,0,True,success,955.5225891310979,138,1.0,1.0,1.9512056112289429,2.4698646068573,,,14,14,764.3377709363738,-1.9151818052761413,0.0,-6.899999999999999,200.0
common_encounters,C-seed1,1,True,success,948.7201356200267,135,1.0,1.0,1.6438508033752441,2.038426399230957,,,0,0,755.4701356200266,0.0,0.0,-6.749999999999998,200.0
common_encounters,C-seed1,2,True,success,1007.8376250004889,146,1.0,1.0,1.9596397876739502,2.354966878890991,,,0,0,815.1376250004888,0.0,0.0,-7.299999999999999,200.0
common_encounters,C-seed1,3,False,static_collision_1,126.41813139235302,54,1.0,1.0,1.413432240486145,1.852476716041565,0.8,0.06459994030966912,4,4,249.95297163870515,-0.8348402463521332,0.0,-2.699999999999999,-120.0
common_encounters,C-seed1,4,True,success,968.5823820514404,140,1.0,1.0,1.8511340618133545,2.2019622325897217,,,13,13,779.577944396693,0.0,-3.995562345252716,-6.999999999999998,200.0
common_encounters,C-seed1,5,True,success,945.1999055050011,137,1.0,1.0,1.7469308376312256,2.3366940021514893,,,0,0,752.049905505001,0.0,0.0,-6.85,200.0
common_encounters,C-seed1,6,True,success,930.4605183360471,132,1.0,1.0,1.7598400115966797,2.1655335426330566,,,0,0,737.060518336047,0.0,0.0,-6.599999999999999,200.0
common_encounters,C-seed1,7,True,success,1014.7701824470606,147,1.0,1.0,1.5850106477737427,2.335193395614624,,,0,0,822.1201824470606,0.0,0.0,-7.349999999999999,200.0
common_encounters,C-seed1,8,True,success,938.7634744678246,137,1.0,1.0,1.826844334602356,2.1864850521087646,,,16,16,753.479625101909,0.0,-7.86615063408451,-6.85,200.0
common_encounters,C-seed1,9,True,success,941.0341575621397,136,1.0,1.0,1.8413952589035034,2.44281268119812,,,10,10,748.4473870271777,-0.6132294650380237,0.0,-6.799999999999999,200.0
common_encounters,C-seed1,10,True,success,987.5005839187685,141,1.0,1.0,1.8264498710632324,2.3286945819854736,,,0,0,794.5505839187683,0.0,0.0,-7.049999999999999,200.0
common_encounters,C-seed1,11,True,success,999.4063355483017,146,1.0,1.0,1.5453163385391235,2.0760304927825928,,,10,10,807.2262222287661,-0.5198866804645946,0.0,-7.299999999999999,200.0
common_encounters,C-seed1,12,False,static_collision_1,124.78206628459789,55,1.0,1.0,1.315030813217163,1.7020589113235474,0.8,0.05420158297063363,4,4,248.303137373973,-0.7710710893750261,0.0,-2.7499999999999987,-120.0
common_encounters,C-seed1,13,True,success,959.3358964108598,141,1.0,1.0,1.7558939456939697,2.294959783554077,,,20,20,773.495600960415,0.0,-7.109704549555189,-7.049999999999999,200.0
common_encounters,C-seed1,14,True,success,989.855889093822,144,1.0,1.0,1.8761582374572754,2.2447454929351807,,,0,0,797.055889093822,0.0,0.0,-7.199999999999999,200.0
common_encounters,C-seed1,15,True,success,973.6725647296605,142,1.0,1.0,1.6365835666656494,2.249201536178589,,,0,0,780.7725647296604,0.0,0.0,-7.099999999999998,200.0
common_encounters,C-seed1,16,False,static_collision_1,88.66917276874612,47,1.0,1.0,1.2667686939239502,1.7424139976501465,1.0,0.06630586078524718,5,5,212.11522057866912,-1.0960478099229714,0.0,-2.3499999999999988,-120.0
common_encounters,C-seed1,17,True,success,956.1597875584754,137,1.0,1.0,1.6383241415023804,2.0531435012817383,,,0,0,763.0097875584754,0.0,0.0,-6.85,200.0
common_encounters,C-seed1,18,True,success,962.5477692482121,138,1.0,1.0,1.5635805130004883,2.2308285236358643,,,0,0,769.447769248212,0.0,0.0,-6.899999999999999,200.0
common_encounters,C-seed1,19,True,success,980.1051209013672,142,1.0,1.0,1.8803353309631348,2.4711923599243164,,,0,0,787.2051209013672,0.0,0.0,-7.099999999999998,200.0
common_encounters,C-seed1,20,False,static_collision_2,395.9858448418105,96,1.0,1.0,1.6479705572128296,2.1710424423217773,1.0,0.03262425813130187,5,5,521.893844221564,-1.1079993797536205,0.0,-4.8,-120.0
common_encounters,C-seed1,21,True,success,954.132213531476,136,1.0,1.0,1.9739627838134766,2.4557995796203613,,,0,0,760.9322135314761,0.0,0.0,-6.799999999999999,200.0
common_encounters,C-seed1,22,False,static_collision_2,361.0179979926941,94,1.0,1.0,1.7104110717773438,2.42757511138916,0.6000000000000001,0.037207106488188195,19,19,489.90894228151177,-0.6640062892945278,-3.5269379995231214,-4.699999999999998,-120.0
common_encounters,C-seed1,23,True,success,963.2549667253483,141,1.0,1.0,1.6238900423049927,2.2175493240356445,,,0,0,770.3049667253482,0.0,0.0,-7.049999999999999,200.0
common_encounters,C-seed1,24,True,success,976.9218670611389,141,1.0,1.0,1.899599552154541,2.4332070350646973,,,0,0,783.9718670611388,0.0,0.0,-7.049999999999999,200.0
common_encounters,C-seed1,25,True,success,985.5459720397682,143,1.0,1.0,1.5589210987091064,2.244889974594116,,,0,0,792.6959720397681,0.0,0.0,-7.149999999999999,200.0
common_encounters,C-seed1,26,True,success,1012.5569544158385,149,1.0,1.0,1.6382849216461182,2.3783397674560547,,,0,0,820.0069544158384,0.0,0.0,-7.449999999999998,200.0
common_encounters,C-seed1,27,True,success,1012.1910793243283,148,1.0,1.0,1.8283344507217407,2.3506710529327393,,,0,0,819.5910793243281,0.0,0.0,-7.399999999999999,200.0
common_encounters,C-seed1,28,True,success,943.5594458489248,137,1.0,1.0,1.393282175064087,2.03090763092041,,,32,32,766.0519608206157,-0.020462051274940052,-15.622052920415772,-6.85,200.0
common_encounters,C-seed1,29,True,success,1017.2115364047775,147,1.0,1.0,1.5454411506652832,2.2553794384002686,,,13,13,825.9981323789125,-1.4365959741348628,0.0,-7.349999999999999,200.0
common_encounters,C-seed1,30,True,success,970.1840192683597,139,1.0,1.0,2.0666558742523193,2.4471611976623535,,,0,0,777.1340192683598,0.0,0.0,-6.949999999999999,200.0
common_encounters,C-seed1,31,True,success,941.4820768965504,135,1.0,1.0,1.8010355234146118,2.354483127593994,,,0,0,748.2320768965503,0.0,0.0,-6.749999999999998,200.0
common_encounters,C-seed1,32,True,success,939.0431616579675,137,1.0,1.0,1.5782265663146973,2.257235288619995,,,0,0,745.8931616579673,0.0,0.0,-6.85,200.0
common_encounters,C-seed1,33,True,success,923.051477167753,133,1.0,1.0,1.2147657871246338,1.9209816455841064,,,0,0,729.7014771677528,0.0,0.0,-6.649999999999999,200.0
common_encounters,C-seed1,34,False,static_collision_1,-7.113798217471455,26,1.0,1.0,1.8159292936325073,2.43038272857666,1.6,0.015193103528031342,8,8,115.83022336894885,-1.644021586420308,0.0,-1.3000000000000003,-120.0
common_encounters,C-seed1,35,True,success,940.2150025618258,136,1.0,1.0,1.6612977981567383,2.2401421070098877,,,0,0,747.0150025618257,0.0,0.0,-6.799999999999999,200.0
common_encounters,C-seed1,36,True,success,958.7074498588388,140,1.0,1.0,1.710121989250183,2.306831121444702,,,0,0,765.7074498588388,0.0,0.0,-6.999999999999998,200.0
common_encounters,C-seed1,37,False,static_collision_2,382.22704823374863,95,1.0,1.0,1.897220253944397,2.4386041164398193,0.6000000000000001,0.03686351384474688,3,3,507.7019422470548,-0.7248940133062556,0.0,-4.749999999999998,-120.0
common_encounters,C-seed1,38,True,success,969.1371751911306,140,1.0,1.0,1.8607463836669922,2.5310745239257812,,,0,0,776.1371751911306,0.0,0.0,-6.999999999999998,200.0
common_encounters,C-seed1,39,False,static_collision_2,354.66999517421,89,1.0,1.0,1.698825716972351,2.098633050918579,1.2000000000000002,0.0038960880477057172,9,9,480.3209614390525,-1.2009662648426833,0.0,-4.449999999999999,-120.0
common_encounters,C-seed1,40,False,static_collision_2,396.61085943012847,99,1.0,1.0,1.684430718421936,2.4680886268615723,0.8,0.03516593200222063,4,4,522.412301431573,-0.8514420014445976,0.0,-4.949999999999999,-120.0
common_encounters,C-seed1,41,True,success,970.3663045963301,142,1.0,1.0,1.518455147743225,2.2313804626464844,,,0,0,777.4663045963301,0.0,0.0,-7.099999999999998,200.0
common_encounters,C-seed1,42,True,success,961.9744732180066,141,1.0,1.0,1.5073699951171875,1.9552993774414062,,,14,14,771.4104434850738,-2.3859702670673753,0.0,-7.049999999999999,200.0
common_encounters,C-seed1,43,True,success,926.2586327006667,134,1.0,1.0,1.5766916275024414,2.358569383621216,,,0,0,732.9586327006666,0.0,0.0,-6.699999999999998,200.0
common_encounters,C-seed1,44,False,static_collision_2,373.4672863802253,92,1.0,1.0,2.049955129623413,2.514824151992798,1.0,0.03384712890877824,5,5,499.21525899732353,-1.1479726170983486,0.0,-4.599999999999999,-120.0
common_encounters,C-seed1,45,True,success,964.8751666879213,141,1.0,1.0,1.4148565530776978,2.0001182556152344,,,14,14,774.4799708010643,-2.5548041131430006,0.0,-7.049999999999999,200.0
common_encounters,C-seed1,46,False,static_collision_2,383.8390318095675,96,1.0,1.0,1.8597147464752197,2.4096033573150635,0.8,0.04377213862241372,4,4,509.6955262745208,-1.056494464953427,0.0,-4.8,-120.0
common_encounters,C-seed1,47,False,static_collision_2,322.1306429917956,89,1.0,1.0,1.539972186088562,2.3741142749786377,0.8,0.046873647835578756,4,4,447.42908871815996,-0.8484457263644883,0.0,-4.449999999999999,-120.0
common_encounters,C-seed1,48,True,success,979.6474060920316,145,1.0,1.0,1.6102267503738403,2.2152888774871826,,,16,16,792.2516431351673,0.0,-5.3542370431357735,-7.249999999999999,200.0
common_encounters,C-seed1,49,True,success,970.7812444027608,139,1.0,1.0,1.7720948457717896,2.1416494846343994,,,0,0,777.7312444027607,0.0,0.0,-6.949999999999999,200.0
common_encounters,C-seed1,50,True,success,987.5227051773988,144,1.0,1.0,1.6696120500564575,2.4089908599853516,,,0,0,794.7227051773988,0.0,0.0,-7.199999999999999,200.0
common_encounters,C-seed1,51,True,success,949.1948915941407,139,1.0,1.0,1.526986837387085,2.051377296447754,,,13,13,758.893247576704,0.0,-2.7483559825633557,-6.949999999999999,200.0
common_encounters,C-seed1,52,True,success,983.1817700265302,144,1.0,1.0,1.4112615585327148,2.104051351547241,,,12,12,791.9710572067274,-1.5892871801973973,0.0,-7.199999999999999,200.0
common_encounters,C-seed1,53,True,success,989.0349680888556,143,1.0,1.0,1.4526877403259277,1.9979733228683472,,,11,11,796.9716755448832,0.0,-0.7867074560276419,-7.149999999999999,200.0
common_encounters,C-seed1,54,True,success,968.2698757744047,141,1.0,1.0,1.7048699855804443,2.389390707015991,,,0,0,775.3198757744046,0.0,0.0,-7.049999999999999,200.0
common_encounters,C-seed1,55,True,success,964.2553735486636,140,1.0,1.0,1.8281140327453613,2.3929948806762695,,,14,14,773.1531871549307,-1.897813606267046,0.0,-6.999999999999998,200.0
common_encounters,C-seed1,56,True,success,962.9417818368861,140,1.0,1.0,1.2841548919677734,1.9557347297668457,,,0,0,769.941781836886,0.0,0.0,-6.999999999999998,200.0
common_encounters,C-seed1,57,True,success,985.4934754470562,143,1.0,1.0,1.5425612926483154,2.219355821609497,,,0,0,792.6434754470563,0.0,0.0,-7.149999999999999,200.0
common_encounters,C-seed1,58,False,static_collision_1,116.39439244698306,52,1.0,1.0,1.3916304111480713,1.8294978141784668,1.0,0.06497299027155455,5,5,240.04648411193884,-1.0520916649557903,0.0,-2.599999999999999,-120.0
common_encounters,C-seed1,59,True,success,1025.1014456362295,149,1.0,1.0,1.5441303253173828,2.2771809101104736,,,11,11,833.2799066292391,-0.7284609930098813,0.0,-7.449999999999998,200.0
validation_D,C-seed2,0,True,success,965.8750499779103,140,1.0,1.0,2.2893552780151367,3.345014810562134,,,17,17,778.1115750578998,0.0,-5.236525079989585,-6.999999999999998,200.0
validation_D,C-seed2,1,True,success,934.039615830104,135,1.0,1.0,2.310389757156372,3.1138076782226562,,,0,0,740.7896158301039,0.0,0.0,-6.749999999999998,200.0
validation_D,C-seed2,2,True,success,939.4059652886853,136,1.0,1.0,2.2801249027252197,3.3023841381073,,,0,0,746.2059652886853,0.0,0.0,-6.799999999999999,200.0
validation_D,C-seed2,3,True,success,977.4605760482847,141,1.0,1.0,2.17903995513916,3.367449998855591,,,6,6,784.6446449241253,-0.13406887584078142,0.0,-7.049999999999999,200.0
validation_D,C-seed2,4,True,success,1010.864891122422,146,1.0,1.0,2.3325064182281494,3.3912723064422607,,,0,0,818.164891122422,0.0,0.0,-7.299999999999999,200.0
validation_D,C-seed2,5,True,success,977.2306948613353,141,1.0,1.0,2.187723398208618,3.2327094078063965,,,15,15,786.0162194407465,-1.7355245794111966,0.0,-7.049999999999999,200.0
validation_D,C-seed2,6,True,success,994.2914012010864,146,1.0,1.0,2.154719352722168,3.257700204849243,,,14,14,806.3992085347022,0.0,-4.807807333615785,-7.299999999999999,200.0
validation_D,C-seed2,7,False,static_collision_2,366.8701999220102,94,1.0,1.0,2.327840566635132,3.3359663486480713,1.0,0.05256481170682636,21,21,497.6155038636546,-1.1299887374776223,-4.915315204166751,-4.699999999999998,-120.0
validation_D,C-seed2,8,False,dynamic_collision,284.43425104860864,84,1.0,1.0,2.423424482345581,3.1357359886169434,1.2000000000000002,0.032423241483865925,6,6,442.6970563888947,0.0,-4.062805340286076,-4.199999999999999,-150.0
validation_D,C-seed2,9,True,success,951.3584734074099,135,1.0,1.0,2.1293811798095703,2.974841356277466,,,0,0,758.1084734074097,0.0,0.0,-6.749999999999998,200.0
validation_D,C-seed2,10,True,success,976.5587226858614,143,1.0,1.0,2.252092123031616,3.265312910079956,,,0,0,783.7087226858614,0.0,0.0,-7.149999999999999,200.0
validation_D,C-seed2,11,True,success,981.9430393237772,140,1.0,1.0,2.1595160961151123,2.9476215839385986,,,6,6,789.0378724544358,-0.09483313065863186,0.0,-6.999999999999998,200.0
validation_D,C-seed2,12,False,static_collision_2,382.4137941554005,94,1.0,1.0,1.9617165327072144,2.796807050704956,0.8,0.032425219349109094,4,4,507.94763524149147,-0.8338410860911456,0.0,-4.699999999999998,-120.0
validation_D,C-seed2,13,True,success,988.7654989111603,143,1.0,1.0,2.221886157989502,3.3627727031707764,,,0,0,795.9154989111602,0.0,0.0,-7.149999999999999,200.0
validation_D,C-seed2,14,True,success,999.246512104457,147,1.0,1.0,2.3297340869903564,3.1517980098724365,,,4,4,806.7103493809943,0.0,-0.11383727653732212,-7.349999999999999,200.0
validation_D,C-seed2,15,True,success,976.0505386968557,140,1.0,1.0,2.130723237991333,3.0364880561828613,,,12,12,784.2440730261812,-1.1935343293254936,0.0,-6.999999999999998,200.0
validation_D,C-seed2,16,True,success,970.5067551726231,139,1.0,1.0,2.105025053024292,2.6167075634002686,,,0,0,777.456755172623,0.0,0.0,-6.949999999999999,200.0
validation_D,C-seed2,17,False,static_collision_1,-58.9236482565885,16,1.0,1.0,2.075953483581543,2.960052490234375,0.8,0.03913532321758323,4,4,62.67239013712896,-0.7960383937174786,0.0,-0.8,-120.0
validation_D,C-seed2,18,True,success,995.8809120662931,143,1.0,1.0,2.0659096240997314,2.7383272647857666,,,0,0,803.030912066293,0.0,0.0,-7.149999999999999,200.0
validation_D,C-seed2,19,False,static_collision_1,3.0784041125851758,28,1.0,1.0,2.1654090881347656,3.241995334625244,1.4000000000000001,0.019825205410810436,7,7,125.91672784556636,-1.4383237329811984,0.0,-1.4000000000000004,-120.0
validation_D,C-seed2,20,True,success,998.1523865380943,146,1.0,1.0,1.9953465461730957,2.7190358638763428,,,0,0,805.4523865380943,0.0,0.0,-7.299999999999999,200.0
validation_D,C-seed2,21,True,success,982.9327312244958,143,1.0,1.0,2.0310733318328857,2.807039976119995,,,0,0,790.0827312244958,0.0,0.0,-7.149999999999999,200.0
validation_D,C-seed2,22,True,success,926.8826144940118,135,1.0,1.0,2.260132312774658,3.23968505859375,,,0,0,733.6326144940117,0.0,0.0,-6.749999999999998,200.0
validation_D,C-seed2,23,True,success,970.3771493098586,142,1.0,1.0,2.198885917663574,3.2115538120269775,,,16,16,786.1944779058322,0.0,-8.717328595973758,-7.099999999999998,200.0
validation_D,C-seed2,24,False,static_collision_1,-8.922320251546665,26,1.0,1.0,1.9926718473434448,2.7015902996063232,1.2000000000000002,0.01994399435884693,6,6,113.75430876584048,-1.3766290173871534,0.0,-1.3000000000000003,-120.0
validation_D,C-seed2,25,True,success,952.1954333863098,137,1.0,1.0,2.2118980884552,3.3152225017547607,,,12,12,760.4484336954642,-1.4030003091545673,0.0,-6.85,200.0
validation_D,C-seed2,26,True,success,969.2284259026156,140,1.0,1.0,2.215709924697876,3.283928155899048,,,7,7,776.3563136635224,0.0,-0.12788776090673415,-6.999999999999998,200.0
validation_D,C-seed2,27,True,success,943.7598554460197,136,1.0,1.0,2.1269233226776123,3.11785888671875,,,0,0,750.5598554460197,0.0,0.0,-6.799999999999999,200.0
validation_D,C-seed2,28,True,success,967.5964644606765,140,1.0,1.0,2.219843864440918,3.3410537242889404,,,15,15,777.2917922578456,-2.695327797169199,0.0,-6.999999999999998,200.0
validation_D,C-seed2,29,True,success,962.2802275496356,140,1.0,1.0,2.147728204727173,3.204559803009033,,,5,5,769.4470645166211,0.0,-0.16683696698565176,-6.999999999999998,200.0
validation_D,C-seed2,30,True,success,948.0552867638291,137,1.0,1.0,2.2163078784942627,3.316413164138794,,,14,14,756.755938203108,-1.8506514392788593,0.0,-6.85,200.0
validation_D,C-seed2,31,False,static_collision_2,411.0628348662631,99,1.0,1.0,2.4266998767852783,3.229877233505249,0.8,0.0395807378851777,4,4,536.9701809050881,-0.9573460388250314,0.0,-4.949999999999999,-120.0
validation_D,C-seed2,32,True,success,1004.4305586824555,146,1.0,1.0,2.0932185649871826,2.80580472946167,,,14,14,813.9201298308221,-2.1895711483666442,0.0,-7.299999999999999,200.0
validation_D,C-seed2,33,True,success,974.1441649550856,142,1.0,1.0,2.3027851581573486,3.285975933074951,,,0,0,781.2441649550856,0.0,0.0,-7.099999999999998,200.0
validation_D,C-seed2,34,False,static_collision_1,-49.303146397416086,18,1.0,1.0,1.9722727537155151,2.548577070236206,0.8,0.009139905468035177,4,4,72.48902704646042,-0.8921734438765045,0.0,-0.9000000000000001,-120.0
validation_D,C-seed2,35,True,success,1001.9094231440213,147,1.0,1.0,2.2287895679473877,3.3735945224761963,,,10,10,810.5358312661286,0.0,-1.2764081221074735,-7.349999999999999,200.0
validation_D,C-seed2,36,True,success,981.0148281267489,141,1.0,1.0,2.1480472087860107,3.3662335872650146,,,10,10,788.6049995160665,-0.540171389317988,0.0,-7.049999999999999,200.0
validation_D,C-seed2,37,True,success,919.1060446409167,130,1.0,1.0,2.166011095046997,3.2237284183502197,,,16,16,727.6126399743368,-2.006595333420197,0.0,-6.499999999999999,200.0
validation_D,C-seed2,38,True,success,980.3056641810612,144,1.0,1.0,2.2616353034973145,3.2558305263519287,,,5,5,787.6890866603483,0.0,-0.18342247928724387,-7.199999999999999,200.0
validation_D,C-seed2,39,False,static_collision_2,372.37617145390107,92,1.0,1.0,1.923506498336792,2.800506830215454,0.6000000000000001,0.03460996461537594,3,3,497.69708666860475,-0.7209152147038588,0.0,-4.599999999999999,-120.0
validation_D,C-seed2,40,False,static_collision_2,407.23179722876705,100,1.0,1.0,2.3615810871124268,3.230567216873169,0.8,0.04419194344611254,4,4,533.0428151951137,-0.8110179663467391,0.0,-4.999999999999999,-120.0
validation_D,C-seed2,41,False,dynamic_collision,231.49067812419057,74,1.0,1.0,1.97543466091156,2.8452696800231934,1.4000000000000001,0.03542579891814933,7,7,389.6518202309478,0.0,-4.461142106757228,-3.6999999999999993,-150.0
validation_D,C-seed2,42,True,success,931.4288969710684,136,1.0,1.0,2.441880464553833,3.149801254272461,,,0,0,738.2288969710685,0.0,0.0,-6.799999999999999,200.0
validation_D,C-seed2,43,True,success,986.9307848890218,141,1.0,1.0,2.130101442337036,2.8879683017730713,,,0,0,793.9807848890217,0.0,0.0,-7.049999999999999,200.0
validation_D,C-seed2,44,True,success,1027.2261845334392,148,1.0,1.0,2.1642262935638428,3.386099100112915,,,14,14,836.2729968148928,-1.6468122814540198,0.0,-7.399999999999999,200.0
validation_D,C-seed2,45,False,static_collision_1,-53.92505333413334,17,1.0,1.0,2.148554563522339,2.894577741622925,0.8,0.018889742445023054,4,4,67.88977447517453,-0.9648278093078726,0.0,-0.8500000000000001,-120.0
validation_D,C-seed2,46,True,success,982.0358397859115,142,1.0,1.0,1.668475866317749,2.6988885402679443,,,0,0,789.1358397859115,0.0,0.0,-7.099999999999998,200.0
validation_D,C-seed2,47,True,success,985.872053819186,143,1.0,1.0,2.2078235149383545,3.2229554653167725,,,0,0,793.0220538191859,0.0,0.0,-7.149999999999999,200.0
validation_D,C-seed2,48,False,static_collision_1,-41.76655372252232,19,1.0,1.0,1.640541911125183,2.578307867050171,0.8,0.004025906666600845,4,4,79.9599612663961,-0.7765149889184317,0.0,-0.9500000000000002,-120.0
validation_D,C-seed2,49,False,static_collision_2,404.7725981108386,99,1.0,1.0,2.4995996952056885,3.3134305477142334,0.8,0.04356919677478546,4,4,530.5645665598115,-0.8419684489730894,0.0,-4.949999999999999,-120.0
validation_D,C-seed2,50,False,static_collision_1,-18.12375063978355,24,1.0,1.0,2.107738733291626,3.0019021034240723,1.2000000000000002,0.01391256451987026,6,6,104.39802305086403,-1.3217736906476067,0.0,-1.2000000000000002,-120.0
validation_D,C-seed2,51,True,success,931.3214675506376,139,1.0,1.0,2.059147357940674,3.0884339809417725,,,19,19,749.9995207581787,0.0,-11.728053207540976,-6.949999999999999,200.0
validation_D,C-seed2,52,False,dynamic_collision,127.75877326038045,58,1.0,1.0,1.9793614149093628,3.1579813957214355,1.8,0.05377168401218786,9,9,286.7360263444779,0.0,-6.0772530840974035,-2.8999999999999995,-150.0
validation_D,C-seed2,53,False,dynamic_collision,279.25742903141673,82,1.0,1.0,1.848275065422058,2.6387088298797607,1.8,0.03632623084761059,9,9,439.48181706213916,0.0,-6.124388030722436,-4.1,-150.0
validation_D,C-seed2,54,True,success,968.6914991140966,139,1.0,1.0,2.14227294921875,2.9224207401275635,,,1,1,775.6461358887938,0.0,-0.004636774697190926,-6.949999999999999,200.0
validation_D,C-seed2,55,True,success,923.331078801838,131,1.0,1.0,2.211488723754883,2.9413938522338867,,,0,0,729.881078801838,0.0,0.0,-6.549999999999999,200.0
validation_D,C-seed2,56,True,success,934.3952481352914,133,1.0,1.0,2.041191577911377,2.7573082447052,,,0,0,741.0452481352911,0.0,0.0,-6.649999999999999,200.0
validation_D,C-seed2,57,True,success,997.8795931924012,144,1.0,1.0,2.075975179672241,2.806947946548462,,,0,0,805.0795931924011,0.0,0.0,-7.199999999999999,200.0
validation_D,C-seed2,58,True,success,930.9135002295764,136,1.0,1.0,2.082775592803955,3.1638262271881104,,,7,7,738.0654618728645,0.0,-0.35196164328825774,-6.799999999999999,200.0
validation_D,C-seed2,59,True,success,998.7655229263609,142,1.0,1.0,1.5820742845535278,2.5143682956695557,,,0,0,805.865522926361,0.0,0.0,-7.099999999999998,200.0
common_encounters,C-seed2,0,True,success,952.6498868592037,137,1.0,1.0,2.3457181453704834,3.3011515140533447,,,13,13,761.1632233967686,-1.6633365375649598,0.0,-6.85,200.0
common_encounters,C-seed2,1,True,success,947.5393643162652,135,1.0,1.0,1.9973737001419067,2.7780709266662598,,,0,0,754.2893643162652,0.0,0.0,-6.749999999999998,200.0
common_encounters,C-seed2,2,True,success,1005.957528787091,147,1.0,1.0,2.358024835586548,3.190166711807251,,,0,0,813.3075287870909,0.0,0.0,-7.349999999999999,200.0
common_encounters,C-seed2,3,True,success,976.3942473689034,141,1.0,1.0,2.1173532009124756,2.765733003616333,,,0,0,783.4442473689033,0.0,0.0,-7.049999999999999,200.0
common_encounters,C-seed2,4,True,success,972.6634414017306,141,1.0,1.0,2.1765034198760986,3.2209808826446533,,,11,11,781.9446569950751,0.0,-2.231215593344503,-7.049999999999999,200.0
common_encounters,C-seed2,5,True,success,944.6198951489919,139,1.0,1.0,2.3736040592193604,3.111083745956421,,,0,0,751.5698951489918,0.0,0.0,-6.949999999999999,200.0
common_encounters,C-seed2,6,True,success,928.37093327783,134,1.0,1.0,2.343705892562866,3.0173561573028564,,,0,0,735.0709332778298,0.0,0.0,-6.699999999999998,200.0
common_encounters,C-seed2,7,True,success,1012.3756846799981,146,1.0,1.0,2.199784755706787,3.378535747528076,,,7,7,819.8473385995142,-0.17165391951622183,0.0,-7.299999999999999,200.0
common_encounters,C-seed2,8,True,success,938.4184693858957,138,1.0,1.0,2.3470139503479004,3.156777858734131,,,16,16,753.3073470454055,0.0,-7.988877659509954,-6.899999999999999,200.0
common_encounters,C-seed2,9,True,success,939.065246958666,135,1.0,1.0,2.2715020179748535,3.3556458950042725,,,10,10,746.5943202973197,-0.779073338653802,0.0,-6.749999999999998,200.0
common_encounters,C-seed2,10,True,success,989.5724929671055,144,1.0,1.0,2.112290382385254,2.7365968227386475,,,0,0,796.7724929671053,0.0,0.0,-7.199999999999999,200.0
common_encounters,C-seed2,11,True,success,997.199735695418,144,1.0,1.0,2.138906240463257,2.747253656387329,,,0,0,804.399735695418,0.0,0.0,-7.199999999999999,200.0
common_encounters,C-seed2,12,True,success,951.5839070275405,139,1.0,1.0,1.988463044166565,2.6218936443328857,,,16,16,765.2793758072806,0.0,-6.7454687797401,-6.949999999999999,200.0
common_encounters,C-seed2,13,True,success,953.4133322791638,142,1.0,1.0,2.3444528579711914,3.1442112922668457,,,21,21,768.9043456436028,0.0,-8.391013364439278,-7.099999999999998,200.0
common_encounters,C-seed2,14,True,success,985.5039856321093,144,1.0,1.0,2.4407360553741455,3.2223918437957764,,,0,0,792.7039856321093,0.0,0.0,-7.199999999999999,200.0
common_encounters,C-seed2,15,True,success,974.850279570611,142,1.0,1.0,2.250012159347534,3.18361496925354,,,0,0,781.950279570611,0.0,0.0,-7.099999999999998,200.0
common_encounters,C-seed2,16,False,dynamic_collision,212.3737626134488,70,1.0,1.0,1.9609899520874023,2.9909000396728516,1.4000000000000001,0.03151277978805322,7,7,370.5791707633835,0.0,-4.705408149934791,-3.4999999999999987,-150.0
common_encounters,C-seed2,17,True,success,957.3698749519435,137,1.0,1.0,1.9936941862106323,2.737039566040039,,,0,0,764.2198749519436,0.0,0.0,-6.85,200.0
common_encounters,C-seed2,18,True,success,958.9073327975899,138,1.0,1.0,1.7742036581039429,2.6477930545806885,,,0,0,765.8073327975899,0.0,0.0,-6.899999999999999,200.0
common_encounters,C-seed2,19,True,success,977.2192325381118,141,1.0,1.0,2.2733535766601562,3.3152427673339844,,,0,0,784.2692325381117,0.0,0.0,-7.049999999999999,200.0
common_encounters,C-seed2,20,False,static_collision_2,383.44021294468496,94,1.0,1.0,2.0869967937469482,2.9537513256073,0.8,0.04105524812730497,4,4,509.11136161200596,-0.9711486673209454,0.0,-4.699999999999998,-120.0
common_encounters,C-seed2,21,True,success,955.4906829591498,136,1.0,1.0,2.199810743331909,3.3277313709259033,,,0,0,762.2906829591496,0.0,0.0,-6.799999999999999,200.0
common_encounters,C-seed2,22,False,static_collision_2,361.1234856151941,94,1.0,1.0,2.296987295150757,3.320150375366211,0.8,0.035842935379271565,24,24,495.2757806946732,-0.9956051492993414,-8.45668993017976,-4.699999999999998,-120.0
common_encounters,C-seed2,23,True,success,966.5689678815281,142,1.0,1.0,2.247889280319214,3.2241361141204834,,,0,0,773.668967881528,0.0,0.0,-7.099999999999998,200.0
common_encounters,C-seed2,24,True,success,974.562661708311,142,1.0,1.0,2.2667176723480225,3.3178234100341797,,,0,0,781.6626617083109,0.0,0.0,-7.099999999999998,200.0
common_encounters,C-seed2,25,True,success,985.3586691909345,141,1.0,1.0,1.774880051612854,2.818100690841675,,,0,0,792.4086691909343,0.0,0.0,-7.049999999999999,200.0
common_encounters,C-seed2,26,True,success,1008.5054340260026,150,1.0,1.0,2.2924556732177734,3.0746538639068604,,,0,0,816.0054340260026,0.0,0.0,-7.499999999999998,200.0
common_encounters,C-seed2,27,True,success,1013.9840377968692,150,1.0,1.0,2.421926259994507,3.1839888095855713,,,0,0,821.4840377968692,0.0,0.0,-7.499999999999998,200.0
common_encounters,C-seed2,28,True,success,940.0794026759324,138,1.0,1.0,1.8047512769699097,2.8463962078094482,,,36,36,762.6489744245396,-0.6399933271075313,-15.029578421499693,-6.899999999999999,200.0
common_encounters,C-seed2,29,True,success,1014.236144826633,148,1.0,1.0,2.1623499393463135,3.2324907779693604,,,17,17,824.349736290774,-2.7135914641411762,0.0,-7.399999999999999,200.0
common_encounters,C-seed2,30,True,success,968.6051282137586,143,1.0,1.0,2.427405834197998,2.7972590923309326,,,0,0,775.7551282137584,0.0,0.0,-7.149999999999999,200.0
common_encounters,C-seed2,31,True,success,938.8233515365149,137,1.0,1.0,2.452648401260376,3.10758900642395,,,0,0,745.6733515365148,0.0,0.0,-6.85,200.0
common_encounters,C-seed2,32,True,success,939.9760668495952,138,1.0,1.0,2.180422067642212,3.098579168319702,,,0,0,746.876066849595,0.0,0.0,-6.899999999999999,200.0
common_encounters,C-seed2,33,True,success,919.1262211464243,130,1.0,1.0,1.988419771194458,2.680067300796509,,,22,22,729.6918006902574,0.0,-4.065579543833143,-6.499999999999999,200.0
common_encounters,C-seed2,34,True,success,1007.180634290093,147,1.0,1.0,2.0055747032165527,2.965737819671631,,,16,16,817.1110290929021,-2.5803948028092174,0.0,-7.349999999999999,200.0
common_encounters,C-seed2,35,True,success,944.7411150452443,137,1.0,1.0,2.2795283794403076,3.1731958389282227,,,0,0,751.5911150452444,0.0,0.0,-6.85,200.0
common_encounters,C-seed2,36,True,success,962.5334300255245,141,1.0,1.0,2.2430245876312256,3.038801908493042,,,0,0,769.5834300255244,0.0,0.0,-7.049999999999999,200.0
common_encounters,C-seed2,37,False,static_collision_2,384.98778180340975,95,1.0,1.0,2.535655975341797,3.293149948120117,0.8,0.03588239905737788,4,4,510.72332656945434,-0.9855447660446256,0.0,-4.749999999999998,-120.0
common_encounters,C-seed2,38,True,success,966.9591418408986,141,1.0,1.0,2.18560791015625,3.0959346294403076,,,0,0,774.0091418408986,0.0,0.0,-7.049999999999999,200.0
common_encounters,C-seed2,39,True,success,922.3984850222595,131,1.0,1.0,2.0984323024749756,2.6686127185821533,,,8,8,729.2865418196445,-0.33805679738490796,0.0,-6.549999999999999,200.0
common_encounters,C-seed2,40,False,static_collision_2,388.4787859362976,98,1.0,1.0,2.2965567111968994,3.1788012981414795,0.6000000000000001,0.03799340154910502,20,20,515.7079828705337,-0.6772020237956142,-1.6519949104405816,-4.8999999999999995,-120.0
common_encounters,C-seed2,41,True,success,972.311904697706,143,1.0,1.0,2.096015691757202,3.166142702102661,,,10,10,780.2761691775452,0.0,-0.8142644798393917,-7.149999999999999,200.0
common_encounters,C-seed2,42,True,success,965.8645389101684,137,1.0,1.0,2.1510095596313477,3.0717508792877197,,,0,0,772.7145389101684,0.0,0.0,-6.85,200.0
common_encounters,C-seed2,43,True,success,926.206203259453,135,1.0,1.0,2.227137804031372,2.9878437519073486,,,0,0,732.9562032594529,0.0,0.0,-6.749999999999998,200.0
common_encounters,C-seed2,44,False,static_collision_2,347.2252285150643,89,1.0,1.0,2.4317634105682373,3.027458667755127,0.8,0.037666573946852105,4,4,472.52918668470664,-0.8539581696423744,0.0,-4.449999999999999,-120.0
common_encounters,C-seed2,45,True,success,967.541146801072,137,1.0,1.0,2.1399385929107666,3.038416624069214,,,6,6,774.7794415778379,0.0,-0.38829477676579005,-6.85,200.0
common_encounters,C-seed2,46,False,static_collision_2,385.0479745858862,95,1.0,1.0,2.559741258621216,3.376615285873413,0.8,0.04098601114044941,4,4,510.64376394527034,-0.8457893593842761,0.0,-4.749999999999998,-120.0
common_encounters,C-seed2,47,False,static_collision_2,335.4833254389577,89,1.0,1.0,2.1463563442230225,3.2986648082733154,0.8,0.04867839135324748,4,4,460.9547021664125,-1.021376727454883,0.0,-4.449999999999999,-120.0
common_encounters,C-seed2,48,True,success,979.6631345648268,146,1.0,1.0,2.1765353679656982,3.1702303886413574,,,17,17,794.0326453539562,0.0,-7.069510789129376,-7.299999999999999,200.0
common_encounters,C-seed2,49,True,success,966.752280058251,142,1.0,1.0,2.2632014751434326,2.995306968688965,,,0,0,773.8522800582509,0.0,0.0,-7.099999999999998,200.0
common_encounters,C-seed2,50,True,success,990.1066087733296,143,1.0,1.0,2.162341833114624,3.360692262649536,,,0,0,797.2566087733296,0.0,0.0,-7.149999999999999,200.0
common_encounters,C-seed2,51,True,success,952.5015604748389,140,1.0,1.0,2.058300733566284,3.045337200164795,,,11,11,761.4498672616339,0.0,-1.948306786795127,-6.999999999999998,200.0
common_encounters,C-seed2,52,True,success,988.142201412564,142,1.0,1.0,2.082644462585449,2.746213674545288,,,0,0,795.2422014125639,0.0,0.0,-7.099999999999998,200.0
common_encounters,C-seed2,53,True,success,986.9034154494811,144,1.0,1.0,1.9613311290740967,3.036320924758911,,,19,19,796.6904338028606,-0.0066994484158911915,-2.5803189049636153,-7.199999999999999,200.0
common_encounters,C-seed2,54,True,success,973.2733066976339,140,1.0,1.0,2.215855121612549,3.386491298675537,,,0,0,780.2733066976339,0.0,0.0,-6.999999999999998,200.0
common_encounters,C-seed2,55,True,success,962.9350191095068,139,1.0,1.0,2.2708218097686768,3.3853256702423096,,,14,14,771.9706022941496,-2.0855831846427506,0.0,-6.949999999999999,200.0
common_encounters,C-seed2,56,True,success,965.3625433234438,138,1.0,1.0,2.0446279048919678,2.7141261100769043,,,15,15,773.7629131210942,0.0,-1.5003697976505037,-6.899999999999999,200.0
common_encounters,C-seed2,57,True,success,986.9583655959636,144,1.0,1.0,2.153088331222534,3.2171952724456787,,,0,0,794.1583655959636,0.0,0.0,-7.199999999999999,200.0
common_encounters,C-seed2,58,True,success,951.4125215307304,136,1.0,1.0,2.0790011882781982,2.8074676990509033,,,0,0,758.2125215307303,0.0,0.0,-6.799999999999999,200.0
common_encounters,C-seed2,59,True,success,1023.346789112727,150,1.0,1.0,2.1544365882873535,3.209223747253418,,,15,15,833.0643323621641,-2.2175432494371212,0.0,-7.499999999999998,200.0
validation_D,C-seed3,0,True,success,973.448827040052,140,1.0,1.0,1.4304713010787964,2.1930198669433594,,,0,0,780.448827040052,0.0,0.0,-6.999999999999998,200.0
validation_D,C-seed3,1,False,static_collision_2,327.9700274855081,90,1.0,1.0,1.4922308921813965,2.4137837886810303,0.8,0.021650581925069145,11,11,453.7496692694617,-0.7866017938787382,-0.4930399900748832,-4.499999999999999,-120.0
validation_D,C-seed3,2,True,success,940.5117032917269,135,1.0,1.0,1.5218186378479004,2.3306703567504883,,,8,8,747.5074829503887,-0.24577965866195178,0.0,-6.749999999999998,200.0
validation_D,C-seed3,3,True,success,977.3421856751845,144,1.0,1.0,1.5247759819030762,2.3744616508483887,,,0,0,784.5421856751844,0.0,0.0,-7.199999999999999,200.0
validation_D,C-seed3,4,True,success,1013.3689431265985,149,1.0,1.0,1.4700372219085693,2.256392240524292,,,0,0,820.8189431265985,0.0,0.0,-7.449999999999998,200.0
validation_D,C-seed3,5,False,static_collision_1,-54.8066755707256,17,1.0,1.0,1.400246024131775,2.235447883605957,0.8,0.009289961364179847,4,4,66.89656134720735,-0.8532369179329516,0.0,-0.8500000000000001,-120.0
validation_D,C-seed3,6,True,success,997.8947778045388,146,1.0,1.0,1.4607521295547485,2.2520828247070312,,,0,0,805.1947778045387,0.0,0.0,-7.299999999999999,200.0
validation_D,C-seed3,7,False,static_collision_1,93.50003768287655,45,1.0,1.0,1.4609758853912354,2.103466510772705,0.6000000000000001,0.03695869714665631,3,3,216.4602060994265,-0.7101684165499695,0.0,-2.249999999999999,-120.0
validation_D,C-seed3,8,True,success,950.776805919331,136,1.0,1.0,1.3863708972930908,2.1659765243530273,,,0,0,757.5768059193308,0.0,0.0,-6.799999999999999,200.0
validation_D,C-seed3,9,False,dynamic_collision,147.58983887741073,60,1.0,1.0,1.712950587272644,2.3815343379974365,1.8,0.05087717770723913,9,9,307.0818033997554,0.0,-6.491964522344677,-2.999999999999999,-150.0
validation_D,C-seed3,10,True,success,977.2936972885365,142,1.0,1.0,1.4949088096618652,2.2644076347351074,,,0,0,784.3936972885365,0.0,0.0,-7.099999999999998,200.0
validation_D,C-seed3,11,True,success,982.7219539375252,143,1.0,1.0,1.7698777914047241,2.4544548988342285,,,0,0,789.8719539375252,0.0,0.0,-7.149999999999999,200.0
validation_D,C-seed3,12,False,static_collision_1,101.0981081106895,46,1.0,1.0,1.3559883832931519,2.0574536323547363,0.8,0.041236866481009826,4,4,224.36106243155908,-0.9629543208695869,0.0,-2.299999999999999,-120.0
validation_D,C-seed3,13,True,success,978.42228313802,147,1.0,1.0,1.5142028331756592,2.378512382507324,,,17,17,792.1149856536817,0.0,-6.342702515661889,-7.349999999999999,200.0
validation_D,C-seed3,14,True,success,997.4979532247339,146,1.0,1.0,1.4580392837524414,2.2296550273895264,,,3,3,804.8291188908877,-0.031165666153702275,0.0,-7.299999999999999,200.0
validation_D,C-seed3,15,False,dynamic_collision,199.62931169012023,69,1.0,1.0,1.708033800125122,2.3776979446411133,1.4000000000000001,0.010187571324666194,7,7,357.7948187953558,0.0,-4.715507105235624,-3.449999999999999,-150.0
validation_D,C-seed3,16,True,success,970.6140175470717,140,1.0,1.0,1.7144415378570557,2.409590244293213,,,0,0,777.6140175470716,0.0,0.0,-6.999999999999998,200.0
validation_D,C-seed3,17,True,success,962.5286847700997,138,1.0,1.0,1.5012907981872559,2.3349721431732178,,,11,11,770.09617717539,-0.6674924052902097,0.0,-6.899999999999999,200.0
validation_D,C-seed3,18,True,success,993.9757624872257,144,1.0,1.0,1.7800562381744385,2.4472742080688477,,,0,0,801.1757624872257,0.0,0.0,-7.199999999999999,200.0
validation_D,C-seed3,19,True,success,992.2992941608272,144,1.0,1.0,1.505094051361084,2.3438050746917725,,,0,0,799.4992941608272,0.0,0.0,-7.199999999999999,200.0
validation_D,C-seed3,20,True,success,997.1606867120553,144,1.0,1.0,1.2796666622161865,2.104696273803711,,,0,0,804.3606867120552,0.0,0.0,-7.199999999999999,200.0
validation_D,C-seed3,21,False,dynamic_collision,237.57433334293432,76,1.0,1.0,1.641039252281189,2.4008889198303223,1.2000000000000002,0.04900740748094698,6,6,395.28765127525156,0.0,-3.913317932317276,-3.799999999999999,-150.0
validation_D,C-seed3,22,True,success,927.7232068450503,134,1.0,1.0,1.4757983684539795,2.3011746406555176,,,11,11,735.3625924539645,-0.9393856089141345,0.0,-6.699999999999998,200.0
validation_D,C-seed3,23,True,success,980.4437217582728,143,1.0,1.0,1.4856598377227783,2.324267625808716,,,14,14,789.6360181178942,-2.0422963596214103,0.0,-7.149999999999999,200.0
validation_D,C-seed3,24,True,success,983.0692381172084,140,1.0,1.0,1.441311001777649,2.3419787883758545,,,0,0,790.0692381172084,0.0,0.0,-6.999999999999998,200.0
validation_D,C-seed3,25,False,static_collision_1,107.6416503407684,49,1.0,1.0,1.4601515531539917,2.15049409866333,0.8,0.03822101404722204,4,4,231.04940014640857,-0.9577498056402349,0.0,-2.4499999999999997,-120.0
validation_D,C-seed3,26,True,success,973.0144470851318,141,1.0,1.0,1.342358946800232,2.1189255714416504,,,0,0,780.0644470851319,0.0,0.0,-7.049999999999999,200.0
validation_D,C-seed3,27,True,success,944.0118149288379,133,1.0,1.0,1.5301334857940674,2.37241792678833,,,0,0,750.6618149288378,0.0,0.0,-6.649999999999999,200.0
validation_D,C-seed3,28,False,static_collision_1,98.0351099779767,47,1.0,1.0,1.4589693546295166,2.1483569145202637,0.6000000000000001,0.022856810546475773,3,3,221.0909175528013,-0.7058075748245995,0.0,-2.3499999999999988,-120.0
validation_D,C-seed3,29,False,static_collision_1,123.12978268739931,51,1.0,1.0,1.4604957103729248,2.1513733863830566,1.0,0.05257333174172001,5,5,246.74555884941108,-1.0657761620117756,0.0,-2.5499999999999994,-120.0
validation_D,C-seed3,30,False,static_collision_1,62.528093141085996,40,1.0,1.0,1.3847522735595703,2.071110963821411,0.6000000000000001,0.03772895862542438,3,3,185.25887256392542,-0.7307794228394432,0.0,-2.0,-120.0
validation_D,C-seed3,31,False,static_collision_1,81.2826601705042,43,1.0,1.0,1.4878597259521484,2.1530885696411133,0.6000000000000001,0.044638098350255125,3,3,204.17373606185535,-0.7410758913511657,0.0,-2.1499999999999995,-120.0
validation_D,C-seed3,32,True,success,1005.8554008334379,147,1.0,1.0,1.7365081310272217,2.443470001220703,,,0,0,813.2054008334379,0.0,0.0,-7.349999999999999,200.0
validation_D,C-seed3,33,False,dynamic_collision,184.93996480566452,68,1.0,1.0,1.5652235746383667,2.372093439102173,1.6,0.09181145128689719,8,8,343.7566269066253,0.0,-5.416662100960907,-3.399999999999999,-150.0
validation_D,C-seed3,34,True,success,954.3851331809637,135,1.0,1.0,1.4199979305267334,2.337246894836426,,,15,15,763.292905856455,-2.1577726754913797,0.0,-6.749999999999998,200.0
validation_D,C-seed3,35,True,success,1002.5580576254873,146,1.0,1.0,1.5537992715835571,2.3962020874023438,,,0,0,809.8580576254872,0.0,0.0,-7.299999999999999,200.0
validation_D,C-seed3,36,True,success,979.0291657512446,145,1.0,1.0,1.5458922386169434,2.3788766860961914,,,16,16,791.2713982713012,0.0,-4.9922325200566435,-7.249999999999999,200.0
validation_D,C-seed3,37,False,static_collision_1,-43.55666383714727,19,1.0,1.0,1.4190402030944824,2.1729655265808105,1.0,0.013245988822888338,5,5,78.35537611286426,-0.9620399500115345,0.0,-0.9500000000000002,-120.0
validation_D,C-seed3,38,True,success,979.5041081959146,142,1.0,1.0,1.4922367334365845,2.2944672107696533,,,8,8,786.9429543487438,-0.3388461528292197,0.0,-7.099999999999998,200.0
validation_D,C-seed3,39,False,static_collision_1,78.37774377085259,42,1.0,1.0,1.3532910346984863,2.06242299079895,0.8,0.027546855688538482,4,4,201.3814426328637,-0.9036988620111577,0.0,-2.0999999999999996,-120.0
validation_D,C-seed3,40,False,static_collision_1,86.25672745734518,45,1.0,1.0,1.366121530532837,2.0726146697998047,0.8,0.04621689124474487,4,4,209.49006228671928,-0.9833348293741099,0.0,-2.249999999999999,-120.0
validation_D,C-seed3,41,True,success,951.4013962667439,137,1.0,1.0,1.6702208518981934,2.408623218536377,,,11,11,759.3861843895579,-1.1347881228140375,0.0,-6.85,200.0
validation_D,C-seed3,42,True,success,935.2816702385,135,1.0,1.0,1.4257030487060547,2.1468005180358887,,,0,0,742.0316702385,0.0,0.0,-6.749999999999998,200.0
validation_D,C-seed3,43,False,dynamic_collision,186.3954053958046,68,1.0,1.0,1.6832144260406494,2.3572888374328613,2.2,0.004525879401043507,11,11,346.9203510989752,0.0,-7.124945703170543,-3.399999999999999,-150.0
validation_D,C-seed3,44,False,static_collision_1,-39.24127310826837,20,1.0,1.0,1.4695504903793335,2.231659173965454,1.0,0.02203977665087738,5,5,82.77301677663431,-1.014289884902666,0.0,-1.0000000000000002,-120.0
validation_D,C-seed3,45,True,success,959.4360057471151,138,1.0,1.0,1.46918785572052,2.370164394378662,,,14,14,767.7325894193324,-1.3965836722173406,0.0,-6.899999999999999,200.0
validation_D,C-seed3,46,True,success,982.7320212980621,141,1.0,1.0,1.3027920722961426,2.2682461738586426,,,9,9,790.1761390314166,-0.39411773335441314,0.0,-7.049999999999999,200.0
validation_D,C-seed3,47,True,success,982.5837470584197,144,1.0,1.0,1.4054814577102661,2.3590545654296875,,,27,27,792.91776001573,-3.134012957310463,0.0,-7.199999999999999,200.0
validation_D,C-seed3,48,True,success,936.1266426054269,132,1.0,1.0,1.4217491149902344,2.301572799682617,,,12,12,743.7116199668643,-0.9849773614373696,0.0,-6.599999999999999,200.0
validation_D,C-seed3,49,False,static_collision_1,110.93769748718468,50,1.0,1.0,1.4213664531707764,2.129589319229126,0.8,0.014201429397966196,4,4,234.36858311026344,-0.9308856230787191,0.0,-2.4999999999999996,-120.0
validation_D,C-seed3,50,True,success,956.6189999475373,138,1.0,1.0,1.4469248056411743,2.357055187225342,,,0,0,763.5189999475374,0.0,0.0,-6.899999999999999,200.0
validation_D,C-seed3,51,True,success,944.3321630189288,136,1.0,1.0,1.5081771612167358,2.388145923614502,,,7,7,751.4114244499369,-0.2792614310081999,0.0,-6.799999999999999,200.0
validation_D,C-seed3,52,True,success,969.46448744078,140,1.0,1.0,1.4173294305801392,2.334115982055664,,,0,0,776.46448744078,0.0,0.0,-6.999999999999998,200.0
validation_D,C-seed3,53,True,success,969.0732058915238,139,1.0,1.0,1.651157259941101,2.3296236991882324,,,0,0,776.0232058915237,0.0,0.0,-6.949999999999999,200.0
validation_D,C-seed3,54,False,static_collision_2,358.43068389631236,92,1.0,1.0,1.7033913135528564,2.436619281768799,1.0,0.03870434462559496,5,5,484.1533704060032,-1.1226865096908987,0.0,-4.599999999999999,-120.0
validation_D,C-seed3,55,True,success,922.8625678138523,133,1.0,1.0,1.7407562732696533,2.4479129314422607,,,0,0,729.5125678138522,0.0,0.0,-6.649999999999999,200.0
validation_D,C-seed3,56,True,success,934.4009270676174,131,1.0,1.0,1.7299342155456543,2.370227813720703,,,0,0,740.9509270676172,0.0,0.0,-6.549999999999999,200.0
validation_D,C-seed3,57,True,success,995.3271068311233,144,1.0,1.0,1.6305830478668213,2.3235886096954346,,,0,0,802.5271068311233,0.0,0.0,-7.199999999999999,200.0
validation_D,C-seed3,58,True,success,931.0506108449862,134,1.0,1.0,1.4867875576019287,2.3684616088867188,,,0,0,737.7506108449861,0.0,0.0,-6.699999999999998,200.0
validation_D,C-seed3,59,True,success,999.5880552162434,144,1.0,1.0,1.5540211200714111,2.3194286823272705,,,0,0,806.7880552162435,0.0,0.0,-7.199999999999999,200.0
common_encounters,C-seed3,0,False,static_collision_1,94.48898827940822,46,1.0,1.0,1.449300765991211,2.1232945919036865,0.6000000000000001,0.030948005634371334,3,3,217.5442757823639,-0.7552875029556703,0.0,-2.299999999999999,-120.0
common_encounters,C-seed3,1,True,success,950.7231545894989,134,1.0,1.0,1.7022653818130493,2.3616302013397217,,,0,0,757.423154589499,0.0,0.0,-6.699999999999998,200.0
common_encounters,C-seed3,2,False,static_collision_1,134.49345872366473,55,1.0,1.0,1.3962830305099487,2.1518936157226562,1.4000000000000001,0.04043620556455459,7,7,258.65019488152615,-1.406736157861345,0.0,-2.7499999999999987,-120.0
common_encounters,C-seed3,3,True,success,979.9727429772748,142,1.0,1.0,1.7348060607910156,2.433976173400879,,,0,0,787.0727429772749,0.0,0.0,-7.099999999999998,200.0
common_encounters,C-seed3,4,True,success,972.1924853322964,141,1.0,1.0,1.462795615196228,2.2935101985931396,,,0,0,779.2424853322964,0.0,0.0,-7.049999999999999,200.0
common_encounters,C-seed3,5,True,success,946.5491710630836,138,1.0,1.0,1.2984809875488281,2.0907845497131348,,,0,0,753.4491710630836,0.0,0.0,-6.899999999999999,200.0
common_encounters,C-seed3,6,True,success,927.1216742123063,132,1.0,1.0,1.4023735523223877,2.1814165115356445,,,3,3,733.7354587660495,-0.013784553743313032,0.0,-6.599999999999999,200.0
common_encounters,C-seed3,7,True,success,1013.9885044693515,148,1.0,1.0,1.4736990928649902,2.3379383087158203,,,10,10,821.8657945163553,-0.4772900470039884,0.0,-7.399999999999999,200.0
common_encounters,C-seed3,8,True,success,945.4111850618524,137,1.0,1.0,1.4084320068359375,2.1905417442321777,,,0,0,752.2611850618523,0.0,0.0,-6.85,200.0
common_encounters,C-seed3,9,False,static_collision_1,124.4276419661364,51,1.0,1.0,1.491943359375,2.1357431411743164,1.2000000000000002,0.03834694203548536,6,6,248.1915900833733,-1.213948117236861,0.0,-2.5499999999999994,-120.0
common_encounters,C-seed3,10,True,success,988.2876719941498,141,1.0,1.0,1.4872651100158691,2.221585273742676,,,0,0,795.3376719941498,0.0,0.0,-7.049999999999999,200.0
common_encounters,C-seed3,11,True,success,997.8027694555977,145,1.0,1.0,1.769921064376831,2.4462854862213135,,,0,0,805.0527694555976,0.0,0.0,-7.249999999999999,200.0
common_encounters,C-seed3,12,True,success,954.4380952464958,137,1.0,1.0,1.6557257175445557,2.389845132827759,,,0,0,761.2880952464957,0.0,0.0,-6.85,200.0
common_encounters,C-seed3,13,True,success,965.3902415277439,140,1.0,1.0,1.3559678792953491,2.1851589679718018,,,0,0,772.3902415277439,0.0,0.0,-6.999999999999998,200.0
common_encounters,C-seed3,14,False,static_collision_1,106.51754814528317,48,1.0,1.0,1.430890440940857,2.149982452392578,1.2000000000000002,0.05012599853189703,6,6,230.08938564192562,-1.1718374966424379,0.0,-2.4,-120.0
common_encounters,C-seed3,15,True,success,975.001690390758,144,1.0,1.0,1.5101311206817627,2.4063544273376465,,,0,0,782.2016903907578,0.0,0.0,-7.199999999999999,200.0
common_encounters,C-seed3,16,True,success,916.827932429018,130,1.0,1.0,1.6983401775360107,2.378084659576416,,,0,0,723.3279324290179,0.0,0.0,-6.499999999999999,200.0
common_encounters,C-seed3,17,True,success,957.0482291674905,135,1.0,1.0,1.6844658851623535,2.34148907661438,,,0,0,763.7982291674905,0.0,0.0,-6.749999999999998,200.0
common_encounters,C-seed3,18,True,success,962.5755339132753,138,1.0,1.0,1.485718011856079,2.325786590576172,,,0,0,769.4755339132753,0.0,0.0,-6.899999999999999,200.0
common_encounters,C-seed3,19,True,success,978.8865229452044,144,1.0,1.0,1.44374418258667,2.2488932609558105,,,14,14,788.0712478318774,-1.9847248866729519,0.0,-7.199999999999999,200.0
common_encounters,C-seed3,20,False,static_collision_1,53.95740819236174,38,1.0,1.0,1.3331239223480225,2.0412285327911377,0.8,0.04437418207708301,4,4,176.77005600717817,-0.9126478148164363,0.0,-1.9000000000000004,-120.0
common_encounters,C-seed3,21,False,dynamic_collision,230.1788594201901,77,1.0,1.0,1.3713338375091553,2.1643967628479004,1.4000000000000001,0.02216108474384637,19,19,389.67798515143636,-1.1998282870128985,-4.449297444233463,-3.8499999999999988,-150.0
common_encounters,C-seed3,22,False,static_collision_1,109.35166575945078,48,1.0,1.0,1.4372764825820923,2.0880227088928223,0.6000000000000001,0.031960968148325976,3,3,232.46502429203707,-0.7133585325863052,0.0,-2.4,-120.0
common_encounters,C-seed3,23,False,dynamic_collision,284.39046823892863,85,1.0,1.0,1.511705756187439,2.4136569499969482,1.2000000000000002,0.022129591043435908,6,6,443.0262682625657,0.0,-4.3858000236370795,-4.249999999999999,-150.0
common_encounters,C-seed3,24,True,success,979.7073497508134,142,1.0,1.0,1.4725289344787598,2.313997268676758,,,0,0,786.8073497508133,0.0,0.0,-7.099999999999998,200.0
common_encounters,C-seed3,25,True,success,986.0595434816382,144,1.0,1.0,1.4700355529785156,2.3325486183166504,,,0,0,793.2595434816383,0.0,0.0,-7.199999999999999,200.0
common_encounters,C-seed3,26,False,dynamic_collision,117.35195697716621,56,1.0,1.0,1.5263762474060059,2.4122684001922607,1.2000000000000002,0.07881769587339993,6,6,274.5829086935351,0.0,-4.430951716368883,-2.8,-150.0
common_encounters,C-seed3,27,True,success,1011.0623362905284,148,1.0,1.0,1.4447160959243774,2.218991279602051,,,5,5,818.5384543550424,-0.07611806451419284,0.0,-7.399999999999999,200.0
common_encounters,C-seed3,28,True,success,958.4640316877887,138,1.0,1.0,1.3373215198516846,2.2803752422332764,,,0,0,765.3640316877888,0.0,0.0,-6.899999999999999,200.0
common_encounters,C-seed3,29,True,success,1018.4721045083353,149,1.0,1.0,1.4420644044876099,2.363208293914795,,,0,0,825.9221045083352,0.0,0.0,-7.449999999999998,200.0
common_encounters,C-seed3,30,True,success,970.4909182690517,138,1.0,1.0,1.5147026777267456,2.1479177474975586,,,0,0,777.3909182690517,0.0,0.0,-6.899999999999999,200.0
common_encounters,C-seed3,31,True,success,942.7712203517983,137,1.0,1.0,1.299074411392212,2.0970864295959473,,,0,0,749.6212203517983,0.0,0.0,-6.85,200.0
common_encounters,C-seed3,32,False,dynamic_collision,198.3394448550462,71,1.0,1.0,1.4420366287231445,2.355320930480957,1.4000000000000001,0.08770243039254086,7,7,356.6326136575384,0.0,-4.743168802492354,-3.5499999999999985,-150.0
common_encounters,C-seed3,33,True,success,925.1347784766242,132,1.0,1.0,1.667728304862976,2.3221640586853027,,,0,0,731.7347784766241,0.0,0.0,-6.599999999999999,200.0
common_encounters,C-seed3,34,True,success,1005.0510879185567,144,1.0,1.0,1.4126818180084229,2.3420002460479736,,,13,13,813.3338852268656,-1.0827973083090634,0.0,-7.199999999999999,200.0
common_encounters,C-seed3,35,True,success,942.0245876366342,138,1.0,1.0,1.4870169162750244,2.399606466293335,,,0,0,748.9245876366342,0.0,0.0,-6.899999999999999,200.0
common_encounters,C-seed3,36,True,success,960.6876839148732,144,1.0,1.0,1.4424598217010498,2.359771490097046,,,14,14,769.978476557144,0.0,-2.0907926422707552,-7.199999999999999,200.0
common_encounters,C-seed3,37,False,static_collision_1,85.83353581628174,45,1.0,1.0,1.4258469343185425,2.1358654499053955,0.6000000000000001,0.015358065096485666,3,3,208.7377237458124,-0.6541879295306222,0.0,-2.249999999999999,-120.0
common_encounters,C-seed3,38,True,success,967.732270886424,137,1.0,1.0,1.5725048780441284,2.3740456104278564,,,0,0,774.5822708864239,0.0,0.0,-6.85,200.0
common_encounters,C-seed3,39,True,success,922.6429342670461,129,1.0,1.0,1.7665802240371704,2.425175666809082,,,0,0,729.0929342670461,0.0,0.0,-6.449999999999999,200.0
common_encounters,C-seed3,40,False,static_collision_1,117.29755237033979,51,1.0,1.0,1.3535209894180298,2.0709846019744873,0.6000000000000001,0.03439050934846891,3,3,240.5148610349708,-0.6673086646310715,0.0,-2.5499999999999994,-120.0
common_encounters,C-seed3,41,True,success,970.6286050973977,141,1.0,1.0,1.4581589698791504,2.36252498626709,,,0,0,777.6786050973975,0.0,0.0,-7.049999999999999,200.0
common_encounters,C-seed3,42,True,success,965.8361724999728,142,1.0,1.0,1.7542235851287842,2.416311025619507,,,0,0,772.9361724999728,0.0,0.0,-7.099999999999998,200.0
common_encounters,C-seed3,43,False,dynamic_collision,84.93933060584672,50,1.0,1.0,1.5366681814193726,2.397109031677246,1.4000000000000001,0.02408157726578287,7,7,242.21974941732395,0.0,-4.780418811477258,-2.4999999999999996,-150.0
common_encounters,C-seed3,44,False,static_collision_1,109.97500418574396,46,1.0,1.0,1.574998140335083,2.136862277984619,1.0,0.03746263731492995,5,5,233.36664881567287,-1.091644629928922,0.0,-2.299999999999999,-120.0
common_encounters,C-seed3,45,True,success,966.3657711457092,140,1.0,1.0,1.7508602142333984,2.392397403717041,,,0,0,773.3657711457092,0.0,0.0,-6.999999999999998,200.0
common_encounters,C-seed3,46,False,static_collision_1,104.58651304859652,47,1.0,1.0,1.5170233249664307,2.149301052093506,0.8,0.03578298792221936,4,4,227.82871466189624,-0.8922016132997526,0.0,-2.3499999999999988,-120.0
common_encounters,C-seed3,47,False,dynamic_collision,223.5132596766432,74,1.0,1.0,1.5293408632278442,2.333956003189087,1.4000000000000001,0.0362127610697103,7,7,381.7589858736618,0.0,-4.545726197018604,-3.6999999999999993,-150.0
common_encounters,C-seed3,48,True,success,983.5459646385755,143,1.0,1.0,1.4927376508712769,2.3935165405273438,,,0,0,790.6959646385756,0.0,0.0,-7.149999999999999,200.0
common_encounters,C-seed3,49,True,success,966.8232023323977,138,1.0,1.0,1.3207955360412598,2.0619592666625977,,,0,0,773.7232023323976,0.0,0.0,-6.899999999999999,200.0
common_encounters,C-seed3,50,True,success,989.9382296419354,146,1.0,1.0,1.5334196090698242,2.3767807483673096,,,6,6,797.3984550681744,0.0,-0.16022542623893066,-7.299999999999999,200.0
common_encounters,C-seed3,51,True,success,954.661151965527,138,1.0,1.0,1.4876070022583008,2.3819265365600586,,,0,0,761.5611519655267,0.0,0.0,-6.899999999999999,200.0
common_encounters,C-seed3,52,True,success,984.8793751699832,143,1.0,1.0,1.749260425567627,2.448662281036377,,,0,0,792.0293751699833,0.0,0.0,-7.149999999999999,200.0
common_encounters,C-seed3,53,True,success,988.9860315205962,144,1.0,1.0,1.3846163749694824,2.324235439300537,,,0,0,796.1860315205961,0.0,0.0,-7.199999999999999,200.0
common_encounters,C-seed3,54,True,success,969.5955817779409,144,1.0,1.0,1.559431552886963,2.394625663757324,,,14,14,780.3990953401627,0.0,-3.603513562222071,-7.199999999999999,200.0
common_encounters,C-seed3,55,False,static_collision_1,66.79684203232031,40,1.0,1.0,1.524949073791504,2.1654818058013916,0.6000000000000001,0.014108051336966573,3,3,189.56375264848418,-0.7669106161638547,0.0,-2.0,-120.0
common_encounters,C-seed3,56,True,success,962.0989076710227,139,1.0,1.0,1.6570465564727783,2.3260974884033203,,,13,13,770.1191278551103,0.0,-1.0702201840877803,-6.949999999999999,200.0
common_encounters,C-seed3,57,True,success,982.9780661188347,144,1.0,1.0,1.4448351860046387,2.367896318435669,,,12,12,791.5563976871567,-1.3783315683220216,0.0,-7.199999999999999,200.0
common_encounters,C-seed3,58,True,success,953.5508998513507,138,1.0,1.0,1.7201206684112549,2.4420721530914307,,,0,0,760.4508998513506,0.0,0.0,-6.899999999999999,200.0
common_encounters,C-seed3,59,True,success,1025.3439337230977,151,1.0,1.0,1.4474153518676758,2.362386465072632,,,0,0,832.8939337230977,0.0,0.0,-7.549999999999998,200.0
validation_D,D-seed1,0,True,success,970.7521902127176,142,1.0,1.0,1.2672958374023438,1.8200349807739258,,,5,5,777.9445188799655,0.0,-0.09232866724805477,-7.099999999999998,200.0
validation_D,D-seed1,1,True,success,933.5833502182882,134,1.0,1.0,1.345770001411438,1.6737035512924194,,,0,0,740.2833502182882,0.0,0.0,-6.699999999999998,200.0
validation_D,D-seed1,2,True,success,938.7192640341866,134,1.0,1.0,1.3502938747406006,1.7565194368362427,,,0,0,745.4192640341867,0.0,0.0,-6.699999999999998,200.0
validation_D,D-seed1,3,True,success,971.4737107585232,141,1.0,1.0,1.3359872102737427,1.8277937173843384,,,11,11,779.3647389023042,-0.8410281437811853,0.0,-7.049999999999999,200.0
validation_D,D-seed1,4,True,success,1013.7493776961207,149,1.0,1.0,1.2970083951950073,1.8378779888153076,,,0,0,821.1993776961208,0.0,0.0,-7.449999999999998,200.0
validation_D,D-seed1,5,True,success,972.5216329785441,139,1.0,1.0,1.3399399518966675,1.8005527257919312,,,14,14,781.105321329102,-1.6336883505581434,0.0,-6.949999999999999,200.0
validation_D,D-seed1,6,False,dynamic_collision,352.87883391183743,98,1.0,1.0,1.4693320989608765,1.8005973100662231,1.2000000000000002,0.037690656504273,6,6,512.1851685923211,0.0,-4.406334680483844,-4.8999999999999995,-150.0
validation_D,D-seed1,7,False,static_collision_2,363.2288315591603,94,1.0,1.0,1.4028106927871704,1.794927716255188,1.0,0.05783389737967996,11,11,489.17048592643306,-1.085243152964617,-0.15641121430823524,-4.699999999999998,-120.0
validation_D,D-seed1,8,True,success,944.1763686401597,141,1.0,1.0,1.4061790704727173,1.767628788948059,,,19,19,760.6596936523479,0.0,-9.433325012188273,-7.049999999999999,200.0
validation_D,D-seed1,9,True,success,953.2951796427335,135,1.0,1.0,1.408347487449646,1.8903989791870117,,,0,0,760.0451796427335,0.0,0.0,-6.749999999999998,200.0
validation_D,D-seed1,10,True,success,975.9268288506926,141,1.0,1.0,1.3198155164718628,1.7452514171600342,,,8,8,783.3854763638053,-0.408647513112795,0.0,-7.049999999999999,200.0
validation_D,D-seed1,11,True,success,983.6092435180001,140,1.0,1.0,1.3978816270828247,1.8688899278640747,,,14,14,792.339679091762,-1.7304355737620016,0.0,-6.999999999999998,200.0
validation_D,D-seed1,12,True,success,976.4349152758101,137,1.0,1.0,1.3569329977035522,1.8014655113220215,,,3,3,783.2909651001571,-0.00604982434704761,0.0,-6.85,200.0
validation_D,D-seed1,13,True,success,988.3357743568317,143,1.0,1.0,1.3565402030944824,1.8178316354751587,,,0,0,795.4857743568316,0.0,0.0,-7.149999999999999,200.0
validation_D,D-seed1,14,True,success,992.6915559972812,149,1.0,1.0,1.4508845806121826,1.7389041185379028,,,15,15,807.980229216759,0.0,-7.838673219477866,-7.449999999999998,200.0
validation_D,D-seed1,15,True,success,976.758491611328,141,1.0,1.0,1.423101544380188,1.8992892503738403,,,15,15,786.2299439234916,-2.4214523121637073,0.0,-7.049999999999999,200.0
validation_D,D-seed1,16,True,success,972.8337653096022,140,1.0,1.0,1.4615904092788696,1.8389681577682495,,,0,0,779.8337653096021,0.0,0.0,-6.999999999999998,200.0
validation_D,D-seed1,17,False,static_collision_1,-58.306857629130064,16,1.0,1.0,1.3406826257705688,1.708569884300232,0.8,0.0789775811161192,4,4,63.334852911010984,-0.8417105401410642,0.0,-0.8,-120.0
validation_D,D-seed1,18,False,static_collision_2,408.328491742287,98,1.0,1.0,1.4724785089492798,1.91411292552948,0.8,0.01740646493484673,4,4,534.012223057893,-0.7837313156060459,0.0,-4.8999999999999995,-120.0
validation_D,D-seed1,19,False,static_collision_1,2.8174720683259977,28,1.0,1.0,1.3456231355667114,1.755712866783142,1.4000000000000001,0.00945302699080344,7,7,125.68518094973427,-1.4677088814082937,0.0,-1.4000000000000004,-120.0
validation_D,D-seed1,20,True,success,1000.6053001554179,141,1.0,1.0,1.4007285833358765,1.7806912660598755,,,0,0,807.6553001554178,0.0,0.0,-7.049999999999999,200.0
validation_D,D-seed1,21,True,success,980.3608999290755,144,1.0,1.0,1.4563274383544922,1.8236552476882935,,,15,15,790.2260495883161,-2.6651496592406536,0.0,-7.199999999999999,200.0
validation_D,D-seed1,22,True,success,924.0617901146574,132,1.0,1.0,1.317621111869812,1.733038067817688,,,13,13,731.9173573353751,-1.2555672207178454,0.0,-6.599999999999999,200.0
validation_D,D-seed1,23,False,dynamic_collision,131.81546347420482,58,1.0,1.0,1.4361082315444946,1.7774944305419922,1.2000000000000002,0.03829932990367753,6,6,288.48673321257485,0.0,-3.7712697383700506,-2.8999999999999995,-150.0
validation_D,D-seed1,24,False,static_collision_1,-20.22581125847661,22,1.0,1.0,1.3028825521469116,1.6421149969100952,0.8,0.002911047885400527,4,4,101.89198317904996,-1.0177944375265837,0.0,-1.1000000000000003,-120.0
validation_D,D-seed1,25,True,success,953.6688564211438,137,1.0,1.0,1.3186720609664917,1.7746703624725342,,,5,5,760.5856306559813,-0.06677423483759831,0.0,-6.85,200.0
validation_D,D-seed1,26,True,success,968.4517838179509,139,1.0,1.0,1.2671456336975098,1.7719465494155884,,,0,0,775.4017838179507,0.0,0.0,-6.949999999999999,200.0
validation_D,D-seed1,27,False,static_collision_1,60.931005808018625,36,1.0,1.0,1.3160344362258911,1.6821919679641724,1.0,0.012536214617943735,5,5,183.79384623385897,-1.0628404258403386,0.0,-1.8000000000000003,-120.0
validation_D,D-seed1,28,True,success,968.0125743107349,140,1.0,1.0,1.3112457990646362,1.7915805578231812,,,12,12,776.2776660469264,-1.2650917361916725,0.0,-6.999999999999998,200.0
validation_D,D-seed1,29,True,success,957.1335402983481,142,1.0,1.0,1.3268390893936157,1.7603791952133179,,,15,15,770.2092905387119,0.0,-5.975750240363906,-7.099999999999998,200.0
validation_D,D-seed1,30,True,success,952.0609802269919,137,1.0,1.0,1.290986180305481,1.7982739210128784,,,0,0,758.9109802269918,0.0,0.0,-6.85,200.0
validation_D,D-seed1,31,True,success,987.4675830881506,144,1.0,1.0,1.3542195558547974,1.8715916872024536,,,25,25,798.4957553747757,-2.8985914709558043,-0.929580815669474,-7.199999999999999,200.0
validation_D,D-seed1,32,False,static_collision_1,152.80138117644998,56,1.0,1.0,1.4552057981491089,1.7237540483474731,1.0,0.07690979907612593,5,5,276.64871636967086,-1.0473351932208703,0.0,-2.8,-120.0
validation_D,D-seed1,33,True,success,974.7100900132585,142,1.0,1.0,1.3421279191970825,1.811895728111267,,,0,0,781.8100900132586,0.0,0.0,-7.099999999999998,200.0
validation_D,D-seed1,34,False,static_collision_1,-48.91519006261484,17,1.0,1.0,1.2848711013793945,1.6180340051651,0.8,0.028557179098278127,4,4,72.93586751897863,-1.0010575815934597,0.0,-0.8500000000000001,-120.0
validation_D,D-seed1,35,True,success,1001.931552433226,148,1.0,1.0,1.356695532798767,1.8428376913070679,,,0,0,809.3315524332259,0.0,0.0,-7.399999999999999,200.0
validation_D,D-seed1,36,True,success,981.7081848978167,141,1.0,1.0,1.34644615650177,1.842613697052002,,,12,12,789.769511276521,-1.0113263787045024,0.0,-7.049999999999999,200.0
validation_D,D-seed1,37,False,static_collision_1,-39.29304539263545,19,1.0,1.0,1.2590516805648804,1.6897526979446411,1.0,0.010963153436488552,5,5,82.70268459211692,-1.0457299847523769,0.0,-0.9500000000000002,-120.0
validation_D,D-seed1,38,False,static_collision_2,423.00795398380455,101,1.0,1.0,1.4213215112686157,1.7497588396072388,1.4000000000000001,0.010171378284446787,7,7,549.4864541149552,-1.4285001311508718,0.0,-5.049999999999999,-120.0
validation_D,D-seed1,39,True,success,981.3490565437226,138,1.0,1.0,1.3615583181381226,1.8195030689239502,,,0,0,788.2490565437225,0.0,0.0,-6.899999999999999,200.0
validation_D,D-seed1,40,True,success,988.0028565416765,142,1.0,1.0,1.3078765869140625,1.7736692428588867,,,0,0,795.1028565416765,0.0,0.0,-7.099999999999998,200.0
validation_D,D-seed1,41,True,success,945.1044665108094,138,1.0,1.0,1.4648922681808472,1.8041597604751587,,,17,17,757.4329898411495,0.0,-5.428523330340075,-6.899999999999999,200.0
validation_D,D-seed1,42,True,success,933.4873889904891,134,1.0,1.0,1.3971108198165894,1.6794298887252808,,,0,0,740.1873889904891,0.0,0.0,-6.699999999999998,200.0
validation_D,D-seed1,43,True,success,989.7536495976997,140,1.0,1.0,1.3932424783706665,1.8466413021087646,,,0,0,796.7536495976995,0.0,0.0,-6.999999999999998,200.0
validation_D,D-seed1,44,True,success,1023.0350536036557,147,1.0,1.0,1.3484104871749878,1.8954308032989502,,,14,14,832.1828291830448,-1.7977755793892571,0.0,-7.349999999999999,200.0
validation_D,D-seed1,45,False,static_collision_1,-53.62711865004907,17,1.0,1.0,1.3365658521652222,1.6124091148376465,0.8,0.058512878621974074,4,4,68.23330124577609,-1.0104198958251662,0.0,-0.8500000000000001,-120.0
validation_D,D-seed1,46,True,success,984.8569208452392,139,1.0,1.0,1.3745592832565308,1.850223422050476,,,15,15,793.761710431917,-1.954789586677934,0.0,-6.949999999999999,200.0
validation_D,D-seed1,47,True,success,980.5987251552381,141,1.0,1.0,1.3384617567062378,1.7757478952407837,,,0,0,787.648725155238,0.0,0.0,-7.049999999999999,200.0
validation_D,D-seed1,48,False,static_collision_1,-43.511725363118444,18,1.0,1.0,1.3534425497055054,1.7619415521621704,0.6000000000000001,0.03088597498197425,3,3,78.08074637499843,-0.692471738116878,0.0,-0.9000000000000001,-120.0
validation_D,D-seed1,49,False,static_collision_2,411.67487793020416,100,1.0,1.0,1.3618130683898926,1.7827552556991577,1.0,0.04504476909543828,5,5,537.6184499415538,-0.9435720113495988,0.0,-4.999999999999999,-120.0
validation_D,D-seed1,50,False,static_collision_1,-18.90908261734429,24,1.0,1.0,1.3422523736953735,1.6123299598693848,1.2000000000000002,0.005539232879854833,6,6,103.56195365763853,-1.2710362749828217,0.0,-1.2000000000000002,-120.0
validation_D,D-seed1,51,True,success,941.9096337661364,141,1.0,1.0,1.4345163106918335,1.6864376068115234,,,11,11,750.7015042703899,0.0,-1.7418705042535978,-7.049999999999999,200.0
validation_D,D-seed1,52,True,success,957.3164556464802,142,1.0,1.0,1.4071344137191772,1.738885521888733,,,23,23,776.1437880222893,0.0,-11.727332375809052,-7.099999999999998,200.0
validation_D,D-seed1,53,False,dynamic_collision,252.66322980714983,79,1.0,1.0,1.447339415550232,1.885666012763977,1.6,0.05378978323466456,8,8,411.96532726820266,0.0,-5.352097461052844,-3.9499999999999984,-150.0
validation_D,D-seed1,54,True,success,963.3402463101957,140,1.0,1.0,1.4674662351608276,1.804222822189331,,,13,13,771.8779857962929,-1.53773948609751,0.0,-6.999999999999998,200.0
validation_D,D-seed1,55,True,success,920.4955174105925,130,1.0,1.0,1.3896983861923218,1.8733583688735962,,,13,13,728.6381644556095,-1.642647045017082,0.0,-6.499999999999999,200.0
validation_D,D-seed1,56,True,success,936.9696713649305,129,1.0,1.0,1.4000121355056763,1.8138123750686646,,,0,0,743.4196713649303,0.0,0.0,-6.449999999999999,200.0
validation_D,D-seed1,57,True,success,996.7058885607736,140,1.0,1.0,1.3577419519424438,1.8006328344345093,,,0,0,803.7058885607737,0.0,0.0,-6.999999999999998,200.0
validation_D,D-seed1,58,True,success,927.0239794360489,135,1.0,1.0,1.389853835105896,1.738951563835144,,,0,0,733.7739794360489,0.0,0.0,-6.749999999999998,200.0
validation_D,D-seed1,59,True,success,998.6422281785889,140,1.0,1.0,1.4305061101913452,1.8747197389602661,,,0,0,805.6422281785888,0.0,0.0,-6.999999999999998,200.0
common_encounters,D-seed1,0,True,success,956.7681299091971,137,1.0,1.0,1.2823727130889893,1.78836190700531,,,5,5,763.7037484772804,-0.08561856808339183,0.0,-6.85,200.0
common_encounters,D-seed1,1,True,success,949.2750796293732,131,1.0,1.0,1.3989665508270264,1.8200784921646118,,,0,0,755.825079629373,0.0,0.0,-6.549999999999999,200.0
common_encounters,D-seed1,2,True,success,1007.318907312166,145,1.0,1.0,1.3768813610076904,1.700635313987732,,,0,0,814.5689073121658,0.0,0.0,-7.249999999999999,200.0
common_encounters,D-seed1,3,False,static_collision_2,431.8085825739037,103,1.0,1.0,1.458215594291687,1.9187668561935425,0.8,0.018070635594506338,8,8,557.8034687069802,-0.8448861330766406,0.0,-5.149999999999999,-120.0
common_encounters,D-seed1,4,True,success,964.9834101739161,141,1.0,1.0,1.3512171506881714,1.7999235391616821,,,16,16,779.889684072645,0.0,-7.856273898728913,-7.049999999999999,200.0
common_encounters,D-seed1,5,True,success,947.609511821767,137,1.0,1.0,1.3595752716064453,1.6756654977798462,,,0,0,754.4595118217669,0.0,0.0,-6.85,200.0
common_encounters,D-seed1,6,True,success,929.8864603070385,132,1.0,1.0,1.4278994798660278,1.7743812799453735,,,0,0,736.4864603070387,0.0,0.0,-6.599999999999999,200.0
common_encounters,D-seed1,7,True,success,1010.8767392102468,146,1.0,1.0,1.3429592847824097,1.874794602394104,,,6,6,818.3188494487074,-0.1421102384606823,0.0,-7.299999999999999,200.0
common_encounters,D-seed1,8,False,dynamic_collision,308.9500785839101,91,1.0,1.0,1.4442411661148071,1.7341070175170898,1.2000000000000002,0.0389119092943537,6,6,467.9126948460671,0.0,-4.412616262156996,-4.549999999999999,-150.0
common_encounters,D-seed1,9,True,success,942.6665885019486,136,1.0,1.0,1.3176761865615845,1.795563817024231,,,0,0,749.4665885019485,0.0,0.0,-6.799999999999999,200.0
common_encounters,D-seed1,10,True,success,991.3737544779897,139,1.0,1.0,1.4453150033950806,1.7879388332366943,,,0,0,798.3237544779897,0.0,0.0,-6.949999999999999,200.0
common_encounters,D-seed1,11,False,static_collision_2,440.8553266536168,102,1.0,1.0,1.4563747644424438,1.893143892288208,0.8,0.003017404955599408,4,4,566.9585849699654,-1.0032583163484279,0.0,-5.099999999999999,-120.0
common_encounters,D-seed1,12,True,success,956.8277032838155,141,1.0,1.0,1.47756028175354,1.8503493070602417,,,14,14,766.2977671038041,-2.4200638199885867,0.0,-7.049999999999999,200.0
common_encounters,D-seed1,13,True,success,963.5871364532738,142,1.0,1.0,1.4157071113586426,1.7275720834732056,,,13,13,772.3651492632296,0.0,-1.6780128099557834,-7.099999999999998,200.0
common_encounters,D-seed1,14,True,success,986.5464891474961,145,1.0,1.0,1.4219062328338623,1.7057501077651978,,,0,0,793.796489147496,0.0,0.0,-7.249999999999999,200.0
common_encounters,D-seed1,15,True,success,976.5697585796323,142,1.0,1.0,1.3727710247039795,1.7258776426315308,,,0,0,783.6697585796321,0.0,0.0,-7.099999999999998,200.0
common_encounters,D-seed1,16,True,success,902.3858814461062,131,1.0,1.0,1.3949755430221558,1.8927772045135498,,,22,22,723.0455110752014,0.0,-14.109629629095316,-6.549999999999999,200.0
common_encounters,D-seed1,17,True,success,955.1467896303068,132,1.0,1.0,1.3785173892974854,1.7915955781936646,,,0,0,761.7467896303067,0.0,0.0,-6.599999999999999,200.0
common_encounters,D-seed1,18,True,success,959.7591012653405,135,1.0,1.0,1.4252099990844727,1.7895923852920532,,,14,14,768.1638782906755,-1.654777025335176,0.0,-6.749999999999998,200.0
common_encounters,D-seed1,19,True,success,980.2238763673649,141,1.0,1.0,1.3549860715866089,1.775627613067627,,,0,0,787.2738763673649,0.0,0.0,-7.049999999999999,200.0
common_encounters,D-seed1,20,True,success,926.5792483490679,130,1.0,1.0,1.3357547521591187,1.8369141817092896,,,0,0,733.0792483490679,0.0,0.0,-6.499999999999999,200.0
common_encounters,D-seed1,21,True,success,957.2324723135608,136,1.0,1.0,1.3020375967025757,1.7903263568878174,,,0,0,764.0324723135607,0.0,0.0,-6.799999999999999,200.0
common_encounters,D-seed1,22,False,static_collision_2,368.70337965059036,95,1.0,1.0,1.415457844734192,1.791613221168518,0.8,0.040091662024361756,19,19,497.63353685158177,-1.0055673198767794,-3.174589881114692,-4.749999999999998,-120.0
common_encounters,D-seed1,23,True,success,965.8981818782759,142,1.0,1.0,1.4116166830062866,1.7553476095199585,,,0,0,772.9981818782758,0.0,0.0,-7.099999999999998,200.0
common_encounters,D-seed1,24,True,success,978.9290456254682,141,1.0,1.0,1.3338395357131958,1.7775095701217651,,,11,11,786.756610461998,-0.777564836529953,0.0,-7.049999999999999,200.0
common_encounters,D-seed1,25,True,success,985.2063340161369,139,1.0,1.0,1.3879905939102173,1.7989776134490967,,,0,0,792.1563340161368,0.0,0.0,-6.949999999999999,200.0
common_encounters,D-seed1,26,True,success,1009.2271950686343,147,1.0,1.0,1.4055362939834595,1.7696723937988281,,,0,0,816.5771950686342,0.0,0.0,-7.349999999999999,200.0
common_encounters,D-seed1,27,True,success,1010.5761003862551,148,1.0,1.0,1.4280387163162231,1.7059829235076904,,,0,0,817.976100386255,0.0,0.0,-7.399999999999999,200.0
common_encounters,D-seed1,28,True,success,943.696548848846,136,1.0,1.0,1.3458865880966187,1.8211580514907837,,,33,33,763.3354156827819,-0.8618703647328874,-11.976996469203083,-6.799999999999999,200.0
common_encounters,D-seed1,29,True,success,1012.1550828373083,146,1.0,1.0,1.3455358743667603,1.8166981935501099,,,17,17,822.1367864214355,-2.681703584127299,0.0,-7.299999999999999,200.0
common_encounters,D-seed1,30,True,success,968.4098031465264,135,1.0,1.0,1.3511366844177246,1.7244547605514526,,,0,0,775.1598031465264,0.0,0.0,-6.749999999999998,200.0
common_encounters,D-seed1,31,True,success,939.7824522945998,134,1.0,1.0,1.338491678237915,1.6639715433120728,,,0,0,746.4824522945997,0.0,0.0,-6.699999999999998,200.0
common_encounters,D-seed1,32,True,success,940.1689335224137,137,1.0,1.0,1.3594623804092407,1.7065014839172363,,,0,0,747.0189335224135,0.0,0.0,-6.85,200.0
common_encounters,D-seed1,33,True,success,921.1051267211055,130,1.0,1.0,1.3751665353775024,1.802463412284851,,,21,21,730.6935252703595,0.0,-3.088398549254082,-6.499999999999999,200.0
common_encounters,D-seed1,34,False,static_collision_1,-26.151958645814204,21,1.0,1.0,1.294754147529602,1.6324952840805054,0.8,0.007629367942369792,4,4,95.90354269513398,-1.0055013409481828,0.0,-1.0500000000000003,-120.0
common_encounters,D-seed1,35,True,success,941.7796488317598,136,1.0,1.0,1.362207055091858,1.708072304725647,,,0,0,748.5796488317596,0.0,0.0,-6.799999999999999,200.0
common_encounters,D-seed1,36,True,success,963.1673152311541,139,1.0,1.0,1.3245090246200562,1.6694883108139038,,,0,0,770.117315231154,0.0,0.0,-6.949999999999999,200.0
common_encounters,D-seed1,37,False,static_collision_2,407.93278791242585,98,1.0,1.0,1.3576750755310059,1.7841933965682983,1.2000000000000002,0.031094271109772625,6,6,534.1066281165132,-1.273840204087461,0.0,-4.8999999999999995,-120.0
common_encounters,D-seed1,38,True,success,964.6034689507752,135,1.0,1.0,1.3294821977615356,1.8231595754623413,,,17,17,774.4442590394683,-3.0907900886932294,0.0,-6.749999999999998,200.0
common_encounters,D-seed1,39,False,static_collision_2,324.7647255795143,80,1.0,1.0,1.4181140661239624,1.8795536756515503,0.6000000000000001,0.007739876774077633,3,3,449.509792038446,-0.7450664589317806,0.0,-3.9999999999999996,-120.0
common_encounters,D-seed1,40,False,static_collision_2,425.8079221032996,102,1.0,1.0,1.3514732122421265,1.7424782514572144,1.2000000000000002,0.01849009809537461,24,24,553.5062496468516,-1.249118674993039,-1.3492088685590542,-5.099999999999999,-120.0
common_encounters,D-seed1,41,True,success,973.0155859841348,143,1.0,1.0,1.392248511314392,1.719533085823059,,,0,0,780.1655859841349,0.0,0.0,-7.149999999999999,200.0
common_encounters,D-seed1,42,True,success,967.4515011597364,139,1.0,1.0,1.4361110925674438,1.8715102672576904,,,0,0,774.4015011597362,0.0,0.0,-6.949999999999999,200.0
common_encounters,D-seed1,43,True,success,930.4195299882498,133,1.0,1.0,1.3628824949264526,1.749369502067566,,,0,0,737.0695299882495,0.0,0.0,-6.649999999999999,200.0
common_encounters,D-seed1,44,True,success,982.2796977118928,137,1.0,1.0,1.354605793952942,1.7961264848709106,,,0,0,789.1296977118926,0.0,0.0,-6.85,200.0
common_encounters,D-seed1,45,True,success,970.2445660198299,139,1.0,1.0,1.4339181184768677,1.8655678033828735,,,0,0,777.1945660198298,0.0,0.0,-6.949999999999999,200.0
common_encounters,D-seed1,46,False,static_collision_2,383.95265186116677,96,1.0,1.0,1.4268784523010254,1.8116317987442017,0.8,0.05062996210685993,4,4,509.7735200148052,-1.0208681536385054,0.0,-4.8,-120.0
common_encounters,D-seed1,47,False,static_collision_2,331.62514198136284,89,1.0,1.0,1.3887126445770264,1.8211725950241089,0.8,0.0423860793331951,4,4,456.9054149910365,-0.8302730096737745,0.0,-4.449999999999999,-120.0
common_encounters,D-seed1,48,True,success,987.7481966539522,147,1.0,1.0,1.441453218460083,1.739646315574646,,,6,6,795.4047855169845,0.0,-0.30658886303255417,-7.349999999999999,200.0
common_encounters,D-seed1,49,True,success,965.3891640476847,138,1.0,1.0,1.429864764213562,1.7730015516281128,,,0,0,772.2891640476846,0.0,0.0,-6.899999999999999,200.0
common_encounters,D-seed1,50,True,success,986.0388624936732,142,1.0,1.0,1.3511804342269897,1.8436528444290161,,,0,0,793.1388624936728,0.0,0.0,-7.099999999999998,200.0
common_encounters,D-seed1,51,True,success,945.3774800675574,140,1.0,1.0,1.4304417371749878,1.7900491952896118,,,18,18,760.2278938631584,0.0,-7.850413795601141,-6.999999999999998,200.0
common_encounters,D-seed1,52,False,static_collision_2,429.30294139712595,102,1.0,1.0,1.4605616331100464,1.9157081842422485,0.8,0.019200365303711928,4,4,555.3926688250066,-0.989727427880664,0.0,-5.099999999999999,-120.0
common_encounters,D-seed1,53,True,success,982.5110692922376,143,1.0,1.0,1.3620147705078125,1.7940524816513062,,,20,20,794.3846018523916,0.0,-4.723532560153854,-7.149999999999999,200.0
common_encounters,D-seed1,54,True,success,973.1794259581422,141,1.0,1.0,1.3486613035202026,1.8470956087112427,,,0,0,780.2294259581422,0.0,0.0,-7.049999999999999,200.0
common_encounters,D-seed1,55,True,success,962.6685905060955,140,1.0,1.0,1.3388243913650513,1.8248765468597412,,,13,13,771.2906369198433,-1.6220464137480024,0.0,-6.999999999999998,200.0
common_encounters,D-seed1,56,True,success,964.2281396972845,137,1.0,1.0,1.3767101764678955,1.8027278184890747,,,19,19,773.6526644236116,0.0,-2.574524726327165,-6.85,200.0
common_encounters,D-seed1,57,True,success,986.8271526966962,143,1.0,1.0,1.35731840133667,1.7727872133255005,,,0,0,793.9771526966961,0.0,0.0,-7.149999999999999,200.0
common_encounters,D-seed1,58,True,success,953.185668484673,137,1.0,1.0,1.3956727981567383,1.887534499168396,,,11,11,760.888143828655,-0.8524753439819646,0.0,-6.85,200.0
common_encounters,D-seed1,59,True,success,1021.8322446342028,148,1.0,1.0,1.3437831401824951,1.8068221807479858,,,16,16,831.5152822845375,-2.2830376503348644,0.0,-7.399999999999999,200.0
validation_D,D-seed2,0,True,success,970.2639419394563,138,1.0,1.0,1.1827638149261475,1.4773590564727783,,,0,0,777.1639419394561,0.0,0.0,-6.899999999999999,200.0
validation_D,D-seed2,1,True,success,920.8422057204,135,1.0,1.0,1.0153512954711914,1.5576536655426025,,,44,44,741.6317325223979,-3.206190291853996,-10.833336510144068,-6.749999999999998,200.0
validation_D,D-seed2,2,False,static_collision_2,398.6528260735607,95,1.0,1.0,1.2483124732971191,1.5169904232025146,0.8,0.010883855230542836,11,11,525.106448332657,-0.862515932837821,-0.8411063262586775,-4.749999999999998,-120.0
validation_D,D-seed2,3,True,success,973.7039234587946,143,1.0,1.0,1.1850433349609375,1.558274507522583,,,23,23,783.4068946927241,-2.0246592538088253,-0.5283119801208092,-7.149999999999999,200.0
validation_D,D-seed2,4,True,success,1013.8014292866624,148,1.0,1.0,1.182607889175415,1.5200804471969604,,,0,0,821.2014292866622,0.0,0.0,-7.399999999999999,200.0
validation_D,D-seed2,5,False,static_collision_1,-55.075481116300935,16,1.0,1.0,1.1768989562988281,1.502394676208496,0.8,0.048299905187779484,4,4,66.57290022763789,-0.8483813439388252,0.0,-0.8,-120.0
validation_D,D-seed2,6,True,success,997.7224965322137,146,1.0,1.0,1.0531249046325684,1.5024259090423584,,,0,0,805.0224965322136,0.0,0.0,-7.299999999999999,200.0
validation_D,D-seed2,7,False,static_collision_1,141.91843830722146,51,1.0,1.0,1.2140003442764282,1.4973033666610718,1.4000000000000001,0.022439960817297072,7,7,265.91544425689216,-1.447005949670679,0.0,-2.5499999999999994,-120.0
validation_D,D-seed2,8,True,success,954.0241945610355,138,0.84375,0.8478260869565217,0.9437556862831116,1.4577566385269165,,,12,12,761.9840977711792,-1.0599032101435788,0.0,-6.899999999999999,200.0
validation_D,D-seed2,9,False,dynamic_collision,134.51026678383522,58,1.0,1.0,1.3073046207427979,1.5241963863372803,1.6,0.022732497619771967,8,8,292.3433684380082,0.0,-4.933101654173054,-2.8999999999999995,-150.0
validation_D,D-seed2,10,True,success,975.4823987348299,138,1.0,1.0,1.043923020362854,1.5170247554779053,,,17,17,783.6846588888016,-0.29130166824682985,-1.0109584857248364,-6.899999999999999,200.0
validation_D,D-seed2,11,True,success,981.9150113725614,144,1.0,1.0,1.1720526218414307,1.563218355178833,,,0,0,789.1150113725614,0.0,0.0,-7.199999999999999,200.0
validation_D,D-seed2,12,True,success,977.5337983853476,136,1.0,1.0,1.051520586013794,1.5435640811920166,,,0,0,784.3337983853476,0.0,0.0,-6.799999999999999,200.0
validation_D,D-seed2,13,False,dynamic_collision,297.57533952734224,87,1.0,1.0,1.1882086992263794,1.5766794681549072,1.6,0.030035765030174237,23,23,460.0335111111053,-2.225584741427152,-5.882586842335955,-4.349999999999999,-150.0
validation_D,D-seed2,14,True,success,998.6438663405214,146,0.7058823529411765,0.726027397260274,0.9475373029708862,1.5013093948364258,,,0,0,805.9438663405213,0.0,0.0,-7.299999999999999,200.0
validation_D,D-seed2,15,False,dynamic_collision,188.38588360645807,68,1.0,1.0,1.2954397201538086,1.5221552848815918,1.2000000000000002,0.024293009889943196,6,6,345.53160473175495,0.0,-3.745721125296841,-3.399999999999999,-150.0
validation_D,D-seed2,16,True,success,970.2108056914799,141,1.0,1.0,1.1040608882904053,1.5208772420883179,,,0,0,777.2608056914798,0.0,0.0,-7.049999999999999,200.0
validation_D,D-seed2,17,False,static_collision_1,-33.49554667873085,20,1.0,1.0,1.2378599643707275,1.5185463428497314,1.4000000000000001,0.042020797466310565,7,7,88.92604809286823,-1.4215947715990604,0.0,-1.0000000000000002,-120.0
validation_D,D-seed2,18,True,success,992.5686583058365,143,1.0,1.0,1.1298028230667114,1.5531318187713623,,,8,8,800.1141147289243,-0.3954564230877241,0.0,-7.149999999999999,200.0
validation_D,D-seed2,19,True,success,991.4727347760947,146,1.0,1.0,1.2224384546279907,1.5273616313934326,,,13,13,800.3154208242454,-1.5426860481507911,0.0,-7.299999999999999,200.0
validation_D,D-seed2,20,True,success,1002.4881107435108,141,0.8320610687022901,0.8297872340425532,0.9346108436584473,1.5229052305221558,,,0,0,809.5381107435106,0.0,0.0,-7.049999999999999,200.0
validation_D,D-seed2,21,False,dynamic_collision,233.69996759391202,78,1.0,1.0,1.2308976650238037,1.4973782300949097,1.2000000000000002,0.02967454129804159,6,6,391.5310877539746,0.0,-3.931120160062521,-3.8999999999999986,-150.0
validation_D,D-seed2,22,False,static_collision_2,416.3371934723811,98,1.0,1.0,1.231407880783081,1.5145745277404785,1.2000000000000002,0.010333405970693139,19,19,544.903755084607,-1.2809735937223348,-2.3855880185037965,-4.8999999999999995,-120.0
validation_D,D-seed2,23,True,success,976.8427723442273,139,1.0,1.0,1.0394598245620728,1.5177371501922607,,,14,14,785.1997472120006,-1.4069748677732883,0.0,-6.949999999999999,200.0
validation_D,D-seed2,24,False,static_collision_1,-17.068733278061032,22,1.0,1.0,1.268808126449585,1.5517922639846802,0.8,0.006813569481089341,4,4,104.97933607158117,-0.9480693496422248,0.0,-1.1000000000000003,-120.0
validation_D,D-seed2,25,False,dynamic_collision,199.50114299194948,67,1.0,1.0,1.2460516691207886,1.546417236328125,1.6,0.001069693745609583,8,8,358.5170367678361,0.0,-5.665893775886648,-3.349999999999999,-150.0
validation_D,D-seed2,26,True,success,970.6017355867837,137,1.0,1.0,1.1135743856430054,1.4642858505249023,,,18,18,779.3472785392416,0.0,-1.8955429524580305,-6.85,200.0
validation_D,D-seed2,27,False,static_collision_1,48.618269079867346,33,1.0,1.0,1.3497955799102783,1.606858253479004,0.6000000000000001,0.013663827484688624,3,3,170.9027267273981,-0.6344576475307342,0.0,-1.6500000000000001,-120.0
validation_D,D-seed2,28,True,success,957.8700679880086,138,1.0,1.0,1.1501071453094482,1.545474886894226,,,24,24,774.1446771392589,-0.05574353032702348,-9.318865620923372,-6.899999999999999,200.0
validation_D,D-seed2,29,True,success,960.8495436022831,139,1.0,1.0,1.029058814048767,1.5116811990737915,,,0,0,767.7995436022829,0.0,0.0,-6.949999999999999,200.0
validation_D,D-seed2,30,True,success,951.4529915520258,135,1.0,1.0,1.1545696258544922,1.4917726516723633,,,11,11,759.2054796833788,-1.0024881313531313,0.0,-6.749999999999998,200.0
validation_D,D-seed2,31,True,success,990.9775683978821,142,1.0,1.0,1.1156858205795288,1.5229637622833252,,,11,11,798.8433297593991,-0.7657613615170394,0.0,-7.099999999999998,200.0
validation_D,D-seed2,32,True,success,1004.3889017431886,145,1.0,1.0,1.1397439241409302,1.565690040588379,,,0,0,811.6389017431886,0.0,0.0,-7.249999999999999,200.0
validation_D,D-seed2,33,True,success,967.1396185887943,139,1.0,1.0,1.183809757232666,1.5386672019958496,,,17,17,780.883693135893,0.0,-6.794074547098837,-6.949999999999999,200.0
validation_D,D-seed2,34,False,static_collision_1,-52.452983706193315,16,1.0,1.0,1.2493747472763062,1.5327928066253662,0.6000000000000001,0.0004601396695213357,3,3,68.9901108889569,-0.6430945951502303,0.0,-0.8,-120.0
validation_D,D-seed2,35,True,success,997.6637005447215,145,1.0,1.0,1.2439475059509277,1.5278629064559937,,,14,14,806.9294037418247,-2.0157031971033996,0.0,-7.249999999999999,200.0
validation_D,D-seed2,36,True,success,976.3192865126454,144,1.0,1.0,1.1776221990585327,1.576155424118042,,,20,20,793.2025329926244,0.0,-9.683246479979058,-7.199999999999999,200.0
validation_D,D-seed2,37,False,static_collision_1,-47.13456644085534,17,1.0,1.0,1.2695050239562988,1.5524215698242188,0.8,0.005888643914226918,4,4,74.63204746279558,-0.9166139036509235,0.0,-0.8500000000000001,-120.0
validation_D,D-seed2,38,True,success,976.838391575761,138,1.0,1.0,1.0427742004394531,1.5143358707427979,,,22,22,786.3231787058733,-1.0862815581749412,-1.4985055719373321,-6.899999999999999,200.0
validation_D,D-seed2,39,True,success,980.0908242959463,137,1.0,1.0,1.040425181388855,1.54642653465271,,,0,0,786.9408242959462,0.0,0.0,-6.85,200.0
validation_D,D-seed2,40,True,success,985.0403342875177,140,1.0,1.0,1.1171764135360718,1.4899675846099854,,,22,22,796.442155197916,-0.798320540146702,-3.603500370251618,-6.999999999999998,200.0
validation_D,D-seed2,41,False,static_collision_2,368.68298444824967,95,1.0,1.0,1.2456408739089966,1.5055235624313354,0.8,0.06294212058053734,4,4,494.3277581749415,-0.8947737266918842,0.0,-4.749999999999998,-120.0
validation_D,D-seed2,42,True,success,933.2599836902341,131,1.0,1.0,1.0048805475234985,1.4877324104309082,,,8,8,740.3554938457146,0.0,-0.545510155480446,-6.549999999999999,200.0
validation_D,D-seed2,43,False,dynamic_collision,200.42275708503297,70,1.0,1.0,1.3145296573638916,1.543184757232666,2.4000000000000004,0.03355295948972688,12,12,362.069041220232,0.0,-8.146284135198943,-3.4999999999999987,-150.0
validation_D,D-seed2,44,False,static_collision_1,-43.636729437303416,18,1.0,1.0,1.2516911029815674,1.5299065113067627,0.8,0.030092403366531142,4,4,78.20868927026908,-0.945418707572495,0.0,-0.9000000000000001,-120.0
validation_D,D-seed2,45,False,static_collision_1,-44.4096728152294,18,1.0,1.0,1.2133984565734863,1.523691177368164,1.0,0.0482775927612345,5,5,77.61273433990453,-1.1224071551339383,0.0,-0.9000000000000001,-120.0
validation_D,D-seed2,46,False,static_collision_1,10.756750688568545,27,1.0,1.0,1.206426739692688,1.5398952960968018,0.8,0.009769053137418089,4,4,132.89362749828058,-0.7868768097120433,0.0,-1.3500000000000003,-120.0
validation_D,D-seed2,47,False,static_collision_1,-10.573432270292855,24,1.0,1.0,1.1869230270385742,1.5081652402877808,0.8,0.008160778054876866,4,4,111.59597246962505,-0.9694047399179266,0.0,-1.2000000000000002,-120.0
validation_D,D-seed2,48,False,static_collision_1,-35.68211343820097,19,1.0,1.0,1.2635506391525269,1.555206537246704,0.8,0.0017681683713099262,4,4,86.01562123534677,-0.747734673547741,0.0,-0.9500000000000002,-120.0
validation_D,D-seed2,49,False,dynamic_collision,265.9171399929549,79,1.0,1.0,1.1970552206039429,1.5387687683105469,1.8,0.0012220669039918126,17,17,425.954801974283,-0.3065502840848524,-5.781111697243211,-3.9499999999999984,-150.0
validation_D,D-seed2,50,True,success,956.8495420353968,140,1.0,1.0,1.0169987678527832,1.511317253112793,,,15,15,766.0693240590574,-2.219782023660568,0.0,-6.999999999999998,200.0
validation_D,D-seed2,51,False,static_collision_2,352.5014428172058,91,1.0,1.0,1.185081958770752,1.5043261051177979,1.2000000000000002,0.06002131100852339,6,6,478.29861876133657,-1.2471759441307593,0.0,-4.549999999999999,-120.0
validation_D,D-seed2,52,True,success,966.1557029301271,139,1.0,1.0,1.041675329208374,1.4983054399490356,,,15,15,775.6563956451737,-2.5506927150467416,0.0,-6.949999999999999,200.0
validation_D,D-seed2,53,True,success,972.3061442638045,142,1.0,1.0,1.2520036697387695,1.4954558610916138,,,0,0,779.4061442638044,0.0,0.0,-7.099999999999998,200.0
validation_D,D-seed2,54,False,static_collision_2,334.07021413999564,90,1.0,1.0,1.2858097553253174,1.5330955982208252,0.8,0.07346465625781334,4,4,459.5316932649878,-0.9614791249922514,0.0,-4.499999999999999,-120.0
validation_D,D-seed2,55,True,success,922.2016285040129,133,1.0,1.0,1.169175148010254,1.5612232685089111,,,0,0,728.8516285040129,0.0,0.0,-6.649999999999999,200.0
validation_D,D-seed2,56,True,success,940.0038193134756,129,1.0,1.0,1.1464390754699707,1.625335931777954,,,0,0,746.4538193134754,0.0,0.0,-6.449999999999999,200.0
validation_D,D-seed2,57,True,success,998.9140108000794,140,1.0,1.0,1.1420153379440308,1.5767922401428223,,,0,0,805.9140108000794,0.0,0.0,-6.999999999999998,200.0
validation_D,D-seed2,58,True,success,927.1903149580971,133,1.0,1.0,1.0568952560424805,1.5082166194915771,,,0,0,733.8403149580971,0.0,0.0,-6.649999999999999,200.0
validation_D,D-seed2,59,True,success,999.1510011157314,142,1.0,1.0,1.126049518585205,1.5688812732696533,,,0,0,806.2510011157314,0.0,0.0,-7.099999999999998,200.0
common_encounters,D-seed2,0,True,success,955.5307251979928,133,1.0,1.0,1.1127461194992065,1.5619831085205078,,,0,0,762.1807251979926,0.0,0.0,-6.649999999999999,200.0
common_encounters,D-seed2,1,True,success,951.4316429790218,131,1.0,1.0,1.1534703969955444,1.6140246391296387,,,0,0,757.9816429790217,0.0,0.0,-6.549999999999999,200.0
common_encounters,D-seed2,2,False,dynamic_collision,200.1765711403368,67,1.0,1.0,1.2345669269561768,1.5347676277160645,1.2000000000000002,0.0005358178846799051,6,6,357.87228795003085,0.0,-4.345716809694044,-3.349999999999999,-150.0
common_encounters,D-seed2,3,True,success,975.9752883732658,140,1.0,1.0,1.1292721033096313,1.5517938137054443,,,14,14,784.647247577103,-1.6719592038371742,0.0,-6.999999999999998,200.0
common_encounters,D-seed2,4,True,success,974.139386963792,139,1.0,1.0,1.0349774360656738,1.5060545206069946,,,5,5,781.1568152288594,-0.06742826506731639,0.0,-6.949999999999999,200.0
common_encounters,D-seed2,5,True,success,944.920998530911,134,0.7983870967741935,0.8059701492537313,0.9699317216873169,1.4549126625061035,,,0,0,751.6209985309108,0.0,0.0,-6.699999999999998,200.0
common_encounters,D-seed2,6,True,success,929.1538243567888,130,0.9666666666666667,0.9307692307692308,0.9863656759262085,1.4878249168395996,,,0,0,735.6538243567886,0.0,0.0,-6.499999999999999,200.0
common_encounters,D-seed2,7,False,static_collision_1,0.8731386849835445,26,1.0,1.0,1.249030351638794,1.5245987176895142,1.0,0.00596206192095302,5,5,123.33200702458498,-1.1588683396014419,0.0,-1.3000000000000003,-120.0
common_encounters,D-seed2,8,True,success,945.6668359102889,138,0.7421875,0.7536231884057971,0.9266617894172668,1.484642744064331,,,0,0,752.5668359102888,0.0,0.0,-6.899999999999999,200.0
common_encounters,D-seed2,9,True,success,941.7149164581498,133,1.0,1.0,1.1674623489379883,1.5195505619049072,,,0,0,748.3649164581498,0.0,0.0,-6.649999999999999,200.0
common_encounters,D-seed2,10,True,success,993.0815026290754,138,1.0,1.0,1.0006881952285767,1.579817533493042,,,0,0,799.9815026290753,0.0,0.0,-6.899999999999999,200.0
common_encounters,D-seed2,11,False,static_collision_2,473.6439751612279,108,1.0,1.0,1.3673317432403564,1.588670253753662,1.2000000000000002,0.005269427264225111,6,6,600.3549430153233,-1.310967854095432,0.0,-5.3999999999999995,-120.0
common_encounters,D-seed2,12,True,success,959.6133347712818,139,1.0,1.0,1.1178125143051147,1.5092065334320068,,,0,0,766.5633347712817,0.0,0.0,-6.949999999999999,200.0
common_encounters,D-seed2,13,True,success,963.4210220405064,138,0.9140625,0.8768115942028986,0.9865613579750061,1.4684337377548218,,,0,0,770.3210220405065,0.0,0.0,-6.899999999999999,200.0
common_encounters,D-seed2,14,True,success,989.6834366948584,145,1.0,0.9379310344827586,0.9940460324287415,1.50698983669281,,,0,0,796.9334366948584,0.0,0.0,-7.249999999999999,200.0
common_encounters,D-seed2,15,True,success,974.4826665414156,144,1.0,1.0,1.0417084693908691,1.5438480377197266,,,0,0,781.6826665414155,0.0,0.0,-7.199999999999999,200.0
common_encounters,D-seed2,16,True,success,914.8685290706942,132,1.0,1.0,1.2707710266113281,1.5022616386413574,,,0,0,721.4685290706941,0.0,0.0,-6.599999999999999,200.0
common_encounters,D-seed2,17,True,success,957.7293198285481,132,1.0,1.0,1.138392686843872,1.6109027862548828,,,0,0,764.3293198285478,0.0,0.0,-6.599999999999999,200.0
common_encounters,D-seed2,18,False,static_collision_1,100.34646395676883,42,1.0,1.0,1.2931724786758423,1.6009628772735596,0.8,0.010578883624394169,4,4,223.25929956630458,-0.8128356095357783,0.0,-2.0999999999999996,-120.0
common_encounters,D-seed2,19,True,success,973.0575283097769,139,1.0,1.0,1.1604137420654297,1.5284249782562256,,,19,19,788.2402439144323,0.0,-8.232715604655304,-6.949999999999999,200.0
common_encounters,D-seed2,20,True,success,928.7784589584007,130,1.0,1.0,1.0502082109451294,1.4970085620880127,,,0,0,735.2784589584008,0.0,0.0,-6.499999999999999,200.0
common_encounters,D-seed2,21,False,dynamic_collision,286.0534169600861,81,1.0,1.0,1.2591922283172607,1.5392639636993408,1.6,0.030211859405211785,8,8,445.728970343318,0.0,-5.625553383231874,-4.05,-150.0
common_encounters,D-seed2,22,True,success,976.7445803111716,139,1.0,1.0,1.1494817733764648,1.4942885637283325,,,11,11,784.4560221496276,-0.7614418384561576,0.0,-6.949999999999999,200.0
common_encounters,D-seed2,23,False,dynamic_collision,272.6020881967481,85,1.0,1.0,1.2209172248840332,1.513243556022644,1.2000000000000002,0.03581575436135878,19,19,432.37634029276524,-1.4661559956890557,-4.058096100328313,-4.249999999999999,-150.0
common_encounters,D-seed2,24,True,success,977.2245731629448,139,1.0,1.0,1.0527451038360596,1.509960651397705,,,13,13,785.6083469320852,-1.433773769140462,0.0,-6.949999999999999,200.0
common_encounters,D-seed2,25,False,static_collision_1,135.1967697342065,48,1.0,1.0,1.3038063049316406,1.5911109447479248,0.8,0.0115786945048162,4,4,258.51145123936095,-0.9146815051544375,0.0,-2.4,-120.0
common_encounters,D-seed2,26,False,dynamic_collision,128.4901248175895,56,1.0,1.0,1.2296885251998901,1.5204074382781982,1.4000000000000001,0.005669858663800197,14,14,286.68817231208936,-1.018515384712022,-4.379532109787906,-2.8,-150.0
common_encounters,D-seed2,27,True,success,1011.4890548838431,145,1.0,1.0,1.0191110372543335,1.4964373111724854,,,0,0,818.739054883843,0.0,0.0,-7.249999999999999,200.0
common_encounters,D-seed2,28,False,static_collision_1,29.82843118781713,31,1.0,1.0,1.1542795896530151,1.512608528137207,1.4000000000000001,0.011683749577924533,7,7,152.907908247306,-1.5294770594888663,0.0,-1.5500000000000005,-120.0
common_encounters,D-seed2,29,True,success,1013.8776640435767,150,1.0,1.0,1.0099451541900635,1.5198636054992676,,,19,19,824.3440235214275,-2.9663594778509235,0.0,-7.499999999999998,200.0
common_encounters,D-seed2,30,True,success,967.7490543628815,134,1.0,1.0,1.0079693794250488,1.5687589645385742,,,0,0,774.4490543628813,0.0,0.0,-6.699999999999998,200.0
common_encounters,D-seed2,31,True,success,935.267393505987,133,0.8617886178861789,0.8571428571428571,0.9740771055221558,1.4589543342590332,,,23,23,747.9920294928336,0.0,-6.074635986846765,-6.649999999999999,200.0
common_encounters,D-seed2,32,False,dynamic_collision,197.09275300089513,70,1.0,1.0,1.177842140197754,1.493603229522705,1.6,0.022245761368110514,21,21,357.07695497874676,-1.3843612348749315,-5.099840742976719,-3.4999999999999987,-150.0
common_encounters,D-seed2,33,True,success,925.9883431224245,131,1.0,1.0,1.2319862842559814,1.4947022199630737,,,0,0,732.5383431224245,0.0,0.0,-6.549999999999999,200.0
common_encounters,D-seed2,34,False,static_collision_1,-28.830535149052338,20,1.0,1.0,1.251218557357788,1.5347874164581299,0.6000000000000001,0.005648241123342866,3,3,92.98353579969884,-0.8140709487511835,0.0,-1.0000000000000002,-120.0
common_encounters,D-seed2,35,True,success,939.2585497838006,137,1.0,1.0,1.0339033603668213,1.5352602005004883,,,12,12,747.3776460067243,-1.2690962229236378,0.0,-6.85,200.0
common_encounters,D-seed2,36,False,dynamic_collision,186.9267394022805,66,1.0,1.0,1.2323291301727295,1.5412590503692627,1.4000000000000001,0.010695994605393742,7,7,344.71044112919265,0.0,-4.483701726912146,-3.2999999999999994,-150.0
common_encounters,D-seed2,37,False,dynamic_collision,168.47684856557254,61,1.0,1.0,1.2680342197418213,1.5457807779312134,1.2000000000000002,0.0014087586575955704,6,6,325.80676360799987,0.0,-4.279915042427408,-3.049999999999999,-150.0
common_encounters,D-seed2,38,False,static_collision_1,107.7486260693654,43,1.0,1.0,1.367171287536621,1.6159744262695312,0.6000000000000001,0.010435424025868915,3,3,230.65238549967077,-0.7537594303053958,0.0,-2.1499999999999995,-120.0
common_encounters,D-seed2,39,False,static_collision_2,327.85816059165063,80,1.0,1.0,1.4108448028564453,1.6471574306488037,0.8,0.002885912392692079,4,4,452.7160246578305,-0.8578640661799395,0.0,-3.9999999999999996,-120.0
common_encounters,D-seed2,40,True,success,972.1078068586987,137,1.0,1.0,1.096990704536438,1.4825725555419922,,,16,16,779.9329304040375,0.0,-0.9751235453388316,-6.85,200.0
common_encounters,D-seed2,41,True,success,974.5250352577582,142,1.0,1.0,1.0471231937408447,1.504744529724121,,,0,0,781.6250352577581,0.0,0.0,-7.099999999999998,200.0
common_encounters,D-seed2,42,True,success,963.3558107824072,144,1.0,1.0,1.2747342586517334,1.5563292503356934,,,0,0,770.5558107824072,0.0,0.0,-7.199999999999999,200.0
common_encounters,D-seed2,43,True,success,924.7821306752974,131,1.0,1.0,1.0410746335983276,1.5224952697753906,,,16,16,736.930467925996,0.0,-5.598337250698705,-6.549999999999999,200.0
common_encounters,D-seed2,44,True,success,984.6593596989138,137,1.0,1.0,1.0216609239578247,1.617093563079834,,,0,0,791.5093596989136,0.0,0.0,-6.85,200.0
common_encounters,D-seed2,45,True,success,968.6007687889836,142,1.0,1.0,1.2833936214447021,1.5401010513305664,,,0,0,775.7007687889834,0.0,0.0,-7.099999999999998,200.0
common_encounters,D-seed2,46,True,success,971.7599454060728,139,1.0,1.0,1.1638386249542236,1.5260839462280273,,,0,0,778.7099454060728,0.0,0.0,-6.949999999999999,200.0
common_encounters,D-seed2,47,False,dynamic_collision,222.1401879671771,73,1.0,1.0,1.2013704776763916,1.501343011856079,1.4000000000000001,0.024862453678134097,7,7,380.56527506209636,0.0,-4.775087094919313,-3.6499999999999995,-150.0
common_encounters,D-seed2,48,True,success,980.1223306015114,145,1.0,1.0,1.0362622737884521,1.5113317966461182,,,25,25,790.6622409927629,-3.289910391251489,0.0,-7.249999999999999,200.0
common_encounters,D-seed2,49,True,success,968.092977911906,137,0.8818897637795275,0.8175182481751825,0.9892500042915344,1.4574756622314453,,,0,0,774.9429779119059,0.0,0.0,-6.85,200.0
common_encounters,D-seed2,50,True,success,981.9371437105171,144,1.0,1.0,1.1900990009307861,1.5655442476272583,,,16,16,792.9825332906839,0.0,-3.8453895801668034,-7.199999999999999,200.0
common_encounters,D-seed2,51,True,success,953.7917574432356,139,1.0,1.0,1.0071628093719482,1.5185880661010742,,,0,0,760.7417574432355,0.0,0.0,-6.949999999999999,200.0
common_encounters,D-seed2,52,True,success,983.391867496746,142,1.0,1.0,1.133707046508789,1.5543327331542969,,,4,4,790.5306192020757,-0.038751705329773296,0.0,-7.099999999999998,200.0
common_encounters,D-seed2,53,True,success,986.7581886829763,146,0.6764705882352942,0.6917808219178082,0.9297044277191162,1.5080198049545288,,,14,14,796.0024297019029,-1.9442410189267274,0.0,-7.299999999999999,200.0
common_encounters,D-seed2,54,True,success,968.6607315330928,144,1.0,1.0,1.18349289894104,1.5724490880966187,,,11,11,777.4382124247525,0.0,-1.5774808916597371,-7.199999999999999,200.0
common_encounters,D-seed2,55,False,static_collision_1,102.19582428163304,44,1.0,1.0,1.2741844654083252,1.532630443572998,1.0,0.01894843179252709,5,5,225.5498690528418,-1.1540447712087953,0.0,-2.1999999999999993,-120.0
common_encounters,D-seed2,56,True,success,958.5140257386962,137,1.0,1.0,1.2304753065109253,1.5117371082305908,,,24,24,771.7150010871239,0.0,-6.350975348427752,-6.85,200.0
common_encounters,D-seed2,57,False,static_collision_2,388.4160804253304,98,1.0,1.0,1.1998591423034668,1.5151715278625488,0.8,0.050429039086181064,16,16,515.1650375927456,-1.8489571674154852,0.0,-4.8999999999999995,-120.0
common_encounters,D-seed2,58,True,success,953.3125179517722,138,1.0,1.0,1.1558971405029297,1.5426181554794312,,,0,0,760.212517951772,0.0,0.0,-6.899999999999999,200.0
common_encounters,D-seed2,59,True,success,1024.8703993896975,152,1.0,1.0,1.0056034326553345,1.5220975875854492,,,12,12,832.7820725927472,-0.31167320304994317,0.0,-7.6,200.0
validation_D,D-seed3,0,True,success,969.6826709919176,136,1.0,1.0,1.8543611764907837,2.320394515991211,,,0,0,776.4826709919176,0.0,0.0,-6.799999999999999,200.0
validation_D,D-seed3,1,True,success,922.5566656923367,135,1.0,1.0,1.6029762029647827,2.2194926738739014,,,31,31,739.3866952934379,-2.073561269235072,-8.006468331866289,-6.749999999999998,200.0
validation_D,D-seed3,2,False,static_collision_2,389.38916684000355,93,1.0,1.0,1.932897925376892,2.5136210918426514,0.8,0.011184645085361917,15,15,518.1869431445596,-0.8523339046842906,-3.295442399871796,-4.649999999999999,-120.0
validation_D,D-seed3,3,True,success,974.1362095585487,142,1.0,1.0,1.6683310270309448,2.072096109390259,,,12,12,783.0516249491416,0.0,-1.815415390592969,-7.099999999999998,200.0
validation_D,D-seed3,4,True,success,1010.1964366858799,145,1.0,1.0,1.9032357931137085,2.3367793560028076,,,9,9,818.7642396548417,0.0,-1.3178029689618183,-7.249999999999999,200.0
validation_D,D-seed3,5,False,static_collision_1,-56.67872616394491,16,1.0,1.0,1.6155308485031128,1.9188512563705444,0.6000000000000001,0.011467819212129502,3,3,64.86384032158014,-0.7425664855250567,0.0,-0.8,-120.0
validation_D,D-seed3,6,True,success,999.7457186339564,142,1.0,1.0,1.8762977123260498,2.464017152786255,,,0,0,806.8457186339562,0.0,0.0,-7.099999999999998,200.0
validation_D,D-seed3,7,True,success,924.0091163514547,129,1.0,1.0,1.7923518419265747,2.3808302879333496,,,13,13,732.0217704400023,-1.5626540885475833,0.0,-6.449999999999999,200.0
validation_D,D-seed3,8,True,success,952.7143859608519,133,1.0,1.0,1.8593727350234985,2.45413875579834,,,0,0,759.3643859608519,0.0,0.0,-6.649999999999999,200.0
validation_D,D-seed3,9,True,success,941.0435575756811,136,1.0,1.0,1.5847030878067017,2.064500093460083,,,20,20,760.4220739116863,0.0,-12.578516336005219,-6.799999999999999,200.0
validation_D,D-seed3,10,True,success,970.1966508189207,137,1.0,1.0,1.8847333192825317,2.47221040725708,,,24,24,780.8768781823169,-1.0403663213129872,-2.7898610420830776,-6.85,200.0
validation_D,D-seed3,11,True,success,984.8321216183768,143,1.0,1.0,1.6460622549057007,2.0490174293518066,,,0,0,791.9821216183766,0.0,0.0,-7.149999999999999,200.0
validation_D,D-seed3,12,True,success,976.2522706502881,136,1.0,1.0,1.7298797369003296,2.40681791305542,,,0,0,783.0522706502879,0.0,0.0,-6.799999999999999,200.0
validation_D,D-seed3,13,True,success,974.4009391025102,145,1.0,1.0,1.6605273485183716,2.0909175872802734,,,20,20,792.7200530102675,0.0,-11.069113907757554,-7.249999999999999,200.0
validation_D,D-seed3,14,True,success,1000.4542701558454,142,1.0,1.0,1.8519283533096313,2.4751362800598145,,,0,0,807.5542701558452,0.0,0.0,-7.099999999999998,200.0
validation_D,D-seed3,15,False,dynamic_collision,203.14712478308164,69,1.0,1.0,1.6128807067871094,1.9215325117111206,1.4000000000000001,0.02385347761594546,7,7,361.28657405194997,0.0,-4.689449268868439,-3.449999999999999,-150.0
validation_D,D-seed3,16,True,success,972.3054916209235,139,1.0,1.0,1.593013048171997,2.130587100982666,,,0,0,779.2554916209233,0.0,0.0,-6.949999999999999,200.0
validation_D,D-seed3,17,True,success,960.4096930829533,137,1.0,1.0,1.556562066078186,2.2106051445007324,,,14,14,769.1862647783371,-1.9265716953838432,0.0,-6.85,200.0
validation_D,D-seed3,18,True,success,991.5003078608154,142,1.0,1.0,1.6456962823867798,2.205726146697998,,,14,14,799.3155866103821,-0.558016570010423,-0.1572621795564082,-7.099999999999998,200.0
validation_D,D-seed3,19,True,success,992.0311014556107,143,1.0,1.0,1.5896180868148804,2.1585097312927246,,,8,8,799.4822198039093,-0.30111834829873796,0.0,-7.149999999999999,200.0
validation_D,D-seed3,20,True,success,1000.6417891433423,140,1.0,1.0,1.7430394887924194,2.4083800315856934,,,0,0,807.6417891433421,0.0,0.0,-6.999999999999998,200.0
validation_D,D-seed3,21,False,dynamic_collision,243.50080287370898,76,1.0,1.0,1.5862724781036377,2.0710866451263428,1.4000000000000001,0.022378510943377453,7,7,401.97518707701056,0.0,-4.674384203301476,-3.799999999999999,-150.0
validation_D,D-seed3,22,False,static_collision_2,405.64993450479307,96,1.0,1.0,1.8474758863449097,2.480590343475342,1.0,0.012551490408527443,19,19,534.9192785210134,-0.9342687286835868,-3.5350752875369444,-4.8,-120.0
validation_D,D-seed3,23,False,static_collision_2,390.9655961692551,93,1.0,1.0,1.8756238222122192,2.5063884258270264,1.0,0.021824875447951114,5,5,516.75014648378,-1.1345503145249805,0.0,-4.649999999999999,-120.0
validation_D,D-seed3,24,True,success,981.3566950617258,139,1.0,1.0,1.562787413597107,2.2615609169006348,,,13,13,789.4525076986669,-1.1458126369412829,0.0,-6.949999999999999,200.0
validation_D,D-seed3,25,True,success,945.1461029732275,136,1.0,1.0,1.7859736680984497,2.3233447074890137,,,30,30,763.2958394549279,-1.3959846108080423,-9.9537518708924,-6.799999999999999,200.0
validation_D,D-seed3,26,True,success,965.9071128461719,136,1.0,1.0,1.7790995836257935,2.3075942993164062,,,19,19,775.4768482473658,0.0,-2.7697354011937945,-6.799999999999999,200.0
validation_D,D-seed3,27,True,success,944.9528691383014,132,1.0,1.0,1.6474381685256958,2.2162868976593018,,,12,12,752.8133024162569,-1.2604332779557377,0.0,-6.599999999999999,200.0
validation_D,D-seed3,28,True,success,962.4733787466439,139,1.0,1.0,1.793245553970337,2.3179144859313965,,,31,31,779.2892394447858,-1.5556510042950742,-8.310209693846843,-6.949999999999999,200.0
validation_D,D-seed3,29,True,success,961.7547073992257,136,1.0,1.0,1.8236509561538696,2.472904682159424,,,12,12,769.5489155359178,-0.9942081366920171,0.0,-6.799999999999999,200.0
validation_D,D-seed3,30,True,success,950.496703139026,134,1.0,1.0,1.7405277490615845,2.3489456176757812,,,12,12,758.5932309076493,-1.396527768623506,0.0,-6.699999999999998,200.0
validation_D,D-seed3,31,True,success,989.5372207881052,140,1.0,1.0,1.8338139057159424,2.4403061866760254,,,8,8,796.8440033443283,-0.3067825562231655,0.0,-6.999999999999998,200.0
validation_D,D-seed3,32,True,success,1007.2209835869794,145,1.0,1.0,1.6673351526260376,2.1536641120910645,,,0,0,814.4709835869793,0.0,0.0,-7.249999999999999,200.0
validation_D,D-seed3,33,True,success,967.1577098939434,140,1.0,1.0,1.6891852617263794,2.1061158180236816,,,18,18,782.9933219849729,0.0,-8.835612091029484,-6.999999999999998,200.0
validation_D,D-seed3,34,False,static_collision_1,-39.20327713974234,19,1.0,1.0,1.5549548864364624,1.8479368686676025,1.0,0.015498933867092538,5,5,82.7594116107555,-1.0126887504978388,0.0,-0.9500000000000002,-120.0
validation_D,D-seed3,35,True,success,998.0482837412732,143,1.0,1.0,1.7282016277313232,2.2638497352600098,,,16,16,807.6991128067534,-2.5008290654802927,0.0,-7.149999999999999,200.0
validation_D,D-seed3,36,True,success,977.3456710806151,144,1.0,1.0,1.6267890930175781,2.078374147415161,,,19,19,792.6699118231094,0.0,-8.124240742494313,-7.199999999999999,200.0
validation_D,D-seed3,37,False,static_collision_1,-45.60454930816198,18,1.0,1.0,1.5737159252166748,1.7524734735488892,0.8,0.002992063557171303,4,4,76.25666756301626,-0.9612168711782423,0.0,-0.9000000000000001,-120.0
validation_D,D-seed3,38,True,success,977.1520670355969,138,1.0,1.0,1.863370656967163,2.4810686111450195,,,25,25,788.3890572242472,-1.4496406519199914,-2.887349536730351,-6.899999999999999,200.0
validation_D,D-seed3,39,True,success,980.7301906018588,137,1.0,1.0,1.7060801982879639,2.4031078815460205,,,6,6,787.7238241770232,-0.14363357516443592,0.0,-6.85,200.0
validation_D,D-seed3,40,True,success,986.3264636519147,140,1.0,1.0,1.708832025527954,2.3703346252441406,,,16,16,796.0507302174356,-1.5943204149724721,-1.1299461505484136,-6.999999999999998,200.0
validation_D,D-seed3,41,True,success,950.4867123626324,135,1.0,1.0,1.5849229097366333,2.156799077987671,,,0,0,757.2367123626323,0.0,0.0,-6.749999999999998,200.0
validation_D,D-seed3,42,True,success,929.6531312493943,130,1.0,1.0,1.8478306531906128,2.4193062782287598,,,13,13,738.547564891613,0.0,-2.394433642218749,-6.499999999999999,200.0
validation_D,D-seed3,43,False,dynamic_collision,188.66068197241265,68,1.0,1.0,1.5332225561141968,1.8924282789230347,2.2,0.03005006651731715,11,11,348.8109686417305,0.0,-6.750286669317866,-3.399999999999999,-150.0
validation_D,D-seed3,44,False,static_collision_1,-45.68294217845731,18,1.0,1.0,1.6313079595565796,1.8505512475967407,0.8,0.028623671650816977,4,4,75.96053721407074,-0.7434793925280608,0.0,-0.9000000000000001,-120.0
validation_D,D-seed3,45,True,success,952.7309909769712,136,1.0,1.0,1.5731701850891113,2.3113186359405518,,,25,25,762.8550521979098,-2.9509118784652815,-0.3731493424734078,-6.799999999999999,200.0
validation_D,D-seed3,46,False,static_collision_1,19.10983045716067,29,1.0,1.0,1.5182000398635864,1.9102228879928589,1.0,0.009473967200190071,5,5,141.60618125661188,-1.046350799451223,0.0,-1.4500000000000004,-120.0
validation_D,D-seed3,47,False,static_collision_1,-8.22451869432706,25,1.0,1.0,1.6161611080169678,1.912736415863037,0.8,0.02610696393983899,4,4,113.9892831678722,-0.9638018621992619,0.0,-1.2500000000000002,-120.0
validation_D,D-seed3,48,False,static_collision_1,-21.028839695963015,22,1.0,1.0,1.5269745588302612,1.8396778106689453,1.2000000000000002,0.003262116040226902,6,6,101.33320039492148,-1.2620400908844998,0.0,-1.1000000000000003,-120.0
validation_D,D-seed3,49,False,static_collision_1,154.1095998247116,54,1.0,1.0,1.7506335973739624,2.128885269165039,1.2000000000000002,0.03181689119837127,6,6,278.0241518372973,-1.2145520125856153,0.0,-2.699999999999999,-120.0
validation_D,D-seed3,50,True,success,958.0210932184323,137,1.0,1.0,1.5653964281082153,2.2803616523742676,,,12,12,765.9438546055591,-1.0727613871268367,0.0,-6.85,200.0
validation_D,D-seed3,51,True,success,942.0471858893281,133,1.0,1.0,1.677180528640747,2.2561733722686768,,,0,0,748.6971858893281,0.0,0.0,-6.649999999999999,200.0
validation_D,D-seed3,52,True,success,966.5492479436481,137,1.0,1.0,1.6267632246017456,2.295290946960449,,,16,16,776.2162080610866,-2.8169601174386587,0.0,-6.85,200.0
validation_D,D-seed3,53,True,success,971.6491683327599,138,1.0,1.0,1.557557463645935,1.961121916770935,,,0,0,778.5491683327598,0.0,0.0,-6.899999999999999,200.0
validation_D,D-seed3,54,True,success,964.0794949524225,139,1.0,1.0,1.6020629405975342,2.186185598373413,,,14,14,772.8847698705274,-1.8552749181049735,0.0,-6.949999999999999,200.0
validation_D,D-seed3,55,True,success,921.4195810570823,132,1.0,1.0,1.6416330337524414,2.073199510574341,,,0,0,728.0195810570823,0.0,0.0,-6.599999999999999,200.0
validation_D,D-seed3,56,True,success,939.4733118600211,131,1.0,1.0,1.6048086881637573,2.047821044921875,,,0,0,746.0233118600211,0.0,0.0,-6.549999999999999,200.0
validation_D,D-seed3,57,True,success,1000.5115071157844,144,1.0,1.0,1.5175318717956543,1.9405876398086548,,,0,0,807.7115071157843,0.0,0.0,-7.199999999999999,200.0
validation_D,D-seed3,58,True,success,927.7651720984755,131,1.0,1.0,1.6226454973220825,2.2343878746032715,,,0,0,734.3151720984755,0.0,0.0,-6.549999999999999,200.0
validation_D,D-seed3,59,True,success,1000.492988739085,142,1.0,1.0,1.4808884859085083,2.0664520263671875,,,0,0,807.5929887390848,0.0,0.0,-7.099999999999998,200.0
common_encounters,D-seed3,0,True,success,951.0869412178063,135,1.0,1.0,1.781962513923645,2.2808966636657715,,,15,15,759.9909655479395,-2.1540243301332183,0.0,-6.749999999999998,200.0
common_encounters,D-seed3,1,True,success,948.9698346390991,133,1.0,1.0,1.57508385181427,2.041034460067749,,,0,0,755.619834639099,0.0,0.0,-6.649999999999999,200.0
common_encounters,D-seed3,2,False,dynamic_collision,198.73267438398267,68,1.0,1.0,1.8059544563293457,2.3993120193481445,1.4000000000000001,0.018010503809776143,7,7,356.9503993638637,0.0,-4.817724979881033,-3.399999999999999,-150.0
common_encounters,D-seed3,3,True,success,979.7090910519375,140,1.0,1.0,1.6440047025680542,2.2021737098693848,,,13,13,788.033226979753,-1.3241359278155378,0.0,-6.999999999999998,200.0
common_encounters,D-seed3,4,False,static_collision_2,385.0939590377643,92,1.0,1.0,1.8971205949783325,2.496882915496826,1.2000000000000002,0.02593083445476754,6,6,510.82169479099923,-1.1277357532350787,0.0,-4.599999999999999,-120.0
common_encounters,D-seed3,5,True,success,947.6066073041112,133,1.0,1.0,1.7498866319656372,2.380695343017578,,,0,0,754.2566073041111,0.0,0.0,-6.649999999999999,200.0
common_encounters,D-seed3,6,True,success,931.0376269506029,129,1.0,1.0,1.8425531387329102,2.4661073684692383,,,0,0,737.4876269506028,0.0,0.0,-6.449999999999999,200.0
common_encounters,D-seed3,7,True,success,1006.6952085424498,146,1.0,1.0,1.611513614654541,2.1599738597869873,,,17,17,816.9258170755991,-2.93060853314938,0.0,-7.299999999999999,200.0
common_encounters,D-seed3,8,True,success,946.0929572566367,133,1.0,1.0,1.826871633529663,2.451833724975586,,,0,0,752.7429572566367,0.0,0.0,-6.649999999999999,200.0
common_encounters,D-seed3,9,True,success,940.9819043521964,132,1.0,1.0,1.8512462377548218,2.39455246925354,,,8,8,748.3773164469515,0.0,-0.7954120947549916,-6.599999999999999,200.0
common_encounters,D-seed3,10,True,success,990.8080035123179,138,1.0,1.0,1.8810513019561768,2.4952924251556396,,,0,0,797.7080035123179,0.0,0.0,-6.899999999999999,200.0
common_encounters,D-seed3,11,True,success,999.5423283980064,144,1.0,1.0,1.6608823537826538,2.1521363258361816,,,0,0,806.7423283980062,0.0,0.0,-7.199999999999999,200.0
common_encounters,D-seed3,12,True,success,959.6118528187878,136,1.0,1.0,1.6010764837265015,2.095792770385742,,,0,0,766.4118528187878,0.0,0.0,-6.799999999999999,200.0
common_encounters,D-seed3,13,True,success,967.6880709525909,136,1.0,1.0,1.8097989559173584,2.439910888671875,,,0,0,774.4880709525908,0.0,0.0,-6.799999999999999,200.0
common_encounters,D-seed3,14,True,success,986.5702708487071,141,1.0,1.0,1.7927862405776978,2.4376332759857178,,,0,0,793.6202708487069,0.0,0.0,-7.049999999999999,200.0
common_encounters,D-seed3,15,True,success,975.5254643946054,142,1.0,1.0,1.6265465021133423,2.206810474395752,,,0,0,782.6254643946054,0.0,0.0,-7.099999999999998,200.0
common_encounters,D-seed3,16,True,success,917.5463374363235,129,1.0,1.0,1.5885497331619263,2.0305347442626953,,,0,0,723.9963374363235,0.0,0.0,-6.449999999999999,200.0
common_encounters,D-seed3,17,True,success,955.6694673714433,134,1.0,1.0,1.5676337480545044,1.9895559549331665,,,0,0,762.3694673714431,0.0,0.0,-6.699999999999998,200.0
common_encounters,D-seed3,18,True,success,962.5464485983102,135,1.0,1.0,1.6274338960647583,2.2496094703674316,,,12,12,770.210627245101,-0.9141786467906923,0.0,-6.749999999999998,200.0
common_encounters,D-seed3,19,True,success,973.3609050181952,139,1.0,1.0,1.802006721496582,2.3619072437286377,,,18,18,787.0260027946672,0.0,-6.715097776472017,-6.949999999999999,200.0
common_encounters,D-seed3,20,True,success,928.8857100283163,129,1.0,1.0,1.7175954580307007,2.3838038444519043,,,0,0,735.3357100283164,0.0,0.0,-6.449999999999999,200.0
common_encounters,D-seed3,21,False,dynamic_collision,252.69415096255383,77,1.0,1.0,1.7856556177139282,2.246368885040283,1.2000000000000002,0.020023192354904216,6,6,410.97658605413733,0.0,-4.432435091583396,-3.8499999999999988,-150.0
common_encounters,D-seed3,22,True,success,974.8650289595074,137,1.0,1.0,1.7894772291183472,2.4005632400512695,,,0,0,781.7150289595073,0.0,0.0,-6.85,200.0
common_encounters,D-seed3,23,False,dynamic_collision,292.5293023248919,85,1.0,1.0,1.7072502374649048,2.2646918296813965,1.4000000000000001,0.026623994299085903,21,21,453.68392639732883,-1.946349710818918,-4.958274361618072,-4.249999999999999,-150.0
common_encounters,D-seed3,24,False,static_collision_2,448.37889121389503,103,1.0,1.0,1.9109772443771362,2.4957032203674316,1.0,0.015487356333413218,15,15,576.3215158270757,-1.1069764109381173,-1.6856482022427801,-5.149999999999999,-120.0
common_encounters,D-seed3,25,True,success,986.3415494078174,140,1.0,1.0,1.607303500175476,2.1582086086273193,,,9,9,793.8384510095095,-0.4969016016922537,0.0,-6.999999999999998,200.0
common_encounters,D-seed3,26,False,dynamic_collision,134.0065338702684,57,1.0,1.0,1.7120174169540405,2.1094048023223877,1.6,0.018643239285748455,14,14,293.20520819162635,-0.9429111586495156,-5.40576316270845,-2.8499999999999996,-150.0
common_encounters,D-seed3,27,True,success,1013.8875708075004,144,1.0,1.0,1.856896996498108,2.465358018875122,,,0,0,821.0875708075002,0.0,0.0,-7.199999999999999,200.0
common_encounters,D-seed3,28,True,success,958.9401894431155,136,1.0,1.0,1.500991702079773,2.242387056350708,,,13,13,767.1671656634082,-1.4269762202928775,0.0,-6.799999999999999,200.0
common_encounters,D-seed3,29,True,success,1014.4745217770951,147,1.0,1.0,1.5766053199768066,2.2934927940368652,,,13,13,823.1427867707123,-1.3182649936171371,0.0,-7.349999999999999,200.0
common_encounters,D-seed3,30,True,success,965.3046972873573,134,1.0,1.0,1.8655012845993042,2.419243097305298,,,0,0,772.0046972873572,0.0,0.0,-6.699999999999998,200.0
common_encounters,D-seed3,31,True,success,933.7643596888191,132,1.0,1.0,1.7546653747558594,2.384004592895508,,,25,25,747.1008710196927,0.0,-6.736511330873655,-6.599999999999999,200.0
common_encounters,D-seed3,32,False,dynamic_collision,199.87770161094113,69,1.0,1.0,1.6380268335342407,2.160364866256714,1.4000000000000001,0.03283722974528158,18,18,358.73682702005556,-0.8779116161346949,-4.531213792979667,-3.449999999999999,-150.0
common_encounters,D-seed3,33,True,success,922.3350455194153,130,1.0,1.0,1.4958971738815308,1.956231951713562,,,3,3,728.8444810804673,0.0,-0.009435561052013597,-6.499999999999999,200.0
common_encounters,D-seed3,34,False,static_collision_1,-6.464529692577216,25,1.0,1.0,1.5708426237106323,1.8659864664077759,1.4000000000000001,0.00012485896087689264,7,7,116.26872339374287,-1.4832530863201034,0.0,-1.2500000000000002,-120.0
common_encounters,D-seed3,35,True,success,944.5843098861826,136,1.0,1.0,1.6614807844161987,2.2448391914367676,,,6,6,751.4824019313033,-0.09809204512066597,0.0,-6.799999999999999,200.0
common_encounters,D-seed3,36,True,success,945.0350681158831,140,1.0,1.0,1.578072428703308,2.1246273517608643,,,24,24,765.5490002449299,0.0,-13.513932129046841,-6.999999999999998,200.0
common_encounters,D-seed3,37,False,dynamic_collision,173.55025141879293,64,1.0,1.0,1.7647424936294556,2.312992572784424,1.8,0.024921204468197466,19,19,335.0517283029292,-2.1500736143032557,-6.1514032698329455,-3.1999999999999997,-150.0
common_encounters,D-seed3,38,True,success,964.1165123532487,135,1.0,1.0,1.6902984380722046,2.2116212844848633,,,15,15,772.8296510326296,-1.9631386793810568,0.0,-6.749999999999998,200.0
common_encounters,D-seed3,39,True,success,922.7972471946309,128,1.0,1.0,1.6606502532958984,2.193476915359497,,,8,8,729.4997966492799,-0.30254945464922733,0.0,-6.400000000000001,200.0
common_encounters,D-seed3,40,True,success,971.6710442250967,137,1.0,1.0,1.6942399740219116,2.3664355278015137,,,5,5,778.6468582322682,-0.12581400717151847,0.0,-6.85,200.0
common_encounters,D-seed3,41,True,success,973.3381390959711,139,1.0,1.0,1.6260418891906738,2.249696731567383,,,0,0,780.288139095971,0.0,0.0,-6.949999999999999,200.0
common_encounters,D-seed3,42,True,success,966.8027500176761,141,1.0,1.0,1.6604853868484497,2.00982666015625,,,0,0,773.8527500176759,0.0,0.0,-7.049999999999999,200.0
common_encounters,D-seed3,43,True,success,918.1509264850866,131,1.0,1.0,1.654884934425354,2.1672143936157227,,,18,18,732.288648944686,0.0,-7.5877224595994495,-6.549999999999999,200.0
common_encounters,D-seed3,44,True,success,983.0145617508228,137,1.0,1.0,1.8578838109970093,2.4494426250457764,,,0,0,789.8645617508228,0.0,0.0,-6.85,200.0
common_encounters,D-seed3,45,True,success,965.601872710934,139,1.0,1.0,1.624514102935791,2.0339367389678955,,,0,0,772.5518727109338,0.0,0.0,-6.949999999999999,200.0
common_encounters,D-seed3,46,True,success,976.0556573950918,138,1.0,1.0,1.8768270015716553,2.3911139965057373,,,0,0,782.9556573950917,0.0,0.0,-6.899999999999999,200.0
common_encounters,D-seed3,47,False,dynamic_collision,218.88100956338351,71,1.0,1.0,1.6764942407608032,2.0304744243621826,1.4000000000000001,0.032854585805374,7,7,376.87594292745484,0.0,-4.444933364071302,-3.5499999999999985,-150.0
common_encounters,D-seed3,48,False,static_collision_1,90.49964073142063,42,1.0,1.0,1.7181662321090698,2.0085666179656982,1.2000000000000002,0.013104031641230491,6,6,213.88035837174206,-1.2807176403214604,0.0,-2.0999999999999996,-120.0
common_encounters,D-seed3,49,True,success,969.0016150182419,135,1.0,1.0,1.8541492223739624,2.420231342315674,,,0,0,775.751615018242,0.0,0.0,-6.749999999999998,200.0
common_encounters,D-seed3,50,True,success,984.7076208563935,144,1.0,1.0,1.6292277574539185,2.113767385482788,,,15,15,795.257838450292,0.0,-3.3502175938985697,-7.199999999999999,200.0
common_encounters,D-seed3,51,True,success,952.0877454836364,135,1.0,1.0,1.658724308013916,2.2866973876953125,,,0,0,758.8377454836364,0.0,0.0,-6.749999999999998,200.0
common_encounters,D-seed3,52,True,success,983.4248859394982,141,1.0,1.0,1.6356273889541626,2.2063121795654297,,,9,9,790.9069992146901,-0.43211327519227805,0.0,-7.049999999999999,200.0
common_encounters,D-seed3,53,True,success,989.5611439985851,142,1.0,1.0,1.5522938966751099,2.2639379501342773,,,10,10,797.3925474166315,-0.7314034180463299,0.0,-7.099999999999998,200.0
common_encounters,D-seed3,54,True,success,963.6431926286346,142,1.0,1.0,1.663898229598999,2.0550801753997803,,,16,16,776.2015760318848,0.0,-5.458383403250392,-7.099999999999998,200.0
common_encounters,D-seed3,55,False,static_collision_1,108.65830074313963,45,1.0,1.0,1.8482666015625,2.266366481781006,1.2000000000000002,0.025969350161958484,6,6,232.22591067529575,-1.3176099321561185,0.0,-2.249999999999999,-120.0
common_encounters,D-seed3,56,True,success,957.6548978145527,137,1.0,1.0,1.5024746656417847,1.985280156135559,,,22,22,769.7811400746033,0.0,-5.2762422600508145,-6.85,200.0
common_encounters,D-seed3,57,True,success,985.0931870149448,142,1.0,1.0,1.5961031913757324,2.283660888671875,,,5,5,792.2524499286221,-0.05926291367734711,0.0,-7.099999999999998,200.0
common_encounters,D-seed3,58,True,success,952.3248053501416,136,1.0,1.0,1.6212486028671265,2.1512036323547363,,,0,0,759.1248053501415,0.0,0.0,-6.799999999999999,200.0
common_encounters,D-seed3,59,True,success,1023.7473714563444,149,1.0,1.0,1.5626131296157837,2.2633938789367676,,,0,0,831.1973714563443,0.0,0.0,-7.449999999999998,200.0
validation_D,DWA,0,True,success,964.5740376403929,141,0.8778625954198473,,,,,,16,16,775.9521177148922,0.0,-4.32808007449942,-7.049999999999999,200.0
validation_D,DWA,1,True,success,930.8948833612502,137,0.8661417322834646,,,,,,14,14,739.2308460273446,-1.4859626660944876,0.0,-6.85,200.0
validation_D,DWA,2,True,success,928.7825391006536,138,0.8671875,,,,,,23,23,743.4373052052995,-0.24339922093627742,-7.511366883709664,-6.899999999999999,200.0
validation_D,DWA,3,True,success,970.2673118607203,143,0.8796992481203008,,,,,,15,15,779.0043997643545,-1.5870879036343446,0.0,-7.149999999999999,200.0
validation_D,DWA,4,True,success,1003.9364247370479,149,0.8776978417266187,,,,,,16,16,818.6565752852671,0.0,-7.270150548219239,-7.449999999999998,200.0
validation_D,DWA,5,True,success,967.2127576828476,145,0.8740740740740741,,,,,,36,36,781.2971906938823,-2.187712168493775,-4.6467208425408355,-7.249999999999999,200.0
validation_D,DWA,6,True,success,993.6063295455684,147,0.8832116788321168,,,,,,15,15,802.604861595489,-1.6485320499204945,0.0,-7.349999999999999,200.0
validation_D,DWA,7,True,success,919.9736722232333,133,0.8699186991869918,,,,,,14,14,729.6466940134981,0.0,-3.0230217902648198,-6.649999999999999,200.0
validation_D,DWA,8,True,success,951.1750105270202,138,0.8671875,,,,,,0,0,758.07501052702,0.0,0.0,-6.899999999999999,200.0
validation_D,DWA,9,True,success,948.9999944612381,137,0.8740157480314961,,,,,,0,0,755.849994461238,0.0,0.0,-6.85,200.0
validation_D,DWA,10,True,success,962.7729323789583,145,0.8740740740740741,,,,,,30,30,779.6791951890639,-1.0422578162041243,-8.614004993901501,-7.249999999999999,200.0
validation_D,DWA,11,True,success,979.6349475008674,146,0.875,,,,,,16,16,788.9874487214422,-2.052501220575117,0.0,-7.299999999999999,200.0
validation_D,DWA,12,True,success,972.8499963909389,141,0.8778625954198473,,,,,,0,0,779.8999963909387,0.0,0.0,-7.049999999999999,200.0
validation_D,DWA,13,True,success,982.1221161316344,145,0.8740740740740741,,,,,,14,14,790.9131780172659,-1.5410618856315066,0.0,-7.249999999999999,200.0
validation_D,DWA,14,True,success,996.1999914452456,145,0.8814814814814815,,,,,,0,0,803.4499914452456,0.0,0.0,-7.249999999999999,200.0
validation_D,DWA,15,True,success,975.7999962463974,142,0.8712121212121212,,,,,,0,0,782.8999962463974,0.0,0.0,-7.099999999999998,200.0
validation_D,DWA,16,True,success,961.2899098111878,143,0.8721804511278195,,,,,,17,17,776.8747467634573,0.0,-8.434836952269473,-7.149999999999999,200.0
validation_D,DWA,17,True,success,957.3660824898967,142,0.8636363636363636,,,,,,27,27,767.197619753121,-2.228133297723141,-0.5034039655010862,-7.099999999999998,200.0
validation_D,DWA,18,True,success,983.6012723976264,147,0.8759124087591241,,,,,,23,23,798.7308780297457,-0.1845559870462295,-7.5950496450731775,-7.349999999999999,200.0
validation_D,DWA,19,True,success,979.9406580054936,146,0.875,,,,,,39,39,795.6922311800008,-2.138951502372832,-6.312621672134473,-7.299999999999999,200.0
validation_D,DWA,20,True,success,997.3499973222608,145,0.8814814814814815,,,,,,0,0,804.5999973222606,0.0,0.0,-7.249999999999999,200.0
validation_D,DWA,21,True,success,979.4999973222618,142,0.8787878787878788,,,,,,0,0,786.5999973222617,0.0,0.0,-7.099999999999998,200.0
validation_D,DWA,22,True,success,915.021977637933,137,0.8661417322834646,,,,,,31,31,732.3710066087656,-1.0193096815583624,-9.479719289274144,-6.85,200.0
validation_D,DWA,23,True,success,977.1423774657886,144,0.8731343283582089,,,,,,15,15,785.865943892243,-1.5235664264544262,0.0,-7.199999999999999,200.0
validation_D,DWA,24,True,success,977.4358016011696,144,0.8731343283582089,,,,,,16,16,786.8255989963416,-2.1897973951719845,0.0,-7.199999999999999,200.0
validation_D,DWA,25,True,success,950.3621643214667,139,0.8682170542635659,,,,,,13,13,760.7234649947181,0.0,-3.4113006732515454,-6.949999999999999,200.0
validation_D,DWA,26,True,success,951.9212139198723,142,0.8712121212121212,,,,,,34,34,775.521549137037,0.0,-16.500335217164768,-7.099999999999998,200.0
validation_D,DWA,27,True,success,942.5237150972429,139,0.8682170542635659,,,,,,14,14,751.075180593605,-1.601465496362128,0.0,-6.949999999999999,200.0
validation_D,DWA,28,True,success,963.6836487357209,141,0.8702290076335878,,,,,,14,14,774.4607790030916,0.0,-3.727130267370768,-7.049999999999999,200.0
validation_D,DWA,29,True,success,956.2201789343721,141,0.8778625954198473,,,,,,15,15,765.1614510847244,-1.8912721503523997,0.0,-7.049999999999999,200.0
validation_D,DWA,30,True,success,933.4499594515185,139,0.8682170542635659,,,,,,30,30,755.2031843582859,0.0,-14.803224906767461,-6.949999999999999,200.0
validation_D,DWA,31,True,success,989.0999962970636,144,0.8805970149253731,,,,,,0,0,796.2999962970634,0.0,0.0,-7.199999999999999,200.0
validation_D,DWA,32,True,success,993.361776370707,150,0.8785714285714286,,,,,,29,29,809.6099729503278,-1.5143123738214723,-7.233884205799361,-7.499999999999998,200.0
validation_D,DWA,33,True,success,970.5134866648278,144,0.8731343283582089,,,,,,16,16,779.5276150383761,-1.8141283735481837,0.0,-7.199999999999999,200.0
validation_D,DWA,34,True,success,954.043297136687,142,0.8712121212121212,,,,,,16,16,763.3316232069019,-2.1883260702148832,0.0,-7.099999999999998,200.0
validation_D,DWA,35,True,success,988.577732795723,149,0.8776978417266187,,,,,,35,35,807.8965444234218,-1.2299864522929702,-10.638825175405724,-7.449999999999998,200.0
validation_D,DWA,36,True,success,973.9067148062275,145,0.8740740740740741,,,,,,31,31,788.6236076312173,-1.0630993886306124,-6.403793436359215,-7.249999999999999,200.0
validation_D,DWA,37,True,success,919.2330510854589,138,0.828125,,,,,,15,15,728.2452247999629,-2.112173714504108,0.0,-6.899999999999999,200.0
validation_D,DWA,38,True,success,968.3136469197249,144,0.8805970149253731,,,,,,21,21,784.0529014377091,-0.021751169768956302,-8.51750334821544,-7.199999999999999,200.0
validation_D,DWA,39,True,success,976.9999957725414,142,0.8787878787878788,,,,,,0,0,784.0999957725414,0.0,0.0,-7.099999999999998,200.0
validation_D,DWA,40,True,success,969.669791607136,145,0.8814814814814815,,,,,,36,36,794.878225841713,0.0,-17.958434234577062,-7.249999999999999,200.0
validation_D,DWA,41,True,success,948.9744722825155,138,0.8671875,,,,,,8,8,756.6906776371686,0.0,-0.8162053546534249,-6.899999999999999,200.0
validation_D,DWA,42,True,success,920.2575485688611,136,0.873015873015873,,,,,,19,19,736.4972543166529,0.0,-9.43970574779176,-6.799999999999999,200.0
validation_D,DWA,43,True,success,987.49999317378,144,0.8731343283582089,,,,,,0,0,794.6999931737798,0.0,0.0,-7.199999999999999,200.0
validation_D,DWA,44,True,success,1019.2399567578036,154,0.8541666666666666,,,,,,30,30,830.8838127103559,-2.252387889253792,-1.6914680632986043,-7.699999999999999,200.0
validation_D,DWA,45,True,success,950.437244004703,143,0.8721804511278195,,,,,,36,36,763.892374096503,-2.1965103111971573,-4.108619780602928,-7.149999999999999,200.0
validation_D,DWA,46,True,success,981.0653165739482,146,0.875,,,,,,17,17,790.5717026403825,-2.2063860664345265,0.0,-7.299999999999999,200.0
validation_D,DWA,47,True,success,973.5764612251797,145,0.8740740740740741,,,,,,38,38,788.7491310335206,-2.049768038471335,-5.872901769869436,-7.249999999999999,200.0
validation_D,DWA,48,True,success,935.0027340165166,138,0.8671875,,,,,,16,16,744.1749113463766,-2.272177329860106,0.0,-6.899999999999999,200.0
validation_D,DWA,49,True,success,975.4025487616926,142,0.8787878787878788,,,,,,11,11,783.8544191458179,0.0,-1.3518703841254291,-7.099999999999998,200.0
validation_D,DWA,50,True,success,949.0975862654304,141,0.8702290076335878,,,,,,37,37,763.1982399999872,-2.3214211197479075,-4.729232614808916,-7.049999999999999,200.0
validation_D,DWA,51,True,success,939.3306492860509,138,0.8671875,,,,,,14,14,747.6684326264451,-1.437783340394366,0.0,-6.899999999999999,200.0
validation_D,DWA,52,True,success,953.7331195521568,142,0.8787878787878788,,,,,,42,42,774.0783154148005,-1.8893159347979425,-11.355879927845773,-7.099999999999998,200.0
validation_D,DWA,53,True,success,967.7999973103396,140,0.8769230769230769,,,,,,0,0,774.7999973103397,0.0,0.0,-6.999999999999998,200.0
validation_D,DWA,54,True,success,957.0112924594433,142,0.8712121212121212,,,,,,17,17,772.0977273004934,0.0,-7.986434841050281,-7.099999999999998,200.0
validation_D,DWA,55,True,success,920.0760082801564,136,0.8650793650793651,,,,,,17,17,729.0943474771054,-2.218339196949064,0.0,-6.799999999999999,200.0
validation_D,DWA,56,True,success,935.1500024452802,135,0.864,,,,,,0,0,741.9000024452803,0.0,0.0,-6.749999999999998,200.0
validation_D,DWA,57,True,success,995.4499993577607,145,0.8814814814814815,,,,,,0,0,802.6999993577606,0.0,0.0,-7.249999999999999,200.0
validation_D,DWA,58,True,success,925.4735333444077,135,0.872,,,,,,17,17,733.5267697655036,-1.2841615939785194,-0.019074827117439908,-6.749999999999998,200.0
validation_D,DWA,59,True,success,997.3499973222629,145,0.8814814814814815,,,,,,0,0,804.5999973222629,0.0,0.0,-7.249999999999999,200.0
common_encounters,DWA,0,True,success,953.7999993577605,138,0.875,,,,,,0,0,760.6999993577604,0.0,0.0,-6.899999999999999,200.0
common_encounters,DWA,1,True,success,947.6499962851408,137,0.8740157480314961,,,,,,0,0,754.4999962851407,0.0,0.0,-6.85,200.0
common_encounters,DWA,2,True,success,1005.7462469821161,147,0.8759124087591241,,,,,,2,2,813.1033642433201,0.0,-0.007117261204095504,-7.349999999999999,200.0
common_encounters,DWA,3,True,success,967.6971200071403,146,0.875,,,,,,31,31,784.7288457189891,-1.3246247631215833,-8.407100948727226,-7.299999999999999,200.0
common_encounters,DWA,4,True,success,969.1087706904997,143,0.8721804511278195,,,,,,15,15,777.8819877211176,-1.6232170306180511,0.0,-7.149999999999999,200.0
common_encounters,DWA,5,True,success,929.7393064851884,138,0.8671875,,,,,,33,33,751.2325730028724,0.0,-14.593266517683933,-6.899999999999999,200.0
common_encounters,DWA,6,True,success,927.7999931856989,134,0.8629032258064516,,,,,,0,0,734.4999931856989,0.0,0.0,-6.699999999999998,200.0
common_encounters,DWA,7,True,success,1002.516332145689,151,0.8794326241134752,,,,,,37,37,817.4805451549587,-2.3509011559758264,-5.063311853293945,-7.549999999999998,200.0
common_encounters,DWA,8,True,success,946.4750089266352,137,0.8661417322834646,,,,,,0,0,753.3250089266352,0.0,0.0,-6.85,200.0
common_encounters,DWA,9,True,success,929.8214275278428,138,0.8671875,,,,,,18,18,745.8869906833982,0.0,-9.165563155555395,-6.899999999999999,200.0
common_encounters,DWA,10,True,success,988.2999993845812,144,0.8731343283582089,,,,,,0,0,795.499999384581,0.0,0.0,-7.199999999999999,200.0
common_encounters,DWA,11,True,success,993.0962086505358,148,0.8840579710144928,,,,,,17,17,802.7481817085379,-2.2519730580021795,0.0,-7.399999999999999,200.0
common_encounters,DWA,12,True,success,953.085687814214,139,0.8682170542635659,,,,,,11,11,762.070564577446,0.0,-2.0348767632321434,-6.949999999999999,200.0
common_encounters,DWA,13,True,success,961.5367139528844,140,0.8692307692307693,,,,,,10,10,769.5475074103285,0.0,-1.0107934574442967,-6.999999999999998,200.0
common_encounters,DWA,14,True,success,977.325767292164,145,0.8814814814814815,,,,,,17,17,792.9456764678732,0.0,-8.369909175709413,-7.249999999999999,200.0
common_encounters,DWA,15,True,success,961.1707990397622,145,0.8740740740740741,,,,,,35,35,780.7948081211448,-1.1377117638232312,-11.23629731755946,-7.249999999999999,200.0
common_encounters,DWA,16,True,success,912.9493211532249,132,0.860655737704918,,,,,,8,8,720.0909050350571,0.0,-0.5415838818323657,-6.599999999999999,200.0
common_encounters,DWA,17,True,success,953.7999993577607,138,0.875,,,,,,0,0,760.6999993577606,0.0,0.0,-6.899999999999999,200.0
common_encounters,DWA,18,True,success,956.4678723117474,141,0.8702290076335878,,,,,,15,15,765.1358311586516,-1.6179588469043673,0.0,-7.049999999999999,200.0
common_encounters,DWA,19,True,success,969.6428615176295,143,0.8721804511278195,,,,,,18,18,783.7465513110582,0.0,-6.953689793428661,-7.149999999999999,200.0
common_encounters,DWA,20,True,success,924.0499993577582,133,0.8699186991869918,,,,,,0,0,730.6999993577582,0.0,0.0,-6.649999999999999,200.0
common_encounters,DWA,21,True,success,953.1373786314391,138,0.8671875,,,,,,0,0,760.0373786314391,0.0,0.0,-6.899999999999999,200.0
common_encounters,DWA,22,True,success,973.7916993978669,142,0.8712121212121212,,,,,,10,10,781.6479580778303,0.0,-0.7562586799634001,-7.099999999999998,200.0
common_encounters,DWA,23,True,success,962.0498874712339,142,0.8712121212121212,,,,,,14,14,770.5801084784291,-1.4302210071952413,0.0,-7.099999999999998,200.0
common_encounters,DWA,24,True,success,965.6667795388593,145,0.8740740740740741,,,,,,29,29,782.4697554594981,-0.6734124962369592,-8.879563424401814,-7.249999999999999,200.0
common_encounters,DWA,25,True,success,983.4598080961333,146,0.875,,,,,,16,16,792.6207146980241,-1.8609066018908642,0.0,-7.299999999999999,200.0
common_encounters,DWA,26,True,success,1007.6353522278989,149,0.8776978417266187,,,,,,13,13,816.18269850238,-1.097346274481283,0.0,-7.449999999999998,200.0
common_encounters,DWA,27,True,success,1001.8088454825274,149,0.8776978417266187,,,,,,18,18,817.2167484998774,0.0,-7.957903017350128,-7.449999999999998,200.0
common_encounters,DWA,28,True,success,954.0609807156451,141,0.8702290076335878,,,,,,16,16,763.2567892604382,-2.145808544793093,0.0,-7.049999999999999,200.0
common_encounters,DWA,29,True,success,1006.6701182087195,152,0.8802816901408451,,,,,,40,40,822.752390412142,-2.309118449238867,-6.173153754183691,-7.6,200.0
common_encounters,DWA,30,True,success,965.69999935776,140,0.8769230769230769,,,,,,0,0,772.6999993577601,0.0,0.0,-6.999999999999998,200.0
common_encounters,DWA,31,True,success,924.5013389747442,137,0.8661417322834646,,,,,,32,32,746.2395411803557,0.0,-14.88820220561151,-6.85,200.0
common_encounters,DWA,32,True,success,936.3186892082042,137,0.8661417322834646,,,,,,14,14,744.5503767325565,-1.3816875243523044,0.0,-6.85,200.0
common_encounters,DWA,33,True,success,905.3555339628356,134,0.8709677419354839,,,,,,33,33,728.0937390910244,0.0,-16.038205128188917,-6.699999999999998,200.0
common_encounters,DWA,34,True,success,1002.4218663400562,150,0.8785714285714286,,,,,,16,16,812.2027681858613,-2.2809018458052313,0.0,-7.499999999999998,200.0
common_encounters,DWA,35,True,success,938.8848466081445,138,0.8671875,,,,,,18,18,747.3751337560091,-1.5406964304093198,-0.04959071745546706,-6.899999999999999,200.0
common_encounters,DWA,36,True,success,956.1747259948526,141,0.8778625954198473,,,,,,15,15,764.9776670905453,-1.7529410956928055,0.0,-7.049999999999999,200.0
common_encounters,DWA,37,True,success,984.1831693201393,144,0.8731343283582089,,,,,,12,12,792.7880504113175,0.0,-1.4048810911781469,-7.199999999999999,200.0
common_encounters,DWA,38,True,success,961.6139660163783,142,0.8787878787878788,,,,,,15,15,770.5833467510411,-1.869380734662672,0.0,-7.099999999999998,200.0
common_encounters,DWA,39,True,success,920.8201634378377,135,0.864,,,,,,15,15,729.2302114078554,-1.6600479700177355,0.0,-6.749999999999998,200.0
common_encounters,DWA,40,True,success,953.086690052154,142,0.8712121212121212,,,,,,39,39,777.3940863216067,0.0,-17.207396269452712,-7.099999999999998,200.0
common_encounters,DWA,41,True,success,968.0298522106583,143,0.8796992481203008,,,,,,16,16,776.9971469535687,-1.8172947429103863,0.0,-7.149999999999999,200.0
common_encounters,DWA,42,True,success,956.8788146939937,141,0.8702290076335878,,,,,,14,14,770.1547050720868,0.0,-6.225890378093281,-7.049999999999999,200.0
common_encounters,DWA,43,True,success,924.361788781562,135,0.872,,,,,,14,14,732.48448268135,-1.372693899787866,0.0,-6.749999999999998,200.0
common_encounters,DWA,44,True,success,982.1750076651601,143,0.8721804511278195,,,,,,0,0,789.32500766516,0.0,0.0,-7.149999999999999,200.0
common_encounters,DWA,45,True,success,956.7978542412757,142,0.8712121212121212,,,,,,17,17,772.5990056928315,0.0,-8.70115145155571,-7.099999999999998,200.0
common_encounters,DWA,46,True,success,962.564988158761,143,0.8721804511278195,,,,,,17,17,777.8770091827641,0.0,-8.162021024003149,-7.149999999999999,200.0
common_encounters,DWA,47,True,success,949.3563778694225,140,0.8769230769230769,,,,,,15,15,758.1753521845062,-1.8189743150837316,0.0,-6.999999999999998,200.0
common_encounters,DWA,48,True,success,976.7668892850803,145,0.8814814814814815,,,,,,29,29,790.5995911921341,-1.0736286233448111,-5.50907328370897,-7.249999999999999,200.0
common_encounters,DWA,49,True,success,965.6999993577601,140,0.8769230769230769,,,,,,0,0,772.6999993577601,0.0,0.0,-6.999999999999998,200.0
common_encounters,DWA,50,True,success,973.7340623305781,147,0.8759124087591241,,,,,,38,38,794.2885546182772,-1.3364779547323762,-11.868014332966546,-7.349999999999999,200.0
common_encounters,DWA,51,True,success,949.5410365435739,140,0.8692307692307693,,,,,,14,14,758.1348013720294,-1.5937648284555925,0.0,-6.999999999999998,200.0
common_encounters,DWA,52,True,success,975.6409551874472,146,0.875,,,,,,25,25,791.2947535576932,-0.2785175607821664,-8.075280809463978,-7.299999999999999,200.0
common_encounters,DWA,53,True,success,983.7475402875233,146,0.875,,,,,,16,16,793.1197527044401,-2.072212416916917,0.0,-7.299999999999999,200.0
common_encounters,DWA,54,True,success,960.8373214224632,143,0.8721804511278195,,,,,,31,31,775.6891923550792,-1.3234400965011994,-6.378430836114833,-7.149999999999999,200.0
common_encounters,DWA,55,True,success,955.2950141198767,142,0.8712121212121212,,,,,,16,16,770.5928250537756,0.0,-8.197810933898936,-7.099999999999998,200.0
common_encounters,DWA,56,True,success,944.4864125561695,141,0.8702290076335878,,,,,,33,33,768.3706917710449,0.0,-16.83427921487533,-7.049999999999999,200.0
common_encounters,DWA,57,True,success,978.3620491242633,146,0.875,,,,,,36,36,791.5701620165823,-2.007150278070947,-3.9009626142480776,-7.299999999999999,200.0
common_encounters,DWA,58,True,success,940.7045213658956,141,0.8778625954198473,,,,,,29,29,757.9654149728015,-0.7341511746834762,-9.476742432222313,-7.049999999999999,200.0
common_encounters,DWA,59,True,success,1007.1608751714573,152,0.8873239436619719,,,,,,47,47,830.2241377639431,-1.8084969805104225,-13.654765611975467,-7.6,200.0
