method,dataset,scenario_id,trigger,trigger_step,clearance,initial_v,stopped,reason,collision,safe_stop,distance,duration,original_reason,original_steps_to_end
base-seed1,validation_D,3,predicted_risk,70,11.26875332244197,3.0,True,running,False,True,2.700000000000015,2.0,success,71
base-seed1,validation_D,3,static_penalty,89,1.9751983946947043,3.0,True,running,False,True,2.6999999999999997,2.0,success,52
base-seed1,validation_D,5,predicted_risk,10,3.5065437571951623,3.0,True,running,False,True,2.7000000000000033,2.0,success,129
base-seed1,validation_D,5,static_penalty,14,1.9032049255846157,3.0,True,running,False,True,2.7000000000000024,2.0,success,125
base-seed1,validation_D,6,predicted_risk,76,14.67936562391306,3.0,True,running,False,True,2.6999999999999984,2.0,dynamic_collision,22
base-seed1,validation_D,7,predicted_risk,70,12.798190609131613,3.0,True,running,False,True,2.6999999999999957,2.0,static_collision_2,24
base-seed1,validation_D,7,static_penalty,89,1.8595233434986156,3.0,False,static_collision_2,True,False,2.5199999999999982,1.4000000000000001,static_collision_2,5
base-seed1,validation_D,8,predicted_risk,76,27.17853695843172,3.0,True,running,False,True,2.699999999999996,2.0,success,65
base-seed1,validation_D,10,static_penalty,96,1.8457319447326386,3.0,True,running,False,True,2.7000000000000024,2.0,success,45
base-seed1,validation_D,11,predicted_risk,82,6.898097421878882,3.0,True,running,False,True,2.699999999999984,2.0,success,58
base-seed1,validation_D,11,static_penalty,93,1.8984651075804804,3.0,True,running,False,True,2.700000000000001,2.0,success,47
base-seed1,validation_D,12,static_penalty,98,1.9931110365432883,3.0,True,running,False,True,2.6999999999999775,2.0,success,39
base-seed1,validation_D,14,predicted_risk,70,29.331647054884648,3.0,True,running,False,True,2.699999999999999,2.0,success,79
base-seed1,validation_D,15,predicted_risk,26,12.132784839266247,3.0,True,running,False,True,2.700000000000003,2.0,success,115
base-seed1,validation_D,15,static_penalty,45,1.836011883507342,3.0,True,running,False,True,2.7000000000000024,2.0,success,96
base-seed1,validation_D,17,predicted_risk,10,3.0395966286967226,3.0,True,running,False,True,2.7000000000000064,2.0,static_collision_1,6
base-seed1,validation_D,17,static_penalty,12,1.9018748592088794,3.0,False,static_collision_1,True,False,2.340000000000001,1.2000000000000002,static_collision_1,4
base-seed1,validation_D,18,predicted_risk,76,12.187972337328503,3.0,True,running,False,True,2.699999999999998,2.0,static_collision_2,22
base-seed1,validation_D,18,static_penalty,94,1.8979135032574401,3.0,False,static_collision_2,True,False,2.340000000000008,1.2000000000000002,static_collision_2,4
base-seed1,validation_D,19,predicted_risk,10,7.246870836995301,3.0,True,running,False,True,2.6999999999999993,2.0,static_collision_1,18
base-seed1,validation_D,19,static_penalty,21,1.7710948711589216,3.0,True,running,False,True,2.699999999999995,2.0,static_collision_1,7
base-seed1,validation_D,21,predicted_risk,29,12.124850637376127,3.0,True,running,False,True,2.6999999999999997,2.0,success,115
base-seed1,validation_D,21,static_penalty,48,1.7581453157899913,3.0,True,running,False,True,2.7000000000000015,2.0,success,96
base-seed1,validation_D,22,predicted_risk,91,4.369266210146769,3.0,True,running,False,True,2.7000000000000126,2.0,success,41
base-seed1,validation_D,22,static_penalty,97,1.971991341297879,3.0,True,running,False,True,2.700000000000021,2.0,success,35
base-seed1,validation_D,23,predicted_risk,36,19.232743746839166,3.0,True,running,False,True,2.6999999999999917,2.0,dynamic_collision,22
base-seed1,validation_D,24,predicted_risk,10,6.441286982685776,3.0,True,running,False,True,2.699999999999996,2.0,static_collision_1,12
base-seed1,validation_D,24,static_penalty,18,1.722846156147571,3.0,False,static_collision_1,True,False,2.1000000000000005,1.0,static_collision_1,4
base-seed1,validation_D,25,predicted_risk,77,10.416905731790163,3.0,True,running,False,True,2.699999999999991,2.0,success,60
base-seed1,validation_D,25,static_penalty,97,1.98942636465301,3.0,True,running,False,True,2.7000000000000037,2.0,success,40
base-seed1,validation_D,27,predicted_risk,14,11.465257510420127,3.0,True,running,False,True,2.7000000000000077,2.0,static_collision_1,22
base-seed1,validation_D,27,static_penalty,31,1.943482575384393,3.0,False,static_collision_1,True,False,2.5200000000000027,1.4000000000000001,static_collision_1,5
base-seed1,validation_D,28,predicted_risk,79,11.933547458803648,3.0,True,running,False,True,2.700000000000001,2.0,success,61
base-seed1,validation_D,28,static_penalty,99,1.8302164066030828,3.0,True,running,False,True,2.700000000000005,2.0,success,41
base-seed1,validation_D,29,predicted_risk,69,16.940971572702594,3.0,True,running,False,True,2.699999999999992,2.0,success,73
base-seed1,validation_D,31,predicted_risk,77,11.981592616777661,3.0,True,running,False,True,2.699999999999997,2.0,success,67
base-seed1,validation_D,31,static_penalty,96,1.8539271576006202,3.0,True,running,False,True,2.7000000000000073,2.0,success,48
base-seed1,validation_D,32,predicted_risk,33,12.238841449244923,3.0,True,running,False,True,2.7000000000000037,2.0,static_collision_1,23
base-seed1,validation_D,32,static_penalty,51,1.9136566264757198,3.0,False,static_collision_1,True,False,2.5200000000000027,1.4000000000000001,static_collision_1,5
base-seed1,validation_D,34,predicted_risk,10,3.51518520521479,3.0,True,running,False,True,2.6999999999999993,2.0,static_collision_1,7
base-seed1,validation_D,34,static_penalty,13,1.7507398942620807,3.0,False,static_collision_1,True,False,2.0999999999999965,1.0,static_collision_1,4
base-seed1,validation_D,36,static_penalty,36,1.741364057094235,3.0,True,running,False,True,2.700000000000001,2.0,success,105
base-seed1,validation_D,37,predicted_risk,10,3.8921795394999013,3.0,True,running,False,True,2.6999999999999997,2.0,static_collision_1,9
base-seed1,validation_D,37,static_penalty,14,1.8518604788808384,3.0,False,static_collision_1,True,False,2.6999999999999935,1.8,static_collision_1,5
base-seed1,validation_D,38,predicted_risk,78,10.172543285454747,3.0,True,running,False,True,2.6999999999999935,2.0,static_collision_2,23
base-seed1,validation_D,38,static_penalty,94,1.9005415917634085,3.0,True,running,False,True,2.699999999999994,2.0,static_collision_2,7
base-seed1,validation_D,44,predicted_risk,10,4.358263597719144,3.0,True,running,False,True,2.7000000000000006,2.0,success,137
base-seed1,validation_D,44,static_penalty,16,1.831319730052467,3.0,True,running,False,True,2.6999999999999984,2.0,success,131
base-seed1,validation_D,45,predicted_risk,10,3.129871262120682,3.0,True,running,False,True,2.700000000000003,2.0,static_collision_1,7
base-seed1,validation_D,45,static_penalty,13,1.5300722753309373,3.0,False,static_collision_1,True,False,2.1,1.0,static_collision_1,4
base-seed1,validation_D,46,predicted_risk,10,9.629734363692574,3.0,True,running,False,True,2.7000000000000024,2.0,success,129
base-seed1,validation_D,46,static_penalty,26,1.89232657862446,3.0,True,running,False,True,2.6999999999999993,2.0,success,113
base-seed1,validation_D,48,predicted_risk,10,4.572514600509795,3.0,True,running,False,True,2.7000000000000046,2.0,static_collision_1,8
base-seed1,validation_D,48,static_penalty,15,1.6416513539567434,3.0,False,static_collision_1,True,False,1.8000000000000003,0.8,static_collision_1,3
base-seed1,validation_D,49,predicted_risk,76,12.595643080270928,3.0,True,running,False,True,2.6999999999999975,2.0,static_collision_2,24
base-seed1,validation_D,49,static_penalty,95,1.9312561588022543,3.0,True,running,False,True,2.7000000000000166,2.0,static_collision_2,5
base-seed1,validation_D,50,predicted_risk,10,5.73935418303936,3.0,True,running,False,True,2.699999999999996,2.0,static_collision_1,14
base-seed1,validation_D,50,static_penalty,18,1.7542693697110163,3.0,True,running,False,True,2.7000000000000024,2.0,static_collision_1,6
base-seed1,validation_D,52,predicted_risk,53,8.251421923277618,3.0,True,running,False,True,2.700000000000002,2.0,success,89
base-seed1,validation_D,53,predicted_risk,55,4.759179440150527,3.0,True,running,False,True,2.6999999999999997,2.0,dynamic_collision,24
base-seed1,validation_D,54,predicted_risk,28,11.248638100691494,3.0,True,running,False,True,2.700000000000004,2.0,success,112
base-seed1,validation_D,54,static_penalty,46,1.9345678275364042,3.0,True,running,False,True,2.7000000000000024,2.0,success,94
base-seed1,validation_D,55,predicted_risk,84,7.180842497525775,3.0,True,running,False,True,2.6999999999999997,2.0,success,46
base-seed1,validation_D,55,static_penalty,96,1.7559723502028737,3.0,True,running,False,True,2.699999999999976,2.0,success,34
base-seed1,common_encounters,0,static_penalty,95,1.9053004763668122,3.0,True,running,False,True,2.7000000000000166,2.0,success,42
base-seed1,common_encounters,3,predicted_risk,34,11.430299933055093,3.0,True,running,False,True,2.6999999999999966,2.0,static_collision_2,69
base-seed1,common_encounters,3,static_penalty,55,1.888900137111282,3.0,True,running,False,True,2.6999999999999966,2.0,static_collision_2,48
base-seed1,common_encounters,4,predicted_risk,45,21.679425594267418,3.0,True,running,False,True,2.7000000000000015,2.0,success,96
base-seed1,common_encounters,7,static_penalty,26,1.933773159130884,3.0,True,running,False,True,2.7000000000000024,2.0,success,120
base-seed1,common_encounters,8,predicted_risk,69,29.808473193749847,3.0,True,running,False,True,2.7000000000000126,2.0,dynamic_collision,22
base-seed1,common_encounters,11,predicted_risk,80,12.433993036048992,3.0,True,running,False,True,2.6999999999999997,2.0,static_collision_2,22
base-seed1,common_encounters,11,static_penalty,98,1.7521479373385338,3.0,False,static_collision_2,True,False,2.0999999999999943,1.0,static_collision_2,4
base-seed1,common_encounters,12,predicted_risk,34,12.045923602710225,3.0,True,running,False,True,2.700000000000001,2.0,success,107
base-seed1,common_encounters,12,static_penalty,53,1.739105596697529,3.0,True,running,False,True,2.6999999999999877,2.0,success,88
base-seed1,common_encounters,16,predicted_risk,56,3.940071490830336,3.0,True,running,False,True,2.700000000000007,2.0,success,75
base-seed1,common_encounters,18,predicted_risk,36,3.9704906847524715,3.0,True,running,False,True,2.6999999999999975,2.0,success,99
base-seed1,common_encounters,18,static_penalty,42,1.6948394022958242,3.0,True,running,False,True,2.699999999999992,2.0,success,93
base-seed1,common_encounters,22,predicted_risk,73,12.50467095909454,3.0,True,running,False,True,2.6999999999999984,2.0,static_collision_2,22
base-seed1,common_encounters,22,static_penalty,91,1.7526984100568264,3.0,False,static_collision_2,True,False,2.1000000000000107,1.0,static_collision_2,4
base-seed1,common_encounters,24,static_penalty,104,1.8656458137152256,3.0,True,running,False,True,2.700000000000029,2.0,success,37
base-seed1,common_encounters,28,predicted_risk,10,8.916097137430832,3.0,True,running,False,True,2.7000000000000015,2.0,success,126
base-seed1,common_encounters,28,static_penalty,26,1.8808629203895073,3.0,True,running,False,True,2.7000000000000037,2.0,success,110
base-seed1,common_encounters,29,predicted_risk,10,6.2205819335743815,3.0,True,running,False,True,2.7,2.0,success,136
base-seed1,common_encounters,29,static_penalty,19,1.9199730184958863,3.0,True,running,False,True,2.700000000000005,2.0,success,127
base-seed1,common_encounters,34,predicted_risk,10,5.660872138797032,3.0,True,running,False,True,2.699999999999997,2.0,static_collision_1,11
base-seed1,common_encounters,34,static_penalty,17,1.6589205539212522,3.0,False,static_collision_1,True,False,2.100000000000002,1.0,static_collision_1,4
base-seed1,common_encounters,37,predicted_risk,73,12.37986475811735,3.0,True,running,False,True,2.699999999999994,2.0,static_collision_2,25
base-seed1,common_encounters,37,static_penalty,92,1.853451918196952,3.0,True,running,False,True,2.6999999999999926,2.0,static_collision_2,6
base-seed1,common_encounters,38,predicted_risk,27,9.845491343267243,3.0,True,running,False,True,2.700000000000001,2.0,success,108
base-seed1,common_encounters,38,static_penalty,43,1.767014272287489,3.0,True,running,False,True,2.699999999999994,2.0,success,92
base-seed1,common_encounters,39,predicted_risk,58,11.539416865998966,3.0,True,running,False,True,2.699999999999999,2.0,static_collision_2,22
base-seed1,common_encounters,39,static_penalty,77,1.4843667166288892,3.0,False,static_collision_2,True,False,1.8000000000000005,0.8,static_collision_2,3
base-seed1,common_encounters,40,predicted_risk,78,11.755759879186737,3.0,True,running,False,True,2.700000000000006,2.0,static_collision_2,24
base-seed1,common_encounters,40,static_penalty,96,1.8921296156401146,3.0,True,running,False,True,2.700000000000004,2.0,static_collision_2,6
base-seed1,common_encounters,46,predicted_risk,73,12.516467815428886,3.0,True,running,False,True,2.6999999999999984,2.0,static_collision_2,23
base-seed1,common_encounters,46,static_penalty,92,1.5220324405636507,3.0,False,static_collision_2,True,False,2.0999999999999943,1.0,static_collision_2,4
base-seed1,common_encounters,47,predicted_risk,66,9.530756137694143,3.0,True,running,False,True,2.7000000000000006,2.0,static_collision_2,23
base-seed1,common_encounters,47,static_penalty,85,1.7743313243208974,3.0,False,static_collision_2,True,False,2.3400000000000016,1.2000000000000002,static_collision_2,4
base-seed1,common_encounters,51,predicted_risk,57,7.361390535300746,3.0,True,running,False,True,2.700000000000005,2.0,success,83
base-seed1,common_encounters,52,predicted_risk,80,11.720381529158235,3.0,True,running,False,True,2.7000000000000024,2.0,static_collision_2,22
base-seed1,common_encounters,52,static_penalty,98,1.551841092878913,3.0,False,static_collision_2,True,False,2.100000000000007,1.0,static_collision_2,4
base-seed1,common_encounters,55,predicted_risk,78,12.138399933668648,3.0,True,running,False,True,2.700000000000003,2.0,success,62
base-seed1,common_encounters,55,static_penalty,98,1.8154610874627979,3.0,True,running,False,True,2.6999999999999957,2.0,success,42
base-seed1,common_encounters,58,predicted_risk,34,9.496263898701372,3.0,True,running,False,True,2.6999999999999997,2.0,success,103
base-seed1,common_encounters,58,static_penalty,97,1.792316802640065,3.0,True,running,False,True,2.6999999999999873,2.0,success,40
base-seed1,common_encounters,59,predicted_risk,10,8.763742197384627,3.0,True,running,False,True,2.7000000000000006,2.0,success,138
base-seed1,common_encounters,59,static_penalty,24,1.954031984799773,3.0,True,running,False,True,2.6999999999999944,2.0,success,124
base-seed2,validation_D,1,static_penalty,43,1.9518904086546582,3.0,True,running,False,True,2.7000000000000024,2.0,success,92
base-seed2,validation_D,1,predicted_risk,46,1.3121469621618438,3.0,True,running,False,True,2.699999999999993,2.0,success,89
base-seed2,validation_D,2,predicted_risk,74,11.009623477600673,3.0,True,running,False,True,2.7000000000000046,2.0,static_collision_2,21
base-seed2,validation_D,2,static_penalty,91,1.6848708411204605,3.0,False,static_collision_2,True,False,2.5199999999999982,1.4000000000000001,static_collision_2,4
base-seed2,validation_D,3,predicted_risk,21,9.80672212229793,3.0,True,running,False,True,2.700000000000002,2.0,success,122
base-seed2,validation_D,3,static_penalty,37,1.887369223737955,3.0,True,running,False,True,2.7000000000000024,2.0,success,106
base-seed2,validation_D,5,predicted_risk,10,3.1291897388172565,3.0,True,running,False,True,2.700000000000003,2.0,static_collision_1,6
base-seed2,validation_D,5,static_penalty,12,1.9577468432187528,3.0,False,static_collision_1,True,False,2.0999999999999974,1.0,static_collision_1,4
base-seed2,validation_D,7,predicted_risk,26,11.46681976340684,3.0,True,running,False,True,2.6999999999999975,2.0,static_collision_1,25
base-seed2,validation_D,7,static_penalty,44,1.8479235822996047,3.0,True,running,False,True,2.699999999999991,2.0,static_collision_1,7
base-seed2,validation_D,8,predicted_risk,73,11.504442005087164,3.0,True,running,False,True,2.7000000000000015,2.0,success,65
base-seed2,validation_D,8,static_penalty,92,1.9217604217454838,3.0,True,running,False,True,2.6999999999999966,2.0,success,46
base-seed2,validation_D,9,predicted_risk,36,16.997635190455583,3.0,True,running,False,True,2.6999999999999984,2.0,dynamic_collision,22
base-seed2,validation_D,10,static_penalty,95,1.8670479942931903,3.0,True,running,False,True,2.7000000000000073,2.0,success,43
base-seed2,validation_D,13,predicted_risk,25,9.885436872810644,3.0,True,running,False,True,2.700000000000001,2.0,dynamic_collision,62
base-seed2,validation_D,13,static_penalty,41,1.8865754339270122,3.0,True,running,False,True,2.7000000000000015,2.0,dynamic_collision,46
base-seed2,validation_D,15,predicted_risk,47,18.589720521301118,3.0,True,running,False,True,2.699999999999985,2.0,dynamic_collision,21
base-seed2,validation_D,17,predicted_risk,10,3.311240424510407,3.0,True,running,False,True,2.699999999999999,2.0,static_collision_1,10
base-seed2,validation_D,17,static_penalty,13,1.9091570382467165,3.0,True,running,False,True,2.6999999999999984,2.0,static_collision_1,7
base-seed2,validation_D,18,static_penalty,100,1.8350387497369987,3.0,True,running,False,True,2.700000000000018,2.0,success,43
base-seed2,validation_D,19,predicted_risk,10,7.327706521144295,3.0,True,running,False,True,2.7000000000000006,2.0,success,136
base-seed2,validation_D,19,static_penalty,22,1.7758066255868776,3.0,True,running,False,True,2.6999999999999993,2.0,success,124
base-seed2,validation_D,21,predicted_risk,57,21.883997529546864,3.0,True,running,False,True,2.700000000000006,2.0,dynamic_collision,21
base-seed2,validation_D,22,predicted_risk,75,10.892144377956678,3.0,True,running,False,True,2.700000000000018,2.0,static_collision_2,23
base-seed2,validation_D,22,static_penalty,92,1.8439617607681331,3.0,True,running,False,True,2.700000000000007,2.0,static_collision_2,6
base-seed2,validation_D,23,predicted_risk,89,2.692042993171829,3.0,True,running,False,True,2.699999999999992,2.0,success,50
base-seed2,validation_D,23,static_penalty,91,1.9976023174448212,3.0,True,running,False,True,2.7000000000000037,2.0,success,48
base-seed2,validation_D,24,predicted_risk,10,6.470926053674976,3.0,True,running,False,True,2.7000000000000033,2.0,static_collision_1,12
base-seed2,validation_D,24,static_penalty,18,1.8006057740072157,3.0,False,static_collision_1,True,False,2.100000000000003,1.0,static_collision_1,4
base-seed2,validation_D,25,predicted_risk,44,4.550635383536626,3.0,True,running,False,True,2.7000000000000024,2.0,dynamic_collision,23
base-seed2,validation_D,27,predicted_risk,12,12.583016608800865,3.0,True,running,False,True,2.700000000000002,2.0,static_collision_1,21
base-seed2,validation_D,27,static_penalty,30,1.7894849848924217,3.0,False,static_collision_1,True,False,1.8000000000000023,0.8,static_collision_1,3
base-seed2,validation_D,28,static_penalty,51,1.9922789825308644,3.0,True,running,False,True,2.700000000000003,2.0,success,87
base-seed2,validation_D,28,predicted_risk,54,1.8868397786411837,3.0,True,running,False,True,2.700000000000006,2.0,success,84
base-seed2,validation_D,30,predicted_risk,24,9.838315663963487,3.0,True,running,False,True,2.6999999999999935,2.0,success,111
base-seed2,validation_D,30,static_penalty,41,1.8397562325184698,3.0,True,running,False,True,2.700000000000009,2.0,success,94
base-seed2,validation_D,31,predicted_risk,26,10.316965981550327,3.0,True,running,False,True,2.7000000000000006,2.0,success,116
base-seed2,validation_D,31,static_penalty,44,1.8864267897191906,3.0,True,running,False,True,2.699999999999994,2.0,success,98
base-seed2,validation_D,34,predicted_risk,10,3.5247313113841248,3.0,True,running,False,True,2.7000000000000006,2.0,static_collision_1,6
base-seed2,validation_D,34,static_penalty,13,1.752423083128284,3.0,False,static_collision_1,True,False,2.1000000000000023,1.0,static_collision_1,3
base-seed2,validation_D,35,predicted_risk,26,9.478910593642295,3.0,True,running,False,True,2.7000000000000015,2.0,success,119
base-seed2,validation_D,35,static_penalty,42,1.7325921620567497,3.0,True,running,False,True,2.6999999999999997,2.0,success,103
base-seed2,validation_D,36,predicted_risk,68,13.957068634271259,3.0,True,running,False,True,2.699999999999999,2.0,success,76
base-seed2,validation_D,37,predicted_risk,10,3.7077487005984953,3.0,True,running,False,True,2.700000000000005,2.0,static_collision_1,7
base-seed2,validation_D,37,static_penalty,13,1.9117217626152634,3.0,False,static_collision_1,True,False,2.100000000000001,1.0,static_collision_1,4
base-seed2,validation_D,38,static_penalty,95,1.8576622444258888,3.0,True,running,False,True,2.7000000000000015,2.0,success,43
base-seed2,validation_D,40,predicted_risk,27,10.641792343659263,3.0,True,running,False,True,2.699999999999996,2.0,success,113
base-seed2,validation_D,40,static_penalty,45,1.9684136062173163,3.0,True,running,False,True,2.7000000000000033,2.0,success,95
base-seed2,validation_D,41,predicted_risk,72,12.920570119523425,3.0,True,running,False,True,2.6999999999999975,2.0,static_collision_2,23
base-seed2,validation_D,41,static_penalty,91,1.7776091845441133,3.0,False,static_collision_2,True,False,2.099999999999998,1.0,static_collision_2,4
base-seed2,validation_D,43,predicted_risk,44,24.02093285947009,3.0,True,running,False,True,2.6999999999999997,2.0,dynamic_collision,26
base-seed2,validation_D,44,predicted_risk,10,4.085887248626623,3.0,True,running,False,True,2.7,2.0,static_collision_1,8
base-seed2,validation_D,44,static_penalty,14,1.7789131341597537,3.0,False,static_collision_1,True,False,2.100000000000001,1.0,static_collision_1,4
base-seed2,validation_D,45,predicted_risk,10,3.237071032710457,3.0,True,running,False,True,2.6999999999999997,2.0,static_collision_1,8
base-seed2,validation_D,45,static_penalty,13,1.7274498255977813,3.0,False,static_collision_1,True,False,2.5200000000000022,1.4000000000000001,static_collision_1,5
base-seed2,validation_D,46,predicted_risk,10,9.553827823413846,3.0,True,running,False,True,2.6999999999999993,2.0,static_collision_1,17
base-seed2,validation_D,46,static_penalty,23,1.997912152060361,3.0,False,static_collision_1,True,False,2.340000000000004,1.2000000000000002,static_collision_1,4
base-seed2,validation_D,47,predicted_risk,10,7.40322172218192,3.0,True,running,False,True,2.7,2.0,static_collision_1,14
base-seed2,validation_D,47,static_penalty,20,1.6849989182858813,3.0,False,static_collision_1,True,False,2.1,1.0,static_collision_1,4
base-seed2,validation_D,48,predicted_risk,10,4.683072284827668,3.0,True,running,False,True,2.700000000000003,2.0,static_collision_1,9
base-seed2,validation_D,48,static_penalty,15,1.9505748565959484,3.0,False,static_collision_1,True,False,2.5199999999999987,1.4000000000000001,static_collision_1,4
base-seed2,validation_D,49,static_penalty,52,1.9624573215109349,3.0,True,running,False,True,2.7000000000000037,2.0,dynamic_collision,27
base-seed2,validation_D,49,predicted_risk,56,1.5897039406636804,3.0,True,running,False,True,2.700000000000006,2.0,dynamic_collision,23
base-seed2,validation_D,50,predicted_risk,10,5.82285334940598,3.0,True,running,False,True,2.7,2.0,success,130
base-seed2,validation_D,50,static_penalty,18,1.9999344687679148,3.0,True,running,False,True,2.6999999999999975,2.0,success,122
base-seed2,validation_D,51,predicted_risk,66,9.568129494775489,3.0,True,running,False,True,2.7000000000000077,2.0,static_collision_2,25
base-seed2,validation_D,51,static_penalty,85,1.9452279537928288,3.0,True,running,False,True,2.700000000000002,2.0,static_collision_2,6
base-seed2,validation_D,52,predicted_risk,18,10.355454013908137,3.0,True,running,False,True,2.7000000000000033,2.0,success,121
base-seed2,validation_D,52,static_penalty,35,1.782016110402104,3.0,True,running,False,True,2.699999999999992,2.0,success,104
base-seed2,validation_D,54,predicted_risk,68,12.579316487548322,3.0,True,running,False,True,2.6999999999999846,2.0,static_collision_2,22
base-seed2,validation_D,54,static_penalty,86,1.8135620827258823,3.0,False,static_collision_2,True,False,2.100000000000002,1.0,static_collision_2,4
base-seed2,common_encounters,2,predicted_risk,45,7.388306534038357,3.0,True,running,False,True,2.7000000000000046,2.0,dynamic_collision,22
base-seed2,common_encounters,3,predicted_risk,91,6.348232702448822,3.0,True,running,False,True,2.699999999999984,2.0,success,49
base-seed2,common_encounters,3,static_penalty,101,1.9217407642903446,3.0,True,running,False,True,2.6999999999999904,2.0,success,39
base-seed2,common_encounters,4,static_penalty,94,1.9413116792731335,3.0,True,running,False,True,2.699999999999988,2.0,success,45
base-seed2,common_encounters,7,predicted_risk,10,7.6998139005506285,3.0,True,running,False,True,2.6999999999999975,2.0,static_collision_1,16
base-seed2,common_encounters,7,static_penalty,21,1.7321126159896112,3.0,False,static_collision_1,True,False,2.520000000000005,1.4000000000000001,static_collision_1,5
base-seed2,common_encounters,11,predicted_risk,84,10.996210155018844,3.0,True,running,False,True,2.7000000000000024,2.0,static_collision_2,24
base-seed2,common_encounters,11,static_penalty,102,1.6345705644939086,3.0,True,running,False,True,2.7000000000000073,2.0,static_collision_2,6
base-seed2,common_encounters,18,predicted_risk,21,11.456719746921678,3.0,True,running,False,True,2.700000000000003,2.0,static_collision_1,21
base-seed2,common_encounters,18,static_penalty,38,1.8562830952444607,3.0,False,static_collision_1,True,False,2.34,1.2000000000000002,static_collision_1,4
base-seed2,common_encounters,21,predicted_risk,58,9.63250869425669,3.0,True,running,False,True,2.6999999999999926,2.0,dynamic_collision,23
base-seed2,common_encounters,22,predicted_risk,32,9.802973433412504,3.0,True,running,False,True,2.6999999999999993,2.0,success,107
base-seed2,common_encounters,22,static_penalty,49,1.916599632825232,3.0,True,running,False,True,2.6999999999999984,2.0,success,90
base-seed2,common_encounters,23,predicted_risk,19,9.520082926877638,3.0,True,running,False,True,2.7000000000000046,2.0,dynamic_collision,66
base-seed2,common_encounters,23,static_penalty,35,1.890873718074734,3.0,True,running,False,True,2.700000000000002,2.0,dynamic_collision,50
base-seed2,common_encounters,24,predicted_risk,95,4.290481700979559,3.0,True,running,False,True,2.70000000000002,2.0,success,44
base-seed2,common_encounters,24,static_penalty,101,1.9071101637073555,3.0,True,running,False,True,2.7000000000000064,2.0,success,38
base-seed2,common_encounters,25,predicted_risk,26,12.064807343462718,3.0,True,running,False,True,2.699999999999995,2.0,static_collision_1,22
base-seed2,common_encounters,25,static_penalty,44,1.7542191508442135,3.0,False,static_collision_1,True,False,2.0999999999999988,1.0,static_collision_1,4
base-seed2,common_encounters,26,predicted_risk,34,5.086634932991913,3.0,True,running,False,True,2.6999999999999984,2.0,dynamic_collision,22
base-seed2,common_encounters,26,static_penalty,42,1.894854951360915,3.0,True,running,False,True,2.700000000000004,2.0,dynamic_collision,14
base-seed2,common_encounters,28,predicted_risk,10,8.91546056326973,3.0,True,running,False,True,2.700000000000001,2.0,static_collision_1,21
base-seed2,common_encounters,28,static_penalty,24,1.7618627502728614,3.0,True,running,False,True,2.700000000000002,2.0,static_collision_1,7
base-seed2,common_encounters,29,predicted_risk,10,6.222900053656472,3.0,True,running,False,True,2.7000000000000024,2.0,success,140
base-seed2,common_encounters,29,static_penalty,19,1.753138433154498,3.0,True,running,False,True,2.6999999999999957,2.0,success,131
base-seed2,common_encounters,32,predicted_risk,24,8.301853052930097,3.0,True,running,False,True,2.7000000000000006,2.0,dynamic_collision,46
base-seed2,common_encounters,32,static_penalty,38,1.85226185121281,3.0,True,running,False,True,2.700000000000002,2.0,dynamic_collision,32
base-seed2,common_encounters,34,predicted_risk,10,5.634456870304808,3.0,True,running,False,True,2.699999999999997,2.0,static_collision_1,10
base-seed2,common_encounters,34,static_penalty,17,1.4630203779640896,3.0,False,static_collision_1,True,False,1.7999999999999994,0.8,static_collision_1,3
base-seed2,common_encounters,35,predicted_risk,21,9.05186516129438,3.0,True,running,False,True,2.6999999999999975,2.0,success,116
base-seed2,common_encounters,35,static_penalty,37,1.6975477048659648,3.0,True,running,False,True,2.700000000000002,2.0,success,100
base-seed2,common_encounters,36,predicted_risk,44,3.5736124804476486,3.0,True,running,False,True,2.699999999999995,2.0,dynamic_collision,22
base-seed2,common_encounters,37,predicted_risk,39,5.454208830345475,3.0,True,running,False,True,2.699999999999995,2.0,dynamic_collision,22
base-seed2,common_encounters,38,predicted_risk,21,12.929376130758559,3.0,True,running,False,True,2.7000000000000006,2.0,static_collision_1,22
base-seed2,common_encounters,38,static_penalty,40,1.5664898656686628,3.0,False,static_collision_1,True,False,1.7999999999999985,0.8,static_collision_1,3
base-seed2,common_encounters,39,predicted_risk,58,12.446842419249869,3.0,True,running,False,True,2.7000000000000006,2.0,static_collision_2,22
base-seed2,common_encounters,39,static_penalty,76,1.9027580387122462,3.0,False,static_collision_2,True,False,2.099999999999998,1.0,static_collision_2,4
base-seed2,common_encounters,47,predicted_risk,51,2.494426407900389,3.0,True,running,False,True,2.700000000000013,2.0,dynamic_collision,22
base-seed2,common_encounters,48,predicted_risk,20,10.368632125030233,3.0,True,running,False,True,2.7000000000000033,2.0,success,125
base-seed2,common_encounters,48,static_penalty,37,1.7253447014319931,3.0,True,running,False,True,2.6999999999999944,2.0,success,108
base-seed2,common_encounters,52,static_penalty,105,1.978324063724572,3.0,True,running,False,True,2.6999999999999993,2.0,success,37
base-seed2,common_encounters,53,predicted_risk,10,10.054999822212535,3.0,True,running,False,True,2.6999999999999984,2.0,success,136
base-seed2,common_encounters,53,static_penalty,27,1.720084875510545,3.0,True,running,False,True,2.6999999999999953,2.0,success,119
base-seed2,common_encounters,55,predicted_risk,20,11.94725107579277,3.0,True,running,False,True,2.7000000000000024,2.0,static_collision_1,24
base-seed2,common_encounters,55,static_penalty,39,1.5945313277264042,3.0,False,static_collision_1,True,False,2.6400000000000006,1.6,static_collision_1,5
base-seed2,common_encounters,57,predicted_risk,10,10.466146429795883,3.0,True,running,False,True,2.6999999999999993,2.0,static_collision_2,88
base-seed2,common_encounters,57,static_penalty,28,1.9705677290694856,3.0,True,running,False,True,2.699999999999998,2.0,static_collision_2,70
base-seed2,common_encounters,59,static_penalty,27,1.9461236686630894,3.0,True,running,False,True,2.700000000000002,2.0,success,125
base-seed2,common_encounters,59,predicted_risk,84,10.501387095258618,3.0,True,running,False,True,2.700000000000003,2.0,success,68
base-seed3,validation_D,1,predicted_risk,67,8.360323227956753,3.0,True,running,False,True,2.6999999999999953,2.0,success,68
base-seed3,validation_D,1,static_penalty,87,1.7938245458528383,3.0,True,running,False,True,2.7000000000000046,2.0,success,48
base-seed3,validation_D,2,predicted_risk,71,12.013853925080827,3.0,True,running,False,True,2.7,2.0,static_collision_2,22
base-seed3,validation_D,2,static_penalty,89,1.8036782931041975,3.0,False,static_collision_2,True,False,2.3399999999999936,1.2000000000000002,static_collision_2,4
base-seed3,validation_D,5,predicted_risk,10,3.1845521866153437,3.0,True,running,False,True,2.7000000000000006,2.0,static_collision_1,6
base-seed3,validation_D,5,static_penalty,13,1.5028761899029384,3.0,False,static_collision_1,True,False,1.7999999999999994,0.8,static_collision_1,3
base-seed3,validation_D,7,predicted_risk,27,10.909733088231173,3.0,True,running,False,True,2.699999999999998,2.0,success,102
base-seed3,validation_D,7,static_penalty,45,1.840554714366844,3.0,True,running,False,True,2.699999999999999,2.0,success,84
base-seed3,validation_D,9,predicted_risk,36,16.829709796143003,3.0,True,running,False,True,2.7000000000000033,2.0,success,100
base-seed3,validation_D,10,static_penalty,92,1.8360078770446204,3.0,True,running,False,True,2.7000000000000055,2.0,success,45
base-seed3,validation_D,13,predicted_risk,73,11.564700755323877,3.0,True,running,False,True,2.699999999999998,2.0,success,72
base-seed3,validation_D,15,predicted_risk,47,17.738666195433385,3.0,True,running,False,True,2.700000000000002,2.0,dynamic_collision,22
base-seed3,validation_D,17,predicted_risk,10,3.4597105158887533,3.0,True,running,False,True,2.6999999999999993,2.0,success,127
base-seed3,validation_D,17,static_penalty,14,1.8310621813061791,3.0,True,running,False,True,2.700000000000001,2.0,success,123
base-seed3,validation_D,18,static_penalty,98,1.8384641869991514,3.0,True,running,False,True,2.7,2.0,success,44
base-seed3,validation_D,19,static_penalty,24,1.966715500645968,3.0,True,running,False,True,2.700000000000004,2.0,success,119
base-seed3,validation_D,21,predicted_risk,54,20.25395413866688,3.0,True,running,False,True,2.700000000000001,2.0,dynamic_collision,22
base-seed3,validation_D,22,predicted_risk,74,11.122229348543698,3.0,True,running,False,True,2.7000000000000006,2.0,static_collision_2,22
base-seed3,validation_D,22,static_penalty,91,1.944335307312235,3.0,True,running,False,True,2.70000000000001,2.0,static_collision_2,5
base-seed3,validation_D,23,predicted_risk,71,10.800455454083668,3.0,True,running,False,True,2.699999999999989,2.0,static_collision_2,22
base-seed3,validation_D,23,static_penalty,88,1.6924380042452354,3.0,False,static_collision_2,True,False,2.6400000000000126,1.6,static_collision_2,5
base-seed3,validation_D,24,predicted_risk,10,6.699674183602069,3.0,True,running,False,True,2.6999999999999993,2.0,success,129
base-seed3,validation_D,24,static_penalty,21,1.9470568471674206,3.0,True,running,False,True,2.700000000000007,2.0,success,118
base-seed3,validation_D,25,predicted_risk,30,11.102973757794206,3.0,True,running,False,True,2.7000000000000033,2.0,success,106
base-seed3,validation_D,25,static_penalty,49,1.688305674284205,3.0,True,running,False,True,2.700000000000002,2.0,success,87
base-seed3,validation_D,27,predicted_risk,34,2.057343821729069,3.0,True,running,False,True,2.7000000000000006,2.0,success,98
base-seed3,validation_D,27,static_penalty,35,1.7593677364784241,3.0,True,running,False,True,2.700000000000001,2.0,success,97
base-seed3,validation_D,28,predicted_risk,29,10.918025176065825,3.0,True,running,False,True,2.7000000000000015,2.0,success,110
base-seed3,validation_D,28,static_penalty,47,1.8571165456009222,3.0,True,running,False,True,2.7000000000000024,2.0,success,92
base-seed3,validation_D,29,static_penalty,91,1.9513316307499275,3.0,True,running,False,True,2.699999999999999,2.0,success,45
base-seed3,validation_D,30,predicted_risk,22,10.79572297532757,3.0,True,running,False,True,2.700000000000003,2.0,success,112
base-seed3,validation_D,30,static_penalty,40,1.8088913337711165,3.0,True,running,False,True,2.700000000000002,2.0,success,94
base-seed3,validation_D,31,predicted_risk,28,9.177353775508342,3.0,True,running,False,True,2.700000000000007,2.0,success,112
base-seed3,validation_D,31,static_penalty,45,1.87673754506055,3.0,True,running,False,True,2.699999999999998,2.0,success,95
base-seed3,validation_D,33,predicted_risk,47,3.498677020002713,3.0,True,running,False,True,2.699999999999994,2.0,success,93
base-seed3,validation_D,34,predicted_risk,10,3.7462743617342404,3.0,True,running,False,True,2.6999999999999993,2.0,static_collision_1,9
base-seed3,validation_D,34,static_penalty,14,1.7940488592154233,3.0,True,running,False,True,2.6999999999999984,2.0,static_collision_1,5
base-seed3,validation_D,35,predicted_risk,25,10.039101527126299,3.0,True,running,False,True,2.7000000000000006,2.0,success,118
base-seed3,validation_D,35,static_penalty,41,1.9955210276247834,3.0,True,running,False,True,2.700000000000005,2.0,success,102
base-seed3,validation_D,37,predicted_risk,10,3.813674976943174,3.0,True,running,False,True,2.7,2.0,static_collision_1,8
base-seed3,validation_D,37,static_penalty,14,1.6410695338341688,3.0,False,static_collision_1,True,False,2.1,1.0,static_collision_1,4
base-seed3,validation_D,38,predicted_risk,83,6.590146571382151,3.0,True,running,False,True,2.700000000000001,2.0,success,55
base-seed3,validation_D,38,static_penalty,94,1.7996320320198427,3.0,True,running,False,True,2.699999999999996,2.0,success,44
base-seed3,validation_D,39,static_penalty,44,1.9810133998384867,3.0,True,running,False,True,2.700000000000009,2.0,success,93
base-seed3,validation_D,40,predicted_risk,25,11.598602515291056,3.0,True,running,False,True,2.6999999999999984,2.0,success,115
base-seed3,validation_D,40,static_penalty,44,1.8075377383346662,3.0,True,running,False,True,2.7000000000000006,2.0,success,96
base-seed3,validation_D,43,predicted_risk,44,24.74943647588567,3.0,True,running,False,True,2.700000000000007,2.0,dynamic_collision,24
base-seed3,validation_D,44,predicted_risk,10,4.156187232836759,3.0,True,running,False,True,2.6999999999999997,2.0,static_collision_1,8
base-seed3,validation_D,44,static_penalty,14,1.9668111003514746,3.0,False,static_collision_1,True,False,2.5200000000000005,1.4000000000000001,static_collision_1,4
base-seed3,validation_D,45,predicted_risk,10,3.386586206793078,3.0,True,running,False,True,2.700000000000003,2.0,success,126
base-seed3,validation_D,45,static_penalty,14,1.6195722382625277,3.0,True,running,False,True,2.6999999999999997,2.0,success,122
base-seed3,validation_D,46,predicted_risk,10,9.600971292628053,3.0,True,running,False,True,2.699999999999998,2.0,static_collision_1,19
base-seed3,validation_D,46,static_penalty,24,1.9104391018390912,3.0,False,static_collision_1,True,False,2.6399999999999966,1.6,static_collision_1,5
base-seed3,validation_D,47,predicted_risk,10,7.460323995930857,3.0,True,running,False,True,2.7000000000000033,2.0,static_collision_1,15
base-seed3,validation_D,47,static_penalty,21,1.5347517166483078,3.0,False,static_collision_1,True,False,2.3399999999999985,1.2000000000000002,static_collision_1,4
base-seed3,validation_D,48,predicted_risk,10,4.794359818214952,3.0,True,running,False,True,2.7000000000000006,2.0,static_collision_1,12
base-seed3,validation_D,48,static_penalty,16,1.8414847101278369,3.0,True,running,False,True,2.7,2.0,static_collision_1,6
base-seed3,validation_D,49,predicted_risk,30,11.627560746865264,3.0,True,running,False,True,2.6999999999999984,2.0,static_collision_1,24
base-seed3,validation_D,49,static_penalty,48,1.8550980399627068,3.0,True,running,False,True,2.7000000000000064,2.0,static_collision_1,6
base-seed3,validation_D,50,predicted_risk,11,5.449398495088722,3.0,True,running,False,True,2.7000000000000015,2.0,success,126
base-seed3,validation_D,50,static_penalty,20,1.8205872628149988,3.0,True,running,False,True,2.7000000000000006,2.0,success,117
base-seed3,validation_D,52,predicted_risk,19,9.845408101479887,3.0,True,running,False,True,2.700000000000001,2.0,success,118
base-seed3,validation_D,52,static_penalty,35,1.7928232437256613,3.0,True,running,False,True,2.6999999999999944,2.0,success,102
base-seed3,validation_D,54,predicted_risk,69,11.868867644115706,3.0,True,running,False,True,2.7000000000000055,2.0,success,70
base-seed3,validation_D,54,static_penalty,88,1.8322143172250493,3.0,True,running,False,True,2.7000000000000064,2.0,success,51
base-seed3,common_encounters,0,predicted_risk,27,11.36769274291186,3.0,True,running,False,True,2.7000000000000037,2.0,success,108
base-seed3,common_encounters,0,static_penalty,45,1.934205910225363,3.0,True,running,False,True,2.699999999999998,2.0,success,90
base-seed3,common_encounters,2,predicted_risk,46,5.66596062029801,3.0,True,running,False,True,2.6999999999999953,2.0,dynamic_collision,22
base-seed3,common_encounters,3,predicted_risk,99,2.44492608222036,3.0,True,running,False,True,2.6999999999999993,2.0,success,41
base-seed3,common_encounters,3,static_penalty,101,1.799511163263908,3.0,True,running,False,True,2.70000000000001,2.0,success,39
base-seed3,common_encounters,4,predicted_risk,70,10.33079155303517,3.0,True,running,False,True,2.699999999999999,2.0,static_collision_2,22
base-seed3,common_encounters,4,static_penalty,86,1.9881317219752574,3.0,True,running,False,True,2.7000000000000024,2.0,static_collision_2,6
base-seed3,common_encounters,7,predicted_risk,10,7.781819608004941,3.0,True,running,False,True,2.699999999999996,2.0,success,136
base-seed3,common_encounters,7,static_penalty,22,1.8177843943539447,3.0,True,running,False,True,2.700000000000003,2.0,success,124
base-seed3,common_encounters,18,static_penalty,42,1.9472462124951164,3.0,True,running,False,True,2.7,2.0,success,93
base-seed3,common_encounters,21,predicted_risk,55,6.359901757165977,3.0,True,running,False,True,2.700000000000001,2.0,dynamic_collision,22
base-seed3,common_encounters,23,predicted_risk,19,9.575161991295047,3.0,True,running,False,True,2.7,2.0,dynamic_collision,66
base-seed3,common_encounters,23,static_penalty,35,1.8178501303163186,3.0,True,running,False,True,2.6999999999999997,2.0,dynamic_collision,50
base-seed3,common_encounters,24,predicted_risk,81,10.441357178817867,3.0,True,running,False,True,2.699999999999999,2.0,static_collision_2,22
base-seed3,common_encounters,24,static_penalty,98,1.5884635283777886,3.0,True,running,False,True,2.700000000000004,2.0,static_collision_2,5
base-seed3,common_encounters,25,static_penalty,50,1.817015861801747,3.0,True,running,False,True,2.699999999999986,2.0,success,90
base-seed3,common_encounters,26,predicted_risk,34,5.190069032168383,3.0,True,running,False,True,2.6999999999999957,2.0,dynamic_collision,23
base-seed3,common_encounters,26,static_penalty,43,1.7337632438631054,3.0,True,running,False,True,2.7000000000000037,2.0,dynamic_collision,14
base-seed3,common_encounters,28,predicted_risk,20,3.974001586834037,3.0,True,running,False,True,2.700000000000002,2.0,success,116
base-seed3,common_encounters,28,static_penalty,26,1.711292150778065,3.0,True,running,False,True,2.7000000000000024,2.0,success,110
base-seed3,common_encounters,29,predicted_risk,10,6.347908377635548,3.0,True,running,False,True,2.700000000000008,2.0,success,137
base-seed3,common_encounters,29,static_penalty,20,1.9689132064934034,3.0,True,running,False,True,2.700000000000003,2.0,success,127
base-seed3,common_encounters,32,static_penalty,39,1.9097414812899025,3.0,True,running,False,True,2.6999999999999966,2.0,dynamic_collision,30
base-seed3,common_encounters,32,predicted_risk,48,1.5415027252789644,3.0,True,running,False,True,2.7000000000000055,2.0,dynamic_collision,21
base-seed3,common_encounters,34,predicted_risk,10,5.805865400122624,3.0,True,running,False,True,2.700000000000003,2.0,static_collision_1,15
base-seed3,common_encounters,34,static_penalty,18,1.8559758791474028,3.0,True,running,False,True,2.6999999999999997,2.0,static_collision_1,7
base-seed3,common_encounters,35,static_penalty,40,1.9620062169781596,3.0,True,running,False,True,2.6999999999999997,2.0,success,96
base-seed3,common_encounters,36,predicted_risk,53,4.73007993355249,3.0,True,running,False,True,2.6999999999999975,2.0,success,87
base-seed3,common_encounters,37,predicted_risk,26,11.556352461029576,3.0,True,running,False,True,2.700000000000001,2.0,dynamic_collision,38
base-seed3,common_encounters,37,static_penalty,45,1.7023170529335028,3.0,True,running,False,True,2.699999999999994,2.0,dynamic_collision,19
base-seed3,common_encounters,38,predicted_risk,30,8.398619950197089,3.0,True,running,False,True,2.700000000000003,2.0,success,105
base-seed3,common_encounters,38,static_penalty,44,1.8053742299372653,3.0,True,running,False,True,2.7000000000000117,2.0,success,91
base-seed3,common_encounters,39,static_penalty,86,1.8559298607452828,3.0,True,running,False,True,2.6999999999999864,2.0,success,42
base-seed3,common_encounters,40,predicted_risk,34,10.441869000401056,3.0,True,running,False,True,2.700000000000001,2.0,success,103
base-seed3,common_encounters,40,static_penalty,54,1.879510230710225,3.0,True,running,False,True,2.6999999999999993,2.0,success,83
base-seed3,common_encounters,43,predicted_risk,31,6.356685983700226,3.0,True,running,False,True,2.700000000000005,2.0,success,100
base-seed3,common_encounters,47,predicted_risk,50,2.1667995341061967,3.0,True,running,False,True,2.7,2.0,dynamic_collision,21
base-seed3,common_encounters,48,predicted_risk,19,10.929596107090399,3.0,True,running,False,True,2.700000000000008,2.0,static_collision_1,23
base-seed3,common_encounters,48,static_penalty,36,1.8539371070702346,3.0,True,running,False,True,2.7000000000000046,2.0,static_collision_1,6
base-seed3,common_encounters,52,static_penalty,101,1.9525595229673325,3.0,True,running,False,True,2.7000000000000077,2.0,success,40
base-seed3,common_encounters,53,static_penalty,29,1.7762311335482002,3.0,True,running,False,True,2.699999999999999,2.0,success,113
base-seed3,common_encounters,55,predicted_risk,20,11.892222977288878,3.0,True,running,False,True,2.7000000000000095,2.0,static_collision_1,25
base-seed3,common_encounters,55,static_penalty,39,1.6736415062450112,3.0,True,running,False,True,2.700000000000001,2.0,static_collision_1,6
base-seed3,common_encounters,57,static_penalty,32,1.9315693749362222,3.0,True,running,False,True,2.700000000000005,2.0,success,110
instant-seed1,validation_D,0,predicted_risk,55,21.92652463115591,3.0,True,running,False,True,2.6999999999999957,2.0,success,83
instant-seed1,validation_D,5,predicted_risk,10,3.5698634190776612,3.0,True,running,False,True,2.6999999999999984,2.0,success,132
instant-seed1,validation_D,5,static_penalty,15,1.8263136976559773,3.0,True,running,False,True,2.699999999999998,2.0,success,127
instant-seed1,validation_D,6,predicted_risk,75,15.35901168441102,3.0,True,running,False,True,2.70000000000001,2.0,dynamic_collision,22
instant-seed1,validation_D,7,predicted_risk,72,11.416753183573668,3.0,True,running,False,True,2.700000000000002,2.0,success,60
instant-seed1,validation_D,14,predicted_risk,70,30.974467737637,3.0,True,running,False,True,2.7,2.0,dynamic_collision,21
instant-seed1,validation_D,15,predicted_risk,28,11.09351031471697,3.0,True,running,False,True,2.7000000000000006,2.0,success,113
instant-seed1,validation_D,15,static_penalty,46,1.9932715071382079,3.0,True,running,False,True,2.7000000000000033,2.0,success,95
instant-seed1,validation_D,16,predicted_risk,30,10.882570243057899,3.0,True,running,False,True,2.7000000000000077,2.0,success,115
instant-seed1,validation_D,16,static_penalty,49,1.9022966122315257,3.0,True,running,False,True,2.7000000000000015,2.0,success,96
instant-seed1,validation_D,17,predicted_risk,10,3.0247324782384535,3.0,True,running,False,True,2.699999999999997,2.0,static_collision_1,6
instant-seed1,validation_D,17,static_penalty,12,1.8720664954711257,3.0,False,static_collision_1,True,False,2.1000000000000023,1.0,static_collision_1,4
instant-seed1,validation_D,19,predicted_risk,10,7.217513112460761,3.0,True,running,False,True,2.699999999999998,2.0,static_collision_1,16
instant-seed1,validation_D,19,static_penalty,20,1.9752197289602922,3.0,True,running,False,True,2.6999999999999966,2.0,static_collision_1,6
instant-seed1,validation_D,21,predicted_risk,28,12.547099453792846,3.0,True,running,False,True,2.700000000000003,2.0,static_collision_1,22
instant-seed1,validation_D,21,static_penalty,46,1.7834372255352786,3.0,False,static_collision_1,True,False,2.0999999999999934,1.0,static_collision_1,4
instant-seed1,validation_D,22,static_penalty,99,1.8758708277273355,3.0,True,running,False,True,2.6999999999999806,2.0,success,34
instant-seed1,validation_D,23,predicted_risk,36,19.559353574582765,3.0,True,running,False,True,2.7000000000000006,2.0,dynamic_collision,22
instant-seed1,validation_D,24,predicted_risk,10,6.451170006425027,3.0,True,running,False,True,2.6999999999999957,2.0,static_collision_1,12
instant-seed1,validation_D,24,static_penalty,18,1.8496632038073129,3.0,False,static_collision_1,True,False,2.1,1.0,static_collision_1,4
instant-seed1,validation_D,27,predicted_risk,13,12.011297948520191,3.0,True,running,False,True,2.699999999999994,2.0,static_collision_1,22
instant-seed1,validation_D,27,static_penalty,31,1.639833476805027,3.0,False,static_collision_1,True,False,2.099999999999997,1.0,static_collision_1,4
instant-seed1,validation_D,29,predicted_risk,67,18.39970337438421,3.0,True,running,False,True,2.7,2.0,success,78
instant-seed1,validation_D,31,predicted_risk,80,10.186247149498158,3.0,True,running,False,True,2.700000000000002,2.0,success,63
instant-seed1,validation_D,31,static_penalty,101,1.975366024612117,3.0,True,running,False,True,2.7000000000000117,2.0,success,42
instant-seed1,validation_D,32,predicted_risk,32,12.798265488216547,3.0,True,running,False,True,2.700000000000003,2.0,static_collision_1,22
instant-seed1,validation_D,32,static_penalty,51,1.4764112276884491,3.0,False,static_collision_1,True,False,1.8000000000000012,0.8,static_collision_1,3
instant-seed1,validation_D,34,predicted_risk,10,3.534576157925935,3.0,True,running,False,True,2.7000000000000006,2.0,static_collision_1,7
instant-seed1,validation_D,34,static_penalty,13,1.8127861959126221,3.0,False,static_collision_1,True,False,2.1000000000000014,1.0,static_collision_1,4
instant-seed1,validation_D,36,predicted_risk,23,6.916638815373471,3.0,True,running,False,True,2.700000000000006,2.0,success,118
instant-seed1,validation_D,36,static_penalty,34,1.93497085871621,3.0,True,running,False,True,2.700000000000005,2.0,success,107
instant-seed1,validation_D,37,predicted_risk,10,3.8270334823404237,3.0,True,running,False,True,2.700000000000001,2.0,static_collision_1,8
instant-seed1,validation_D,37,static_penalty,14,1.6751153105789012,3.0,False,static_collision_1,True,False,2.3400000000000016,1.2000000000000002,static_collision_1,4
instant-seed1,validation_D,38,predicted_risk,78,9.972017735877944,3.0,True,running,False,True,2.7000000000000015,2.0,success,63
instant-seed1,validation_D,38,static_penalty,94,1.9529557750153579,3.0,True,running,False,True,2.699999999999998,2.0,success,47
instant-seed1,validation_D,41,predicted_risk,32,11.493314982611906,3.0,True,running,False,True,2.6999999999999944,2.0,success,113
instant-seed1,validation_D,41,static_penalty,50,1.91433286377449,3.0,True,running,False,True,2.7000000000000086,2.0,success,95
instant-seed1,validation_D,44,predicted_risk,10,4.306933467610142,3.0,True,running,False,True,2.7000000000000006,2.0,success,138
instant-seed1,validation_D,44,static_penalty,16,1.65070861446834,3.0,True,running,False,True,2.699999999999997,2.0,success,132
instant-seed1,validation_D,45,predicted_risk,10,3.1594308862037384,3.0,True,running,False,True,2.6999999999999993,2.0,static_collision_1,7
instant-seed1,validation_D,45,static_penalty,13,1.6191727867808172,3.0,False,static_collision_1,True,False,2.3400000000000003,1.2000000000000002,static_collision_1,4
instant-seed1,validation_D,48,predicted_risk,10,4.5775106033431765,3.0,True,running,False,True,2.699999999999995,2.0,static_collision_1,9
instant-seed1,validation_D,48,static_penalty,15,1.6774832879691415,3.0,False,static_collision_1,True,False,2.099999999999994,1.0,static_collision_1,4
instant-seed1,validation_D,50,predicted_risk,10,5.776843334028664,3.0,True,running,False,True,2.6999999999999997,2.0,success,129
instant-seed1,validation_D,50,static_penalty,19,1.7055163178280601,3.0,True,running,False,True,2.6999999999999984,2.0,success,120
instant-seed1,validation_D,53,predicted_risk,56,5.450149989327217,3.0,True,running,False,True,2.699999999999995,2.0,success,84
instant-seed1,validation_D,54,predicted_risk,25,12.763077072627123,3.0,True,running,False,True,2.699999999999996,2.0,static_collision_1,22
instant-seed1,validation_D,54,static_penalty,44,1.4583676567352022,3.0,False,static_collision_1,True,False,1.8000000000000016,0.8,static_collision_1,3
instant-seed1,common_encounters,3,predicted_risk,32,12.459102308453812,3.0,True,running,False,True,2.7000000000000055,2.0,static_collision_1,25
instant-seed1,common_encounters,3,static_penalty,51,1.7596033021939164,3.0,True,running,False,True,2.6999999999999957,2.0,static_collision_1,6
instant-seed1,common_encounters,4,predicted_risk,44,21.86081008835092,3.0,True,running,False,True,2.7000000000000037,2.0,success,99
instant-seed1,common_encounters,7,predicted_risk,10,7.804149353035294,3.0,True,running,False,True,2.700000000000001,2.0,success,136
instant-seed1,common_encounters,7,static_penalty,24,1.832543850944763,3.0,True,running,False,True,2.700000000000009,2.0,success,122
instant-seed1,common_encounters,8,predicted_risk,70,31.403053929061045,3.0,True,running,False,True,2.7000000000000046,2.0,dynamic_collision,21
instant-seed1,common_encounters,11,predicted_risk,85,10.962071479289525,3.0,True,running,False,True,2.6999999999999984,2.0,static_collision_2,23
instant-seed1,common_encounters,11,static_penalty,102,1.7896013409899005,3.0,True,running,False,True,2.700000000000006,2.0,static_collision_2,6
instant-seed1,common_encounters,12,predicted_risk,33,12.428905317443505,3.0,True,running,False,True,2.699999999999996,2.0,static_collision_1,21
instant-seed1,common_encounters,12,static_penalty,51,1.6371290003325427,3.0,False,static_collision_1,True,False,1.8,0.8,static_collision_1,3
instant-seed1,common_encounters,16,predicted_risk,53,3.228427107566489,3.0,True,running,False,True,2.699999999999996,2.0,dynamic_collision,18
instant-seed1,common_encounters,22,predicted_risk,72,12.63195372999973,3.0,True,running,False,True,2.699999999999998,2.0,static_collision_2,25
instant-seed1,common_encounters,22,static_penalty,91,1.979548328593589,3.0,True,running,False,True,2.7,2.0,static_collision_2,6
instant-seed1,common_encounters,24,static_penalty,105,1.9050446317620766,3.0,True,running,False,True,2.7000000000000095,2.0,success,36
instant-seed1,common_encounters,28,predicted_risk,16,6.123435020326392,3.0,True,running,False,True,2.7000000000000037,2.0,dynamic_collision,24
instant-seed1,common_encounters,29,predicted_risk,10,6.256400676324153,3.0,True,running,False,True,2.7000000000000015,2.0,success,138
instant-seed1,common_encounters,29,static_penalty,20,1.9340133975036666,3.0,True,running,False,True,2.700000000000003,2.0,success,128
instant-seed1,common_encounters,34,predicted_risk,10,5.684662168276811,3.0,True,running,False,True,2.700000000000001,2.0,static_collision_1,11
instant-seed1,common_encounters,34,static_penalty,17,1.8448818133062233,3.0,False,static_collision_1,True,False,2.5199999999999974,1.4000000000000001,static_collision_1,4
instant-seed1,common_encounters,38,predicted_risk,24,11.341974302529056,3.0,True,running,False,True,2.7000000000000015,2.0,static_collision_1,22
instant-seed1,common_encounters,38,static_penalty,41,1.9016476519725893,3.0,False,static_collision_1,True,False,2.5199999999999974,1.4000000000000001,static_collision_1,5
instant-seed1,common_encounters,39,predicted_risk,58,9.423788533409292,3.0,True,running,False,True,2.7000000000000033,2.0,static_collision_2,22
instant-seed1,common_encounters,39,static_penalty,76,1.9900806678104876,3.0,False,static_collision_2,True,False,2.1000000000000054,1.0,static_collision_2,4
instant-seed1,common_encounters,46,predicted_risk,74,11.747407116838367,3.0,True,running,False,True,2.6999999999999935,2.0,success,65
instant-seed1,common_encounters,46,static_penalty,97,1.9661840991633959,3.0,True,running,False,True,2.6999999999999944,2.0,success,42
instant-seed1,common_encounters,50,static_penalty,39,1.925994424032634,3.0,True,running,False,True,2.6999999999999957,2.0,success,103
instant-seed1,common_encounters,51,predicted_risk,56,8.80112530886067,3.0,True,running,False,True,2.699999999999998,2.0,dynamic_collision,22
instant-seed1,common_encounters,52,predicted_risk,30,11.330366233125254,3.0,True,running,False,True,2.7000000000000037,2.0,success,114
instant-seed1,common_encounters,52,static_penalty,49,1.9117013098910753,3.0,True,running,False,True,2.7000000000000046,2.0,success,95
instant-seed1,common_encounters,53,predicted_risk,43,5.812643877738566,3.0,True,running,False,True,2.6999999999999997,2.0,dynamic_collision,25
instant-seed1,common_encounters,54,static_penalty,42,1.919085669881449,3.0,True,running,False,True,2.7000000000000046,2.0,success,97
instant-seed1,common_encounters,58,predicted_risk,29,12.112620505618228,3.0,True,running,False,True,2.7,2.0,static_collision_1,26
instant-seed1,common_encounters,58,static_penalty,48,1.7154531970646207,3.0,True,running,False,True,2.7000000000000046,2.0,static_collision_1,7
instant-seed1,common_encounters,59,predicted_risk,10,8.792290929817815,3.0,True,running,False,True,2.6999999999999975,2.0,success,141
instant-seed1,common_encounters,59,static_penalty,26,1.9523974917576306,3.0,True,running,False,True,2.6999999999999993,2.0,success,125
instant-seed2,validation_D,2,static_penalty,101,1.9981731370554865,3.0,True,running,False,True,2.7000000000000073,2.0,success,32
instant-seed2,validation_D,3,predicted_risk,73,9.540677036869956,3.0,True,running,False,True,2.700000000000001,2.0,success,67
instant-seed2,validation_D,5,predicted_risk,10,3.4716362281522493,3.0,True,running,False,True,2.6999999999999993,2.0,success,130
instant-seed2,validation_D,5,static_penalty,14,1.7174458444064973,3.0,True,running,False,True,2.7000000000000037,2.0,success,126
instant-seed2,validation_D,6,predicted_risk,76,13.705621475836097,3.0,True,running,False,True,2.699999999999996,2.0,success,70
instant-seed2,validation_D,7,predicted_risk,70,12.328217217901319,3.0,True,running,False,True,2.699999999999999,2.0,success,62
instant-seed2,validation_D,7,static_penalty,91,1.7176153561710317,3.0,True,running,False,True,2.6999999999999957,2.0,success,41
instant-seed2,validation_D,8,predicted_risk,64,29.008576480572458,3.0,True,running,False,True,2.6999999999999997,2.0,dynamic_collision,22
instant-seed2,validation_D,10,predicted_risk,75,9.52848645006902,3.0,True,running,False,True,2.700000000000003,2.0,success,63
instant-seed2,validation_D,10,static_penalty,91,1.6623715708963136,3.0,True,running,False,True,2.7000000000000126,2.0,success,47
instant-seed2,validation_D,15,predicted_risk,29,10.502889068232744,3.0,True,running,False,True,2.7000000000000046,2.0,success,111
instant-seed2,validation_D,15,static_penalty,47,1.8574667627072348,3.0,True,running,False,True,2.700000000000003,2.0,success,93
instant-seed2,validation_D,17,predicted_risk,10,3.027329267178864,3.0,True,running,False,True,2.700000000000003,2.0,static_collision_1,6
instant-seed2,validation_D,17,static_penalty,12,1.866781223577214,3.0,False,static_collision_1,True,False,2.0999999999999948,1.0,static_collision_1,4
instant-seed2,validation_D,19,predicted_risk,10,7.228569208095518,3.0,True,running,False,True,2.7000000000000006,2.0,static_collision_1,15
instant-seed2,validation_D,19,static_penalty,20,1.8423777094617346,3.0,False,static_collision_1,True,False,2.6399999999999966,1.6,static_collision_1,5
instant-seed2,validation_D,21,static_penalty,52,1.918600934079203,3.0,True,running,False,True,2.700000000000003,2.0,success,93
instant-seed2,validation_D,22,predicted_risk,77,10.189195366435781,3.0,True,running,False,True,2.7000000000000046,2.0,success,53
instant-seed2,validation_D,22,static_penalty,94,1.6112103710852663,3.0,True,running,False,True,2.699999999999998,2.0,success,36
instant-seed2,validation_D,23,predicted_risk,38,17.8355434322983,3.0,True,running,False,True,2.6999999999999957,2.0,success,102
instant-seed2,validation_D,24,predicted_risk,10,6.444910353916763,3.0,True,running,False,True,2.699999999999999,2.0,static_collision_1,11
instant-seed2,validation_D,24,static_penalty,18,1.7223131091519654,3.0,False,static_collision_1,True,False,1.7999999999999998,0.8,static_collision_1,3
instant-seed2,validation_D,27,predicted_risk,13,12.04886115325817,3.0,True,running,False,True,2.6999999999999957,2.0,static_collision_1,22
instant-seed2,validation_D,27,static_penalty,31,1.8075718617451741,3.0,False,static_collision_1,True,False,2.340000000000001,1.2000000000000002,static_collision_1,4
instant-seed2,validation_D,28,predicted_risk,82,10.087958072421326,3.0,True,running,False,True,2.699999999999996,2.0,success,56
instant-seed2,validation_D,32,predicted_risk,35,11.225672860477843,3.0,True,running,False,True,2.700000000000003,2.0,success,110
instant-seed2,validation_D,32,static_penalty,54,1.7086830190783378,3.0,True,running,False,True,2.6999999999999895,2.0,success,91
instant-seed2,validation_D,34,predicted_risk,10,3.519678553369655,3.0,True,running,False,True,2.6999999999999957,2.0,static_collision_1,7
instant-seed2,validation_D,34,static_penalty,13,1.7553079535278986,3.0,False,static_collision_1,True,False,2.099999999999999,1.0,static_collision_1,4
instant-seed2,validation_D,36,predicted_risk,17,10.131171339270999,3.0,True,running,False,True,2.7000000000000015,2.0,static_collision_1,22
instant-seed2,validation_D,36,static_penalty,33,1.8714214718879019,3.0,True,running,False,True,2.7000000000000006,2.0,static_collision_1,6
instant-seed2,validation_D,37,predicted_risk,10,3.874935461601181,3.0,True,running,False,True,2.7,2.0,static_collision_1,8
instant-seed2,validation_D,37,static_penalty,14,1.780753976334812,3.0,False,static_collision_1,True,False,2.5199999999999996,1.4000000000000001,static_collision_1,4
instant-seed2,validation_D,38,predicted_risk,74,11.155396454635547,3.0,True,running,False,True,2.7,2.0,static_collision_2,22
instant-seed2,validation_D,38,static_penalty,91,1.849940938579989,3.0,False,static_collision_2,True,False,2.7,1.8,static_collision_2,5
instant-seed2,validation_D,44,predicted_risk,10,4.318323624147419,3.0,True,running,False,True,2.7000000000000024,2.0,static_collision_1,13
instant-seed2,validation_D,44,static_penalty,15,1.9700688557838903,3.0,True,running,False,True,2.700000000000001,2.0,static_collision_1,8
instant-seed2,validation_D,45,predicted_risk,10,3.1158839344615767,3.0,True,running,False,True,2.699999999999997,2.0,static_collision_1,6
instant-seed2,validation_D,45,static_penalty,13,1.4573699186007225,3.0,False,static_collision_1,True,False,1.7999999999999996,0.8,static_collision_1,3
instant-seed2,validation_D,46,predicted_risk,10,9.574747876164158,3.0,True,running,False,True,2.7,2.0,static_collision_1,18
instant-seed2,validation_D,46,static_penalty,24,1.6360564788720007,3.0,False,static_collision_1,True,False,2.099999999999998,1.0,static_collision_1,4
instant-seed2,validation_D,47,static_penalty,27,1.9384679658421717,3.0,True,running,False,True,2.7000000000000006,2.0,success,114
instant-seed2,validation_D,48,predicted_risk,10,4.5622761790931925,3.0,True,running,False,True,2.7000000000000015,2.0,static_collision_1,8
instant-seed2,validation_D,48,static_penalty,15,1.562312550469401,3.0,False,static_collision_1,True,False,1.800000000000004,0.8,static_collision_1,3
instant-seed2,validation_D,49,predicted_risk,77,11.825179156874068,3.0,True,running,False,True,2.6999999999999957,2.0,success,63
instant-seed2,validation_D,49,static_penalty,97,1.8481550519295702,3.0,True,running,False,True,2.69999999999999,2.0,success,43
instant-seed2,validation_D,50,predicted_risk,10,5.7260270568630265,3.0,True,running,False,True,2.6999999999999993,2.0,static_collision_1,12
instant-seed2,validation_D,50,static_penalty,17,1.954284094944887,3.0,False,static_collision_1,True,False,2.6400000000000046,1.6,static_collision_1,5
instant-seed2,validation_D,51,predicted_risk,66,8.26165146366748,3.0,True,running,False,True,2.700000000000005,2.0,success,71
instant-seed2,validation_D,52,predicted_risk,34,4.62739962458228,3.0,True,running,False,True,2.6999999999999993,2.0,dynamic_collision,22
instant-seed2,validation_D,53,predicted_risk,56,6.387517494245852,3.0,True,running,False,True,2.6999999999999957,2.0,dynamic_collision,22
instant-seed2,validation_D,54,static_penalty,52,1.992895214138498,3.0,True,running,False,True,2.7000000000000006,2.0,success,89
instant-seed2,validation_D,58,static_penalty,39,1.808267066075973,3.0,True,running,False,True,2.700000000000006,2.0,success,94
instant-seed2,common_encounters,7,predicted_risk,10,7.819864112358784,3.0,True,running,False,True,2.700000000000003,2.0,success,136
instant-seed2,common_encounters,7,static_penalty,23,1.8338392143902311,3.0,True,running,False,True,2.699999999999998,2.0,success,123
instant-seed2,common_encounters,8,predicted_risk,69,28.537046301048555,3.0,True,running,False,True,2.7000000000000015,2.0,dynamic_collision,24
instant-seed2,common_encounters,15,static_penalty,39,1.8097251939733408,3.0,True,running,False,True,2.700000000000003,2.0,success,101
instant-seed2,common_encounters,16,predicted_risk,57,5.223584333438097,3.0,True,running,False,True,2.6999999999999984,2.0,success,74
instant-seed2,common_encounters,16,static_penalty,87,1.9515391383481635,3.0,True,running,False,True,2.7000000000000055,2.0,success,44
instant-seed2,common_encounters,18,predicted_risk,19,12.507415912336839,3.0,True,running,False,True,2.7000000000000024,2.0,static_collision_1,22
instant-seed2,common_encounters,18,static_penalty,37,1.8631412850054216,3.0,False,static_collision_1,True,False,2.0999999999999988,1.0,static_collision_1,4
instant-seed2,common_encounters,22,predicted_risk,45,16.192062254496648,3.0,True,running,False,True,2.700000000000004,2.0,static_collision_2,49
instant-seed2,common_encounters,22,static_penalty,90,1.8236154114729164,3.0,False,static_collision_2,True,False,2.3400000000000034,1.2000000000000002,static_collision_2,4
instant-seed2,common_encounters,24,static_penalty,103,1.9101527418345903,3.0,True,running,False,True,2.6999999999999904,2.0,success,36
instant-seed2,common_encounters,25,predicted_risk,25,12.554696289173574,3.0,True,running,False,True,2.7000000000000037,2.0,static_collision_1,22
instant-seed2,common_encounters,25,static_penalty,43,1.9528500599067113,3.0,False,static_collision_1,True,False,2.1,1.0,static_collision_1,4
instant-seed2,common_encounters,28,predicted_risk,10,8.88352158668351,3.0,True,running,False,True,2.699999999999999,2.0,static_collision_1,18
instant-seed2,common_encounters,28,static_penalty,23,1.9186182380279861,3.0,True,running,False,True,2.6999999999999975,2.0,static_collision_1,5
instant-seed2,common_encounters,29,predicted_risk,10,6.207776255478159,3.0,True,running,False,True,2.700000000000001,2.0,static_collision_1,14
instant-seed2,common_encounters,29,static_penalty,19,1.5803119138645663,3.0,False,static_collision_1,True,False,2.5200000000000005,1.4000000000000001,static_collision_1,5
instant-seed2,common_encounters,34,predicted_risk,10,5.66832731605853,3.0,True,running,False,True,2.7000000000000024,2.0,static_collision_1,11
instant-seed2,common_encounters,34,static_penalty,17,1.656055393074074,3.0,False,static_collision_1,True,False,2.099999999999998,1.0,static_collision_1,4
instant-seed2,common_encounters,37,predicted_risk,74,11.572284925037565,3.0,True,running,False,True,2.700000000000008,2.0,success,66
instant-seed2,common_encounters,37,static_penalty,93,1.9811292153881626,3.0,True,running,False,True,2.7000000000000064,2.0,success,47
instant-seed2,common_encounters,38,predicted_risk,25,10.895648511518235,3.0,True,running,False,True,2.700000000000001,2.0,static_collision_1,22
instant-seed2,common_encounters,38,static_penalty,42,1.738778573434577,3.0,False,static_collision_1,True,False,2.639999999999998,1.6,static_collision_1,5
instant-seed2,common_encounters,39,predicted_risk,60,9.301133745040401,3.0,True,running,False,True,2.6999999999999997,2.0,static_collision_2,22
instant-seed2,common_encounters,39,static_penalty,78,1.719578038122985,3.0,False,static_collision_2,True,False,2.3400000000000096,1.2000000000000002,static_collision_2,4
instant-seed2,common_encounters,43,static_penalty,39,1.9907405255273982,3.0,True,running,False,True,2.7000000000000113,2.0,success,93
instant-seed2,common_encounters,46,predicted_risk,72,12.753473010013924,3.0,True,running,False,True,2.699999999999998,2.0,static_collision_2,25
instant-seed2,common_encounters,46,static_penalty,91,1.9875407709834425,3.0,True,running,False,True,2.700000000000016,2.0,static_collision_2,6
instant-seed2,common_encounters,47,predicted_risk,66,7.922125599633395,3.0,True,running,False,True,2.7000000000000037,2.0,success,71
instant-seed2,common_encounters,47,static_penalty,86,1.729558864385356,3.0,True,running,False,True,2.700000000000003,2.0,success,51
instant-seed2,common_encounters,50,predicted_risk,29,4.7735731602050055,3.0,True,running,False,True,2.7000000000000006,2.0,success,112
instant-seed2,common_encounters,50,static_penalty,36,1.8883636332547873,3.0,True,running,False,True,2.6999999999999997,2.0,success,105
instant-seed2,common_encounters,53,predicted_risk,10,10.069817311653596,3.0,True,running,False,True,2.7000000000000024,2.0,success,131
instant-seed2,common_encounters,53,static_penalty,27,1.842704615156272,3.0,True,running,False,True,2.6999999999999997,2.0,success,114
instant-seed2,common_encounters,54,predicted_risk,37,2.072435271129785,3.0,True,running,False,True,2.700000000000001,2.0,success,102
instant-seed2,common_encounters,54,static_penalty,38,1.7718298881813057,3.0,True,running,False,True,2.699999999999999,2.0,success,101
instant-seed2,common_encounters,55,predicted_risk,78,11.838936133037837,3.0,True,running,False,True,2.700000000000015,2.0,success,61
instant-seed2,common_encounters,55,static_penalty,99,1.8687184847958953,3.0,True,running,False,True,2.700000000000001,2.0,success,40
instant-seed2,common_encounters,57,static_penalty,29,1.7919454908556913,3.0,True,running,False,True,2.7000000000000015,2.0,success,113
instant-seed2,common_encounters,59,predicted_risk,10,8.755832626737845,3.0,True,running,False,True,2.6999999999999975,2.0,static_collision_1,18
instant-seed2,common_encounters,59,static_penalty,23,1.838953264941134,3.0,True,running,False,True,2.7,2.0,static_collision_1,5
instant-seed3,validation_D,1,predicted_risk,67,9.52691859193909,3.0,True,running,False,True,2.699999999999996,2.0,static_collision_2,22
instant-seed3,validation_D,1,static_penalty,86,1.4898507304938562,3.0,False,static_collision_2,True,False,1.7999999999999983,0.8,static_collision_2,3
instant-seed3,validation_D,2,predicted_risk,73,10.968926154888408,3.0,True,running,False,True,2.7000000000000015,2.0,static_collision_2,22
instant-seed3,validation_D,2,static_penalty,90,1.7743923742433712,3.0,False,static_collision_2,True,False,2.640000000000008,1.6,static_collision_2,5
instant-seed3,validation_D,4,predicted_risk,79,19.663876907083996,3.0,True,running,False,True,2.699999999999997,2.0,success,64
instant-seed3,validation_D,5,predicted_risk,10,3.23275664226756,3.0,True,running,False,True,2.6999999999999997,2.0,static_collision_1,7
instant-seed3,validation_D,5,static_penalty,13,1.6293940937949571,3.0,False,static_collision_1,True,False,2.0999999999999908,1.0,static_collision_1,4
instant-seed3,validation_D,7,predicted_risk,26,11.437160653727052,3.0,True,running,False,True,2.6999999999999957,2.0,success,103
instant-seed3,validation_D,7,static_penalty,45,1.7402922185630088,3.0,True,running,False,True,2.699999999999999,2.0,success,84
instant-seed3,validation_D,9,predicted_risk,36,17.163080560170457,3.0,True,running,False,True,2.699999999999994,2.0,success,100
instant-seed3,validation_D,10,static_penalty,94,1.9975327038086057,3.0,True,running,False,True,2.700000000000003,2.0,success,44
instant-seed3,validation_D,13,predicted_risk,67,8.472181613135355,3.0,True,running,False,True,2.6999999999999957,2.0,dynamic_collision,21
instant-seed3,validation_D,15,predicted_risk,47,18.156438956800493,3.0,True,running,False,True,2.7000000000000046,2.0,dynamic_collision,22
instant-seed3,validation_D,17,predicted_risk,10,3.5365607326176853,3.0,True,running,False,True,2.700000000000003,2.0,success,128
instant-seed3,validation_D,17,static_penalty,15,1.7452754280780125,3.0,True,running,False,True,2.6999999999999997,2.0,success,123
instant-seed3,validation_D,19,static_penalty,27,1.9956387413085759,3.0,True,running,False,True,2.7000000000000037,2.0,success,116
instant-seed3,validation_D,21,predicted_risk,56,22.490296418309782,3.0,True,running,False,True,2.6999999999999877,2.0,dynamic_collision,21
instant-seed3,validation_D,22,predicted_risk,79,8.753591396136313,3.0,True,running,False,True,2.700000000000005,2.0,success,51
instant-seed3,validation_D,22,static_penalty,93,1.9577128999911695,3.0,True,running,False,True,2.699999999999997,2.0,success,37
instant-seed3,validation_D,23,predicted_risk,78,7.475523446240917,3.0,True,running,False,True,2.7000000000000055,2.0,success,61
instant-seed3,validation_D,23,static_penalty,90,1.866513712074899,3.0,True,running,False,True,2.699999999999998,2.0,success,49
instant-seed3,validation_D,24,static_penalty,23,1.9573186049301539,3.0,True,running,False,True,2.700000000000002,2.0,success,118
instant-seed3,validation_D,25,predicted_risk,45,3.737326706532455,3.0,True,running,False,True,2.699999999999998,2.0,dynamic_collision,21
instant-seed3,validation_D,25,static_penalty,52,1.9782093530512128,3.0,True,running,False,True,2.7000000000000064,2.0,dynamic_collision,14
instant-seed3,validation_D,27,predicted_risk,28,4.365382305844989,3.0,True,running,False,True,2.6999999999999993,2.0,success,104
instant-seed3,validation_D,27,static_penalty,34,1.973172285374143,3.0,True,running,False,True,2.7000000000000037,2.0,success,98
instant-seed3,validation_D,28,static_penalty,50,1.911503646290332,3.0,True,running,False,True,2.7000000000000024,2.0,dynamic_collision,24
instant-seed3,validation_D,28,predicted_risk,52,1.7578389254218427,3.0,True,running,False,True,2.699999999999993,2.0,dynamic_collision,22
instant-seed3,validation_D,29,static_penalty,93,1.8903564373707384,3.0,True,running,False,True,2.6999999999999993,2.0,success,43
instant-seed3,validation_D,30,predicted_risk,22,10.773153833976249,3.0,True,running,False,True,2.6999999999999993,2.0,success,112
instant-seed3,validation_D,30,static_penalty,40,1.8793646537225381,3.0,True,running,False,True,2.6999999999999997,2.0,success,94
instant-seed3,validation_D,31,predicted_risk,26,10.200913474893085,3.0,True,running,False,True,2.700000000000004,2.0,success,114
instant-seed3,validation_D,31,static_penalty,44,1.8354285322201163,3.0,True,running,False,True,2.7000000000000033,2.0,success,96
instant-seed3,validation_D,33,predicted_risk,47,3.5226465146885797,3.0,True,running,False,True,2.699999999999998,2.0,success,92
instant-seed3,validation_D,34,predicted_risk,10,3.8196349573891855,3.0,True,running,False,True,2.6999999999999997,2.0,success,126
instant-seed3,validation_D,34,static_penalty,14,1.9848739571667728,3.0,True,running,False,True,2.7000000000000015,2.0,success,122
instant-seed3,validation_D,35,static_penalty,44,1.7823516059242532,3.0,True,running,False,True,2.700000000000007,2.0,success,101
instant-seed3,validation_D,36,predicted_risk,75,17.69621251276912,3.0,True,running,False,True,2.6999999999999997,2.0,success,68
instant-seed3,validation_D,37,predicted_risk,10,3.820044476833031,3.0,True,running,False,True,2.700000000000002,2.0,static_collision_1,8
instant-seed3,validation_D,37,static_penalty,14,1.6388144567012173,3.0,False,static_collision_1,True,False,2.1000000000000005,1.0,static_collision_1,4
instant-seed3,validation_D,38,static_penalty,98,1.9251353941938483,3.0,True,running,False,True,2.700000000000002,2.0,success,40
instant-seed3,validation_D,39,predicted_risk,22,11.638133203519253,3.0,True,running,False,True,2.6999999999999993,2.0,success,116
instant-seed3,validation_D,39,static_penalty,40,1.991759527555474,3.0,True,running,False,True,2.7000000000000073,2.0,success,98
instant-seed3,validation_D,40,predicted_risk,25,11.563069156787929,3.0,True,running,False,True,2.700000000000003,2.0,success,116
instant-seed3,validation_D,40,static_penalty,43,1.9956740905061112,3.0,True,running,False,True,2.700000000000007,2.0,success,98
instant-seed3,validation_D,41,predicted_risk,73,12.354964302977816,3.0,True,running,False,True,2.699999999999998,2.0,static_collision_2,22
instant-seed3,validation_D,41,static_penalty,91,1.8867939481015528,3.0,False,static_collision_2,True,False,2.3399999999999985,1.2000000000000002,static_collision_2,4
instant-seed3,validation_D,43,predicted_risk,44,24.866798705043358,3.0,True,running,False,True,2.7000000000000104,2.0,dynamic_collision,25
instant-seed3,validation_D,44,predicted_risk,10,4.178805224056996,3.0,True,running,False,True,2.6999999999999966,2.0,static_collision_1,9
instant-seed3,validation_D,44,static_penalty,15,1.5233407639242804,3.0,False,static_collision_1,True,False,2.099999999999998,1.0,static_collision_1,4
instant-seed3,validation_D,45,predicted_risk,10,3.487064520276835,3.0,True,running,False,True,2.7000000000000006,2.0,success,130
instant-seed3,validation_D,45,static_penalty,14,1.913637361072209,3.0,True,running,False,True,2.7000000000000037,2.0,success,126
instant-seed3,validation_D,46,static_penalty,27,1.999729629087577,3.0,True,running,False,True,2.6999999999999997,2.0,success,116
instant-seed3,validation_D,47,predicted_risk,10,7.500772390752559,3.0,True,running,False,True,2.7000000000000046,2.0,static_collision_1,19
instant-seed3,validation_D,47,static_penalty,21,1.9447355140460445,3.0,True,running,False,True,2.7000000000000015,2.0,static_collision_1,8
instant-seed3,validation_D,48,predicted_risk,10,4.923681071943323,3.0,True,running,False,True,2.7,2.0,success,122
instant-seed3,validation_D,48,static_penalty,17,1.9367486808691199,3.0,True,running,False,True,2.7000000000000015,2.0,success,115
instant-seed3,validation_D,49,predicted_risk,31,11.137665041646141,3.0,True,running,False,True,2.700000000000002,2.0,dynamic_collision,47
instant-seed3,validation_D,49,static_penalty,50,1.7643962619120597,3.0,True,running,False,True,2.7000000000000015,2.0,dynamic_collision,28
instant-seed3,validation_D,51,predicted_risk,67,10.505360897552084,3.0,True,running,False,True,2.700000000000005,2.0,static_collision_2,24
instant-seed3,validation_D,51,static_penalty,86,1.608620814543702,3.0,False,static_collision_2,True,False,2.7000000000000055,1.8,static_collision_2,5
instant-seed3,validation_D,54,predicted_risk,68,12.590678806196568,3.0,True,running,False,True,2.6999999999999984,2.0,static_collision_2,22
instant-seed3,validation_D,54,static_penalty,86,1.860011145994405,3.0,False,static_collision_2,True,False,2.1,1.0,static_collision_2,4
instant-seed3,common_encounters,2,predicted_risk,46,5.922480197901372,3.0,True,running,False,True,2.700000000000008,2.0,dynamic_collision,21
instant-seed3,common_encounters,4,predicted_risk,78,6.3786108204173555,3.0,True,running,False,True,2.700000000000001,2.0,success,59
instant-seed3,common_encounters,4,static_penalty,88,1.880454899876577,3.0,True,running,False,True,2.700000000000009,2.0,success,49
instant-seed3,common_encounters,7,predicted_risk,10,7.804202891846307,3.0,True,running,False,True,2.7000000000000006,2.0,success,137
instant-seed3,common_encounters,7,static_penalty,22,1.9788044573120507,3.0,True,running,False,True,2.6999999999999975,2.0,success,125
instant-seed3,common_encounters,19,predicted_risk,40,9.265218788999885,3.0,True,running,False,True,2.6999999999999997,2.0,success,98
instant-seed3,common_encounters,20,predicted_risk,18,11.452954006302345,3.0,True,running,False,True,2.6999999999999997,2.0,success,111
instant-seed3,common_encounters,20,static_penalty,37,1.9572405955389263,3.0,True,running,False,True,2.7000000000000033,2.0,success,92
instant-seed3,common_encounters,21,predicted_risk,58,9.272490538990482,3.0,True,running,False,True,2.6999999999999966,2.0,dynamic_collision,25
instant-seed3,common_encounters,22,predicted_risk,33,9.204023929448963,3.0,True,running,False,True,2.7,2.0,success,105
instant-seed3,common_encounters,22,static_penalty,50,1.9789120142468732,3.0,True,running,False,True,2.7000000000000046,2.0,success,88
instant-seed3,common_encounters,23,static_penalty,40,1.9970759105745302,3.0,True,running,False,True,2.7,2.0,dynamic_collision,44
instant-seed3,common_encounters,23,predicted_risk,63,9.442205440058881,3.0,True,running,False,True,2.700000000000002,2.0,dynamic_collision,21
instant-seed3,common_encounters,24,predicted_risk,85,8.368846751125522,3.0,True,running,False,True,2.7,2.0,success,53
instant-seed3,common_encounters,24,static_penalty,99,1.7362318686452713,3.0,True,running,False,True,2.7000000000000086,2.0,success,39
instant-seed3,common_encounters,26,predicted_risk,34,5.909170013310968,3.0,True,running,False,True,2.7000000000000015,2.0,dynamic_collision,21
instant-seed3,common_encounters,29,static_penalty,24,1.9244454626810574,3.0,True,running,False,True,2.7000000000000046,2.0,success,127
instant-seed3,common_encounters,29,predicted_risk,82,11.143869348307781,3.0,True,running,False,True,2.7000000000000037,2.0,success,69
instant-seed3,common_encounters,32,predicted_risk,51,4.031195869480747,3.0,True,running,False,True,2.7000000000000135,2.0,dynamic_collision,20
instant-seed3,common_encounters,34,predicted_risk,10,5.860137908967703,3.0,True,running,False,True,2.700000000000001,2.0,success,135
instant-seed3,common_encounters,34,static_penalty,19,1.7478844921854009,3.0,True,running,False,True,2.6999999999999984,2.0,success,126
instant-seed3,common_encounters,36,predicted_risk,79,10.686164491427778,3.0,True,running,False,True,2.699999999999983,2.0,success,66
instant-seed3,common_encounters,37,predicted_risk,29,9.941093668172964,3.0,True,running,False,True,2.6999999999999997,2.0,dynamic_collision,32
instant-seed3,common_encounters,37,static_penalty,47,1.8177366162404915,3.0,True,running,False,True,2.6999999999999935,2.0,dynamic_collision,14
instant-seed3,common_encounters,38,predicted_risk,28,9.387968357724706,3.0,True,running,False,True,2.700000000000003,2.0,success,107
instant-seed3,common_encounters,38,static_penalty,43,1.983691897971668,3.0,True,running,False,True,2.6999999999999975,2.0,success,92
instant-seed3,common_encounters,40,predicted_risk,32,11.474462314029743,3.0,True,running,False,True,2.6999999999999984,2.0,success,106
instant-seed3,common_encounters,40,static_penalty,51,1.8706906842175615,3.0,True,running,False,True,2.7000000000000064,2.0,success,87
instant-seed3,common_encounters,43,predicted_risk,28,8.191043265365273,3.0,True,running,False,True,2.7000000000000024,2.0,dynamic_collision,23
instant-seed3,common_encounters,47,predicted_risk,51,2.9751726076273695,3.0,True,running,False,True,2.7000000000000006,2.0,dynamic_collision,21
instant-seed3,common_encounters,48,static_penalty,40,1.870827563654177,3.0,True,running,False,True,2.6999999999999984,2.0,success,105
instant-seed3,common_encounters,53,predicted_risk,77,9.618517149324857,3.0,True,running,False,True,2.6999999999999993,2.0,success,69
instant-seed3,common_encounters,53,static_penalty,95,1.9514263303197987,3.0,True,running,False,True,2.6999999999999953,2.0,success,51
instant-seed3,common_encounters,55,predicted_risk,21,11.323542849973474,3.0,True,running,False,True,2.7000000000000073,2.0,success,115
instant-seed3,common_encounters,55,static_penalty,39,1.8839123111106097,3.0,True,running,False,True,2.6999999999999953,2.0,success,97
instant-seed3,common_encounters,57,predicted_risk,75,12.624179874072397,3.0,True,running,False,True,2.700000000000003,2.0,static_collision_2,23
instant-seed3,common_encounters,57,static_penalty,94,1.6088157392004643,3.0,False,static_collision_2,True,False,2.100000000000013,1.0,static_collision_2,4
instant-seed3,common_encounters,59,predicted_risk,82,11.869419780096674,3.0,True,running,False,True,2.699999999999996,2.0,success,72
instant-seed3,common_encounters,59,static_penalty,101,1.9249371578266388,3.0,True,running,False,True,2.700000000000004,2.0,success,53
predictive-seed1,validation_D,2,static_penalty,97,1.8935339349962934,3.0,True,running,False,True,2.7000000000000046,2.0,success,35
predictive-seed1,validation_D,5,predicted_risk,10,3.461930960548811,3.0,True,running,False,True,2.7,2.0,success,128
predictive-seed1,validation_D,5,static_penalty,14,1.7185064104247445,3.0,True,running,False,True,2.7,2.0,success,124
predictive-seed1,validation_D,6,predicted_risk,78,12.097164649189398,3.0,True,running,False,True,2.6999999999999966,2.0,success,68
predictive-seed1,validation_D,7,predicted_risk,70,12.401985613244449,3.0,True,running,False,True,2.6999999999999997,2.0,success,62
predictive-seed1,validation_D,7,static_penalty,91,1.824774788434385,3.0,True,running,False,True,2.699999999999985,2.0,success,41
predictive-seed1,validation_D,8,predicted_risk,64,28.867775559519927,3.0,True,running,False,True,2.6999999999999993,2.0,dynamic_collision,21
predictive-seed1,validation_D,10,predicted_risk,73,10.245728147438417,3.0,True,running,False,True,2.7000000000000126,2.0,success,66
predictive-seed1,validation_D,10,static_penalty,90,1.665136987003475,3.0,True,running,False,True,2.700000000000006,2.0,success,49
predictive-seed1,validation_D,11,static_penalty,96,1.8460737207578761,3.0,True,running,False,True,2.7000000000000033,2.0,success,44
predictive-seed1,validation_D,12,predicted_risk,75,10.823046501855597,3.0,True,running,False,True,2.7,2.0,success,62
predictive-seed1,validation_D,12,static_penalty,93,1.8926090894619767,3.0,True,running,False,True,2.700000000000008,2.0,success,44
predictive-seed1,validation_D,15,predicted_risk,29,10.523266701751243,3.0,True,running,False,True,2.7000000000000037,2.0,success,111
predictive-seed1,validation_D,15,static_penalty,48,1.8266506608525939,3.0,True,running,False,True,2.7000000000000073,2.0,success,92
predictive-seed1,validation_D,17,predicted_risk,10,3.0275460636378106,3.0,True,running,False,True,2.699999999999997,2.0,static_collision_1,6
predictive-seed1,validation_D,17,static_penalty,12,1.870065527596699,3.0,False,static_collision_1,True,False,2.0999999999999974,1.0,static_collision_1,4
predictive-seed1,validation_D,18,static_penalty,98,1.910634313094672,3.0,True,running,False,True,2.700000000000001,2.0,success,43
predictive-seed1,validation_D,19,predicted_risk,10,7.221516775487368,3.0,True,running,False,True,2.6999999999999957,2.0,static_collision_1,15
predictive-seed1,validation_D,19,static_penalty,20,1.8196415876064451,3.0,False,static_collision_1,True,False,2.520000000000002,1.4000000000000001,static_collision_1,5
predictive-seed1,validation_D,21,predicted_risk,31,11.012674514251515,3.0,True,running,False,True,2.7,2.0,success,113
predictive-seed1,validation_D,21,static_penalty,50,1.8045253310819431,3.0,True,running,False,True,2.7000000000000037,2.0,success,94
predictive-seed1,validation_D,22,predicted_risk,76,10.439413304649573,3.0,True,running,False,True,2.7000000000000015,2.0,success,54
predictive-seed1,validation_D,22,static_penalty,93,1.7304970739693548,3.0,True,running,False,True,2.699999999999999,2.0,success,37
predictive-seed1,validation_D,23,predicted_risk,38,17.762993766183126,3.0,True,running,False,True,2.6999999999999984,2.0,success,103
predictive-seed1,validation_D,24,predicted_risk,10,6.435617500593478,3.0,True,running,False,True,2.7,2.0,static_collision_1,11
predictive-seed1,validation_D,24,static_penalty,18,1.66927155029419,3.0,False,static_collision_1,True,False,1.7999999999999976,0.8,static_collision_1,3
predictive-seed1,validation_D,27,predicted_risk,13,12.018486133458321,3.0,True,running,False,True,2.700000000000004,2.0,static_collision_1,22
predictive-seed1,validation_D,27,static_penalty,31,1.640268208245657,3.0,False,static_collision_1,True,False,2.099999999999998,1.0,static_collision_1,4
predictive-seed1,validation_D,31,predicted_risk,77,11.510811767770551,3.0,True,running,False,True,2.6999999999999944,2.0,success,65
predictive-seed1,validation_D,31,static_penalty,95,1.9823619805626604,3.0,True,running,False,True,2.6999999999999784,2.0,success,47
predictive-seed1,validation_D,32,predicted_risk,36,10.703173025064034,3.0,True,running,False,True,2.700000000000005,2.0,static_collision_2,63
predictive-seed1,validation_D,32,static_penalty,54,1.978845130447148,3.0,True,running,False,True,2.7,2.0,static_collision_2,45
predictive-seed1,validation_D,34,predicted_risk,10,3.50486312105536,3.0,True,running,False,True,2.700000000000002,2.0,static_collision_1,6
predictive-seed1,validation_D,34,static_penalty,13,1.7230430712465914,3.0,False,static_collision_1,True,False,1.8000000000000034,0.8,static_collision_1,3
predictive-seed1,validation_D,36,predicted_risk,15,11.178702116555428,3.0,True,running,False,True,2.7000000000000033,2.0,static_collision_1,22
predictive-seed1,validation_D,36,static_penalty,32,1.850663370258931,3.0,False,static_collision_1,True,False,2.6400000000000015,1.6,static_collision_1,5
predictive-seed1,validation_D,37,predicted_risk,10,3.8288169456726564,3.0,True,running,False,True,2.6999999999999997,2.0,static_collision_1,8
predictive-seed1,validation_D,37,static_penalty,14,1.664103137478551,3.0,False,static_collision_1,True,False,2.1000000000000014,1.0,static_collision_1,4
predictive-seed1,validation_D,38,predicted_risk,74,10.973078360625834,3.0,True,running,False,True,2.6999999999999935,2.0,static_collision_2,22
predictive-seed1,validation_D,38,static_penalty,91,1.7202467852251297,3.0,False,static_collision_2,True,False,2.5199999999999916,1.4000000000000001,static_collision_2,5
predictive-seed1,validation_D,39,predicted_risk,74,10.326477429977619,3.0,True,running,False,True,2.7,2.0,success,64
predictive-seed1,validation_D,39,static_penalty,92,1.7948350215839595,3.0,True,running,False,True,2.6999999999999957,2.0,success,46
predictive-seed1,validation_D,44,predicted_risk,10,4.303513589699815,3.0,True,running,False,True,2.700000000000004,2.0,static_collision_1,12
predictive-seed1,validation_D,44,static_penalty,15,1.9347032919972165,3.0,True,running,False,True,2.699999999999998,2.0,static_collision_1,7
predictive-seed1,validation_D,45,predicted_risk,10,3.1057734836660966,3.0,True,running,False,True,2.7000000000000024,2.0,static_collision_1,6
predictive-seed1,validation_D,45,static_penalty,12,1.9894527547133354,3.0,False,static_collision_1,True,False,2.339999999999998,1.2000000000000002,static_collision_1,4
predictive-seed1,validation_D,46,predicted_risk,10,9.647966360128802,3.0,True,running,False,True,2.6999999999999997,2.0,success,129
predictive-seed1,validation_D,46,static_penalty,26,1.8798158215890846,3.0,True,running,False,True,2.7,2.0,success,113
predictive-seed1,validation_D,47,static_penalty,26,1.9629624321316586,3.0,True,running,False,True,2.7000000000000073,2.0,success,114
predictive-seed1,validation_D,48,predicted_risk,10,4.580500714789528,3.0,True,running,False,True,2.6999999999999984,2.0,static_collision_1,9
predictive-seed1,validation_D,48,static_penalty,15,1.676961267256254,3.0,False,static_collision_1,True,False,2.1000000000000023,1.0,static_collision_1,4
predictive-seed1,validation_D,50,predicted_risk,10,5.720335176258789,3.0,True,running,False,True,2.6999999999999997,2.0,static_collision_1,12
predictive-seed1,validation_D,50,static_penalty,17,1.978054796088185,3.0,False,static_collision_1,True,False,2.7000000000000073,1.8,static_collision_1,5
predictive-seed1,validation_D,52,predicted_risk,36,5.248674502769225,3.0,True,running,False,True,2.7000000000000015,2.0,dynamic_collision,21
predictive-seed1,validation_D,53,predicted_risk,55,4.496075021012759,3.0,True,running,False,True,2.6999999999999877,2.0,dynamic_collision,22
predictive-seed1,validation_D,55,static_penalty,98,1.8507290966985908,3.0,True,running,False,True,2.6999999999999993,2.0,success,32
predictive-seed1,common_encounters,3,static_penalty,101,1.9427970813187354,3.0,True,running,False,True,2.7000000000000064,2.0,success,38
predictive-seed1,common_encounters,7,predicted_risk,10,7.808846689731093,3.0,True,running,False,True,2.7000000000000037,2.0,success,134
predictive-seed1,common_encounters,7,static_penalty,23,1.7740644582149283,3.0,True,running,False,True,2.7000000000000033,2.0,success,121
predictive-seed1,common_encounters,8,predicted_risk,70,28.3622249348822,3.0,True,running,False,True,2.7000000000000037,2.0,success,67
predictive-seed1,common_encounters,11,predicted_risk,81,11.507016781583165,3.0,True,running,False,True,2.7000000000000046,2.0,static_collision_2,22
predictive-seed1,common_encounters,11,static_penalty,99,1.6371482173720304,3.0,False,static_collision_2,True,False,2.520000000000021,1.4000000000000001,static_collision_2,4
predictive-seed1,common_encounters,12,predicted_risk,37,10.395161486324481,3.0,True,running,False,True,2.700000000000001,2.0,success,103
predictive-seed1,common_encounters,12,static_penalty,55,1.9312371022694794,3.0,True,running,False,True,2.700000000000011,2.0,success,85
predictive-seed1,common_encounters,15,predicted_risk,34,3.416888823170396,3.0,True,running,False,True,2.7000000000000024,2.0,success,105
predictive-seed1,common_encounters,15,static_penalty,38,1.9219165419537836,3.0,True,running,False,True,2.7000000000000064,2.0,success,101
predictive-seed1,common_encounters,16,predicted_risk,64,7.668878694283395,3.0,True,running,False,True,2.6999999999999993,2.0,success,67
predictive-seed1,common_encounters,16,static_penalty,88,1.9315358111711731,3.0,True,running,False,True,2.6999999999999984,2.0,success,43
predictive-seed1,common_encounters,18,predicted_risk,26,8.926846703529261,3.0,True,running,False,True,2.7,2.0,success,109
predictive-seed1,common_encounters,18,static_penalty,41,1.7130534066166554,3.0,True,running,False,True,2.7000000000000086,2.0,success,94
predictive-seed1,common_encounters,20,predicted_risk,76,9.500358288210975,3.0,True,running,False,True,2.6999999999999944,2.0,success,54
predictive-seed1,common_encounters,20,static_penalty,93,1.8619346562117691,3.0,True,running,False,True,2.700000000000002,2.0,success,37
predictive-seed1,common_encounters,22,predicted_risk,54,17.47885947746566,3.0,True,running,False,True,2.7000000000000046,2.0,static_collision_2,40
predictive-seed1,common_encounters,22,static_penalty,90,1.9635965991580813,3.0,False,static_collision_2,True,False,2.520000000000005,1.4000000000000001,static_collision_2,4
predictive-seed1,common_encounters,24,predicted_risk,84,9.432282244029912,3.0,True,running,False,True,2.6999999999999975,2.0,success,55
predictive-seed1,common_encounters,24,static_penalty,100,1.705860985865475,3.0,True,running,False,True,2.7000000000000006,2.0,success,39
predictive-seed1,common_encounters,25,static_penalty,50,1.9244063153169577,3.0,True,running,False,True,2.7000000000000006,2.0,success,89
predictive-seed1,common_encounters,28,predicted_risk,10,8.912191817938009,3.0,True,running,False,True,2.6999999999999975,2.0,success,125
predictive-seed1,common_encounters,28,static_penalty,25,1.664122337017183,3.0,True,running,False,True,2.7000000000000015,2.0,success,110
predictive-seed1,common_encounters,29,predicted_risk,10,6.19153024738929,3.0,True,running,False,True,2.7000000000000024,2.0,static_collision_1,13
predictive-seed1,common_encounters,29,static_penalty,19,1.5539688593649545,3.0,False,static_collision_1,True,False,2.5199999999999996,1.4000000000000001,static_collision_1,4
predictive-seed1,common_encounters,34,predicted_risk,10,5.643291412579254,3.0,True,running,False,True,2.7,2.0,static_collision_1,10
predictive-seed1,common_encounters,34,static_penalty,17,1.562128126481591,3.0,False,static_collision_1,True,False,1.7999999999999987,0.8,static_collision_1,3
predictive-seed1,common_encounters,38,predicted_risk,25,10.851003055813768,3.0,True,running,False,True,2.699999999999996,2.0,static_collision_1,22
predictive-seed1,common_encounters,38,static_penalty,42,1.7283194137755045,3.0,False,static_collision_1,True,False,2.699999999999996,1.8,static_collision_1,5
predictive-seed1,common_encounters,39,predicted_risk,58,9.83510119436644,3.0,True,running,False,True,2.700000000000001,2.0,static_collision_2,22
predictive-seed1,common_encounters,39,static_penalty,76,1.9226419684748404,3.0,False,static_collision_2,True,False,2.0999999999999996,1.0,static_collision_2,4
predictive-seed1,common_encounters,40,static_penalty,99,1.9949214004043396,3.0,True,running,False,True,2.7000000000000033,2.0,success,38
predictive-seed1,common_encounters,43,static_penalty,40,1.9675583364916998,3.0,True,running,False,True,2.6999999999999953,2.0,success,91
predictive-seed1,common_encounters,46,predicted_risk,73,12.110560022295399,3.0,True,running,False,True,2.6999999999999993,2.0,success,66
predictive-seed1,common_encounters,46,static_penalty,93,1.6946274885735617,3.0,True,running,False,True,2.699999999999999,2.0,success,46
predictive-seed1,common_encounters,47,predicted_risk,67,8.32011757493607,3.0,True,running,False,True,2.6999999999999997,2.0,success,71
predictive-seed1,common_encounters,47,static_penalty,87,1.6877119020332394,3.0,True,running,False,True,2.699999999999995,2.0,success,51
predictive-seed1,common_encounters,50,predicted_risk,19,9.79938410421957,3.0,True,running,False,True,2.6999999999999997,2.0,success,121
predictive-seed1,common_encounters,50,static_penalty,35,1.7422933723749,3.0,True,running,False,True,2.700000000000003,2.0,success,105
predictive-seed1,common_encounters,52,static_penalty,100,1.9242559144045828,3.0,True,running,False,True,2.6999999999999993,2.0,success,40
predictive-seed1,common_encounters,53,static_penalty,28,1.982391908135627,3.0,True,running,False,True,2.7000000000000024,2.0,success,114
predictive-seed1,common_encounters,54,predicted_risk,20,9.854968892350097,3.0,True,running,False,True,2.7000000000000073,2.0,success,118
predictive-seed1,common_encounters,54,static_penalty,36,1.7964891329088566,3.0,True,running,False,True,2.699999999999997,2.0,success,102
predictive-seed1,common_encounters,57,static_penalty,29,1.8509401915976689,3.0,True,running,False,True,2.7,2.0,success,112
predictive-seed1,common_encounters,59,predicted_risk,10,8.738706656944196,3.0,True,running,False,True,2.7000000000000015,2.0,static_collision_1,18
predictive-seed1,common_encounters,59,static_penalty,23,1.7821302137818575,3.0,False,static_collision_1,True,False,2.640000000000001,1.6,static_collision_1,5
predictive-seed2,validation_D,1,predicted_risk,67,9.441645886717453,3.0,True,running,False,True,2.7,2.0,success,69
predictive-seed2,validation_D,1,static_penalty,87,1.8485704452288951,3.0,True,running,False,True,2.7000000000000015,2.0,success,49
predictive-seed2,validation_D,2,predicted_risk,70,12.01679281102749,3.0,True,running,False,True,2.7000000000000073,2.0,static_collision_2,22
predictive-seed2,validation_D,2,static_penalty,88,1.7995959292888966,3.0,False,static_collision_2,True,False,2.340000000000002,1.2000000000000002,static_collision_2,4
predictive-seed2,validation_D,5,predicted_risk,10,3.175329226860688,3.0,True,running,False,True,2.700000000000002,2.0,static_collision_1,6
predictive-seed2,validation_D,5,static_penalty,13,1.50122297805407,3.0,False,static_collision_1,True,False,1.7999999999999972,0.8,static_collision_1,3
predictive-seed2,validation_D,6,static_penalty,97,1.9918799194178183,3.0,True,running,False,True,2.699999999999991,2.0,success,43
predictive-seed2,validation_D,7,predicted_risk,26,11.418060448820214,3.0,True,running,False,True,2.6999999999999993,2.0,success,103
predictive-seed2,validation_D,7,static_penalty,44,1.9252017787025286,3.0,True,running,False,True,2.7000000000000015,2.0,success,85
predictive-seed2,validation_D,9,predicted_risk,37,19.250418937737464,3.0,True,running,False,True,2.6999999999999953,2.0,dynamic_collision,21
predictive-seed2,validation_D,10,predicted_risk,68,12.465749780597129,3.0,True,running,False,True,2.7,2.0,static_collision_2,21
predictive-seed2,validation_D,10,static_penalty,86,1.6702862289581404,3.0,False,static_collision_2,True,False,1.800000000000002,0.8,static_collision_2,3
predictive-seed2,validation_D,11,predicted_risk,67,19.976952340567703,3.0,True,running,False,True,2.699999999999997,2.0,success,80
predictive-seed2,validation_D,12,predicted_risk,77,10.31033876586026,3.0,True,running,False,True,2.7000000000000006,2.0,success,60
predictive-seed2,validation_D,12,static_penalty,94,1.976380111563496,3.0,True,running,False,True,2.699999999999995,2.0,success,43
predictive-seed2,validation_D,15,predicted_risk,49,21.189365644190133,3.0,True,running,False,True,2.7000000000000033,2.0,dynamic_collision,21
predictive-seed2,validation_D,17,predicted_risk,10,3.4925078362258244,3.0,True,running,False,True,2.7000000000000077,2.0,success,127
predictive-seed2,validation_D,17,static_penalty,14,1.9781549162991956,3.0,True,running,False,True,2.6999999999999997,2.0,success,123
predictive-seed2,validation_D,18,predicted_risk,81,9.767836200092455,3.0,True,running,False,True,2.6999999999999997,2.0,success,62
predictive-seed2,validation_D,18,static_penalty,97,1.703234022277389,3.0,True,running,False,True,2.6999999999999966,2.0,success,46
predictive-seed2,validation_D,21,predicted_risk,58,21.371968299517956,3.0,True,running,False,True,2.7000000000000015,2.0,dynamic_collision,20
predictive-seed2,validation_D,22,predicted_risk,71,12.187971191449137,3.0,True,running,False,True,2.7000000000000055,2.0,static_collision_2,21
predictive-seed2,validation_D,22,static_penalty,89,1.6536671120515418,3.0,False,static_collision_2,True,False,1.800000000000002,0.8,static_collision_2,3
predictive-seed2,validation_D,23,predicted_risk,66,11.447389053317469,3.0,True,running,False,True,2.700000000000003,2.0,static_collision_2,22
predictive-seed2,validation_D,23,static_penalty,85,1.5474632053605424,3.0,False,static_collision_2,True,False,1.7999999999999958,0.8,static_collision_2,3
predictive-seed2,validation_D,24,predicted_risk,10,6.535813989744845,3.0,True,running,False,True,2.6999999999999993,2.0,static_collision_1,13
predictive-seed2,validation_D,24,static_penalty,19,1.6655996753302142,3.0,False,static_collision_1,True,False,2.340000000000002,1.2000000000000002,static_collision_1,4
predictive-seed2,validation_D,25,predicted_risk,32,10.074077841382504,3.0,True,running,False,True,2.7000000000000024,2.0,dynamic_collision,34
predictive-seed2,validation_D,25,static_penalty,51,1.8386049291294277,3.0,True,running,False,True,2.700000000000016,2.0,dynamic_collision,15
predictive-seed2,validation_D,27,predicted_risk,13,12.026491962869247,3.0,True,running,False,True,2.6999999999999966,2.0,static_collision_1,21
predictive-seed2,validation_D,27,static_penalty,31,1.4668726147927869,3.0,False,static_collision_1,True,False,1.8000000000000016,0.8,static_collision_1,3
predictive-seed2,validation_D,28,predicted_risk,30,10.429022400009849,3.0,True,running,False,True,2.700000000000002,2.0,dynamic_collision,44
predictive-seed2,validation_D,28,static_penalty,48,1.9889833518220978,3.0,True,running,False,True,2.7,2.0,dynamic_collision,26
predictive-seed2,validation_D,29,predicted_risk,70,10.164225741737145,3.0,True,running,False,True,2.7000000000000113,2.0,static_collision_2,21
predictive-seed2,validation_D,29,static_penalty,87,1.7633990331107166,3.0,False,static_collision_2,True,False,2.5199999999999956,1.4000000000000001,static_collision_2,4
predictive-seed2,validation_D,30,predicted_risk,22,10.845498318546014,3.0,True,running,False,True,2.7000000000000024,2.0,success,112
predictive-seed2,validation_D,30,static_penalty,41,1.8440452295445366,3.0,True,running,False,True,2.70000000000001,2.0,success,93
predictive-seed2,validation_D,33,predicted_risk,45,6.35912213125331,3.0,True,running,False,True,2.700000000000017,2.0,dynamic_collision,22
predictive-seed2,validation_D,34,predicted_risk,10,3.5836545409044707,3.0,True,running,False,True,2.7000000000000033,2.0,static_collision_1,7
predictive-seed2,validation_D,34,static_penalty,13,1.8895719983766908,3.0,False,static_collision_1,True,False,2.340000000000001,1.2000000000000002,static_collision_1,4
predictive-seed2,validation_D,37,predicted_risk,10,3.7546806177217835,3.0,True,running,False,True,2.7000000000000015,2.0,static_collision_1,7
predictive-seed2,validation_D,37,static_penalty,14,1.4818240940828478,3.0,False,static_collision_1,True,False,1.799999999999998,0.8,static_collision_1,3
predictive-seed2,validation_D,38,predicted_risk,71,12.235628933863865,3.0,True,running,False,True,2.700000000000002,2.0,static_collision_2,21
predictive-seed2,validation_D,38,static_penalty,89,1.547330362087112,3.0,False,static_collision_2,True,False,1.8000000000000052,0.8,static_collision_2,3
predictive-seed2,validation_D,40,predicted_risk,26,11.09336134496504,3.0,True,running,False,True,2.7000000000000064,2.0,success,115
predictive-seed2,validation_D,40,static_penalty,46,1.981782880753589,3.0,True,running,False,True,2.6999999999999984,2.0,success,95
predictive-seed2,validation_D,41,predicted_risk,74,11.810410397330983,3.0,True,running,False,True,2.6999999999999975,2.0,success,64
predictive-seed2,validation_D,41,static_penalty,93,1.9002812288699538,3.0,True,running,False,True,2.699999999999999,2.0,success,45
predictive-seed2,validation_D,43,predicted_risk,43,26.890478498514153,3.0,True,running,False,True,2.6999999999999935,2.0,dynamic_collision,22
predictive-seed2,validation_D,44,predicted_risk,10,4.152913921844851,3.0,True,running,False,True,2.6999999999999997,2.0,static_collision_1,9
predictive-seed2,validation_D,44,static_penalty,14,1.9963704684339456,3.0,False,static_collision_1,True,False,2.64,1.6,static_collision_1,5
predictive-seed2,validation_D,45,predicted_risk,10,3.391080374298607,3.0,True,running,False,True,2.700000000000002,2.0,success,127
predictive-seed2,validation_D,45,static_penalty,14,1.7068809411942008,3.0,True,running,False,True,2.6999999999999984,2.0,success,123
predictive-seed2,validation_D,46,predicted_risk,10,9.546071683181504,3.0,True,running,False,True,2.6999999999999984,2.0,static_collision_1,17
predictive-seed2,validation_D,46,static_penalty,23,1.8792642337141183,3.0,False,static_collision_1,True,False,2.099999999999995,1.0,static_collision_1,4
predictive-seed2,validation_D,47,predicted_risk,10,7.450252653383327,3.0,True,running,False,True,2.6999999999999997,2.0,static_collision_1,16
predictive-seed2,validation_D,47,static_penalty,21,1.6544120083994942,3.0,False,static_collision_1,True,False,2.640000000000004,1.6,static_collision_1,5
predictive-seed2,validation_D,48,predicted_risk,10,4.68872372242719,3.0,True,running,False,True,2.700000000000002,2.0,static_collision_1,10
predictive-seed2,validation_D,48,static_penalty,15,1.9596841129331652,3.0,False,static_collision_1,True,False,2.5199999999999965,1.4000000000000001,static_collision_1,5
predictive-seed2,validation_D,49,predicted_risk,30,11.708915839140218,3.0,True,running,False,True,2.700000000000002,2.0,dynamic_collision,48
predictive-seed2,validation_D,49,static_penalty,49,1.854006840515499,3.0,True,running,False,True,2.7000000000000037,2.0,dynamic_collision,29
predictive-seed2,validation_D,50,static_penalty,21,1.9339162702928103,3.0,True,running,False,True,2.6999999999999993,2.0,success,116
predictive-seed2,validation_D,51,predicted_risk,69,10.851299098484159,3.0,True,running,False,True,2.6999999999999984,2.0,success,66
predictive-seed2,validation_D,51,static_penalty,90,1.8777100481140208,3.0,True,running,False,True,2.6999999999999944,2.0,success,45
predictive-seed2,validation_D,52,predicted_risk,23,7.735435638070195,3.0,True,running,False,True,2.700000000000001,2.0,success,115
predictive-seed2,validation_D,52,static_penalty,36,1.8204862646340478,3.0,True,running,False,True,2.6999999999999997,2.0,success,102
predictive-seed2,validation_D,54,predicted_risk,68,12.764352816125761,3.0,True,running,False,True,2.6999999999999993,2.0,static_collision_2,23
predictive-seed2,validation_D,54,static_penalty,87,1.6528484375089638,3.0,False,static_collision_2,True,False,2.0999999999999956,1.0,static_collision_2,4
predictive-seed2,common_encounters,2,predicted_risk,46,7.789884548534751,3.0,True,running,False,True,2.699999999999995,2.0,dynamic_collision,22
predictive-seed2,common_encounters,3,predicted_risk,83,10.916211981259666,3.0,True,running,False,True,2.6999999999999904,2.0,static_collision_2,22
predictive-seed2,common_encounters,3,static_penalty,100,1.8168847549558294,3.0,True,running,False,True,2.7000000000000117,2.0,static_collision_2,5
predictive-seed2,common_encounters,4,predicted_risk,65,12.370293570393692,3.0,True,running,False,True,2.699999999999989,2.0,static_collision_2,21
predictive-seed2,common_encounters,4,static_penalty,83,1.6020097771435973,3.0,False,static_collision_2,True,False,1.8000000000000023,0.8,static_collision_2,3
predictive-seed2,common_encounters,7,predicted_risk,10,7.784918860081055,3.0,True,running,False,True,2.699999999999999,2.0,success,138
predictive-seed2,common_encounters,7,static_penalty,23,1.8189662023177595,3.0,True,running,False,True,2.700000000000003,2.0,success,125
predictive-seed2,common_encounters,11,predicted_risk,91,9.748937739731517,3.0,True,running,False,True,2.699999999999995,2.0,success,55
predictive-seed2,common_encounters,11,static_penalty,107,1.9714602374550676,3.0,True,running,False,True,2.699999999999997,2.0,success,39
predictive-seed2,common_encounters,18,predicted_risk,19,12.544805189668224,3.0,True,running,False,True,2.7000000000000024,2.0,static_collision_1,22
predictive-seed2,common_encounters,18,static_penalty,37,1.9693819158462142,3.0,False,static_collision_1,True,False,2.339999999999999,1.2000000000000002,static_collision_1,4
predictive-seed2,common_encounters,19,predicted_risk,46,6.923425482137025,3.0,True,running,False,True,2.6999999999999984,2.0,success,93
predictive-seed2,common_encounters,23,predicted_risk,64,10.377502656968673,3.0,True,running,False,True,2.6999999999999975,2.0,dynamic_collision,21
predictive-seed2,common_encounters,24,predicted_risk,76,12.253196366257189,3.0,True,running,False,True,2.700000000000003,2.0,static_collision_2,21
predictive-seed2,common_encounters,24,static_penalty,94,1.62399026473219,3.0,False,static_collision_2,True,False,1.7999999999999896,0.8,static_collision_2,3
predictive-seed2,common_encounters,25,predicted_risk,26,11.991647014818046,3.0,True,running,False,True,2.7000000000000006,2.0,static_collision_1,21
predictive-seed2,common_encounters,25,static_penalty,44,1.4761623342485963,3.0,False,static_collision_1,True,False,1.7999999999999907,0.8,static_collision_1,3
predictive-seed2,common_encounters,26,predicted_risk,34,6.211840552949511,3.0,True,running,False,True,2.6999999999999997,2.0,dynamic_collision,22
predictive-seed2,common_encounters,28,predicted_risk,10,8.947762074549932,3.0,True,running,False,True,2.700000000000003,2.0,success,124
predictive-seed2,common_encounters,28,static_penalty,24,1.9347918192460325,3.0,True,running,False,True,2.7000000000000015,2.0,success,110
predictive-seed2,common_encounters,29,predicted_risk,10,6.341458079273973,3.0,True,running,False,True,2.6999999999999975,2.0,success,137
predictive-seed2,common_encounters,29,static_penalty,21,1.9608443323822948,3.0,True,running,False,True,2.699999999999997,2.0,success,126
predictive-seed2,common_encounters,31,predicted_risk,38,9.529525994327539,3.0,True,running,False,True,2.7000000000000037,2.0,success,95
predictive-seed2,common_encounters,32,predicted_risk,51,4.194437919465022,3.0,True,running,False,True,2.7000000000000015,2.0,dynamic_collision,20
predictive-seed2,common_encounters,34,predicted_risk,10,5.671190808829682,3.0,True,running,False,True,2.7000000000000015,2.0,static_collision_1,11
predictive-seed2,common_encounters,34,static_penalty,17,1.6537661752608672,3.0,False,static_collision_1,True,False,2.1000000000000023,1.0,static_collision_1,4
predictive-seed2,common_encounters,37,predicted_risk,31,8.965036936949428,3.0,True,running,False,True,2.7000000000000015,2.0,dynamic_collision,30
predictive-seed2,common_encounters,37,static_penalty,49,1.9512072997034,3.0,True,running,False,True,2.699999999999998,2.0,dynamic_collision,12
predictive-seed2,common_encounters,38,predicted_risk,22,12.373782500011561,3.0,True,running,False,True,2.7,2.0,static_collision_1,21
predictive-seed2,common_encounters,38,static_penalty,40,1.5844723505153429,3.0,False,static_collision_1,True,False,1.7999999999999958,0.8,static_collision_1,3
predictive-seed2,common_encounters,39,predicted_risk,59,12.345425971420553,3.0,True,running,False,True,2.6999999999999877,2.0,static_collision_2,22
predictive-seed2,common_encounters,39,static_penalty,77,1.8567332189878343,3.0,False,static_collision_2,True,False,2.1000000000000063,1.0,static_collision_2,4
predictive-seed2,common_encounters,43,predicted_risk,28,8.435996936140095,3.0,True,running,False,True,2.6999999999999984,2.0,dynamic_collision,21
predictive-seed2,common_encounters,44,predicted_risk,66,12.97219749477615,3.0,True,running,False,True,2.700000000000015,2.0,static_collision_2,22
predictive-seed2,common_encounters,44,static_penalty,85,1.6338304726170838,3.0,False,static_collision_2,True,False,1.8,0.8,static_collision_2,3
predictive-seed2,common_encounters,47,predicted_risk,58,5.981081909635632,3.0,True,running,False,True,2.7000000000000073,2.0,dynamic_collision,19
predictive-seed2,common_encounters,48,static_penalty,39,1.852887125188066,3.0,True,running,False,True,2.700000000000002,2.0,success,104
predictive-seed2,common_encounters,52,predicted_risk,86,8.994485276356706,3.0,True,running,False,True,2.7000000000000055,2.0,success,57
predictive-seed2,common_encounters,52,static_penalty,101,1.7832272380412437,3.0,True,running,False,True,2.6999999999999993,2.0,success,42
predictive-seed2,common_encounters,53,static_penalty,28,1.9336372536372286,3.0,True,running,False,True,2.6999999999999993,2.0,success,112
predictive-seed2,common_encounters,55,predicted_risk,20,11.860244959217088,3.0,True,running,False,True,2.7000000000000015,2.0,static_collision_1,23
predictive-seed2,common_encounters,55,static_penalty,38,1.808981877147878,3.0,False,static_collision_1,True,False,2.700000000000001,1.8,static_collision_1,5
predictive-seed3,validation_D,3,static_penalty,93,1.9947546191573329,3.0,True,running,False,True,2.700000000000001,2.0,success,49
predictive-seed3,validation_D,5,predicted_risk,10,3.4697771861413145,3.0,True,running,False,True,2.6999999999999997,2.0,success,129
predictive-seed3,validation_D,5,static_penalty,14,1.8763405692312292,3.0,True,running,False,True,2.699999999999999,2.0,success,125
predictive-seed3,validation_D,6,predicted_risk,76,14.964908763496407,3.0,True,running,False,True,2.7000000000000024,2.0,dynamic_collision,23
predictive-seed3,validation_D,7,predicted_risk,71,12.17543305594895,3.0,True,running,False,True,2.6999999999999993,2.0,success,63
predictive-seed3,validation_D,7,static_penalty,90,1.960090686043789,3.0,True,running,False,True,2.699999999999986,2.0,success,44
predictive-seed3,validation_D,8,predicted_risk,66,29.425924468022323,3.0,True,running,False,True,2.7000000000000113,2.0,success,75
predictive-seed3,validation_D,9,predicted_risk,23,11.408676996373995,3.0,True,running,False,True,2.6999999999999984,2.0,success,114
predictive-seed3,validation_D,9,static_penalty,41,1.792965054535764,3.0,True,running,False,True,2.699999999999996,2.0,success,96
predictive-seed3,validation_D,14,predicted_risk,70,30.195037634298004,3.0,True,running,False,True,2.7000000000000064,2.0,success,81
predictive-seed3,validation_D,15,predicted_risk,25,12.669037795901925,3.0,True,running,False,True,2.6999999999999984,2.0,static_collision_1,22
predictive-seed3,validation_D,15,static_penalty,43,1.991679100403462,3.0,False,static_collision_1,True,False,2.340000000000001,1.2000000000000002,static_collision_1,4
predictive-seed3,validation_D,16,predicted_risk,30,11.00605737991238,3.0,True,running,False,True,2.699999999999999,2.0,success,114
predictive-seed3,validation_D,16,static_penalty,50,1.8264806193754666,3.0,True,running,False,True,2.699999999999999,2.0,success,94
predictive-seed3,validation_D,17,predicted_risk,10,3.0210411996770894,3.0,True,running,False,True,2.7000000000000064,2.0,static_collision_1,6
predictive-seed3,validation_D,17,static_penalty,12,1.8695303369775154,3.0,False,static_collision_1,True,False,2.1000000000000005,1.0,static_collision_1,4
predictive-seed3,validation_D,18,predicted_risk,32,11.16123421392684,3.0,True,running,False,True,2.6999999999999993,2.0,success,115
predictive-seed3,validation_D,18,static_penalty,51,1.9800571814830414,3.0,True,running,False,True,2.7000000000000033,2.0,success,96
predictive-seed3,validation_D,19,predicted_risk,10,7.22126647791006,3.0,True,running,False,True,2.6999999999999984,2.0,success,132
predictive-seed3,validation_D,19,static_penalty,21,1.801092134031971,3.0,True,running,False,True,2.7000000000000064,2.0,success,121
predictive-seed3,validation_D,21,predicted_risk,28,12.607307573697575,3.0,True,running,False,True,2.699999999999996,2.0,static_collision_1,22
predictive-seed3,validation_D,21,static_penalty,46,1.819972339084778,3.0,False,static_collision_1,True,False,2.0999999999999996,1.0,static_collision_1,4
predictive-seed3,validation_D,23,predicted_risk,36,19.585712700895115,3.0,True,running,False,True,2.699999999999997,2.0,dynamic_collision,22
predictive-seed3,validation_D,24,predicted_risk,10,6.47002955194124,3.0,True,running,False,True,2.6999999999999993,2.0,static_collision_1,13
predictive-seed3,validation_D,24,static_penalty,19,1.5827587652656536,3.0,False,static_collision_1,True,False,2.339999999999995,1.2000000000000002,static_collision_1,4
predictive-seed3,validation_D,25,predicted_risk,76,11.128200857164714,3.0,True,running,False,True,2.699999999999993,2.0,success,62
predictive-seed3,validation_D,25,static_penalty,96,1.8431935401692519,3.0,True,running,False,True,2.6999999999999953,2.0,success,42
predictive-seed3,validation_D,27,static_penalty,36,1.7981263736602182,3.0,True,running,False,True,2.700000000000003,2.0,success,97
predictive-seed3,validation_D,28,predicted_risk,80,11.578822628839443,3.0,True,running,False,True,2.6999999999999997,2.0,success,60
predictive-seed3,validation_D,28,static_penalty,99,1.892023447213396,3.0,True,running,False,True,2.7,2.0,success,41
predictive-seed3,validation_D,29,predicted_risk,69,17.42201767200404,3.0,True,running,False,True,2.699999999999998,2.0,success,73
predictive-seed3,validation_D,31,predicted_risk,79,10.9279587685749,3.0,True,running,False,True,2.7,2.0,success,64
predictive-seed3,validation_D,31,static_penalty,97,1.9740386491116224,3.0,True,running,False,True,2.6999999999999944,2.0,success,46
predictive-seed3,validation_D,32,predicted_risk,33,12.280673833110331,3.0,True,running,False,True,2.7,2.0,static_collision_1,21
predictive-seed3,validation_D,32,static_penalty,51,1.6758268143684685,3.0,False,static_collision_1,True,False,1.7999999999999976,0.8,static_collision_1,3
predictive-seed3,validation_D,34,predicted_risk,10,3.5541199535493355,3.0,True,running,False,True,2.6999999999999993,2.0,static_collision_1,7
predictive-seed3,validation_D,34,static_penalty,13,1.8811523076500594,3.0,False,static_collision_1,True,False,2.3400000000000007,1.2000000000000002,static_collision_1,4
predictive-seed3,validation_D,37,predicted_risk,10,3.880487362767221,3.0,True,running,False,True,2.700000000000001,2.0,static_collision_1,10
predictive-seed3,validation_D,37,static_penalty,14,1.883825648063607,3.0,True,running,False,True,2.7000000000000015,2.0,static_collision_1,6
predictive-seed3,validation_D,41,predicted_risk,33,11.106637558799399,3.0,True,running,False,True,2.6999999999999997,2.0,success,109
predictive-seed3,validation_D,41,static_penalty,52,1.8780882509960763,3.0,True,running,False,True,2.6999999999999993,2.0,success,90
predictive-seed3,validation_D,44,predicted_risk,10,4.305919582983698,3.0,True,running,False,True,2.700000000000001,2.0,success,137
predictive-seed3,validation_D,44,static_penalty,16,1.7438452558265238,3.0,True,running,False,True,2.7000000000000033,2.0,success,131
predictive-seed3,validation_D,45,predicted_risk,10,3.1173634401755965,3.0,True,running,False,True,2.699999999999999,2.0,static_collision_1,7
predictive-seed3,validation_D,45,static_penalty,13,1.5296250575159354,3.0,False,static_collision_1,True,False,2.1000000000000005,1.0,static_collision_1,4
predictive-seed3,validation_D,48,predicted_risk,10,4.571901425304535,3.0,True,running,False,True,2.700000000000002,2.0,static_collision_1,9
predictive-seed3,validation_D,48,static_penalty,15,1.6655897120921788,3.0,False,static_collision_1,True,False,2.1000000000000028,1.0,static_collision_1,4
predictive-seed3,validation_D,49,predicted_risk,77,12.230920544895412,3.0,True,running,False,True,2.6999999999999935,2.0,static_collision_2,25
predictive-seed3,validation_D,49,static_penalty,96,1.769883019325091,3.0,True,running,False,True,2.700000000000001,2.0,static_collision_2,6
predictive-seed3,validation_D,50,predicted_risk,10,5.725423833395473,3.0,True,running,False,True,2.7000000000000015,2.0,success,128
predictive-seed3,validation_D,50,static_penalty,18,1.849451089053253,3.0,True,running,False,True,2.6999999999999997,2.0,success,120
predictive-seed3,validation_D,53,predicted_risk,56,3.1486723638178766,3.0,True,running,False,True,2.6999999999999993,2.0,dynamic_collision,24
predictive-seed3,validation_D,54,predicted_risk,25,12.786606476647155,3.0,True,running,False,True,2.7000000000000015,2.0,static_collision_1,22
predictive-seed3,validation_D,54,static_penalty,44,1.4129899626673597,3.0,False,static_collision_1,True,False,1.4399999999999995,0.6000000000000001,static_collision_1,3
predictive-seed3,validation_D,55,predicted_risk,29,12.174116612336537,3.0,True,running,False,True,2.700000000000005,2.0,static_collision_1,24
predictive-seed3,validation_D,55,static_penalty,48,1.6435002267917218,3.0,True,running,False,True,2.6999999999999926,2.0,static_collision_1,5
predictive-seed3,common_encounters,0,predicted_risk,73,11.201194412262758,3.0,True,running,False,True,2.6999999999999886,2.0,success,65
predictive-seed3,common_encounters,0,static_penalty,92,1.9435959648014078,3.0,True,running,False,True,2.6999999999999966,2.0,success,46
predictive-seed3,common_encounters,3,predicted_risk,32,12.415968923378138,3.0,True,running,False,True,2.700000000000005,2.0,static_collision_1,21
predictive-seed3,common_encounters,3,static_penalty,50,1.647397973634682,3.0,False,static_collision_1,True,False,1.8000000000000023,0.8,static_collision_1,3
predictive-seed3,common_encounters,4,predicted_risk,45,21.88517684523558,3.0,True,running,False,True,2.7000000000000046,2.0,success,96
predictive-seed3,common_encounters,7,predicted_risk,10,7.809715526888294,3.0,True,running,False,True,2.6999999999999997,2.0,success,135
predictive-seed3,common_encounters,7,static_penalty,26,1.9799044748467152,3.0,True,running,False,True,2.7000000000000104,2.0,success,119
predictive-seed3,common_encounters,8,predicted_risk,69,30.19930274804544,3.0,True,running,False,True,2.6999999999999984,2.0,dynamic_collision,22
predictive-seed3,common_encounters,11,predicted_risk,38,11.538756939714595,3.0,True,running,False,True,2.7000000000000015,2.0,success,110
predictive-seed3,common_encounters,11,static_penalty,57,1.8806295502594104,3.0,True,running,False,True,2.7,2.0,success,91
predictive-seed3,common_encounters,12,predicted_risk,33,12.484387897666416,3.0,True,running,False,True,2.7,2.0,static_collision_1,22
predictive-seed3,common_encounters,12,static_penalty,51,1.7827815774193505,2.953064203262329,False,static_collision_1,True,False,2.0530642032623274,1.0,static_collision_1,4
predictive-seed3,common_encounters,16,predicted_risk,25,11.387221921697428,3.0,True,running,False,True,2.700000000000007,2.0,dynamic_collision,51
predictive-seed3,common_encounters,16,static_penalty,43,1.9559465896606385,3.0,True,running,False,True,2.700000000000003,2.0,dynamic_collision,33
predictive-seed3,common_encounters,22,predicted_risk,72,12.890431979580054,3.0,True,running,False,True,2.6999999999999984,2.0,static_collision_2,22
predictive-seed3,common_encounters,22,static_penalty,91,1.6316662372751827,3.0,False,static_collision_2,True,False,1.8000000000000018,0.8,static_collision_2,3
predictive-seed3,common_encounters,28,predicted_risk,10,8.910675323083131,3.0,True,running,False,True,2.699999999999997,2.0,success,127
predictive-seed3,common_encounters,28,static_penalty,29,1.9539395744466805,3.0,True,running,False,True,2.700000000000006,2.0,success,108
predictive-seed3,common_encounters,29,predicted_risk,10,6.2077505774748545,3.0,True,running,False,True,2.699999999999998,2.0,success,137
predictive-seed3,common_encounters,29,static_penalty,20,1.7618674277585118,3.0,True,running,False,True,2.7,2.0,success,127
predictive-seed3,common_encounters,34,predicted_risk,10,5.7100478800557966,3.0,True,running,False,True,2.6999999999999997,2.0,static_collision_1,13
predictive-seed3,common_encounters,34,static_penalty,18,1.6196112985983389,3.0,True,running,False,True,2.6999999999999975,2.0,static_collision_1,5
predictive-seed3,common_encounters,37,predicted_risk,73,12.601194135290037,3.0,True,running,False,True,2.700000000000003,2.0,static_collision_2,23
predictive-seed3,common_encounters,37,static_penalty,92,1.7681668367606482,3.0,False,static_collision_2,True,False,2.5199999999999987,1.4000000000000001,static_collision_2,4
predictive-seed3,common_encounters,39,predicted_risk,63,7.7779148708854144,3.0,True,running,False,True,2.7000000000000033,2.0,static_collision_2,21
predictive-seed3,common_encounters,39,static_penalty,81,1.516059439259796,3.0,False,static_collision_2,True,False,1.8000000000000016,0.8,static_collision_2,3
predictive-seed3,common_encounters,40,predicted_risk,77,12.293322641140993,3.0,True,running,False,True,2.7,2.0,static_collision_2,24
predictive-seed3,common_encounters,40,static_penalty,96,1.6776118818797103,3.0,False,static_collision_2,True,False,2.5200000000000005,1.4000000000000001,static_collision_2,5
predictive-seed3,common_encounters,42,predicted_risk,30,12.499576799320831,3.0,True,running,False,True,2.7000000000000024,2.0,static_collision_1,22
predictive-seed3,common_encounters,42,static_penalty,48,1.9983208726160235,3.0,False,static_collision_1,True,False,2.339999999999992,1.2000000000000002,static_collision_1,4
predictive-seed3,common_encounters,44,static_penalty,91,1.8699485188857556,3.0,True,running,False,True,2.6999999999999993,2.0,success,48
predictive-seed3,common_encounters,45,predicted_risk,25,12.164626756023626,3.0,True,running,False,True,2.7,2.0,static_collision_1,25
predictive-seed3,common_encounters,45,static_penalty,44,1.6983262745344252,3.0,True,running,False,True,2.7000000000000006,2.0,static_collision_1,6
predictive-seed3,common_encounters,46,predicted_risk,73,12.645180502965069,3.0,True,running,False,True,2.700000000000002,2.0,static_collision_2,23
predictive-seed3,common_encounters,46,static_penalty,92,1.7450378866183867,3.0,False,static_collision_2,True,False,2.339999999999997,1.2000000000000002,static_collision_2,4
predictive-seed3,common_encounters,47,predicted_risk,67,9.905592613365345,3.0,True,running,False,True,2.6999999999999984,2.0,static_collision_2,25
predictive-seed3,common_encounters,47,static_penalty,86,1.7762068434753369,3.0,True,running,False,True,2.6999999999999975,2.0,static_collision_2,6
predictive-seed3,common_encounters,51,predicted_risk,56,8.123929881873131,3.0,True,running,False,True,2.6999999999999873,2.0,success,86
predictive-seed3,common_encounters,52,predicted_risk,28,12.345106116340812,3.0,True,running,False,True,2.7000000000000046,2.0,static_collision_1,23
predictive-seed3,common_encounters,52,static_penalty,46,1.9840701505601412,3.0,False,static_collision_1,True,False,2.519999999999999,1.4000000000000001,static_collision_1,5
predictive-seed3,common_encounters,53,predicted_risk,46,5.844007967814051,3.0,True,running,False,True,2.7000000000000015,2.0,success,98
predictive-seed3,common_encounters,55,predicted_risk,80,11.181587689314792,3.0,True,running,False,True,2.700000000000003,2.0,success,60
predictive-seed3,common_encounters,55,static_penalty,99,1.963859874535144,3.0,True,running,False,True,2.7000000000000126,2.0,success,41
predictive-seed3,common_encounters,58,predicted_risk,28,12.619533186339556,3.0,True,running,False,True,2.699999999999995,2.0,static_collision_1,22
predictive-seed3,common_encounters,58,static_penalty,47,1.465997262246316,3.0,False,static_collision_1,True,False,1.8000000000000012,0.8,static_collision_1,3
predictive-seed3,common_encounters,59,predicted_risk,10,8.757311928004363,3.0,True,running,False,True,2.7000000000000006,2.0,success,140
predictive-seed3,common_encounters,59,static_penalty,26,1.889915623670662,3.0,True,running,False,True,2.6999999999999993,2.0,success,124
